code1,code2,distance
ad,ad,0.0
ad,ae,0.6364
ad,af,0.5182
ad,ag,0.4963
ad,ai,0.645
ad,al,0.6462
ad,am,0.5565
ad,ao,0.5307
ad,aq,0.7104
ad,ar,0.7087
ad,as,0.6233
ad,at,0.577
ad,au,0.6579
ad,aw,0.6753
ad,ax,0.5751
ad,az,0.5987
ad,ba,0.5387
ad,bb,0.494
ad,bd,0.6246
ad,be,0.4011
ad,bf,0.5921
ad,bg,0.6435
ad,bh,0.6361
ad,bi,0.59
ad,bj,0.4557
ad,bl,0.7586
ad,bm,0.4683
ad,bn,0.6355
ad,bo,0.5798
ad,bq,0.7087
ad,br,0.6126
ad,bs,0.6037
ad,bt,0.5716
ad,bv,0.5642
ad,bw,0.6675
ad,by,0.5068
ad,bz,0.4832
ad,ca,0.6312
ad,cc,0.701
ad,cd,0.6836
ad,cf,0.5905
ad,cg,0.5027
ad,ch,0.6374
ad,ci,0.6982
ad,ck,0.6289
ad,cl,0.5859
ad,cm,0.4586
ad,cn,0.6203
ad,co,0.5332
ad,cr,0.6012
ad,cu,0.6698
ad,cv,0.6541
ad,cw,0.6636
ad,cx,0.6012
ad,cy,0.8044
ad,cz,0.5841
ad,de,0.5826
ad,dj,0.7062
ad,dk,0.5157
ad,dm,0.5871
ad,do,0.5567
ad,dz,0.6634
ad,ec,0.558
ad,ee,0.6972
ad,eg,0.6103
ad,eh,0.6409
ad,er,0.5979
ad,es,0.5618
ad,et,0.5894
ad,fi,0.7423
ad,fj,0.6362
ad,fk,0.6255
ad,fm,0.7202
ad,fo,0.709
ad,fr,0.4283
ad,ga,0.6036
ad,gb-eng,0.7282
ad,gb-nir,0.7492
ad,gb-sct,0.7173
ad,gb-wls,0.6199
ad,gb,0.5546
ad,gd,0.4394
ad,ge,0.7185
ad,gf,0.6597
ad,gg,0.7151
ad,gh,0.531
ad,gi,0.7058
ad,gl,0.6297
ad,gm,0.4905
ad,gn,0.5032
ad,gp,0.5482
ad,gq,0.5667
ad,gr,0.6811
ad,gs,0.6128
ad,gt,0.63
ad,gu,0.6219
ad,gw,0.5296
ad,gy,0.5746
ad,hk,0.5964
ad,hm,0.62
ad,hn,0.7837
ad,hr,0.609
ad,ht,0.5065
ad,hu,0.6113
ad,id,0.706
ad,ie,0.5341
ad,il,0.7411
ad,im,0.4931
ad,in,0.6331
ad,io,0.5861
ad,iq,0.6108
ad,ir,0.6306
ad,is,0.6132
ad,it,0.5076
ad,je,0.7147
ad,jm,0.588
ad,jo,0.6235
ad,jp,0.8108
ad,ke,0.5814
ad,kg,0.6223
ad,kh,0.5703
ad,ki,0.5559
ad,km,0.5609
ad,kn,0.495
ad,kp,0.5756
ad,kr,0.7598
ad,kw,0.5583
ad,ky,0.625
ad,kz,0.7175
ad,la,0.5009
ad,lb,0.6165
ad,lc,0.7347
ad,li,0.541
ad,lk,0.5047
ad,lr,0.5505
ad,ls,0.6601
ad,lt,0.5491
ad,lu,0.682
ad,lv,0.6036
ad,ly,0.5975
ad,ma,0.5865
ad,mc,0.6423
ad,md,0.2411
ad,me,0.571
ad,mf,0.4283
ad,mg,0.671
ad,mh,0.647
ad,mk,0.5571
ad,ml,0.3431
ad,mm,0.5428
ad,mn,0.6226
ad,mo,0.6452
ad,mp,0.6153
ad,mq,0.6353
ad,mr,0.5834
ad,ms,0.6329
ad,mt,0.6096
ad,mu,0.5536
ad,mv,0.4949
ad,mw,0.5115
ad,mx,0.4223
ad,my,0.5633
ad,mz,0.5815
ad,na,0.5515
ad,nc,0.5897
ad,ne,0.6346
ad,nf,0.6045
ad,ng,0.6304
ad,ni,0.7336
ad,nl,0.6285
ad,no,0.5642
ad,np,0.5292
ad,nr,0.674
ad,nu,0.591
ad,nz,0.6516
ad,om,0.581
ad,pa,0.6268
ad,pe,0.5132
ad,pf,0.6064
ad,pg,0.5027
ad,ph,0.6157
ad,pk,0.7212
ad,pl,0.6429
ad,pm,0.6282
ad,pn,0.6069
ad,pr,0.5723
ad,ps,0.6584
ad,pt,0.5109
ad,pw,0.7542
ad,py,0.645
ad,qa,0.6689
ad,re,0.6324
ad,ro,0.2352
ad,rs,0.5995
ad,ru,0.6383
ad,rw,0.6372
ad,sa,0.6517
ad,sb,0.5919
ad,sc,0.5283
ad,sd,0.5677
ad,se,0.5921
ad,sg,0.6818
ad,sh,0.6397
ad,si,0.68
ad,sj,0.5642
ad,sk,0.6286
ad,sl,0.6927
ad,sm,0.7113
ad,sn,0.401
ad,so,0.7195
ad,sr,0.5536
ad,ss,0.5776
ad,st,0.6054
ad,sv,0.7122
ad,sx,0.6169
ad,sy,0.6543
ad,sz,0.5311
ad,tc,0.6382
ad,td,0.2441
ad,tf,0.6451
ad,tg,0.5723
ad,th,0.5861
ad,tj,0.6656
ad,tk,0.5516
ad,tl,0.5335
ad,tm,0.6631
ad,tn,0.6098
ad,to,0.6278
ad,tr,0.6181
ad,tt,0.4996
ad,tv,0.7
ad,tw,0.5741
ad,tz,0.6475
ad,ua,0.634
ad,ug,0.5584
ad,um,0.5335
ad,us,0.5335
ad,uy,0.7091
ad,uz,0.6687
ad,va,0.7444
ad,vc,0.4859
ad,ve,0.4987
ad,vg,0.6175
ad,vi,0.7171
ad,vn,0.6487
ad,vu,0.5195
ad,wf,0.4845
ad,ws,0.4543
ad,xk,0.6203
ad,ye,0.6222
ad,yt,0.7539
ad,za,0.5516
ad,zm,0.6021
ad,zw,0.5777
ae,ad,0.6364
ae,ae,0.0
ae,af,0.5304
ae,ag,0.5371
ae,ai,0.587
ae,al,0.7348
ae,am,0.6829
ae,ao,0.5641
ae,aq,0.6665
ae,ar,0.6227
ae,as,0.5338
ae,at,0.4718
ae,au,0.6271
ae,aw,0.6605
ae,ax,0.6062
ae,az,0.5641
ae,ba,0.6457
ae,bb,0.6627
ae,bd,0.6274
ae,be,0.6349
ae,bf,0.6388
ae,bg,0.6867
ae,bh,0.723
ae,bi,0.6018
ae,bj,0.6414
ae,bl,0.757
ae,bm,0.5404
ae,bn,0.638
ae,bo,0.5284
ae,bq,0.6476
ae,br,0.5909
ae,bs,0.5363
ae,bt,0.6331
ae,bv,0.571
ae,bw,0.6991
ae,by,0.5672
ae,bz,0.58
ae,ca,0.7255
ae,cc,0.6665
ae,cd,0.6605
ae,cf,0.5822
ae,cg,0.6287
ae,ch,0.6618
ae,ci,0.6111
ae,ck,0.6076
ae,cl,0.6187
ae,cm,0.6368
ae,cn,0.7085
ae,co,0.6193
ae,cr,0.667
ae,cu,0.6093
ae,cv,0.6135
ae,cw,0.6562
ae,cx,0.5631
ae,cy,0.8019
ae,cz,0.6459
ae,de,0.664
ae,dj,0.5915
ae,dk,0.5493
ae,dm,0.5512
ae,do,0.5175
ae,dz,0.6751
ae,ec,0.6268
ae,ee,0.8098
ae,eg,0.3882
ae,eh,0.343
ae,er,0.5683
ae,es,0.5881
ae,et,0.4913
ae,fi,0.8051
ae,fj,0.6277
ae,fk,0.5789
ae,fm,0.711
ae,fo,0.7607
ae,fr,0.6412
ae,ga,0.5543
ae,gb-eng,0.7804
ae,gb-nir,0.7926
ae,gb-sct,0.6498
ae,gb-wls,0.6262
ae,gb,0.5612
ae,gd,0.5997
ae,ge,0.7819
ae,gf,0.6267
ae,gg,0.7761
ae,gh,0.5299
ae,gi,0.6367
ae,gl,0.6272
ae,gm,0.5406
ae,gn,0.5531
ae,gp,0.5927
ae,gq,0.4597
ae,gr,0.6125
ae,gs,0.5894
ae,gt,0.6862
ae,gu,0.6127
ae,gw,0.5519
ae,gy,0.5246
ae,hk,0.6567
ae,hm,0.6552
ae,hn,0.6309
ae,hr,0.5217
ae,ht,0.5263
ae,hu,0.4711
ae,id,0.778
ae,ie,0.6716
ae,il,0.6496
ae,im,0.6019
ae,in,0.4989
ae,io,0.5764
ae,iq,0.3936
ae,ir,0.4559
ae,is,0.5701
ae,it,0.6663
ae,je,0.7244
ae,jm,0.5962
ae,jo,0.3432
ae,jp,0.8196
ae,ke,0.5518
ae,kg,0.7224
ae,kh,0.5513
ae,ki,0.6216
ae,km,0.5785
ae,kn,0.5682
ae,kp,0.5981
ae,kr,0.7564
ae,kw,0.3605
ae,ky,0.5987
ae,kz,0.6658
ae,la,0.5603
ae,lb,0.5601
ae,lc,0.7473
ae,li,0.5732
ae,lk,0.5868
ae,lr,0.6196
ae,ls,0.5061
ae,lt,0.6501
ae,lu,0.5807
ae,lv,0.5367
ae,ly,0.6651
ae,ma,0.6597
ae,mc,0.7137
ae,md,0.6474
ae,me,0.6728
ae,mf,0.6412
ae,mg,0.6747
ae,mh,0.5932
ae,mk,0.6189
ae,ml,0.648
ae,mm,0.608
ae,mn,0.5872
ae,mo,0.606
ae,mp,0.6306
ae,mq,0.5207
ae,mr,0.6096
ae,ms,0.5907
ae,mt,0.6944
ae,mu,0.6095
ae,mv,0.5768
ae,mw,0.5354
ae,mx,0.6521
ae,my,0.6498
ae,mz,0.6599
ae,na,0.5515
ae,nc,0.5479
ae,ne,0.5343
ae,nf,0.6543
ae,ng,0.6691
ae,ni,0.5522
ae,nl,0.4631
ae,no,0.571
ae,np,0.519
ae,nr,0.6355
ae,nu,0.7142
ae,nz,0.6268
ae,om,0.5839
ae,pa,0.6911
ae,pe,0.6189
ae,pf,0.5494
ae,pg,0.5696
ae,ph,0.5807
ae,pk,0.6562
ae,pl,0.6274
ae,pm,0.555
ae,pn,0.576
ae,pr,0.7114
ae,ps,0.3206
ae,pt,0.6881
ae,pw,0.7485
ae,py,0.5007
ae,qa,0.6858
ae,re,0.632
ae,ro,0.6355
ae,rs,0.7156
ae,ru,0.6988
ae,rw,0.5843
ae,sa,0.6323
ae,sb,0.5896
ae,sc,0.5813
ae,sd,0.3813
ae,se,0.6006
ae,sg,0.7378
ae,sh,0.5997
ae,si,0.7303
ae,sj,0.571
ae,sk,0.6711
ae,sl,0.4919
ae,sm,0.6973
ae,sn,0.6492
ae,so,0.688
ae,sr,0.6196
ae,ss,0.5843
ae,st,0.501
ae,sv,0.5212
ae,sx,0.6183
ae,sy,0.3575
ae,sz,0.5756
ae,tc,0.5997
ae,td,0.634
ae,tf,0.6348
ae,tg,0.582
ae,th,0.694
ae,tj,0.515
ae,tk,0.6451
ae,tl,0.6566
ae,tm,0.5458
ae,tn,0.6721
ae,to,0.6994
ae,tr,0.7044
ae,tt,0.5746
ae,tv,0.6468
ae,tw,0.7218
ae,tz,0.6207
ae,ua,0.6815
ae,ug,0.6374
ae,um,0.6035
ae,us,0.6035
ae,uy,0.7017
ae,uz,0.4792
ae,va,0.7355
ae,vc,0.6345
ae,ve,0.6341
ae,vg,0.589
ae,vi,0.7396
ae,vn,0.742
ae,vu,0.5914
ae,wf,0.5966
ae,ws,0.6043
ae,xk,0.6264
ae,ye,0.3849
ae,yt,0.764
ae,za,0.5709
ae,zm,0.6371
ae,zw,0.6689
af,ad,0.5182
af,ae,0.5304
af,af,0.0
af,ag,0.5049
af,ai,0.5592
af,al,0.6743
af,am,0.5518
af,ao,0.4621
af,aq,0.6674
af,ar,0.7277
af,as,0.5632
af,at,0.6544
af,au,0.5678
af,aw,0.6539
af,ax,0.5334
af,az,0.5637
af,ba,0.5262
af,bb,0.4598
af,bd,0.485
af,be,0.4572
af,bf,0.5487
af,bg,0.6526
af,bh,0.7222
af,bi,0.5719
af,bj,0.5358
af,bl,0.8321
af,bm,0.551
af,bn,0.6538
af,bo,0.4833
af,bq,0.6809
af,br,0.5026
af,bs,0.4777
af,bt,0.6413
af,bv,0.5662
af,bw,0.6481
af,by,0.5203
af,bz,0.4932
af,ca,0.7019
af,cc,0.5756
af,cd,0.6471
af,cf,0.5715
af,cg,0.5492
af,ch,0.6737
af,ci,0.5921
af,ck,0.5419
af,cl,0.6138
af,cm,0.5112
af,cn,0.655
af,co,0.589
af,cr,0.6235
af,cu,0.6012
af,cv,0.5841
af,cw,0.5748
af,cx,0.4856
af,cy,0.8825
af,cz,0.6412
af,de,0.5451
af,dj,0.6852
af,dk,0.6241
af,dm,0.4076
af,do,0.5716
af,dz,0.6133
af,ec,0.5923
af,ee,0.6577
af,eg,0.5739
af,eh,0.4617
af,er,0.5219
af,es,0.5586
af,et,0.5472
af,fi,0.7756
af,fj,0.6254
af,fk,0.5381
af,fm,0.7218
af,fo,0.7662
af,fr,0.5669
af,ga,0.5678
af,gb-eng,0.8141
af,gb-nir,0.818
af,gb-sct,0.6921
af,gb-wls,0.6119
af,gb,0.5811
af,gd,0.4879
af,ge,0.7882
af,gf,0.6078
af,gg,0.7881
af,gh,0.502
af,gi,0.7521
af,gl,0.7225
af,gm,0.5057
af,gn,0.4598
af,gp,0.3867
af,gq,0.5621
af,gr,0.6739
af,gs,0.5258
af,gt,0.6389
af,gu,0.5269
af,gw,0.5348
af,gy,0.4997
af,hk,0.6339
af,hm,0.6016
af,hn,0.7547
af,hr,0.6287
af,ht,0.5229
af,hu,0.6014
af,id,0.7627
af,ie,0.6176
af,il,0.7635
af,im,0.6108
af,in,0.592
af,io,0.5719
af,iq,0.5735
af,ir,0.6214
af,is,0.5616
af,it,0.5807
af,je,0.8039
af,jm,0.4848
af,jo,0.4764
af,jp,0.8778
af,ke,0.4525
af,kg,0.6685
af,kh,0.5382
af,ki,0.5676
af,km,0.5761
af,kn,0.484
af,kp,0.5719
af,kr,0.8204
af,kw,0.4653
af,ky,0.5402
af,kz,0.6382
af,la,0.5024
af,lb,0.6891
af,lc,0.7442
af,li,0.5359
af,lk,0.5123
af,lr,0.6059
af,ls,0.6303
af,lt,0.5353
af,lu,0.679
af,lv,0.5913
af,ly,0.462
af,ma,0.5836
af,mc,0.7335
af,md,0.5223
af,me,0.6066
af,mf,0.5669
af,mg,0.6948
af,mh,0.588
af,mk,0.5747
af,ml,0.5342
af,mm,0.5613
af,mn,0.6314
af,mo,0.5398
af,mp,0.5347
af,mq,0.514
af,mr,0.5127
af,ms,0.5355
af,mt,0.7705
af,mu,0.5269
af,mv,0.5305
af,mw,0.4317
af,mx,0.5581
af,my,0.5928
af,mz,0.5379
af,na,0.4922
af,nc,0.5187
af,ne,0.6174
af,nf,0.4591
af,ng,0.5465
af,ni,0.6913
af,nl,0.6052
af,no,0.5662
af,np,0.4849
af,nr,0.5745
af,nu,0.6855
af,nz,0.5607
af,om,0.5945
af,pa,0.6885
af,pe,0.6571
af,pf,0.6776
af,pg,0.4669
af,ph,0.6413
af,pk,0.6877
af,pl,0.7454
af,pm,0.5608
af,pn,0.5169
af,pr,0.6485
af,ps,0.5249
af,pt,0.5468
af,pw,0.708
af,py,0.6156
af,qa,0.7224
af,re,0.6143
af,ro,0.504
af,rs,0.617
af,ru,0.6583
af,rw,0.592
af,sa,0.5204
af,sb,0.5307
af,sc,0.5099
af,sd,0.4812
af,se,0.5457
af,sg,0.7483
af,sh,0.5507
af,si,0.7199
af,sj,0.5662
af,sk,0.6577
af,sl,0.6452
af,sm,0.7506
af,sn,0.5325
af,so,0.6882
af,sr,0.5447
af,ss,0.516
af,st,0.5492
af,sv,0.6615
af,sx,0.6053
af,sy,0.5118
af,sz,0.5178
af,tc,0.5515
af,td,0.4913
af,tf,0.5882
af,tg,0.5479
af,th,0.5886
af,tj,0.6422
af,tk,0.5059
af,tl,0.5144
af,tm,0.5416
af,tn,0.6406
af,to,0.6694
af,tr,0.6506
af,tt,0.5623
af,tv,0.6254
af,tw,0.6492
af,tz,0.5085
af,ua,0.64
af,ug,0.5156
af,um,0.57
af,us,0.57
af,uy,0.7265
af,uz,0.6437
af,va,0.7563
af,vc,0.4163
af,ve,0.5556
af,vg,0.5277
af,vi,0.7894
af,vn,0.689
af,vu,0.4492
af,wf,0.598
af,ws,0.5696
af,xk,0.5586
af,ye,0.5852
af,yt,0.8261
af,za,0.4969
af,zm,0.5419
af,zw,0.5908
ag,ad,0.4963
ag,ae,0.5371
ag,af,0.5049
ag,ag,0.0
ag,ai,0.6441
ag,al,0.6157
ag,am,0.5412
ag,ao,0.5101
ag,aq,0.7601
ag,ar,0.7391
ag,as,0.618
ag,at,0.5205
ag,au,0.6424
ag,aw,0.6852
ag,ax,0.6288
ag,az,0.6219
ag,ba,0.6496
ag,bb,0.6048
ag,bd,0.6375
ag,be,0.5322
ag,bf,0.6498
ag,bg,0.7019
ag,bh,0.692
ag,bi,0.5866
ag,bj,0.6001
ag,bl,0.8047
ag,bm,0.4511
ag,bn,0.6905
ag,bo,0.604
ag,bq,0.7333
ag,br,0.6207
ag,bs,0.6088
ag,bt,0.6054
ag,bv,0.5352
ag,bw,0.6881
ag,by,0.5108
ag,bz,0.554
ag,ca,0.6679
ag,cc,0.676
ag,cd,0.6914
ag,cf,0.5898
ag,cg,0.5712
ag,ch,0.5894
ag,ci,0.6376
ag,ck,0.6221
ag,cl,0.6684
ag,cm,0.5719
ag,cn,0.6288
ag,co,0.5934
ag,cr,0.6287
ag,cu,0.5969
ag,cv,0.62
ag,cw,0.6226
ag,cx,0.6098
ag,cy,0.8602
ag,cz,0.7009
ag,de,0.5104
ag,dj,0.7286
ag,dk,0.4797
ag,dm,0.5843
ag,do,0.5143
ag,dz,0.7209
ag,ec,0.6218
ag,ee,0.6466
ag,eg,0.5881
ag,eh,0.5423
ag,er,0.5693
ag,es,0.5512
ag,et,0.4996
ag,fi,0.7649
ag,fj,0.6551
ag,fk,0.6237
ag,fm,0.7508
ag,fo,0.7585
ag,fr,0.524
ag,ga,0.6165
ag,gb-eng,0.787
ag,gb-nir,0.814
ag,gb-sct,0.7422
ag,gb-wls,0.7142
ag,gb,0.5621
ag,gd,0.4553
ag,ge,0.792
ag,gf,0.6121
ag,gg,0.7926
ag,gh,0.5556
ag,gi,0.7575
ag,gl,0.6587
ag,gm,0.4979
ag,gn,0.5211
ag,gp,0.5414
ag,gq,0.5664
ag,gr,0.6913
ag,gs,0.6059
ag,gt,0.7047
ag,gu,0.5978
ag,gw,0.5672
ag,gy,0.5693
ag,hk,0.5832
ag,hm,0.6644
ag,hn,0.7962
ag,hr,0.6545
ag,ht,0.427
ag,hu,0.624
ag,id,0.6988
ag,ie,0.6345
ag,il,0.7539
ag,im,0.4254
ag,in,0.6691
ag,io,0.5951
ag,iq,0.577
ag,ir,0.5888
ag,is,0.6279
ag,it,0.601
ag,je,0.7494
ag,jm,0.582
ag,jo,0.5045
ag,jp,0.8787
ag,ke,0.5213
ag,kg,0.6237
ag,kh,0.5263
ag,ki,0.5705
ag,km,0.6584
ag,kn,0.4537
ag,kp,0.5773
ag,kr,0.7984
ag,kw,0.4897
ag,ky,0.6192
ag,kz,0.7279
ag,la,0.472
ag,lb,0.5749
ag,lc,0.7969
ag,li,0.4395
ag,lk,0.5493
ag,lr,0.5819
ag,ls,0.6643
ag,lt,0.577
ag,lu,0.7113
ag,lv,0.5889
ag,ly,0.5901
ag,ma,0.581
ag,mc,0.6027
ag,md,0.5082
ag,me,0.5775
ag,mf,0.524
ag,mg,0.7201
ag,mh,0.6438
ag,mk,0.5707
ag,ml,0.5243
ag,mm,0.5748
ag,mn,0.5328
ag,mo,0.6376
ag,mp,0.6206
ag,mq,0.5653
ag,mr,0.5893
ag,ms,0.6197
ag,mt,0.6378
ag,mu,0.5954
ag,mv,0.4092
ag,mw,0.4406
ag,mx,0.5169
ag,my,0.5728
ag,mz,0.4981
ag,na,0.5511
ag,nc,0.5925
ag,ne,0.6738
ag,nf,0.6606
ag,ng,0.6689
ag,ni,0.7162
ag,nl,0.6282
ag,no,0.5352
ag,np,0.4825
ag,nr,0.6495
ag,nu,0.6816
ag,nz,0.6391
ag,om,0.6111
ag,pa,0.6977
ag,pe,0.4824
ag,pf,0.5752
ag,pg,0.5109
ag,ph,0.5329
ag,pk,0.6693
ag,pl,0.6911
ag,pm,0.5916
ag,pn,0.602
ag,pr,0.635
ag,ps,0.5573
ag,pt,0.5888
ag,pw,0.8128
ag,py,0.6589
ag,qa,0.6781
ag,re,0.6578
ag,ro,0.4999
ag,rs,0.6015
ag,ru,0.6977
ag,rw,0.6505
ag,sa,0.6312
ag,sb,0.6152
ag,sc,0.5927
ag,sd,0.5778
ag,se,0.6514
ag,sg,0.6883
ag,sh,0.6334
ag,si,0.7248
ag,sj,0.5352
ag,sk,0.6863
ag,sl,0.6784
ag,sm,0.7949
ag,sn,0.5608
ag,so,0.7417
ag,sr,0.5693
ag,ss,0.5776
ag,st,0.5976
ag,sv,0.6977
ag,sx,0.6149
ag,sy,0.6104
ag,sz,0.5258
ag,tc,0.6377
ag,td,0.4973
ag,tf,0.6652
ag,tg,0.5364
ag,th,0.5874
ag,tj,0.6722
ag,tk,0.5982
ag,tl,0.5813
ag,tm,0.6197
ag,tn,0.5869
ag,to,0.6554
ag,tr,0.6232
ag,tt,0.4212
ag,tv,0.7006
ag,tw,0.6152
ag,tz,0.6101
ag,ua,0.628
ag,ug,0.5009
ag,um,0.5619
ag,us,0.5619
ag,uy,0.7347
ag,uz,0.6845
ag,va,0.759
ag,vc,0.6007
ag,ve,0.5275
ag,vg,0.6095
ag,vi,0.7797
ag,vn,0.6516
ag,vu,0.524
ag,wf,0.4697
ag,ws,0.419
ag,xk,0.6466
ag,ye,0.5954
ag,yt,0.8096
ag,za,0.5801
ag,zm,0.5985
ag,zw,0.5761
ai,ad,0.645
ai,ae,0.587
ai,af,0.5592
ai,ag,0.6441
ai,ai,0.0
ai,al,0.7535
ai,am,0.6493
ai,ao,0.5752
ai,aq,0.6819
ai,ar,0.6951
ai,as,0.6421
ai,at,0.6926
ai,au,0.2164
ai,aw,0.6352
ai,ax,0.5902
ai,az,0.6012
ai,ba,0.5873
ai,bb,0.4504
ai,bd,0.594
ai,be,0.685
ai,bf,0.5928
ai,bg,0.6703
ai,bh,0.7314
ai,bi,0.6609
ai,bj,0.6528
ai,bl,0.7987
ai,bm,0.5606
ai,bn,0.7181
ai,bo,0.5843
ai,bq,0.6376
ai,br,0.5735
ai,bs,0.5724
ai,bt,0.7318
ai,bv,0.5961
ai,bw,0.6447
ai,by,0.5877
ai,bz,0.5722
ai,ca,0.7663
ai,cc,0.6459
ai,cd,0.6202
ai,cf,0.6213
ai,cg,0.6835
ai,ch,0.7767
ai,ci,0.7032
ai,ck,0.2268
ai,cl,0.7111
ai,cm,0.6472
ai,cn,0.7411
ai,co,0.6318
ai,cr,0.6478
ai,cu,0.6225
ai,cv,0.6089
ai,cw,0.3889
ai,cx,0.4331
ai,cy,0.8563
ai,cz,0.682
ai,de,0.7261
ai,dj,0.6388
ai,dk,0.6809
ai,dm,0.5664
ai,do,0.5794
ai,dz,0.7246
ai,ec,0.6537
ai,ee,0.7222
ai,eg,0.6138
ai,eh,0.5899
ai,er,0.5876
ai,es,0.6638
ai,et,0.6108
ai,fi,0.6921
ai,fj,0.571
ai,fk,0.1219
ai,fm,0.6988
ai,fo,0.7617
ai,fr,0.6837
ai,ga,0.61
ai,gb-eng,0.8021
ai,gb-nir,0.8156
ai,gb-sct,0.6676
ai,gb-wls,0.6003
ai,gb,0.5476
ai,gd,0.6268
ai,ge,0.7993
ai,gf,0.7118
ai,gg,0.7963
ai,gh,0.5857
ai,gi,0.7267
ai,gl,0.7283
ai,gm,0.545
ai,gn,0.6386
ai,gp,0.5898
ai,gq,0.6471
ai,gr,0.6515
ai,gs,0.165
ai,gt,0.6828
ai,gu,0.3455
ai,gw,0.616
ai,gy,0.5698
ai,hk,0.7317
ai,hm,0.504
ai,hn,0.7064
ai,hr,0.6252
ai,ht,0.6009
ai,hu,0.6237
ai,id,0.8261
ai,ie,0.7137
ai,il,0.7143
ai,im,0.6894
ai,in,0.6187
ai,io,0.4946
ai,iq,0.606
ai,ir,0.668
ai,is,0.5634
ai,it,0.6904
ai,je,0.7995
ai,jm,0.6123
ai,jo,0.5855
ai,jp,0.8386
ai,ke,0.5694
ai,kg,0.7825
ai,kh,0.5699
ai,ki,0.6095
ai,km,0.6096
ai,kn,0.5876
ai,kp,0.6056
ai,kr,0.7891
ai,kw,0.6308
ai,ky,0.1606
ai,kz,0.6272
ai,la,0.5185
ai,lb,0.6913
ai,lc,0.7215
ai,li,0.4967
ai,lk,0.6106
ai,lr,0.6522
ai,ls,0.6065
ai,lt,0.6174
ai,lu,0.6601
ai,lv,0.6487
ai,ly,0.603
ai,ma,0.671
ai,mc,0.7877
ai,md,0.6279
ai,me,0.7249
ai,mf,0.6837
ai,mg,0.6628
ai,mh,0.5695
ai,mk,0.6819
ai,ml,0.6704
ai,mm,0.6784
ai,mn,0.6027
ai,mo,0.6046
ai,mp,0.5726
ai,mq,0.5546
ai,mr,0.6108
ai,ms,0.1585
ai,mt,0.7434
ai,mu,0.5753
ai,mv,0.6201
ai,mw,0.5761
ai,mx,0.6606
ai,my,0.6825
ai,mz,0.6493
ai,na,0.5543
ai,nc,0.5593
ai,ne,0.6419
ai,nf,0.6432
ai,ng,0.6851
ai,ni,0.6474
ai,nl,0.6061
ai,no,0.5961
ai,np,0.5425
ai,nr,0.3545
ai,nu,0.7781
ai,nz,0.192
ai,om,0.6484
ai,pa,0.6636
ai,pe,0.7383
ai,pf,0.6909
ai,pg,0.5882
ai,ph,0.6329
ai,pk,0.6363
ai,pl,0.732
ai,pm,0.5599
ai,pn,0.168
ai,pr,0.7091
ai,ps,0.6095
ai,pt,0.6949
ai,pw,0.7051
ai,py,0.6101
ai,qa,0.6724
ai,re,0.6301
ai,ro,0.5831
ai,rs,0.6784
ai,ru,0.663
ai,rw,0.6267
ai,sa,0.5844
ai,sb,0.5448
ai,sc,0.5867
ai,sd,0.5886
ai,se,0.5906
ai,sg,0.7861
ai,sh,0.101
ai,si,0.7144
ai,sj,0.5961
ai,sk,0.6646
ai,sl,0.632
ai,sm,0.6823
ai,sn,0.669
ai,so,0.6619
ai,sr,0.6131
ai,ss,0.5732
ai,st,0.63
ai,sv,0.6218
ai,sx,0.5864
ai,sy,0.5999
ai,sz,0.5667
ai,tc,0.1041
ai,td,0.584
ai,tf,0.5415
ai,tg,0.611
ai,th,0.6309
ai,tj,0.6611
ai,tk,0.4568
ai,tl,0.6791
ai,tm,0.5748
ai,tn,0.745
ai,to,0.6984
ai,tr,0.7382
ai,tt,0.6429
ai,tv,0.5359
ai,tw,0.7504
ai,tz,0.5725
ai,ua,0.7335
ai,ug,0.6734
ai,um,0.635
ai,us,0.635
ai,uy,0.6838
ai,uz,0.6258
ai,va,0.8262
ai,vc,0.5629
ai,ve,0.5686
ai,vg,0.1625
ai,vi,0.7691
ai,vn,0.7995
ai,vu,0.5575
ai,wf,0.66
ai,ws,0.6217
ai,xk,0.5799
ai,ye,0.6258
ai,yt,0.7954
ai,za,0.5529
ai,zm,0.636
ai,zw,0.6555
al,ad,0.6462
al,ae,0.7348
al,af,0.6743
al,ag,0.6157
al,ai,0.7535
al,al,0.0
al,am,0.5989
al,ao,0.6109
al,aq,0.9791
al,ar,0.894
al,as,0.7925
al,at,0.7008
al,au,0.7545
al,aw,0.8532
al,ax,0.7477
al,az,0.7528
al,ba,0.7799
al,bb,0.7563
al,bd,0.7848
al,be,0.6437
al,bf,0.6925
al,bg,0.7528
al,bh,0.6899
al,bi,0.7419
al,bj,0.6791
al,bl,0.8792
al,bm,0.5819
al,bn,0.7289
al,bo,0.6491
al,bq,0.8252
al,br,0.7716
al,bs,0.7789
al,bt,0.639
al,bv,0.615
al,bw,0.8325
al,by,0.6146
al,bz,0.717
al,ca,0.5414
al,cc,0.7962
al,cd,0.8515
al,cf,0.7202
al,cg,0.6772
al,ch,0.407
al,ci,0.802
al,ck,0.7452
al,cl,0.734
al,cm,0.662
al,cn,0.5796
al,co,0.6474
al,cr,0.7602
al,cu,0.7799
al,cv,0.8014
al,cw,0.7845
al,cx,0.7674
al,cy,0.9426
al,cz,0.7498
al,de,0.6059
al,dj,0.854
al,dk,0.652
al,dm,0.733
al,do,0.7244
al,dz,0.8472
al,ec,0.6456
al,ee,0.8268
al,eg,0.7216
al,eh,0.7394
al,er,0.6544
al,es,0.5711
al,et,0.6277
al,fi,0.8694
al,fj,0.8113
al,fk,0.7383
al,fm,0.9081
al,fo,0.8447
al,fr,0.7565
al,ga,0.7762
al,gb-eng,0.8536
al,gb-nir,0.8637
al,gb-sct,0.9022
al,gb-wls,0.7487
al,gb,0.6961
al,gd,0.6111
al,ge,0.7435
al,gf,0.7324
al,gg,0.8229
al,gh,0.6405
al,gi,0.7597
al,gl,0.7626
al,gm,0.646
al,gn,0.6808
al,gp,0.698
al,gq,0.7248
al,gr,0.8621
al,gs,0.7228
al,gt,0.8955
al,gu,0.7579
al,gw,0.6627
al,gy,0.7009
al,hk,0.5953
al,hm,0.7662
al,hn,0.9964
al,hr,0.6681
al,ht,0.6811
al,hu,0.7351
al,id,0.6647
al,ie,0.7976
al,il,0.8992
al,im,0.5833
al,in,0.7469
al,io,0.7362
al,iq,0.7172
al,ir,0.7424
al,is,0.7889
al,it,0.782
al,je,0.8567
al,jm,0.6957
al,jo,0.7195
al,jp,0.9102
al,ke,0.6532
al,kg,0.2183
al,kh,0.6922
al,ki,0.6523
al,km,0.7465
al,kn,0.6333
al,kp,0.6669
al,kr,0.8915
al,kw,0.7314
al,ky,0.7335
al,kz,0.9317
al,la,0.6532
al,lb,0.7179
al,lc,0.9421
al,li,0.6315
al,lk,0.5666
al,lr,0.6987
al,ls,0.8405
al,lt,0.6086
al,lu,0.8338
al,lv,0.6673
al,ly,0.5874
al,ma,0.5774
al,mc,0.771
al,md,0.6551
al,me,0.2571
al,mf,0.7565
al,mg,0.7564
al,mh,0.7962
al,mk,0.5663
al,ml,0.6752
al,mm,0.6568
al,mn,0.6024
al,mo,0.8295
al,mp,0.8338
al,mq,0.6679
al,mr,0.6868
al,ms,0.7434
al,mt,0.765
al,mu,0.6539
al,mv,0.5827
al,mw,0.6306
al,mx,0.7341
al,my,0.6706
al,mz,0.6455
al,na,0.7051
al,nc,0.7224
al,ne,0.7518
al,nf,0.8342
al,ng,0.8894
al,ni,0.9229
al,nl,0.7589
al,no,0.615
al,np,0.6255
al,nr,0.7847
al,nu,0.7206
al,nz,0.7573
al,om,0.6839
al,pa,0.7835
al,pe,0.6975
al,pf,0.7189
al,pg,0.6065
al,ph,0.6987
al,pk,0.7952
al,pl,0.7778
al,pm,0.7477
al,pn,0.72
al,pr,0.6502
al,ps,0.759
al,pt,0.4606
al,pw,0.9985
al,py,0.7705
al,qa,0.7113
al,re,0.7164
al,ro,0.6624
al,rs,0.7233
al,ru,0.7491
al,rw,0.8098
al,sa,0.7881
al,sb,0.7534
al,sc,0.6922
al,sd,0.7241
al,se,0.7814
al,sg,0.7797
al,sh,0.7461
al,si,0.7085
al,sj,0.615
al,sk,0.721
al,sl,0.8841
al,sm,0.8854
al,sn,0.6789
al,so,0.922
al,sr,0.6769
al,ss,0.7642
al,st,0.7296
al,sv,0.8842
al,sx,0.6803
al,sy,0.7884
al,sz,0.6351
al,tc,0.7464
al,td,0.6519
al,tf,0.7913
al,tg,0.6774
al,th,0.688
al,tj,0.7765
al,tk,0.7449
al,tl,0.5816
al,tm,0.7592
al,tn,0.2913
al,to,0.62
al,tr,0.2542
al,tt,0.5708
al,tv,0.8752
al,tw,0.3522
al,tz,0.7746
al,ua,0.7712
al,ug,0.6135
al,um,0.6924
al,us,0.6924
al,uy,0.8569
al,uz,0.8471
al,va,0.8247
al,vc,0.7137
al,ve,0.6131
al,vg,0.7275
al,vi,0.8514
al,vn,0.2255
al,vu,0.6374
al,wf,0.5928
al,ws,0.5919
al,xk,0.8083
al,ye,0.7372
al,yt,0.8811
al,za,0.6935
al,zm,0.7078
al,zw,0.6536
am,ad,0.5565
am,ae,0.6829
am,af,0.5518
am,ag,0.5412
am,ai,0.6493
am,al,0.5989
am,am,0.0
am,ao,0.5914
am,aq,0.7931
am,ar,0.7678
am,as,0.6912
am,at,0.6247
am,au,0.6335
am,aw,0.6576
am,ax,0.6976
am,az,0.6883
am,ba,0.6437
am,bb,0.6096
am,bd,0.654
am,be,0.5841
am,bf,0.5761
am,bg,0.6124
am,bh,0.6452
am,bi,0.5941
am,bj,0.6084
am,bl,0.7519
am,bm,0.548
am,bn,0.6173
am,bo,0.6
am,bq,0.6967
am,br,0.6446
am,bs,0.7096
am,bt,0.601
am,bv,0.5209
am,bw,0.6911
am,by,0.5781
am,bz,0.5572
am,ca,0.6733
am,cc,0.6845
am,cd,0.6999
am,cf,0.5612
am,cg,0.5855
am,ch,0.6375
am,ci,0.6651
am,ck,0.6211
am,cl,0.664
am,cm,0.5717
am,cn,0.6192
am,co,0.5928
am,cr,0.7069
am,cu,0.6472
am,cv,0.67
am,cw,0.6424
am,cx,0.6514
am,cy,0.825
am,cz,0.6389
am,de,0.533
am,dj,0.6974
am,dk,0.607
am,dm,0.636
am,do,0.6302
am,dz,0.7093
am,ec,0.5833
am,ee,0.6662
am,eg,0.6614
am,eh,0.6367
am,er,0.6106
am,es,0.5376
am,et,0.5929
am,fi,0.6931
am,fj,0.6427
am,fk,0.6224
am,fm,0.7388
am,fo,0.7063
am,fr,0.6417
am,ga,0.7415
am,gb-eng,0.7591
am,gb-nir,0.758
am,gb-sct,0.7172
am,gb-wls,0.6478
am,gb,0.6253
am,gd,0.4691
am,ge,0.7447
am,gf,0.6132
am,gg,0.7439
am,gh,0.6186
am,gi,0.6939
am,gl,0.7179
am,gm,0.4598
am,gn,0.5771
am,gp,0.6099
am,gq,0.6087
am,gr,0.7099
am,gs,0.6058
am,gt,0.7077
am,gu,0.62
am,gw,0.5875
am,gy,0.6119
am,hk,0.6038
am,hm,0.6619
am,hn,0.865
am,hr,0.6645
am,ht,0.5757
am,hu,0.6132
am,id,0.6671
am,ie,0.6562
am,il,0.7638
am,im,0.5933
am,in,0.6363
am,io,0.5854
am,iq,0.6519
am,ir,0.6383
am,is,0.6908
am,it,0.6445
am,je,0.7441
am,jm,0.5604
am,jo,0.6406
am,jp,0.8045
am,ke,0.6144
am,kg,0.6321
am,kh,0.6364
am,ki,0.515
am,km,0.6407
am,kn,0.5802
am,kp,0.6462
am,kr,0.7626
am,kw,0.6424
am,ky,0.6187
am,kz,0.7387
am,la,0.5056
am,lb,0.624
am,lc,0.7587
am,li,0.5716
am,lk,0.5023
am,lr,0.6001
am,ls,0.7096
am,lt,0.4344
am,lu,0.7063
am,lv,0.6031
am,ly,0.5233
am,ma,0.5746
am,mc,0.647
am,md,0.5518
am,me,0.5686
am,mf,0.6417
am,mg,0.6437
am,mh,0.6623
am,mk,0.5547
am,ml,0.5761
am,mm,0.5414
am,mn,0.564
am,mo,0.6672
am,mp,0.6145
am,mq,0.6249
am,mr,0.497
am,ms,0.6234
am,mt,0.6863
am,mu,0.5382
am,mv,0.5146
am,mw,0.5724
am,mx,0.615
am,my,0.5406
am,mz,0.5083
am,na,0.5496
am,nc,0.6444
am,ne,0.627
am,nf,0.6628
am,ng,0.7025
am,ni,0.8161
am,nl,0.6581
am,no,0.5209
am,np,0.5279
am,nr,0.6904
am,nu,0.6403
am,nz,0.6404
am,om,0.672
am,pa,0.659
am,pe,0.6503
am,pf,0.6309
am,pg,0.5882
am,ph,0.5976
am,pk,0.6722
am,pl,0.7446
am,pm,0.6136
am,pn,0.6059
am,pr,0.6244
am,ps,0.6573
am,pt,0.5952
am,pw,0.829
am,py,0.6593
am,qa,0.6395
am,re,0.6333
am,ro,0.5737
am,rs,0.5013
am,ru,0.5684
am,rw,0.6898
am,sa,0.6523
am,sb,0.5994
am,sc,0.5859
am,sd,0.6303
am,se,0.7113
am,sg,0.6564
am,sh,0.638
am,si,0.6216
am,sj,0.5209
am,sk,0.6026
am,sl,0.7736
am,sm,0.7427
am,sn,0.5735
am,so,0.7463
am,sr,0.6034
am,ss,0.6387
am,st,0.6861
am,sv,0.7876
am,sx,0.5837
am,sy,0.7284
am,sz,0.56
am,tc,0.6438
am,td,0.5702
am,tf,0.6482
am,tg,0.58
am,th,0.5403
am,tj,0.635
am,tk,0.6096
am,tl,0.5604
am,tm,0.6203
am,tn,0.6181
am,to,0.569
am,tr,0.6157
am,tt,0.5677
am,tv,0.6858
am,tw,0.6178
am,tz,0.633
am,ua,0.6213
am,ug,0.5081
am,um,0.5662
am,us,0.5662
am,uy,0.6775
am,uz,0.725
am,va,0.7226
am,vc,0.5706
am,ve,0.4745
am,vg,0.6116
am,vi,0.7121
am,vn,0.6566
am,vu,0.527
am,wf,0.5941
am,ws,0.5731
am,xk,0.6658
am,ye,0.6718
am,yt,0.749
am,za,0.5754
am,zm,0.6224
am,zw,0.5615
ao,ad,0.5307
ao,ae,0.5641
ao,af,0.4621
ao,ag,0.5101
ao,ai,0.5752
ao,al,0.6109
ao,am,0.5914
ao,ao,0.0
ao,aq,0.828
ao,ar,0.8238
ao,as,0.6708
ao,at,0.6184
ao,au,0.5773
ao,aw,0.7538
ao,ax,0.6258
ao,az,0.6497
ao,ba,0.6098
ao,bb,0.606
ao,bd,0.6053
ao,be,0.534
ao,bf,0.4999
ao,bg,0.6957
ao,bh,0.7146
ao,bi,0.6498
ao,bj,0.5995
ao,bl,0.8949
ao,bm,0.4698
ao,bn,0.6943
ao,bo,0.5188
ao,bq,0.693
ao,br,0.6288
ao,bs,0.5841
ao,bt,0.683
ao,bv,0.5731
ao,bw,0.722
ao,by,0.3857
ao,bz,0.5735
ao,ca,0.7252
ao,cc,0.6324
ao,cd,0.695
ao,cf,0.6372
ao,cg,0.6409
ao,ch,0.6784
ao,ci,0.7341
ao,ck,0.5578
ao,cl,0.7043
ao,cm,0.5654
ao,cn,0.6309
ao,co,0.542
ao,cr,0.6845
ao,cu,0.6803
ao,cv,0.7029
ao,cw,0.6502
ao,cx,0.5849
ao,cy,0.9472
ao,cz,0.6853
ao,de,0.6166
ao,dj,0.7313
ao,dk,0.5577
ao,dm,0.577
ao,do,0.6077
ao,dz,0.769
ao,ec,0.6012
ao,ee,0.7707
ao,eg,0.4997
ao,eh,0.5829
ao,er,0.5871
ao,es,0.5726
ao,et,0.6379
ao,fi,0.8297
ao,fj,0.711
ao,fk,0.5616
ao,fm,0.8207
ao,fo,0.8289
ao,fr,0.6292
ao,ga,0.6784
ao,gb-eng,0.841
ao,gb-nir,0.8724
ao,gb-sct,0.7852
ao,gb-wls,0.5914
ao,gb,0.596
ao,gd,0.5117
ao,ge,0.8294
ao,gf,0.7174
ao,gg,0.8372
ao,gh,0.4577
ao,gi,0.7649
ao,gl,0.6912
ao,gm,0.458
ao,gn,0.5536
ao,gp,0.4567
ao,gq,0.699
ao,gr,0.7726
ao,gs,0.5387
ao,gt,0.789
ao,gu,0.5911
ao,gw,0.49
ao,gy,0.5898
ao,hk,0.6305
ao,hm,0.6013
ao,hn,0.8689
ao,hr,0.6283
ao,ht,0.5847
ao,hu,0.6469
ao,id,0.8174
ao,ie,0.7366
ao,il,0.8441
ao,im,0.4536
ao,in,0.6298
ao,io,0.6493
ao,iq,0.4919
ao,ir,0.7337
ao,is,0.6447
ao,it,0.6951
ao,je,0.8487
ao,jm,0.5218
ao,jo,0.5384
ao,jp,0.9277
ao,ke,0.4766
ao,kg,0.6261
ao,kh,0.5561
ao,ki,0.6033
ao,km,0.615
ao,kn,0.5016
ao,kp,0.5989
ao,kr,0.8883
ao,kw,0.6259
ao,ky,0.5586
ao,kz,0.7604
ao,la,0.4882
ao,lb,0.6797
ao,lc,0.8537
ao,li,0.56
ao,lk,0.5521
ao,lr,0.6749
ao,ls,0.7178
ao,lt,0.5618
ao,lu,0.7179
ao,lv,0.6332
ao,ly,0.4041
ao,ma,0.5802
ao,mc,0.7638
ao,md,0.5332
ao,me,0.5778
ao,mf,0.6292
ao,mg,0.6617
ao,mh,0.6395
ao,mk,0.5938
ao,ml,0.5587
ao,mm,0.6353
ao,mn,0.588
ao,mo,0.6616
ao,mp,0.6501
ao,mq,0.5585
ao,mr,0.5979
ao,ms,0.5569
ao,mt,0.7212
ao,mu,0.5709
ao,mv,0.4547
ao,mw,0.4231
ao,mx,0.6122
ao,my,0.6786
ao,mz,0.6109
ao,na,0.5254
ao,nc,0.5763
ao,ne,0.6418
ao,nf,0.6975
ao,ng,0.7418
ao,ni,0.7917
ao,nl,0.6487
ao,no,0.5731
ao,np,0.5249
ao,nr,0.6327
ao,nu,0.7509
ao,nz,0.5678
ao,om,0.5225
ao,pa,0.7137
ao,pe,0.6198
ao,pf,0.6722
ao,pg,0.2831
ao,ph,0.6536
ao,pk,0.6928
ao,pl,0.7052
ao,pm,0.6392
ao,pn,0.5329
ao,pr,0.7048
ao,ps,0.6118
ao,pt,0.5677
ao,pw,0.8289
ao,py,0.6502
ao,qa,0.6951
ao,re,0.7037
ao,ro,0.5299
ao,rs,0.7158
ao,ru,0.6928
ao,rw,0.7131
ao,sa,0.6036
ao,sb,0.5944
ao,sc,0.6114
ao,sd,0.4719
ao,se,0.6463
ao,sg,0.8166
ao,sh,0.5619
ao,si,0.7435
ao,sj,0.5731
ao,sk,0.6841
ao,sl,0.7593
ao,sm,0.786
ao,sn,0.609
ao,so,0.7908
ao,sr,0.5965
ao,ss,0.5795
ao,st,0.6176
ao,sv,0.7525
ao,sx,0.5703
ao,sy,0.6084
ao,sz,0.5527
ao,tc,0.563
ao,td,0.5166
ao,tf,0.6422
ao,tg,0.5604
ao,th,0.6395
ao,tj,0.671
ao,tk,0.6259
ao,tl,0.5535
ao,tm,0.6144
ao,tn,0.6231
ao,to,0.6227
ao,tr,0.6248
ao,tt,0.4462
ao,tv,0.7101
ao,tw,0.6471
ao,tz,0.5916
ao,ua,0.7821
ao,ug,0.5382
ao,um,0.6747
ao,us,0.6747
ao,uy,0.7919
ao,uz,0.7316
ao,va,0.8411
ao,vc,0.6069
ao,ve,0.5336
ao,vg,0.5479
ao,vi,0.8575
ao,vn,0.6479
ao,vu,0.3597
ao,wf,0.4802
ao,ws,0.4865
ao,xk,0.6501
ao,ye,0.5186
ao,yt,0.8911
ao,za,0.5277
ao,zm,0.5924
ao,zw,0.5973
aq,ad,0.7104
aq,ae,0.6665
aq,af,0.6674
aq,ag,0.7601
aq,ai,0.6819
aq,al,0.9791
aq,am,0.7931
aq,ao,0.828
aq,aq,0.0
aq,ar,0.5133
aq,as,0.599
aq,at,0.7252
aq,au,0.7129
aq,aw,0.5805
aq,ax,0.6524
aq,az,0.6127
aq,ba,0.6381
aq,bb,0.6626
aq,bd,0.6739
aq,be,0.7501
aq,bf,0.7394
aq,bg,0.6977
aq,bh,0.7802
aq,bi,0.6163
aq,bj,0.7101
aq,bl,0.649
aq,bm,0.7485
aq,bn,0.7577
aq,bo,0.7201
aq,bq,0.6393
aq,br,0.6411
aq,bs,0.6426
aq,bt,0.7641
aq,bv,0.7296
aq,bw,0.6113
aq,by,0.7697
aq,bz,0.6563
aq,ca,0.8051
aq,cc,0.8
aq,cd,0.6139
aq,cf,0.6618
aq,cg,0.6944
aq,ch,0.8712
aq,ci,0.6264
aq,ck,0.685
aq,cl,0.6848
aq,cm,0.723
aq,cn,0.8949
aq,co,0.7879
aq,cr,0.6208
aq,cu,0.6117
aq,cv,0.6165
aq,cw,0.6951
aq,cx,0.6666
aq,cy,0.6604
aq,cz,0.6752
aq,de,0.8501
aq,dj,0.5718
aq,dk,0.7634
aq,dm,0.6661
aq,do,0.6484
aq,dz,0.6092
aq,ec,0.7742
aq,ee,0.6941
aq,eg,0.7112
aq,eh,0.6651
aq,er,0.6884
aq,es,0.794
aq,et,0.7295
aq,fi,0.6549
aq,fj,0.5446
aq,fk,0.6618
aq,fm,0.5851
aq,fo,0.6221
aq,fr,0.6259
aq,ga,0.5993
aq,gb-eng,0.6852
aq,gb-nir,0.6821
aq,gb-sct,0.5195
aq,gb-wls,0.6384
aq,gb,0.6228
aq,gd,0.7221
aq,ge,0.7263
aq,gf,0.7613
aq,gg,0.6854
aq,gh,0.7349
aq,gi,0.7368
aq,gl,0.7005
aq,gm,0.6926
aq,gn,0.7029
aq,gp,0.7287
aq,gq,0.6366
aq,gr,0.5223
aq,gs,0.6805
aq,gt,0.4794
aq,gu,0.6968
aq,gw,0.7436
aq,gy,0.6318
aq,hk,0.8433
aq,hm,0.7329
aq,hn,0.502
aq,hr,0.6814
aq,ht,0.6746
aq,hu,0.6125
aq,id,0.7805
aq,ie,0.5751
aq,il,0.5607
aq,im,0.8508
aq,in,0.6518
aq,io,0.5632
aq,iq,0.7145
aq,ir,0.6414
aq,is,0.5982
aq,it,0.589
aq,je,0.6609
aq,jm,0.7302
aq,jo,0.6877
aq,jp,0.7055
aq,ke,0.7459
aq,kg,0.9502
aq,kh,0.6664
aq,ki,0.6884
aq,km,0.6301
aq,kn,0.7467
aq,kp,0.688
aq,kr,0.6485
aq,kw,0.6434
aq,ky,0.6791
aq,kz,0.5451
aq,la,0.7395
aq,lb,0.7003
aq,lc,0.5833
aq,li,0.7577
aq,lk,0.723
aq,lr,0.6331
aq,ls,0.5663
aq,lt,0.7688
aq,lu,0.5905
aq,lv,0.7269
aq,ly,0.8261
aq,ma,0.8377
aq,mc,0.7164
aq,md,0.696
aq,me,0.8936
aq,mf,0.6259
aq,mg,0.7066
aq,mh,0.6277
aq,mk,0.7892
aq,ml,0.706
aq,mm,0.7227
aq,mn,0.7672
aq,mo,0.6301
aq,mp,0.5869
aq,mq,0.7399
aq,mr,0.7175
aq,ms,0.6806
aq,mt,0.7183
aq,mu,0.7026
aq,mv,0.8101
aq,mw,0.7347
aq,mx,0.6236
aq,my,0.6914
aq,mz,0.7534
aq,na,0.6415
aq,nc,0.6423
aq,ne,0.6696
aq,nf,0.5811
aq,ng,0.5465
aq,ni,0.523
aq,nl,0.6037
aq,no,0.7296
aq,np,0.6588
aq,nr,0.7311
aq,nu,0.806
aq,nz,0.7154
aq,om,0.7325
aq,pa,0.656
aq,pe,0.7375
aq,pf,0.6904
aq,pg,0.8211
aq,ph,0.7008
aq,pk,0.7239
aq,pl,0.7077
aq,pm,0.5225
aq,pn,0.6726
aq,pr,0.7109
aq,ps,0.659
aq,pt,0.826
aq,pw,0.575
aq,py,0.6224
aq,qa,0.7436
aq,re,0.6612
aq,ro,0.7022
aq,rs,0.6409
aq,ru,0.7
aq,rw,0.6016
aq,sa,0.7254
aq,sb,0.6317
aq,sc,0.639
aq,sd,0.6812
aq,se,0.6549
aq,sg,0.6905
aq,sh,0.6935
aq,si,0.7597
aq,sj,0.7296
aq,sk,0.6932
aq,sl,0.5163
aq,sm,0.5493
aq,sn,0.6926
aq,so,0.5719
aq,sr,0.6468
aq,ss,0.6405
aq,st,0.6983
aq,sv,0.5525
aq,sx,0.7078
aq,sy,0.6496
aq,sz,0.6653
aq,tc,0.6933
aq,td,0.7192
aq,tf,0.6209
aq,tg,0.7073
aq,th,0.6693
aq,tj,0.6732
aq,tk,0.6782
aq,tl,0.8207
aq,tm,0.7045
aq,tn,0.8816
aq,to,0.8731
aq,tr,0.8935
aq,tt,0.8035
aq,tv,0.4269
aq,tw,0.8932
aq,tz,0.673
aq,ua,0.7208
aq,ug,0.8055
aq,um,0.5942
aq,us,0.5942
aq,uy,0.583
aq,uz,0.5138
aq,va,0.7187
aq,vc,0.6429
aq,ve,0.7829
aq,vg,0.6773
aq,vi,0.6325
aq,vn,0.9687
aq,vu,0.7438
aq,wf,0.8082
aq,ws,0.803
aq,xk,0.6066
aq,ye,0.7086
aq,yt,0.6353
aq,za,0.6594
aq,zm,0.7841
aq,zw,0.7617
ar,ad,0.7087
ar,ae,0.6227
ar,af,0.7277
ar,ag,0.7391
ar,ai,0.6951
ar,al,0.894
ar,am,0.7678
ar,ao,0.8238
ar,aq,0.5133
ar,ar,0.0
ar,as,0.618
ar,at,0.6146
ar,au,0.7242
ar,aw,0.5765
ar,ax,0.6226
ar,az,0.5849
ar,ba,0.7013
ar,bb,0.7188
ar,bd,0.7261
ar,be,0.7532
ar,bf,0.7139
ar,bg,0.6623
ar,bh,0.6646
ar,bi,0.5936
ar,bj,0.6944
ar,bl,0.4773
ar,bm,0.6822
ar,bn,0.6751
ar,bo,0.6493
ar,bq,0.6056
ar,br,0.6779
ar,bs,0.6677
ar,bt,0.6604
ar,bv,0.6758
ar,bw,0.4132
ar,by,0.7175
ar,bz,0.6812
ar,ca,0.722
ar,cc,0.8206
ar,cd,0.6193
ar,cf,0.5998
ar,cg,0.6742
ar,ch,0.8022
ar,ci,0.6076
ar,ck,0.7011
ar,cl,0.6322
ar,cm,0.6886
ar,cn,0.8165
ar,co,0.7265
ar,cr,0.5987
ar,cu,0.6094
ar,cv,0.6362
ar,cw,0.7336
ar,cx,0.6995
ar,cy,0.5018
ar,cz,0.6325
ar,de,0.808
ar,dj,0.511
ar,dk,0.6824
ar,dm,0.6718
ar,do,0.598
ar,dz,0.5924
ar,ec,0.7041
ar,ee,0.7106
ar,eg,0.6278
ar,eh,0.6345
ar,er,0.6422
ar,es,0.713
ar,et,0.6551
ar,fi,0.6246
ar,fj,0.5013
ar,fk,0.6788
ar,fm,0.2776
ar,fo,0.533
ar,fr,0.6543
ar,ga,0.5506
ar,gb-eng,0.5662
ar,gb-nir,0.5737
ar,gb-sct,0.5435
ar,gb-wls,0.582
ar,gb,0.5621
ar,gd,0.698
ar,ge,0.6044
ar,gf,0.7191
ar,gg,0.5702
ar,gh,0.6614
ar,gi,0.5869
ar,gl,0.5984
ar,gm,0.6662
ar,gn,0.6908
ar,gp,0.7896
ar,gq,0.5884
ar,gr,0.4604
ar,gs,0.6989
ar,gt,0.4939
ar,gu,0.7312
ar,gw,0.6994
ar,gy,0.6092
ar,hk,0.771
ar,hm,0.7445
ar,hn,0.4548
ar,hr,0.5791
ar,ht,0.6705
ar,hu,0.5082
ar,id,0.6753
ar,ie,0.5601
ar,il,0.4402
ar,im,0.7926
ar,in,0.552
ar,io,0.5188
ar,iq,0.634
ar,ir,0.5414
ar,is,0.5804
ar,it,0.6075
ar,je,0.5078
ar,jm,0.7598
ar,jo,0.6519
ar,jp,0.5433
ar,ke,0.7481
ar,kg,0.8745
ar,kh,0.6622
ar,ki,0.6393
ar,km,0.5962
ar,kn,0.74
ar,kp,0.6505
ar,kr,0.4944
ar,kw,0.6377
ar,ky,0.6977
ar,kz,0.5986
ar,la,0.7414
ar,lb,0.5717
ar,lc,0.5487
ar,li,0.743
ar,lk,0.6553
ar,lr,0.5656
ar,ls,0.4999
ar,lt,0.7411
ar,lu,0.4977
ar,lv,0.6553
ar,ly,0.8377
ar,ma,0.7778
ar,mc,0.6172
ar,md,0.693
ar,me,0.8208
ar,mf,0.6543
ar,mg,0.6047
ar,mh,0.6335
ar,mk,0.7004
ar,ml,0.6959
ar,mm,0.6818
ar,mn,0.6896
ar,mo,0.6845
ar,mp,0.6677
ar,mq,0.7254
ar,mr,0.7047
ar,ms,0.7006
ar,mt,0.6069
ar,mu,0.6708
ar,mv,0.7533
ar,mw,0.7264
ar,mx,0.6363
ar,my,0.6351
ar,mz,0.7293
ar,na,0.6512
ar,nc,0.6207
ar,ne,0.5678
ar,nf,0.6379
ar,ng,0.6278
ar,ni,0.4699
ar,nl,0.5133
ar,no,0.6758
ar,np,0.6211
ar,nr,0.7527
ar,nu,0.7165
ar,nz,0.7335
ar,om,0.6696
ar,pa,0.596
ar,pe,0.6889
ar,pf,0.566
ar,pg,0.8117
ar,ph,0.6349
ar,pk,0.6969
ar,pl,0.601
ar,pm,0.5405
ar,pn,0.6884
ar,pr,0.6736
ar,ps,0.6214
ar,pt,0.8134
ar,pw,0.6299
ar,py,0.5284
ar,qa,0.6445
ar,re,0.635
ar,ro,0.7083
ar,rs,0.6092
ar,ru,0.6732
ar,rw,0.6003
ar,sa,0.7765
ar,sb,0.6545
ar,sc,0.6025
ar,sd,0.6631
ar,se,0.6423
ar,sg,0.5718
ar,sh,0.7104
ar,si,0.7329
ar,sj,0.6758
ar,sk,0.6459
ar,sl,0.4597
ar,sm,0.4467
ar,sn,0.6889
ar,so,0.5856
ar,sr,0.631
ar,ss,0.6465
ar,st,0.6606
ar,sv,0.4971
ar,sx,0.6473
ar,sy,0.6026
ar,sz,0.6402
ar,tc,0.7082
ar,td,0.7267
ar,tf,0.6291
ar,tg,0.6856
ar,th,0.6567
ar,tj,0.5928
ar,tk,0.7348
ar,tl,0.7808
ar,tm,0.7198
ar,tn,0.8201
ar,to,0.7993
ar,tr,0.8215
ar,tt,0.7364
ar,tv,0.59
ar,tw,0.8402
ar,tz,0.6887
ar,ua,0.6873
ar,ug,0.8001
ar,um,0.542
ar,us,0.542
ar,uy,0.515
ar,uz,0.4347
ar,va,0.6034
ar,vc,0.6856
ar,ve,0.7595
ar,vg,0.6957
ar,vi,0.4773
ar,vn,0.8945
ar,vu,0.741
ar,wf,0.7459
ar,ws,0.7658
ar,xk,0.6442
ar,ye,0.6314
ar,yt,0.473
ar,za,0.6606
ar,zm,0.7902
ar,zw,0.7233
as,ad,0.6233
as,ae,0.5338
as,af,0.5632
as,ag,0.618
as,ai,0.6421
as,al,0.7925
as,am,0.6912
as,ao,0.6708
as,aq,0.599
as,ar,0.618
as,as,0.0
as,at,0.6
as,au,0.6729
as,aw,0.6466
as,ax,0.6265
as,az,0.6026
as,ba,0.6294
as,bb,0.6622
as,bd,0.6369
as,be,0.6179
as,bf,0.657
as,bg,0.7065
as,bh,0.7539
as,bi,0.5781
as,bj,0.6198
as,bl,0.7386
as,bm,0.6287
as,bn,0.7622
as,bo,0.5994
as,bq,0.714
as,br,0.626
as,bs,0.5698
as,bt,0.6944
as,bv,0.6255
as,bw,0.6873
as,by,0.6577
as,bz,0.5799
as,ca,0.7553
as,cc,0.7323
as,cd,0.6586
as,cf,0.6281
as,cg,0.6218
as,ch,0.7049
as,ci,0.6908
as,ck,0.6327
as,cl,0.628
as,cm,0.5945
as,cn,0.7463
as,co,0.7028
as,cr,0.5985
as,cu,0.5687
as,cv,0.5819
as,cw,0.6502
as,cx,0.5957
as,cy,0.7815
as,cz,0.6437
as,de,0.7148
as,dj,0.67
as,dk,0.6464
as,dm,0.617
as,do,0.5759
as,dz,0.565
as,ec,0.698
as,ee,0.7456
as,eg,0.573
as,eh,0.5269
as,er,0.6205
as,es,0.6394
as,et,0.6104
as,fi,0.7304
as,fj,0.61
as,fk,0.6153
as,fm,0.6873
as,fo,0.6967
as,fr,0.5956
as,ga,0.5835
as,gb-eng,0.7554
as,gb-nir,0.754
as,gb-sct,0.5866
as,gb-wls,0.652
as,gb,0.5835
as,gd,0.6376
as,ge,0.7606
as,gf,0.7516
as,gg,0.734
as,gh,0.6106
as,gi,0.7064
as,gl,0.6907
as,gm,0.6054
as,gn,0.6659
as,gp,0.6413
as,gq,0.5498
as,gr,0.5992
as,gs,0.6266
as,gt,0.6442
as,gu,0.6204
as,gw,0.6526
as,gy,0.5929
as,hk,0.6899
as,hm,0.6916
as,hn,0.6362
as,hr,0.5777
as,ht,0.5702
as,hu,0.537
as,id,0.7317
as,ie,0.5983
as,il,0.6529
as,im,0.6961
as,in,0.59
as,io,0.5755
as,iq,0.5766
as,ir,0.5688
as,is,0.5973
as,it,0.6062
as,je,0.7334
as,jm,0.6414
as,jo,0.5435
as,jp,0.7979
as,ke,0.6141
as,kg,0.7678
as,kh,0.5561
as,ki,0.5976
as,km,0.5995
as,kn,0.6455
as,kp,0.6068
as,kr,0.7467
as,kw,0.505
as,ky,0.6258
as,kz,0.6575
as,la,0.6099
as,lb,0.6267
as,lc,0.7227
as,li,0.6426
as,lk,0.6196
as,lr,0.5714
as,ls,0.5515
as,lt,0.6891
as,lu,0.5867
as,lv,0.589
as,ly,0.712
as,ma,0.6942
as,mc,0.689
as,md,0.6322
as,me,0.7258
as,mf,0.5956
as,mg,0.7309
as,mh,0.6004
as,mk,0.6617
as,ml,0.6567
as,mm,0.6508
as,mn,0.6368
as,mo,0.6167
as,mp,0.602
as,mq,0.6486
as,mr,0.6395
as,ms,0.6365
as,mt,0.7559
as,mu,0.6185
as,mv,0.6636
as,mw,0.61
as,mx,0.6166
as,my,0.5766
as,mz,0.6947
as,na,0.5837
as,nc,0.5873
as,ne,0.6152
as,nf,0.6554
as,ng,0.6514
as,ni,0.5726
as,nl,0.5202
as,no,0.6255
as,np,0.5974
as,nr,0.6513
as,nu,0.747
as,nz,0.6686
as,om,0.6729
as,pa,0.6303
as,pe,0.679
as,pf,0.6139
as,pg,0.634
as,ph,0.6646
as,pk,0.728
as,pl,0.703
as,pm,0.5968
as,pn,0.6185
as,pr,0.6191
as,ps,0.5378
as,pt,0.6612
as,pw,0.7071
as,py,0.5521
as,qa,0.733
as,re,0.6376
as,ro,0.6186
as,rs,0.6487
as,ru,0.7112
as,rw,0.6067
as,sa,0.658
as,sb,0.6003
as,sc,0.5795
as,sd,0.5315
as,se,0.6213
as,sg,0.6897
as,sh,0.6492
as,si,0.7507
as,sj,0.6255
as,sk,0.6872
as,sl,0.5528
as,sm,0.683
as,sn,0.6388
as,so,0.6578
as,sr,0.5976
as,ss,0.5862
as,st,0.624
as,sv,0.5573
as,sx,0.6548
as,sy,0.5565
as,sz,0.5801
as,tc,0.6492
as,td,0.6239
as,tf,0.6308
as,tg,0.6294
as,th,0.6328
as,tj,0.5818
as,tk,0.6193
as,tl,0.6743
as,tm,0.667
as,tn,0.709
as,to,0.7569
as,tr,0.7413
as,tt,0.6688
as,tv,0.646
as,tw,0.7307
as,tz,0.6619
as,ua,0.6959
as,ug,0.6705
as,um,0.5547
as,us,0.5547
as,uy,0.6769
as,uz,0.542
as,va,0.7368
as,vc,0.6476
as,ve,0.7
as,vg,0.6251
as,vi,0.7276
as,vn,0.7863
as,vu,0.629
as,wf,0.6739
as,ws,0.6527
as,xk,0.6051
as,ye,0.5699
as,yt,0.7379
as,za,0.5909
as,zm,0.6762
as,zw,0.6944
at,ad,0.577
at,ae,0.4718
at,af,0.6544
at,ag,0.5205
at,ai,0.6926
at,al,0.7008
at,am,0.6247
at,ao,0.6184
at,aq,0.7252
at,ar,0.6146
at,as,0.6
at,at,0.0
at,au,0.7255
at,aw,0.7063
at,ax,0.6985
at,az,0.7058
at,ba,0.718
at,bb,0.7223
at,bd,0.738
at,be,0.6607
at,bf,0.6726
at,bg,0.6773
at,bh,0.6205
at,bi,0.5334
at,bj,0.65
at,bl,0.663
at,bm,0.4211
at,bn,0.6565
at,bo,0.5541
at,bq,0.6853
at,br,0.7151
at,bs,0.73
at,bt,0.5768
at,bv,0.5508
at,bw,0.7564
at,by,0.534
at,bz,0.6401
at,ca,0.6835
at,cc,0.8034
at,cd,0.713
at,cf,0.5553
at,cg,0.6383
at,ch,0.5915
at,ci,0.6521
at,ck,0.7034
at,cl,0.6241
at,cm,0.5816
at,cn,0.6621
at,co,0.5935
at,cr,0.7073
at,cu,0.6697
at,cv,0.7024
at,cw,0.7552
at,cx,0.7222
at,cy,0.7037
at,cz,0.6435
at,de,0.722
at,dj,0.6559
at,dk,0.3448
at,dm,0.6729
at,do,0.4612
at,dz,0.6861
at,ec,0.614
at,ee,0.8658
at,eg,0.3412
at,eh,0.558
at,er,0.6462
at,es,0.5619
at,et,0.5855
at,fi,0.7888
at,fj,0.6488
at,fk,0.6799
at,fm,0.7297
at,fo,0.715
at,fr,0.5846
at,ga,0.6678
at,gb-eng,0.6927
at,gb-nir,0.7386
at,gb-sct,0.6999
at,gb-wls,0.6536
at,gb,0.5442
at,gd,0.5415
at,ge,0.7181
at,gf,0.7114
at,gg,0.7206
at,gh,0.5173
at,gi,0.5642
at,gl,0.5221
at,gm,0.4993
at,gn,0.5843
at,gp,0.7492
at,gq,0.4816
at,gr,0.6388
at,gs,0.6893
at,gt,0.6846
at,gu,0.7196
at,gw,0.5962
at,gy,0.6447
at,hk,0.6051
at,hm,0.7442
at,hn,0.7164
at,hr,0.4535
at,ht,0.5423
at,hu,0.4024
at,id,0.65
at,ie,0.627
at,il,0.62
at,im,0.4361
at,in,0.4727
at,io,0.5902
at,iq,0.3483
at,ir,0.4477
at,is,0.6425
at,it,0.6396
at,je,0.5863
at,jm,0.7367
at,jo,0.5179
at,jp,0.7215
at,ke,0.6946
at,kg,0.6709
at,kh,0.6462
at,ki,0.5927
at,km,0.6129
at,kn,0.631
at,kp,0.6463
at,kr,0.6747
at,kw,0.4743
at,ky,0.695
at,kz,0.7787
at,la,0.5097
at,lb,0.333
at,lc,0.7636
at,li,0.5836
at,lk,0.5755
at,lr,0.5464
at,ls,0.566
at,lt,0.6443
at,lu,0.528
at,lv,0.5013
at,ly,0.7627
at,ma,0.649
at,mc,0.5305
at,md,0.5862
at,me,0.6406
at,mf,0.5846
at,mg,0.6379
at,mh,0.6851
at,mk,0.5726
at,ml,0.5837
at,mm,0.5678
at,mn,0.6293
at,mo,0.7293
at,mp,0.7303
at,mq,0.6973
at,mr,0.6411
at,ms,0.6967
at,mt,0.5186
at,mu,0.6384
at,mv,0.4944
at,mw,0.6153
at,mx,0.5908
at,my,0.6268
at,mz,0.7032
at,na,0.6139
at,nc,0.675
at,ne,0.5112
at,nf,0.7182
at,ng,0.7226
at,ni,0.6333
at,nl,0.4288
at,no,0.5508
at,np,0.5438
at,nr,0.7555
at,nu,0.6726
at,nz,0.7275
at,om,0.605
at,pa,0.63
at,pe,0.4872
at,pf,0.3151
at,pg,0.6172
at,ph,0.5474
at,pk,0.7178
at,pl,0.5219
at,pm,0.6206
at,pn,0.6797
at,pr,0.6323
at,ps,0.5522
at,pt,0.6685
at,pw,0.8278
at,py,0.466
at,qa,0.6337
at,re,0.6514
at,ro,0.583
at,rs,0.6483
at,ru,0.6947
at,rw,0.6941
at,sa,0.7712
at,sb,0.6958
at,sc,0.5924
at,sd,0.4379
at,se,0.7019
at,sg,0.6089
at,sh,0.7043
at,si,0.7114
at,sj,0.5508
at,sk,0.653
at,sl,0.583
at,sm,0.6709
at,sn,0.6505
at,so,0.7472
at,sr,0.6851
at,ss,0.6752
at,st,0.6853
at,sv,0.6026
at,sx,0.6113
at,sy,0.5398
at,sz,0.6408
at,tc,0.7047
at,td,0.5886
at,tf,0.6949
at,tg,0.6304
at,th,0.6837
at,tj,0.4708
at,tk,0.7188
at,tl,0.6365
at,tm,0.7405
at,tn,0.6313
at,to,0.6679
at,tr,0.6499
at,tt,0.4961
at,tv,0.7299
at,tw,0.694
at,tz,0.7362
at,ua,0.714
at,ug,0.6878
at,um,0.5685
at,us,0.5685
at,uy,0.6786
at,uz,0.5439
at,va,0.6773
at,vc,0.6773
at,ve,0.5891
at,vg,0.689
at,vi,0.6579
at,vn,0.6905
at,vu,0.6315
at,wf,0.4431
at,ws,0.5062
at,xk,0.715
at,ye,0.3352
at,yt,0.6728
at,za,0.6462
at,zm,0.7491
at,zw,0.6835
au,ad,0.6579
au,ae,0.6271
au,af,0.5678
au,ag,0.6424
au,ai,0.2164
au,al,0.7545
au,am,0.6335
au,ao,0.5773
au,aq,0.7129
au,ar,0.7242
au,as,0.6729
au,at,0.7255
au,au,0.0
au,aw,0.6394
au,ax,0.6052
au,az,0.6136
au,ba,0.6031
au,bb,0.4326
au,bd,0.5867
au,be,0.7018
au,bf,0.597
au,bg,0.6727
au,bh,0.7271
au,bi,0.6641
au,bj,0.6725
au,bl,0.8162
au,bm,0.5898
au,bn,0.7364
au,bo,0.6114
au,bq,0.6207
au,br,0.5995
au,bs,0.6026
au,bt,0.7437
au,bv,0.6005
au,bw,0.646
au,by,0.5987
au,bz,0.565
au,ca,0.7777
au,cc,0.6383
au,cd,0.6278
au,cf,0.644
au,cg,0.6904
au,ch,0.789
au,ci,0.6957
au,ck,0.1579
au,cl,0.7337
au,cm,0.6772
au,cn,0.7375
au,co,0.6436
au,cr,0.6531
au,cu,0.6341
au,cv,0.6143
au,cw,0.3637
au,cx,0.4388
au,cy,0.8766
au,cz,0.7065
au,de,0.7207
au,dj,0.639
au,dk,0.6998
au,dm,0.5808
au,do,0.6043
au,dz,0.7645
au,ec,0.6636
au,ee,0.6986
au,eg,0.6555
au,eh,0.6249
au,er,0.5859
au,es,0.6844
au,et,0.6347
au,fi,0.6836
au,fj,0.5818
au,fk,0.2054
au,fm,0.711
au,fo,0.7679
au,fr,0.6968
au,ga,0.6335
au,gb-eng,0.8105
au,gb-nir,0.8214
au,gb-sct,0.6661
au,gb-wls,0.6124
au,gb,0.5604
au,gd,0.6175
au,ge,0.812
au,gf,0.6984
au,gg,0.8021
au,gh,0.6132
au,gi,0.7614
au,gl,0.7461
au,gm,0.5507
au,gn,0.6343
au,gp,0.5772
au,gq,0.6794
au,gr,0.6629
au,gs,0.1613
au,gt,0.6901
au,gu,0.3192
au,gw,0.6302
au,gy,0.5903
au,hk,0.728
au,hm,0.4626
au,hn,0.7383
au,hr,0.6595
au,ht,0.602
au,hu,0.6566
au,id,0.8303
au,ie,0.7352
au,il,0.7522
au,im,0.6975
au,in,0.6555
au,io,0.4963
au,iq,0.6467
au,ir,0.704
au,is,0.5786
au,it,0.7021
au,je,0.8226
au,jm,0.5955
au,jo,0.6211
au,jp,0.8561
au,ke,0.5823
au,kg,0.7837
au,kh,0.5755
au,ki,0.6127
au,km,0.6417
au,kn,0.6061
au,kp,0.6044
au,kr,0.8162
au,kw,0.6676
au,ky,0.1763
au,kz,0.6321
au,la,0.4989
au,lb,0.7284
au,lc,0.7335
au,li,0.4893
au,lk,0.6228
au,lr,0.6691
au,ls,0.6479
au,lt,0.6109
au,lu,0.6897
au,lv,0.6687
au,ly,0.5797
au,ma,0.6735
au,mc,0.795
au,md,0.6386
au,me,0.7248
au,mf,0.6968
au,mg,0.6556
au,mh,0.5893
au,mk,0.687
au,ml,0.6796
au,mm,0.6805
au,mn,0.6052
au,mo,0.604
au,mp,0.5685
au,mq,0.5451
au,mr,0.6134
au,ms,0.1604
au,mt,0.7405
au,mu,0.5731
au,mv,0.6162
au,mw,0.5811
au,mx,0.6733
au,my,0.6949
au,mz,0.6331
au,na,0.563
au,nc,0.5688
au,ne,0.6752
au,nf,0.6484
au,ng,0.6846
au,ni,0.6825
au,nl,0.6411
au,no,0.6005
au,np,0.5274
au,nr,0.3213
au,nu,0.792
au,nz,0.1049
au,om,0.6612
au,pa,0.6881
au,pe,0.7456
au,pf,0.7284
au,pg,0.6135
au,ph,0.6282
au,pk,0.6285
au,pl,0.7559
au,pm,0.5717
au,pn,0.1699
au,pr,0.7326
au,ps,0.6425
au,pt,0.7061
au,pw,0.7075
au,py,0.6455
au,qa,0.6586
au,re,0.639
au,ro,0.5932
au,rs,0.6618
au,ru,0.66
au,rw,0.6413
au,sa,0.5842
au,sb,0.5395
au,sc,0.6095
au,sd,0.6334
au,se,0.6065
au,sg,0.7931
au,sh,0.1641
au,si,0.7107
au,sj,0.6005
au,sk,0.6593
au,sl,0.668
au,sm,0.7051
au,sn,0.678
au,so,0.6677
au,sr,0.6115
au,ss,0.594
au,st,0.6436
au,sv,0.6586
au,sx,0.581
au,sy,0.635
au,sz,0.569
au,tc,0.1838
au,td,0.5936
au,tf,0.5461
au,tg,0.6147
au,th,0.6208
au,tj,0.6999
au,tk,0.4604
au,tl,0.6816
au,tm,0.5654
au,tn,0.7447
au,to,0.6987
au,tr,0.7367
au,tt,0.658
au,tv,0.5373
au,tw,0.7565
au,tz,0.5841
au,ua,0.7348
au,ug,0.6659
au,um,0.6511
au,us,0.6511
au,uy,0.6953
au,uz,0.662
au,va,0.8378
au,vc,0.5707
au,ve,0.5589
au,vg,0.1759
au,vi,0.7793
au,vn,0.8005
au,vu,0.561
au,wf,0.6816
au,ws,0.6321
au,xk,0.5808
au,ye,0.6668
au,yt,0.8103
au,za,0.5677
au,zm,0.6358
au,zw,0.6425
aw,ad,0.6753
aw,ae,0.6605
aw,af,0.6539
aw,ag,0.6852
aw,ai,0.6352
aw,al,0.8532
aw,am,0.6576
aw,ao,0.7538
aw,aq,0.5805
aw,ar,0.5765
aw,as,0.6466
aw,at,0.7063
aw,au,0.6394
aw,aw,0.0
aw,ax,0.6415
aw,az,0.5777
aw,ba,0.6467
aw,bb,0.6467
aw,bd,0.6573
aw,be,0.7247
aw,bf,0.69
aw,bg,0.6209
aw,bh,0.7243
aw,bi,0.6256
aw,bj,0.6747
aw,bl,0.6561
aw,bm,0.6667
aw,bn,0.705
aw,bo,0.687
aw,bq,0.627
aw,br,0.6259
aw,bs,0.6401
aw,bt,0.7091
aw,bv,0.6476
aw,bw,0.583
aw,by,0.7036
aw,bz,0.6282
aw,ca,0.7682
aw,cc,0.7384
aw,cd,0.586
aw,cf,0.6102
aw,cg,0.6568
aw,ch,0.823
aw,ci,0.6498
aw,ck,0.6176
aw,cl,0.6632
aw,cm,0.6682
aw,cn,0.8096
aw,co,0.7186
aw,cr,0.6293
aw,cu,0.6066
aw,cv,0.5936
aw,cw,0.6164
aw,cx,0.626
aw,cy,0.7133
aw,cz,0.6565
aw,de,0.7498
aw,dj,0.5612
aw,dk,0.7155
aw,dm,0.637
aw,do,0.6463
aw,dz,0.6497
aw,ec,0.7046
aw,ee,0.6323
aw,eg,0.7099
aw,eh,0.6652
aw,er,0.5773
aw,es,0.7279
aw,et,0.6467
aw,fi,0.6356
aw,fj,0.5309
aw,fk,0.6076
aw,fm,0.5853
aw,fo,0.6302
aw,fr,0.6649
aw,ga,0.614
aw,gb-eng,0.6963
aw,gb-nir,0.7036
aw,gb-sct,0.5509
aw,gb-wls,0.6113
aw,gb,0.6041
aw,gd,0.6454
aw,ge,0.7206
aw,gf,0.6792
aw,gg,0.6974
aw,gh,0.6951
aw,gi,0.6958
aw,gl,0.689
aw,gm,0.6148
aw,gn,0.6625
aw,gp,0.672
aw,gq,0.6324
aw,gr,0.5316
aw,gs,0.6123
aw,gt,0.3503
aw,gu,0.6348
aw,gw,0.6847
aw,gy,0.5986
aw,hk,0.7782
aw,hm,0.6595
aw,hn,0.6066
aw,hr,0.6937
aw,ht,0.6097
aw,hu,0.6307
aw,id,0.7795
aw,ie,0.6272
aw,il,0.6156
aw,im,0.7685
aw,in,0.659
aw,io,0.5314
aw,iq,0.7046
aw,ir,0.6385
aw,is,0.5946
aw,it,0.638
aw,je,0.6853
aw,jm,0.676
aw,jo,0.6691
aw,jp,0.715
aw,ke,0.7005
aw,kg,0.8661
aw,kh,0.6386
aw,ki,0.6667
aw,km,0.6286
aw,kn,0.6679
aw,kp,0.6389
aw,kr,0.6638
aw,kw,0.6491
aw,ky,0.6179
aw,kz,0.5641
aw,la,0.6705
aw,lb,0.6808
aw,lc,0.5807
aw,li,0.6499
aw,lk,0.6525
aw,lr,0.625
aw,ls,0.6002
aw,lt,0.6624
aw,lu,0.6568
aw,lv,0.6868
aw,ly,0.7243
aw,ma,0.7457
aw,mc,0.7205
aw,md,0.6526
aw,me,0.8013
aw,mf,0.6649
aw,mg,0.6662
aw,mh,0.6044
aw,mk,0.7145
aw,ml,0.6777
aw,mm,0.6693
aw,mn,0.6496
aw,mo,0.6185
aw,mp,0.589
aw,mq,0.6488
aw,mr,0.6485
aw,ms,0.6171
aw,mt,0.7018
aw,mu,0.6269
aw,mv,0.6892
aw,mw,0.6827
aw,mx,0.6419
aw,my,0.6411
aw,mz,0.635
aw,na,0.5882
aw,nc,0.6142
aw,ne,0.6746
aw,nf,0.6212
aw,ng,0.6286
aw,ni,0.5894
aw,nl,0.6399
aw,no,0.6476
aw,np,0.5846
aw,nr,0.677
aw,nu,0.7363
aw,nz,0.6452
aw,om,0.6897
aw,pa,0.6733
aw,pe,0.7292
aw,pf,0.6839
aw,pg,0.7469
aw,ph,0.6139
aw,pk,0.6674
aw,pl,0.6965
aw,pm,0.5394
aw,pn,0.6078
aw,pr,0.701
aw,ps,0.664
aw,pt,0.7766
aw,pw,0.6314
aw,py,0.6607
aw,qa,0.6774
aw,re,0.5955
aw,ro,0.6762
aw,rs,0.6026
aw,ru,0.6122
aw,rw,0.5548
aw,sa,0.6772
aw,sb,0.5674
aw,sc,0.6341
aw,sd,0.6908
aw,se,0.64
aw,sg,0.7035
aw,sh,0.6352
aw,si,0.6619
aw,sj,0.6476
aw,sk,0.6218
aw,sl,0.6079
aw,sm,0.5846
aw,sn,0.6709
aw,so,0.2407
aw,sr,0.6171
aw,ss,0.6334
aw,st,0.663
aw,sv,0.5962
aw,sx,0.655
aw,sy,0.6616
aw,sz,0.5836
aw,tc,0.639
aw,td,0.6893
aw,tf,0.5899
aw,tg,0.6348
aw,th,0.6184
aw,tj,0.6999
aw,tk,0.644
aw,tl,0.7519
aw,tm,0.6326
aw,tn,0.8128
aw,to,0.789
aw,tr,0.8098
aw,tt,0.7119
aw,tv,0.5545
aw,tw,0.7963
aw,tz,0.6267
aw,ua,0.6251
aw,ug,0.7184
aw,um,0.5698
aw,us,0.5698
aw,uy,0.5897
aw,uz,0.5558
aw,va,0.7172
aw,vc,0.6432
aw,ve,0.6685
aw,vg,0.6134
aw,vi,0.6277
aw,vn,0.8841
aw,vu,0.6733
aw,wf,0.7364
aw,ws,0.7115
aw,xk,0.5864
aw,ye,0.7155
aw,yt,0.6438
aw,za,0.6198
aw,zm,0.711
aw,zw,0.6782
ax,ad,0.5751
ax,ae,0.6062
ax,af,0.5334
ax,ag,0.6288
ax,ai,0.5902
ax,al,0.7477
ax,am,0.6976
ax,ao,0.6258
ax,aq,0.6524
ax,ar,0.6226
ax,as,0.6265
ax,at,0.6985
ax,au,0.6052
ax,aw,0.6415
ax,ax,0.0
ax,az,0.4887
ax,ba,0.5926
ax,bb,0.5684
ax,bd,0.5605
ax,be,0.6181
ax,bf,0.6027
ax,bg,0.7067
ax,bh,0.6781
ax,bi,0.6218
ax,bj,0.5953
ax,bl,0.7293
ax,bm,0.6111
ax,bn,0.6877
ax,bo,0.546
ax,bq,0.6537
ax,br,0.5343
ax,bs,0.5134
ax,bt,0.6406
ax,bv,0.6399
ax,bw,0.5911
ax,by,0.5696
ax,bz,0.5903
ax,ca,0.719
ax,cc,0.6492
ax,cd,0.6383
ax,cf,0.5945
ax,cg,0.6069
ax,ch,0.7665
ax,ci,0.6487
ax,ck,0.5869
ax,cl,0.6598
ax,cm,0.5747
ax,cn,0.708
ax,co,0.639
ax,cr,0.5707
ax,cu,0.6074
ax,cv,0.5873
ax,cw,0.6262
ax,cx,0.5562
ax,cy,0.7779
ax,cz,0.6517
ax,de,0.6051
ax,dj,0.617
ax,dk,0.7036
ax,dm,0.4948
ax,do,0.6157
ax,dz,0.6745
ax,ec,0.6415
ax,ee,0.6595
ax,eg,0.6489
ax,eh,0.573
ax,er,0.5231
ax,es,0.6001
ax,et,0.5278
ax,fi,0.7553
ax,fj,0.5815
ax,fk,0.5775
ax,fm,0.6721
ax,fo,0.6951
ax,fr,0.6476
ax,ga,0.4415
ax,gb-eng,0.7186
ax,gb-nir,0.7161
ax,gb-sct,0.662
ax,gb-wls,0.5812
ax,gb,0.5357
ax,gd,0.5918
ax,ge,0.6994
ax,gf,0.6144
ax,gg,0.6933
ax,gh,0.5208
ax,gi,0.7048
ax,gl,0.696
ax,gm,0.6045
ax,gn,0.5555
ax,gp,0.5689
ax,gq,0.6249
ax,gr,0.6063
ax,gs,0.5731
ax,gt,0.6246
ax,gu,0.6065
ax,gw,0.5961
ax,gy,0.496
ax,hk,0.7
ax,hm,0.6335
ax,hn,0.6329
ax,hr,0.6412
ax,ht,0.5857
ax,hu,0.6156
ax,id,0.7487
ax,ie,0.6452
ax,il,0.6724
ax,im,0.6782
ax,in,0.6338
ax,io,0.5688
ax,iq,0.6482
ax,ir,0.6259
ax,is,0.4824
ax,it,0.6339
ax,je,0.7379
ax,jm,0.6098
ax,jo,0.5811
ax,jp,0.7703
ax,ke,0.5348
ax,kg,0.742
ax,kh,0.5261
ax,ki,0.575
ax,km,0.583
ax,kn,0.5762
ax,kp,0.554
ax,kr,0.7345
ax,kw,0.6153
ax,ky,0.581
ax,kz,0.6188
ax,la,0.6529
ax,lb,0.6979
ax,lc,0.679
ax,li,0.6057
ax,lk,0.5538
ax,lr,0.6221
ax,ls,0.5857
ax,lt,0.6623
ax,lu,0.642
ax,lv,0.6537
ax,ly,0.641
ax,ma,0.6555
ax,mc,0.712
ax,md,0.5654
ax,me,0.6795
ax,mf,0.6476
ax,mg,0.6418
ax,mh,0.5911
ax,mk,0.6287
ax,ml,0.5696
ax,mm,0.6605
ax,mn,0.5884
ax,mo,0.5986
ax,mp,0.5873
ax,mq,0.5661
ax,mr,0.5992
ax,ms,0.583
ax,mt,0.7124
ax,mu,0.5565
ax,mv,0.6421
ax,mw,0.512
ax,mx,0.62
ax,my,0.6188
ax,mz,0.6114
ax,na,0.5623
ax,nc,0.4498
ax,ne,0.6266
ax,nf,0.6084
ax,ng,0.633
ax,ni,0.5957
ax,nl,0.6044
ax,no,0.6399
ax,np,0.5161
ax,nr,0.6214
ax,nu,0.6828
ax,nz,0.6058
ax,om,0.6081
ax,pa,0.6782
ax,pe,0.7076
ax,pf,0.6857
ax,pg,0.6225
ax,ph,0.6084
ax,pk,0.6523
ax,pl,0.7127
ax,pm,0.5457
ax,pn,0.5623
ax,pr,0.6834
ax,ps,0.5916
ax,pt,0.6584
ax,pw,0.6439
ax,py,0.6178
ax,qa,0.6505
ax,re,0.6412
ax,ro,0.5693
ax,rs,0.6585
ax,ru,0.7214
ax,rw,0.5586
ax,sa,0.6152
ax,sb,0.5655
ax,sc,0.5536
ax,sd,0.6291
ax,se,0.4613
ax,sg,0.7062
ax,sh,0.5883
ax,si,0.7942
ax,sj,0.6399
ax,sk,0.696
ax,sl,0.581
ax,sm,0.6617
ax,sn,0.5943
ax,so,0.6572
ax,sr,0.5372
ax,ss,0.5361
ax,st,0.519
ax,sv,0.5852
ax,sx,0.5981
ax,sy,0.5824
ax,sz,0.5329
ax,tc,0.5843
ax,td,0.5689
ax,tf,0.5738
ax,tg,0.5718
ax,th,0.6361
ax,tj,0.6611
ax,tk,0.5886
ax,tl,0.6492
ax,tm,0.5953
ax,tn,0.7218
ax,to,0.6791
ax,tr,0.712
ax,tt,0.6254
ax,tv,0.6086
ax,tw,0.7241
ax,tz,0.5721
ax,ua,0.6317
ax,ug,0.642
ax,um,0.5777
ax,us,0.5777
ax,uy,0.6912
ax,uz,0.5779
ax,va,0.7051
ax,vc,0.553
ax,ve,0.6858
ax,vg,0.5731
ax,vi,0.7045
ax,vn,0.7624
ax,vu,0.5708
ax,wf,0.6435
ax,ws,0.6457
ax,xk,0.5796
ax,ye,0.6624
ax,yt,0.7303
ax,za,0.5669
ax,zm,0.6178
ax,zw,0.6014
az,ad,0.5987
az,ae,0.5641
az,af,0.5637
az,ag,0.6219
az,ai,0.6012
az,al,0.7528
az,am,0.6883
az,ao,0.6497
az,aq,0.6127
az,ar,0.5849
az,as,0.6026
az,at,0.7058
az,au,0.6136
az,aw,0.5777
az,ax,0.4887
az,az,0.0
az,ba,0.6212
az,bb,0.6012
az,bd,0.5528
az,be,0.593
az,bf,0.631
az,bg,0.6335
az,bh,0.6675
az,bi,0.6163
az,bj,0.5873
az,bl,0.6927
az,bm,0.5887
az,bn,0.6422
az,bo,0.5939
az,bq,0.6314
az,br,0.5286
az,bs,0.5024
az,bt,0.6289
az,bv,0.6292
az,bw,0.5749
az,by,0.5807
az,bz,0.5958
az,ca,0.6869
az,cc,0.6421
az,cd,0.6032
az,cf,0.5455
az,cg,0.5546
az,ch,0.7525
az,ci,0.6125
az,ck,0.5915
az,cl,0.5753
az,cm,0.5856
az,cn,0.7076
az,co,0.67
az,cr,0.5395
az,cu,0.5862
az,cv,0.5621
az,cw,0.6003
az,cx,0.5574
az,cy,0.7385
az,cz,0.5963
az,de,0.5819
az,dj,0.5306
az,dk,0.6688
az,dm,0.5188
az,do,0.6057
az,dz,0.6356
az,ec,0.6627
az,ee,0.6134
az,eg,0.6739
az,eh,0.5792
az,er,0.5396
az,es,0.6191
az,et,0.5169
az,fi,0.6876
az,fj,0.5701
az,fk,0.5806
az,fm,0.6308
az,fo,0.6391
az,fr,0.6162
az,ga,0.4758
az,gb-eng,0.6771
az,gb-nir,0.6763
az,gb-sct,0.6177
az,gb-wls,0.5251
az,gb,0.5263
az,gd,0.608
az,ge,0.6704
az,gf,0.5879
az,gg,0.648
az,gh,0.5892
az,gi,0.6569
az,gl,0.6287
az,gm,0.6147
az,gn,0.5823
az,gp,0.5532
az,gq,0.6001
az,gr,0.5821
az,gs,0.5776
az,gt,0.6005
az,gu,0.5994
az,gw,0.6134
az,gy,0.4856
az,hk,0.6921
az,hm,0.6525
az,hn,0.5155
az,hr,0.7042
az,ht,0.5272
az,hu,0.6261
az,id,0.7859
az,ie,0.5958
az,il,0.6381
az,im,0.6767
az,in,0.6476
az,io,0.5428
az,iq,0.6731
az,ir,0.58
az,is,0.5225
az,it,0.5961
az,je,0.7061
az,jm,0.5699
az,jo,0.5785
az,jp,0.7311
az,ke,0.5257
az,kg,0.7519
az,kh,0.5098
az,ki,0.6326
az,km,0.5942
az,kn,0.5618
az,kp,0.5288
az,kr,0.6957
az,kw,0.5767
az,ky,0.5863
az,kz,0.582
az,la,0.6527
az,lb,0.6984
az,lc,0.6375
az,li,0.555
az,lk,0.546
az,lr,0.5837
az,ls,0.5503
az,lt,0.6638
az,lu,0.6915
az,lv,0.6427
az,ly,0.6697
az,ma,0.6559
az,mc,0.7353
az,md,0.5848
az,me,0.6809
az,mf,0.6162
az,mg,0.6417
az,mh,0.5828
az,mk,0.6148
az,ml,0.5846
az,mm,0.6674
az,mn,0.5828
az,mo,0.5774
az,mp,0.5873
az,mq,0.5225
az,mr,0.6278
az,ms,0.5904
az,mt,0.6734
az,mu,0.5723
az,mv,0.6498
az,mw,0.5137
az,mx,0.5896
az,my,0.5986
az,mz,0.5264
az,na,0.53
az,nc,0.4139
az,ne,0.6421
az,nf,0.5932
az,ng,0.6128
az,ni,0.5773
az,nl,0.6435
az,no,0.6292
az,np,0.5157
az,nr,0.6152
az,nu,0.6552
az,nz,0.6153
az,om,0.5408
az,pa,0.6614
az,pe,0.6659
az,pf,0.6869
az,pg,0.6448
az,ph,0.5453
az,pk,0.6301
az,pl,0.6297
az,pm,0.5019
az,pn,0.5707
az,pr,0.686
az,ps,0.5828
az,pt,0.6555
az,pw,0.6462
az,py,0.6744
az,qa,0.6393
az,re,0.5863
az,ro,0.5922
az,rs,0.6673
az,ru,0.6302
az,rw,0.4231
az,sa,0.6099
az,sb,0.5111
az,sc,0.5702
az,sd,0.649
az,se,0.5336
az,sg,0.7195
az,sh,0.6
az,si,0.6907
az,sj,0.6292
az,sk,0.614
az,sl,0.5805
az,sm,0.6269
az,sn,0.5865
az,so,0.6208
az,sr,0.4814
az,ss,0.5255
az,st,0.4899
az,sv,0.5798
az,sx,0.633
az,sy,0.5546
az,sz,0.5069
az,tc,0.5969
az,td,0.5978
az,tf,0.589
az,tg,0.5651
az,th,0.6113
az,tj,0.6814
az,tk,0.5796
az,tl,0.6562
az,tm,0.572
az,tn,0.7235
az,to,0.6833
az,tr,0.7122
az,tt,0.6226
az,tv,0.6078
az,tw,0.6795
az,tz,0.5949
az,ua,0.5492
az,ug,0.619
az,um,0.5472
az,us,0.5472
az,uy,0.634
az,uz,0.4844
az,va,0.6802
az,vc,0.5748
az,ve,0.6805
az,vg,0.58
az,vi,0.6654
az,vn,0.7717
az,vu,0.5938
az,wf,0.6389
az,ws,0.6077
az,xk,0.5676
az,ye,0.6826
az,yt,0.6866
az,za,0.6021
az,zm,0.5964
az,zw,0.585
ba,ad,0.5387
ba,ae,0.6457
ba,af,0.5262
ba,ag,0.6496
ba,ai,0.5873
ba,al,0.7799
ba,am,0.6437
ba,ao,0.6098
ba,aq,0.6381
ba,ar,0.7013
ba,as,0.6294
ba,at,0.718
ba,au,0.6031
ba,aw,0.6467
ba,ax,0.5926
ba,az,0.6212
ba,ba,0.0
ba,bb,0.5439
ba,bd,0.6003
ba,be,0.6023
ba,bf,0.6086
ba,bg,0.6743
ba,bh,0.7378
ba,bi,0.6467
ba,bj,0.5588
ba,bl,0.7931
ba,bm,0.6318
ba,bn,0.7133
ba,bo,0.6126
ba,bq,0.5504
ba,br,0.5823
ba,bs,0.5743
ba,bt,0.6974
ba,bv,0.6208
ba,bw,0.6449
ba,by,0.6169
ba,bz,0.5563
ba,ca,0.7582
ba,cc,0.6758
ba,cd,0.6424
ba,cf,0.6235
ba,cg,0.6286
ba,ch,0.7754
ba,ci,0.6992
ba,ck,0.5791
ba,cl,0.6756
ba,cm,0.5893
ba,cn,0.7475
ba,co,0.5694
ba,cr,0.6591
ba,cu,0.5668
ba,cv,0.4822
ba,cw,0.6256
ba,cx,0.5424
ba,cy,0.8409
ba,cz,0.6513
ba,de,0.7148
ba,dj,0.6857
ba,dk,0.6992
ba,dm,0.5793
ba,do,0.6373
ba,dz,0.6789
ba,ec,0.6251
ba,ee,0.7105
ba,eg,0.6614
ba,eh,0.6391
ba,er,0.603
ba,es,0.6688
ba,et,0.6394
ba,fi,0.735
ba,fj,0.6111
ba,fk,0.5666
ba,fm,0.6957
ba,fo,0.7392
ba,fr,0.6123
ba,ga,0.5888
ba,gb-eng,0.7923
ba,gb-nir,0.7972
ba,gb-sct,0.6712
ba,gb-wls,0.6249
ba,gb,0.6193
ba,gd,0.5716
ba,ge,0.7871
ba,gf,0.7137
ba,gg,0.7718
ba,gh,0.5987
ba,gi,0.762
ba,gl,0.7379
ba,gm,0.5734
ba,gn,0.586
ba,gp,0.543
ba,gq,0.6402
ba,gr,0.6546
ba,gs,0.5592
ba,gt,0.6333
ba,gu,0.5838
ba,gw,0.5767
ba,gy,0.573
ba,hk,0.7273
ba,hm,0.6253
ba,hn,0.7231
ba,hr,0.6547
ba,ht,0.5375
ba,hu,0.645
ba,id,0.7979
ba,ie,0.6471
ba,il,0.7369
ba,im,0.7035
ba,in,0.6449
ba,io,0.5839
ba,iq,0.6577
ba,ir,0.6919
ba,is,0.6023
ba,it,0.6244
ba,je,0.7859
ba,jm,0.6091
ba,jo,0.6437
ba,jp,0.8424
ba,ke,0.6141
ba,kg,0.777
ba,kh,0.5852
ba,ki,0.6094
ba,km,0.5523
ba,kn,0.597
ba,kp,0.6293
ba,kr,0.7939
ba,kw,0.6398
ba,ky,0.5692
ba,kz,0.6207
ba,la,0.5987
ba,lb,0.7268
ba,lc,0.72
ba,li,0.6459
ba,lk,0.602
ba,lr,0.6443
ba,ls,0.6696
ba,lt,0.604
ba,lu,0.6681
ba,lv,0.6684
ba,ly,0.6063
ba,ma,0.6839
ba,mc,0.7649
ba,md,0.5306
ba,me,0.7167
ba,mf,0.6123
ba,mg,0.6805
ba,mh,0.47
ba,mk,0.6766
ba,ml,0.5789
ba,mm,0.6212
ba,mn,0.6679
ba,mo,0.6014
ba,mp,0.5659
ba,mq,0.6146
ba,mr,0.6013
ba,ms,0.5726
ba,mt,0.7526
ba,mu,0.5934
ba,mv,0.6403
ba,mw,0.5932
ba,mx,0.6016
ba,my,0.6481
ba,mz,0.6771
ba,na,0.527
ba,nc,0.6079
ba,ne,0.6629
ba,nf,0.5999
ba,ng,0.6276
ba,ni,0.68
ba,nl,0.6312
ba,no,0.6208
ba,np,0.5695
ba,nr,0.629
ba,nu,0.7225
ba,nz,0.5989
ba,om,0.6602
ba,pa,0.6662
ba,pe,0.7159
ba,pf,0.7179
ba,pg,0.5897
ba,ph,0.694
ba,pk,0.6878
ba,pl,0.7489
ba,pm,0.566
ba,pn,0.5503
ba,pr,0.6581
ba,ps,0.6586
ba,pt,0.6598
ba,pw,0.7011
ba,py,0.6326
ba,qa,0.7104
ba,re,0.6618
ba,ro,0.5349
ba,rs,0.6579
ba,ru,0.6684
ba,rw,0.6325
ba,sa,0.6082
ba,sb,0.5741
ba,sc,0.5865
ba,sd,0.6117
ba,se,0.6009
ba,sg,0.7626
ba,sh,0.5829
ba,si,0.725
ba,sj,0.6208
ba,sk,0.6784
ba,sl,0.6415
ba,sm,0.6888
ba,sn,0.5895
ba,so,0.6643
ba,sr,0.6023
ba,ss,0.5878
ba,st,0.6295
ba,sv,0.6643
ba,sx,0.5439
ba,sy,0.6421
ba,sz,0.5657
ba,tc,0.5826
ba,td,0.5385
ba,tf,0.5846
ba,tg,0.615
ba,th,0.6278
ba,tj,0.697
ba,tk,0.5583
ba,tl,0.6645
ba,tm,0.6117
ba,tn,0.7429
ba,to,0.7317
ba,tr,0.7433
ba,tt,0.6651
ba,tv,0.6217
ba,tw,0.7301
ba,tz,0.5849
ba,ua,0.7117
ba,ug,0.6636
ba,um,0.6047
ba,us,0.6047
ba,uy,0.7017
ba,uz,0.6643
ba,va,0.8117
ba,vc,0.5197
ba,ve,0.5881
ba,vg,0.5612
ba,vi,0.7612
ba,vn,0.796
ba,vu,0.5653
ba,wf,0.6739
ba,ws,0.6438
ba,xk,0.5722
ba,ye,0.6708
ba,yt,0.7919
ba,za,0.5436
ba,zm,0.6341
ba,zw,0.6504
bb,ad,0.494
bb,ae,0.6627
bb,af,0.4598
bb,ag,0.6048
bb,ai,0.4504
bb,al,0.7563
bb,am,0.6096
bb,ao,0.606
bb,aq,0.6626
bb,ar,0.7188
bb,as,0.6622
bb,at,0.7223
bb,au,0.4326
bb,aw,0.6467
bb,ax,0.5684
bb,az,0.6012
bb,ba,0.5439
bb,bb,0.0
bb,bd,0.5615
bb,be,0.5177
bb,bf,0.6169
bb,bg,0.6652
bb,bh,0.7322
bb,bi,0.6462
bb,bj,0.5928
bb,bl,0.805
bb,bm,0.6128
bb,bn,0.7004
bb,bo,0.6238
bb,bq,0.6731
bb,br,0.5823
bb,bs,0.5712
bb,bt,0.7069
bb,bv,0.6182
bb,bw,0.6471
bb,by,0.6179
bb,bz,0.5315
bb,ca,0.7387
bb,cc,0.6569
bb,cd,0.6527
bb,cf,0.6334
bb,cg,0.6109
bb,ch,0.7657
bb,ci,0.6512
bb,ck,0.4186
bb,cl,0.6672
bb,cm,0.6207
bb,cn,0.7274
bb,co,0.6467
bb,cr,0.659
bb,cu,0.652
bb,cv,0.6159
bb,cw,0.4348
bb,cx,0.465
bb,cy,0.8502
bb,cz,0.6625
bb,de,0.6664
bb,dj,0.6826
bb,dk,0.6815
bb,dm,0.5553
bb,do,0.5591
bb,dz,0.6985
bb,ec,0.6535
bb,ee,0.6636
bb,eg,0.6856
bb,eh,0.6402
bb,er,0.5957
bb,es,0.6613
bb,et,0.6499
bb,fi,0.6913
bb,fj,0.6232
bb,fk,0.4394
bb,fm,0.7047
bb,fo,0.747
bb,fr,0.583
bb,ga,0.6186
bb,gb-eng,0.7984
bb,gb-nir,0.8058
bb,gb-sct,0.7038
bb,gb-wls,0.6326
bb,gb,0.5756
bb,gd,0.5485
bb,ge,0.7853
bb,gf,0.6654
bb,gg,0.7802
bb,gh,0.6257
bb,gi,0.7649
bb,gl,0.7402
bb,gm,0.5702
bb,gn,0.5186
bb,gp,0.5112
bb,gq,0.6329
bb,gr,0.671
bb,gs,0.4218
bb,gt,0.5956
bb,gu,0.3972
bb,gw,0.619
bb,gy,0.5676
bb,hk,0.7152
bb,hm,0.6273
bb,hn,0.7507
bb,hr,0.6884
bb,ht,0.5697
bb,hu,0.6655
bb,id,0.7914
bb,ie,0.6432
bb,il,0.7527
bb,im,0.689
bb,in,0.6773
bb,io,0.5466
bb,iq,0.6847
bb,ir,0.6835
bb,is,0.5886
bb,it,0.5982
bb,je,0.7856
bb,jm,0.6043
bb,jo,0.6455
bb,jp,0.8496
bb,ke,0.5889
bb,kg,0.7519
bb,kh,0.6012
bb,ki,0.598
bb,km,0.6208
bb,kn,0.5698
bb,kp,0.6255
bb,kr,0.7935
bb,kw,0.6269
bb,ky,0.4312
bb,kz,0.6325
bb,la,0.4956
bb,lb,0.7273
bb,lc,0.7019
bb,li,0.5005
bb,lk,0.5879
bb,lr,0.6247
bb,ls,0.6698
bb,lt,0.5943
bb,lu,0.7117
bb,lv,0.6655
bb,ly,0.5899
bb,ma,0.6648
bb,mc,0.7545
bb,md,0.4818
bb,me,0.6941
bb,mf,0.583
bb,mg,0.7056
bb,mh,0.6224
bb,mk,0.6569
bb,ml,0.5395
bb,mm,0.6414
bb,mn,0.7006
bb,mo,0.5913
bb,mp,0.5457
bb,mq,0.5933
bb,mr,0.5789
bb,ms,0.4243
bb,mt,0.7449
bb,mu,0.5538
bb,mv,0.621
bb,mw,0.5602
bb,mx,0.5632
bb,my,0.6398
bb,mz,0.6013
bb,na,0.5616
bb,nc,0.576
bb,ne,0.6744
bb,nf,0.5521
bb,ng,0.5725
bb,ni,0.7058
bb,nl,0.6648
bb,no,0.6182
bb,np,0.5481
bb,nr,0.4259
bb,nu,0.7426
bb,nz,0.418
bb,om,0.6653
bb,pa,0.7022
bb,pe,0.6935
bb,pf,0.7216
bb,pg,0.615
bb,ph,0.6553
bb,pk,0.6932
bb,pl,0.7584
bb,pm,0.5898
bb,pn,0.4202
bb,pr,0.6752
bb,ps,0.6603
bb,pt,0.64
bb,pw,0.6705
bb,py,0.6776
bb,qa,0.7101
bb,re,0.6248
bb,ro,0.4133
bb,rs,0.6275
bb,ru,0.6602
bb,rw,0.6252
bb,sa,0.5956
bb,sb,0.5669
bb,sc,0.5447
bb,sd,0.639
bb,se,0.5785
bb,sg,0.7589
bb,sh,0.4301
bb,si,0.7119
bb,sj,0.6182
bb,sk,0.6608
bb,sl,0.6789
bb,sm,0.7192
bb,sn,0.5335
bb,so,0.6787
bb,sr,0.5908
bb,ss,0.5854
bb,st,0.6287
bb,sv,0.6864
bb,sx,0.6312
bb,sy,0.6537
bb,sz,0.5726
bb,tc,0.4369
bb,td,0.4066
bb,tf,0.6009
bb,tg,0.6185
bb,th,0.6121
bb,tj,0.7146
bb,tk,0.3958
bb,tl,0.6352
bb,tm,0.6008
bb,tn,0.7275
bb,to,0.7173
bb,tr,0.7241
bb,tt,0.6413
bb,tv,0.6221
bb,tw,0.7156
bb,tz,0.5726
bb,ua,0.6757
bb,ug,0.6463
bb,um,0.5916
bb,us,0.5916
bb,uy,0.7077
bb,uz,0.6708
bb,va,0.7865
bb,vc,0.3938
bb,ve,0.5523
bb,vg,0.4274
bb,vi,0.755
bb,vn,0.7745
bb,vu,0.5584
bb,wf,0.6634
bb,ws,0.5961
bb,xk,0.5693
bb,ye,0.6988
bb,yt,0.7945
bb,za,0.5677
bb,zm,0.6208
bb,zw,0.6378
bd,ad,0.6246
bd,ae,0.6274
bd,af,0.485
bd,ag,0.6375
bd,ai,0.594
bd,al,0.7848
bd,am,0.654
bd,ao,0.6053
bd,aq,0.6739
bd,ar,0.7261
bd,as,0.6369
bd,at,0.738
bd,au,0.5867
bd,aw,0.6573
bd,ax,0.5605
bd,az,0.5528
bd,ba,0.6003
bd,bb,0.5615
bd,bd,0.0
bd,be,0.6233
bd,bf,0.6127
bd,bg,0.7134
bd,bh,0.7428
bd,bi,0.652
bd,bj,0.6173
bd,bl,0.8329
bd,bm,0.6354
bd,bn,0.722
bd,bo,0.6005
bd,bq,0.6796
bd,br,0.5305
bd,bs,0.5544
bd,bt,0.7224
bd,bv,0.6447
bd,bw,0.6612
bd,by,0.6011
bd,bz,0.5775
bd,ca,0.7813
bd,cc,0.6105
bd,cd,0.6318
bd,cf,0.6239
bd,cg,0.6223
bd,ch,0.8014
bd,ci,0.6775
bd,ck,0.5702
bd,cl,0.7112
bd,cm,0.5206
bd,cn,0.7462
bd,co,0.676
bd,cr,0.6518
bd,cu,0.6417
bd,cv,0.5976
bd,cw,0.5948
bd,cx,0.5197
bd,cy,0.8812
bd,cz,0.71
bd,de,0.6498
bd,dj,0.665
bd,dk,0.7147
bd,dm,0.5195
bd,do,0.6455
bd,dz,0.7116
bd,ec,0.6802
bd,ee,0.6891
bd,eg,0.6746
bd,eh,0.599
bd,er,0.5649
bd,es,0.6585
bd,et,0.6138
bd,fi,0.7834
bd,fj,0.643
bd,fk,0.5746
bd,fm,0.7245
bd,fo,0.7731
bd,fr,0.6711
bd,ga,0.5773
bd,gb-eng,0.8222
bd,gb-nir,0.8324
bd,gb-sct,0.6849
bd,gb-wls,0.6191
bd,gb,0.6125
bd,gd,0.5454
bd,ge,0.8094
bd,gf,0.6438
bd,gg,0.8042
bd,gh,0.6052
bd,gi,0.7845
bd,gl,0.7673
bd,gm,0.5832
bd,gn,0.5911
bd,gp,0.5294
bd,gq,0.6375
bd,gr,0.6819
bd,gs,0.5581
bd,gt,0.6768
bd,gu,0.5736
bd,gw,0.6315
bd,gy,0.5474
bd,hk,0.7439
bd,hm,0.6195
bd,hn,0.7259
bd,hr,0.6899
bd,ht,0.5987
bd,hu,0.6651
bd,id,0.8197
bd,ie,0.6917
bd,il,0.7642
bd,im,0.7084
bd,in,0.6735
bd,io,0.6045
bd,iq,0.6733
bd,ir,0.6778
bd,is,0.5759
bd,it,0.6635
bd,je,0.8222
bd,jm,0.4805
bd,jo,0.6006
bd,jp,0.8666
bd,ke,0.5387
bd,kg,0.7836
bd,kh,0.5767
bd,ki,0.6388
bd,km,0.6218
bd,kn,0.5768
bd,kp,0.6031
bd,kr,0.8295
bd,kw,0.6193
bd,ky,0.5734
bd,kz,0.6196
bd,la,0.6191
bd,lb,0.7605
bd,lc,0.7352
bd,li,0.5995
bd,lk,0.5913
bd,lr,0.6714
bd,ls,0.6397
bd,lt,0.5547
bd,lu,0.7124
bd,lv,0.6713
bd,ly,0.5985
bd,ma,0.6837
bd,mc,0.7822
bd,md,0.6079
bd,me,0.7156
bd,mf,0.6711
bd,mg,0.6988
bd,mh,0.6001
bd,mk,0.6719
bd,ml,0.6141
bd,mm,0.6667
bd,mn,0.671
bd,mo,0.5663
bd,mp,0.5647
bd,mq,0.556
bd,mr,0.6086
bd,ms,0.5664
bd,mt,0.7744
bd,mu,0.5884
bd,mv,0.665
bd,mw,0.5254
bd,mx,0.5699
bd,my,0.6648
bd,mz,0.6065
bd,na,0.5244
bd,nc,0.5344
bd,ne,0.6625
bd,nf,0.6116
bd,ng,0.6271
bd,ni,0.6814
bd,nl,0.6578
bd,no,0.6447
bd,np,0.5393
bd,nr,0.5983
bd,nu,0.7558
bd,nz,0.5847
bd,om,0.671
bd,pa,0.7327
bd,pe,0.7575
bd,pf,0.745
bd,pg,0.6153
bd,ph,0.6459
bd,pk,0.6611
bd,pl,0.7863
bd,pm,0.5771
bd,pn,0.552
bd,pr,0.7379
bd,ps,0.6184
bd,pt,0.6503
bd,pw,0.665
bd,py,0.6742
bd,qa,0.7023
bd,re,0.6528
bd,ro,0.6116
bd,rs,0.6685
bd,ru,0.7142
bd,rw,0.5978
bd,sa,0.564
bd,sb,0.5415
bd,sc,0.5905
bd,sd,0.626
bd,se,0.5735
bd,sg,0.7883
bd,sh,0.5811
bd,si,0.772
bd,sj,0.6447
bd,sk,0.7064
bd,sl,0.6466
bd,sm,0.7449
bd,sn,0.6257
bd,so,0.6848
bd,sr,0.578
bd,ss,0.5507
bd,st,0.5758
bd,sv,0.6618
bd,sx,0.6208
bd,sy,0.6093
bd,sz,0.5722
bd,tc,0.5843
bd,td,0.6072
bd,tf,0.5983
bd,tg,0.4743
bd,th,0.6517
bd,tj,0.7027
bd,tk,0.5792
bd,tl,0.6591
bd,tm,0.5681
bd,tn,0.7557
bd,to,0.7294
bd,tr,0.7426
bd,tt,0.6701
bd,tv,0.6281
bd,tw,0.734
bd,tz,0.5513
bd,ua,0.6779
bd,ug,0.6429
bd,um,0.6358
bd,us,0.6358
bd,uy,0.7312
bd,uz,0.6499
bd,va,0.8058
bd,vc,0.5674
bd,ve,0.6507
bd,vg,0.562
bd,vi,0.7936
bd,vn,0.8008
bd,vu,0.5558
bd,wf,0.6797
bd,ws,0.6506
bd,xk,0.5777
bd,ye,0.6863
bd,yt,0.8282
bd,za,0.5026
bd,zm,0.601
bd,zw,0.6136
be,ad,0.4011
be,ae,0.6349
be,af,0.4572
be,ag,0.5322
be,ai,0.685
be,al,0.6437
be,am,0.5841
be,ao,0.534
be,aq,0.7501
be,ar,0.7532
be,as,0.6179
be,at,0.6607
be,au,0.7018
be,aw,0.7247
be,ax,0.6181
be,az,0.593
be,ba,0.6023
be,bb,0.5177
be,bd,0.6233
be,be,0.0
be,bf,0.5999
be,bg,0.6712
be,bh,0.7304
be,bi,0.6256
be,bj,0.4784
be,bl,0.8114
be,bm,0.5673
be,bn,0.6334
be,bo,0.5744
be,bq,0.7577
be,br,0.6319
be,bs,0.5396
be,bt,0.5777
be,bv,0.593
be,bw,0.6978
be,by,0.5947
be,bz,0.5847
be,ca,0.636
be,cc,0.6896
be,cd,0.7311
be,cf,0.6359
be,cg,0.5024
be,ch,0.63
be,ci,0.6748
be,ck,0.6717
be,cl,0.5826
be,cm,0.5137
be,cn,0.6263
be,co,0.5914
be,cr,0.6649
be,cu,0.6755
be,cv,0.6924
be,cw,0.6978
be,cx,0.6173
be,cy,0.8432
be,cz,0.6008
be,de,0.5633
be,dj,0.7637
be,dk,0.6099
be,dm,0.5985
be,do,0.6084
be,dz,0.6179
be,ec,0.5871
be,ee,0.7082
be,eg,0.6295
be,eh,0.6051
be,er,0.6056
be,es,0.5452
be,et,0.6
be,fi,0.7767
be,fj,0.6775
be,fk,0.6657
be,fm,0.7668
be,fo,0.7395
be,fr,0.4672
be,ga,0.6297
be,gb-eng,0.7902
be,gb-nir,0.7857
be,gb-sct,0.7592
be,gb-wls,0.6504
be,gb,0.6178
be,gd,0.5053
be,ge,0.755
be,gf,0.6848
be,gg,0.752
be,gh,0.5778
be,gi,0.7466
be,gl,0.6995
be,gm,0.5761
be,gn,0.5564
be,gp,0.5106
be,gq,0.5875
be,gr,0.7255
be,gs,0.6589
be,gt,0.6743
be,gu,0.654
be,gw,0.5675
be,gy,0.5741
be,hk,0.5974
be,hm,0.7366
be,hn,0.8239
be,hr,0.6669
be,ht,0.5848
be,hu,0.6354
be,id,0.7269
be,ie,0.522
be,il,0.7876
be,im,0.6009
be,in,0.6522
be,io,0.6262
be,iq,0.6307
be,ir,0.6516
be,is,0.6704
be,it,0.4967
be,je,0.7674
be,jm,0.5481
be,jo,0.6099
be,jp,0.8588
be,ke,0.556
be,kg,0.6111
be,kh,0.6033
be,ki,0.5765
be,km,0.5606
be,kn,0.5115
be,kp,0.6027
be,kr,0.8047
be,kw,0.5497
be,ky,0.6678
be,kz,0.7517
be,la,0.5671
be,lb,0.6909
be,lc,0.7908
be,li,0.6155
be,lk,0.5076
be,lr,0.591
be,ls,0.7187
be,lt,0.5603
be,lu,0.7151
be,lv,0.6231
be,ly,0.5568
be,ma,0.5974
be,mc,0.712
be,md,0.4304
be,me,0.5625
be,mf,0.4672
be,mg,0.765
be,mh,0.6853
be,mk,0.5445
be,ml,0.4279
be,mm,0.5532
be,mn,0.6301
be,mo,0.661
be,mp,0.6634
be,mq,0.6469
be,mr,0.5929
be,ms,0.677
be,mt,0.7459
be,mu,0.5743
be,mv,0.5795
be,mw,0.529
be,mx,0.4628
be,my,0.5762
be,mz,0.5968
be,na,0.5997
be,nc,0.5985
be,ne,0.6504
be,nf,0.6089
be,ng,0.6276
be,ni,0.7755
be,nl,0.6576
be,no,0.593
be,np,0.5953
be,nr,0.7024
be,nu,0.63
be,nz,0.6975
be,om,0.6193
be,pa,0.6598
be,pe,0.57
be,pf,0.6816
be,pg,0.4917
be,ph,0.7163
be,pk,0.7944
be,pl,0.7128
be,pm,0.651
be,pn,0.6514
be,pr,0.6262
be,ps,0.6281
be,pt,0.4892
be,pw,0.7977
be,py,0.6765
be,qa,0.7703
be,re,0.6851
be,ro,0.3881
be,rs,0.6393
be,ru,0.6818
be,rw,0.6692
be,sa,0.6617
be,sb,0.6455
be,sc,0.546
be,sd,0.5554
be,se,0.6377
be,sg,0.7153
be,sh,0.6834
be,si,0.733
be,sj,0.593
be,sk,0.6664
be,sl,0.7216
be,sm,0.7597
be,sn,0.3993
be,so,0.7676
be,sr,0.5729
be,ss,0.6059
be,st,0.6012
be,sv,0.7532
be,sx,0.684
be,sy,0.6438
be,sz,0.5492
be,tc,0.6803
be,td,0.3771
be,tf,0.7033
be,tg,0.611
be,th,0.6211
be,tj,0.6816
be,tk,0.5889
be,tl,0.5121
be,tm,0.6758
be,tn,0.6056
be,to,0.6708
be,tr,0.6331
be,tt,0.5712
be,tv,0.7427
be,tw,0.6199
be,tz,0.6197
be,ua,0.6755
be,ug,0.532
be,um,0.5568
be,us,0.5568
be,uy,0.755
be,uz,0.7026
be,va,0.7012
be,vc,0.4805
be,ve,0.5774
be,vg,0.6619
be,vi,0.7572
be,vn,0.6383
be,vu,0.5266
be,wf,0.5987
be,ws,0.5696
be,xk,0.6632
be,ye,0.6401
be,yt,0.8026
be,za,0.5702
be,zm,0.5823
be,zw,0.6288
bf,ad,0.5921
bf,ae,0.6388
bf,af,0.5487
bf,ag,0.6498
bf,ai,0.5928
bf,al,0.6925
bf,am,0.5761
bf,ao,0.4999
bf,aq,0.7394
bf,ar,0.7139
bf,as,0.657
bf,at,0.6726
bf,au,0.597
bf,aw,0.69
bf,ax,0.6027
bf,az,0.631
bf,ba,0.6086
bf,bb,0.6169
bf,bd,0.6127
bf,be,0.5999
bf,bf,0.0
bf,bg,0.6891
bf,bh,0.6764
bf,bi,0.6192
bf,bj,0.542
bf,bl,0.7672
bf,bm,0.6059
bf,bn,0.6484
bf,bo,0.4613
bf,bq,0.6401
bf,br,0.4852
bf,bs,0.6015
bf,bt,0.6282
bf,bv,0.5922
bf,bw,0.67
bf,by,0.486
bf,bz,0.6007
bf,ca,0.6921
bf,cc,0.6296
bf,cd,0.6662
bf,cf,0.6158
bf,cg,0.5807
bf,ch,0.6965
bf,ci,0.6608
bf,ck,0.5812
bf,cl,0.7265
bf,cm,0.5779
bf,cn,0.6675
bf,co,0.5645
bf,cr,0.6495
bf,cu,0.6568
bf,cv,0.6852
bf,cw,0.6664
bf,cx,0.5886
bf,cy,0.8184
bf,cz,0.7018
bf,de,0.6693
bf,dj,0.6413
bf,dk,0.6498
bf,dm,0.5721
bf,do,0.6299
bf,dz,0.6982
bf,ec,0.5788
bf,ee,0.7528
bf,eg,0.5828
bf,eh,0.5939
bf,er,0.563
bf,es,0.5777
bf,et,0.6494
bf,fi,0.7439
bf,fj,0.6093
bf,fk,0.5786
bf,fm,0.7265
bf,fo,0.7292
bf,fr,0.651
bf,ga,0.616
bf,gb-eng,0.7662
bf,gb-nir,0.7729
bf,gb-sct,0.7055
bf,gb-wls,0.5469
bf,gb,0.6005
bf,gd,0.5493
bf,ge,0.7468
bf,gf,0.6711
bf,gg,0.7343
bf,gh,0.4706
bf,gi,0.7482
bf,gl,0.7269
bf,gm,0.4863
bf,gn,0.5801
bf,gp,0.6023
bf,gq,0.6818
bf,gr,0.6861
bf,gs,0.5667
bf,gt,0.6954
bf,gu,0.6196
bf,gw,0.4303
bf,gy,0.5572
bf,hk,0.6572
bf,hm,0.6289
bf,hn,0.7627
bf,hr,0.5742
bf,ht,0.6897
bf,hu,0.5609
bf,id,0.6769
bf,ie,0.654
bf,il,0.743
bf,im,0.6422
bf,in,0.5446
bf,io,0.5797
bf,iq,0.5777
bf,ir,0.7185
bf,is,0.6263
bf,it,0.5943
bf,je,0.761
bf,jm,0.5772
bf,jo,0.5896
bf,jp,0.8138
bf,ke,0.5565
bf,kg,0.6891
bf,kh,0.5939
bf,ki,0.5172
bf,km,0.5711
bf,kn,0.6315
bf,kp,0.598
bf,kr,0.7655
bf,kw,0.6935
bf,ky,0.5776
bf,kz,0.6813
bf,la,0.5938
bf,lb,0.6747
bf,lc,0.7591
bf,li,0.7005
bf,lk,0.5314
bf,lr,0.6441
bf,ls,0.6075
bf,lt,0.5687
bf,lu,0.5369
bf,lv,0.6269
bf,ly,0.5192
bf,ma,0.6158
bf,mc,0.6803
bf,md,0.5842
bf,me,0.6259
bf,mf,0.651
bf,mg,0.5131
bf,mh,0.6272
bf,mk,0.5801
bf,ml,0.5783
bf,mm,0.5639
bf,mn,0.5877
bf,mo,0.6328
bf,mp,0.6484
bf,mq,0.6096
bf,mr,0.5872
bf,ms,0.5837
bf,mt,0.7107
bf,mu,0.4802
bf,mv,0.5865
bf,mw,0.5289
bf,mx,0.624
bf,my,0.6434
bf,mz,0.6419
bf,na,0.4916
bf,nc,0.5087
bf,ne,0.5372
bf,nf,0.64
bf,ng,0.5865
bf,ni,0.7198
bf,nl,0.5772
bf,no,0.5922
bf,np,0.5547
bf,nr,0.6546
bf,nu,0.6813
bf,nz,0.5996
bf,om,0.5871
bf,pa,0.6388
bf,pe,0.6815
bf,pf,0.6712
bf,pg,0.5501
bf,ph,0.7163
bf,pk,0.6632
bf,pl,0.7649
bf,pm,0.5855
bf,pn,0.5559
bf,pr,0.6887
bf,ps,0.5801
bf,pt,0.6158
bf,pw,0.7581
bf,py,0.5729
bf,qa,0.6619
bf,re,0.7108
bf,ro,0.5857
bf,rs,0.6091
bf,ru,0.6979
bf,rw,0.6976
bf,sa,0.6218
bf,sb,0.589
bf,sc,0.5501
bf,sd,0.5607
bf,se,0.6158
bf,sg,0.6224
bf,sh,0.5869
bf,si,0.7749
bf,sj,0.5922
bf,sk,0.6854
bf,sl,0.6681
bf,sm,0.6667
bf,sn,0.5899
bf,so,0.7175
bf,sr,0.5697
bf,ss,0.514
bf,st,0.5887
bf,sv,0.6989
bf,sx,0.5191
bf,sy,0.6617
bf,sz,0.5527
bf,tc,0.582
bf,td,0.5829
bf,tf,0.6038
bf,tg,0.5588
bf,th,0.6133
bf,tj,0.5999
bf,tk,0.6403
bf,tl,0.6088
bf,tm,0.5934
bf,tn,0.6747
bf,to,0.6854
bf,tr,0.6682
bf,tt,0.6085
bf,tv,0.6257
bf,tw,0.7283
bf,tz,0.5953
bf,ua,0.7522
bf,ug,0.6063
bf,um,0.6208
bf,us,0.6208
bf,uy,0.6938
bf,uz,0.6645
bf,va,0.7259
bf,vc,0.5741
bf,ve,0.6042
bf,vg,0.57
bf,vi,0.7299
bf,vn,0.7087
bf,vu,0.3799
bf,wf,0.6444
bf,ws,0.6646
bf,xk,0.6397
bf,ye,0.5958
bf,yt,0.768
bf,za,0.484
bf,zm,0.6137
bf,zw,0.5952
bg,ad,0.6435
bg,ae,0.6867
bg,af,0.6526
bg,ag,0.7019
bg,ai,0.6703
bg,al,0.7528
bg,am,0.6124
bg,ao,0.6957
bg,aq,0.6977
bg,ar,0.6623
bg,as,0.7065
bg,at,0.6773
bg,au,0.6727
bg,aw,0.6209
bg,ax,0.7067
bg,az,0.6335
bg,ba,0.6743
bg,bb,0.6652
bg,bd,0.7134
bg,be,0.6712
bg,bf,0.6891
bg,bg,0.0
bg,bh,0.5854
bg,bi,0.5582
bg,bj,0.606
bg,bl,0.6095
bg,bm,0.5882
bg,bn,0.5723
bg,bo,0.6678
bg,bq,0.5802
bg,br,0.6844
bg,bs,0.7233
bg,bt,0.6046
bg,bv,0.6118
bg,bw,0.6274
bg,by,0.7079
bg,bz,0.6488
bg,ca,0.6831
bg,cc,0.7483
bg,cd,0.682
bg,cf,0.5943
bg,cg,0.5765
bg,ch,0.7381
bg,ci,0.5853
bg,ck,0.6479
bg,cl,0.4427
bg,cm,0.6325
bg,cn,0.7257
bg,co,0.5787
bg,cr,0.6313
bg,cu,0.6517
bg,cv,0.7252
bg,cw,0.7108
bg,cx,0.6608
bg,cy,0.6457
bg,cz,0.4472
bg,de,0.8066
bg,dj,0.569
bg,dk,0.6703
bg,dm,0.6933
bg,do,0.6582
bg,dz,0.64
bg,ec,0.5603
bg,ee,0.685
bg,eg,0.7015
bg,eh,0.7849
bg,er,0.6804
bg,es,0.6629
bg,et,0.632
bg,fi,0.553
bg,fj,0.6292
bg,fk,0.6423
bg,fm,0.6674
bg,fo,0.5612
bg,fr,0.6366
bg,ga,0.6921
bg,gb-eng,0.612
bg,gb-nir,0.6161
bg,gb-sct,0.6238
bg,gb-wls,0.5132
bg,gb,0.624
bg,gd,0.5619
bg,ge,0.6376
bg,gf,0.6862
bg,gg,0.6057
bg,gh,0.7073
bg,gi,0.4866
bg,gl,0.5086
bg,gm,0.6224
bg,gn,0.603
bg,gp,0.6635
bg,gq,0.6284
bg,gr,0.6172
bg,gs,0.6414
bg,gt,0.6037
bg,gu,0.6897
bg,gw,0.6214
bg,gy,0.6364
bg,hk,0.7049
bg,hm,0.7047
bg,hn,0.7665
bg,hr,0.7281
bg,ht,0.6233
bg,hu,0.6637
bg,id,0.8193
bg,ie,0.5597
bg,il,0.6612
bg,im,0.7087
bg,in,0.6568
bg,io,0.5671
bg,iq,0.6946
bg,ir,0.6148
bg,is,0.6898
bg,it,0.6102
bg,je,0.6325
bg,jm,0.6651
bg,jo,0.778
bg,jp,0.6422
bg,ke,0.7603
bg,kg,0.7665
bg,kh,0.7232
bg,ki,0.7014
bg,km,0.5943
bg,kn,0.6428
bg,kp,0.6852
bg,kr,0.6107
bg,kw,0.6643
bg,ky,0.6543
bg,kz,0.6884
bg,la,0.6201
bg,lb,0.6214
bg,lc,0.6642
bg,li,0.6464
bg,lk,0.5764
bg,lr,0.5916
bg,ls,0.735
bg,lt,0.4787
bg,lu,0.7521
bg,lv,0.6752
bg,ly,0.7117
bg,ma,0.6849
bg,mc,0.7749
bg,md,0.6266
bg,me,0.705
bg,mf,0.6366
bg,mg,0.6225
bg,mh,0.691
bg,mk,0.6334
bg,ml,0.6327
bg,mm,0.5143
bg,mn,0.6425
bg,mo,0.6959
bg,mp,0.6917
bg,mq,0.6391
bg,mr,0.6033
bg,ms,0.6497
bg,mt,0.638
bg,mu,0.6616
bg,mv,0.6197
bg,mw,0.7741
bg,mx,0.6081
bg,my,0.6409
bg,mz,0.6253
bg,na,0.6272
bg,nc,0.7019
bg,ne,0.7044
bg,nf,0.6215
bg,ng,0.6497
bg,ni,0.7544
bg,nl,0.7081
bg,no,0.6118
bg,np,0.598
bg,nr,0.7555
bg,nu,0.6712
bg,nz,0.6754
bg,om,0.5706
bg,pa,0.633
bg,pe,0.6577
bg,pf,0.6329
bg,pg,0.6934
bg,ph,0.617
bg,pk,0.6911
bg,pl,0.4783
bg,pm,0.6025
bg,pn,0.6385
bg,pr,0.648
bg,ps,0.7918
bg,pt,0.7213
bg,pw,0.7588
bg,py,0.6913
bg,qa,0.6383
bg,re,0.5734
bg,ro,0.6464
bg,rs,0.6351
bg,ru,0.2425
bg,rw,0.6095
bg,sa,0.7216
bg,sb,0.607
bg,sc,0.652
bg,sd,0.6714
bg,se,0.7127
bg,sg,0.7365
bg,sh,0.6684
bg,si,0.4054
bg,sj,0.6118
bg,sk,0.3373
bg,sl,0.739
bg,sm,0.5376
bg,sn,0.6249
bg,so,0.6931
bg,sr,0.6153
bg,ss,0.7594
bg,st,0.7182
bg,sv,0.7525
bg,sx,0.6785
bg,sy,0.7128
bg,sz,0.6066
bg,tc,0.6695
bg,td,0.654
bg,tf,0.6406
bg,tg,0.6476
bg,th,0.5219
bg,tj,0.7271
bg,tk,0.7045
bg,tl,0.6079
bg,tm,0.6647
bg,tn,0.7374
bg,to,0.6729
bg,tr,0.7344
bg,tt,0.6659
bg,tv,0.6695
bg,tw,0.7189
bg,tz,0.6924
bg,ua,0.666
bg,ug,0.6689
bg,um,0.5766
bg,us,0.5766
bg,uy,0.5722
bg,uz,0.6246
bg,va,0.6291
bg,vc,0.6141
bg,ve,0.5012
bg,vg,0.6464
bg,vi,0.5761
bg,vn,0.7867
bg,vu,0.6691
bg,wf,0.6639
bg,ws,0.6719
bg,xk,0.6723
bg,ye,0.7076
bg,yt,0.5797
bg,za,0.6082
bg,zm,0.6945
bg,zw,0.6488
bh,ad,0.6361
bh,ae,0.723
bh,af,0.7222
bh,ag,0.692
bh,ai,0.7314
bh,al,0.6899
bh,am,0.6452
bh,ao,0.7146
bh,aq,0.7802
bh,ar,0.6646
bh,as,0.7539
bh,at,0.6205
bh,au,0.7271
bh,aw,0.7243
bh,ax,0.6781
bh,az,0.6675
bh,ba,0.7378
bh,bb,0.7322
bh,bd,0.7428
bh,be,0.7304
bh,bf,0.6764
bh,bg,0.5854
bh,bh,0.0
bh,bi,0.6035
bh,bj,0.6367
bh,bl,0.5968
bh,bm,0.5895
bh,bn,0.6292
bh,bo,0.567
bh,bq,0.6604
bh,br,0.7228
bh,bs,0.7852
bh,bt,0.5778
bh,bv,0.6179
bh,bw,0.7095
bh,by,0.6158
bh,bz,0.7075
bh,ca,0.6694
bh,cc,0.8018
bh,cd,0.7464
bh,cf,0.6016
bh,cg,0.5506
bh,ch,0.6946
bh,ci,0.7242
bh,ck,0.7224
bh,cl,0.5884
bh,cm,0.6252
bh,cn,0.6515
bh,co,0.6377
bh,cr,0.587
bh,cu,0.7336
bh,cv,0.7328
bh,cw,0.765
bh,cx,0.75
bh,cy,0.6476
bh,cz,0.6602
bh,de,0.6851
bh,dj,0.6279
bh,dk,0.6296
bh,dm,0.7018
bh,do,0.6637
bh,dz,0.7861
bh,ec,0.6199
bh,ee,0.7363
bh,eg,0.6661
bh,eh,0.7436
bh,er,0.6522
bh,es,0.6015
bh,et,0.6426
bh,fi,0.6878
bh,fj,0.6772
bh,fk,0.7161
bh,fm,0.7397
bh,fo,0.6252
bh,fr,0.7144
bh,ga,0.6732
bh,gb-eng,0.6058
bh,gb-nir,0.6233
bh,gb-sct,0.7062
bh,gb-wls,0.6028
bh,gb,0.593
bh,gd,0.6111
bh,ge,0.5947
bh,gf,0.678
bh,gg,0.5771
bh,gh,0.635
bh,gi,0.5834
bh,gl,0.6122
bh,gm,0.636
bh,gn,0.6973
bh,gp,0.7565
bh,gq,0.6372
bh,gr,0.6749
bh,gs,0.7047
bh,gt,0.7065
bh,gu,0.7585
bh,gw,0.6992
bh,gy,0.6711
bh,hk,0.6539
bh,hm,0.7532
bh,hn,0.7784
bh,hr,0.6381
bh,ht,0.6792
bh,hu,0.5992
bh,id,0.6431
bh,ie,0.6688
bh,il,0.6681
bh,im,0.662
bh,in,0.6256
bh,io,0.6134
bh,iq,0.6672
bh,ir,0.6192
bh,is,0.6956
bh,it,0.6793
bh,je,0.6194
bh,jm,0.7177
bh,jo,0.7342
bh,jp,0.6215
bh,ke,0.6974
bh,kg,0.6864
bh,kh,0.6913
bh,ki,0.6038
bh,km,0.6498
bh,kn,0.6639
bh,kp,0.6267
bh,kr,0.6328
bh,kw,0.7348
bh,ky,0.7148
bh,kz,0.7906
bh,la,0.6837
bh,lb,0.5875
bh,lc,0.7473
bh,li,0.683
bh,lk,0.5546
bh,lr,0.5769
bh,ls,0.6903
bh,lt,0.6266
bh,lu,0.6624
bh,lv,0.6309
bh,ly,0.7388
bh,ma,0.6457
bh,mc,0.6246
bh,md,0.6039
bh,me,0.6399
bh,mf,0.7144
bh,mg,0.4698
bh,mh,0.7255
bh,mk,0.5709
bh,ml,0.6092
bh,mm,0.6144
bh,mn,0.6536
bh,mo,0.7701
bh,mp,0.7739
bh,mq,0.7116
bh,mr,0.6816
bh,ms,0.7228
bh,mt,0.4591
bh,mu,0.6409
bh,mv,0.6584
bh,mw,0.6756
bh,mx,0.6748
bh,my,0.6366
bh,mz,0.6649
bh,na,0.6681
bh,nc,0.6704
bh,ne,0.6257
bh,nf,0.754
bh,ng,0.7762
bh,ni,0.745
bh,nl,0.6325
bh,no,0.6179
bh,np,0.5829
bh,nr,0.7793
bh,nu,0.6512
bh,nz,0.7391
bh,om,0.6824
bh,pa,0.6352
bh,pe,0.6968
bh,pf,0.5765
bh,pg,0.7193
bh,ph,0.574
bh,pk,0.6125
bh,pl,0.6178
bh,pm,0.6435
bh,pn,0.7001
bh,pr,0.6587
bh,ps,0.7353
bh,pt,0.668
bh,pw,0.83
bh,py,0.5839
bh,qa,0.4388
bh,re,0.679
bh,ro,0.643
bh,rs,0.5991
bh,ru,0.5891
bh,rw,0.7149
bh,sa,0.7942
bh,sb,0.6783
bh,sc,0.6272
bh,sd,0.7124
bh,se,0.7197
bh,sg,0.587
bh,sh,0.7274
bh,si,0.7026
bh,sj,0.6179
bh,sk,0.6208
bh,sl,0.7041
bh,sm,0.6342
bh,sn,0.6434
bh,so,0.7748
bh,sr,0.6103
bh,ss,0.6564
bh,st,0.6907
bh,sv,0.7342
bh,sx,0.5545
bh,sy,0.717
bh,sz,0.6314
bh,tc,0.7252
bh,td,0.6555
bh,tf,0.6882
bh,tg,0.6598
bh,th,0.6152
bh,tj,0.659
bh,tk,0.7388
bh,tl,0.4872
bh,tm,0.7455
bh,tn,0.6868
bh,to,0.6042
bh,tr,0.6435
bh,tt,0.6363
bh,tv,0.7648
bh,tw,0.6634
bh,tz,0.7573
bh,ua,0.7115
bh,ug,0.6723
bh,um,0.5932
bh,us,0.5932
bh,uy,0.6475
bh,uz,0.6633
bh,va,0.7004
bh,vc,0.6834
bh,ve,0.6394
bh,vg,0.7084
bh,vi,0.5937
bh,vn,0.7062
bh,vu,0.6935
bh,wf,0.6098
bh,ws,0.6463
bh,xk,0.7367
bh,ye,0.6756
bh,yt,0.5994
bh,za,0.6826
bh,zm,0.7275
bh,zw,0.5584
bi,ad,0.59
bi,ae,0.6018
bi,af,0.5719
bi,ag,0.5866
bi,ai,0.6609
bi,al,0.7419
bi,am,0.5941
bi,ao,0.6498
bi,aq,0.6163
bi,ar,0.5936
bi,as,0.5781
bi,at,0.5334
bi,au,0.6641
bi,aw,0.6256
bi,ax,0.6218
bi,az,0.6163
bi,ba,0.6467
bi,bb,0.6462
bi,bd,0.652
bi,be,0.6256
bi,bf,0.6192
bi,bg,0.5582
bi,bh,0.6035
bi,bi,0.0
bi,bj,0.5842
bi,bl,0.6053
bi,bm,0.5175
bi,bn,0.5918
bi,bo,0.5852
bi,bq,0.6181
bi,br,0.6239
bi,bs,0.6481
bi,bt,0.5266
bi,bv,0.5927
bi,bw,0.6177
bi,by,0.5906
bi,bz,0.5794
bi,ca,0.6947
bi,cc,0.717
bi,cd,0.6761
bi,cf,0.5343
bi,cg,0.5466
bi,ch,0.6514
bi,ci,0.5552
bi,ck,0.6455
bi,cl,0.584
bi,cm,0.5378
bi,cn,0.6821
bi,co,0.5688
bi,cr,0.5882
bi,cu,0.5927
bi,cv,0.6553
bi,cw,0.6859
bi,cx,0.6381
bi,cy,0.6466
bi,cz,0.575
bi,de,0.691
bi,dj,0.5755
bi,dk,0.5608
bi,dm,0.6335
bi,do,0.5764
bi,dz,0.6148
bi,ec,0.5625
bi,ee,0.6651
bi,eg,0.6043
bi,eh,0.6388
bi,er,0.5924
bi,es,0.5705
bi,et,0.5838
bi,fi,0.6054
bi,fj,0.5654
bi,fk,0.6333
bi,fm,0.6411
bi,fo,0.5632
bi,fr,0.5665
bi,ga,0.5966
bi,gb-eng,0.5813
bi,gb-nir,0.5955
bi,gb-sct,0.5038
bi,gb-wls,0.5778
bi,gb,0.4853
bi,gd,0.4873
bi,ge,0.6247
bi,gf,0.626
bi,gg,0.5786
bi,gh,0.5763
bi,gi,0.6263
bi,gl,0.5557
bi,gm,0.5409
bi,gn,0.5553
bi,gp,0.6561
bi,gq,0.5554
bi,gr,0.5832
bi,gs,0.6381
bi,gt,0.5721
bi,gu,0.6622
bi,gw,0.5763
bi,gy,0.5823
bi,hk,0.6258
bi,hm,0.6972
bi,hn,0.6842
bi,hr,0.6052
bi,ht,0.5513
bi,hu,0.5409
bi,id,0.6441
bi,ie,0.5331
bi,il,0.6106
bi,im,0.5855
bi,in,0.5806
bi,io,0.5218
bi,iq,0.6048
bi,ir,0.5644
bi,is,0.6189
bi,it,0.5552
bi,je,0.6732
bi,jm,0.5864
bi,jo,0.6295
bi,jp,0.6862
bi,ke,0.6642
bi,kg,0.7082
bi,kh,0.6356
bi,ki,0.5643
bi,km,0.5566
bi,kn,0.6213
bi,kp,0.6319
bi,kr,0.6521
bi,kw,0.5518
bi,ky,0.6421
bi,kz,0.6627
bi,la,0.5229
bi,lb,0.5173
bi,lc,0.6648
bi,li,0.6102
bi,lk,0.5278
bi,lr,0.5063
bi,ls,0.6319
bi,lt,0.5564
bi,lu,0.5946
bi,lv,0.6054
bi,ly,0.6828
bi,ma,0.6519
bi,mc,0.5698
bi,md,0.5817
bi,me,0.6585
bi,mf,0.5665
bi,mg,0.5916
bi,mh,0.6498
bi,mk,0.5599
bi,ml,0.5501
bi,mm,0.4883
bi,mn,0.629
bi,mo,0.634
bi,mp,0.6492
bi,mq,0.6613
bi,mr,0.55
bi,ms,0.6462
bi,mt,0.5594
bi,mu,0.5833
bi,mv,0.5565
bi,mw,0.6259
bi,mx,0.5525
bi,my,0.57
bi,mz,0.6163
bi,na,0.5748
bi,nc,0.6211
bi,ne,0.6001
bi,nf,0.6021
bi,ng,0.5916
bi,ni,0.6615
bi,nl,0.5694
bi,no,0.5927
bi,np,0.5209
bi,nr,0.7122
bi,nu,0.6151
bi,nz,0.6736
bi,om,0.5899
bi,pa,0.6056
bi,pe,0.5673
bi,pf,0.5079
bi,pg,0.6481
bi,ph,0.5899
bi,pk,0.6501
bi,pl,0.5603
bi,pm,0.5853
bi,pn,0.6294
bi,pr,0.5717
bi,ps,0.6396
bi,pt,0.6505
bi,pw,0.7265
bi,py,0.5916
bi,qa,0.6111
bi,re,0.6067
bi,ro,0.5788
bi,rs,0.5274
bi,ru,0.5846
bi,rw,0.618
bi,sa,0.6852
bi,sb,0.6048
bi,sc,0.5745
bi,sd,0.5563
bi,se,0.6417
bi,sg,0.5825
bi,sh,0.662
bi,si,0.663
bi,sj,0.5927
bi,sk,0.5662
bi,sl,0.6144
bi,sm,0.5864
bi,sn,0.5848
bi,so,0.6602
bi,sr,0.5708
bi,ss,0.6276
bi,st,0.6453
bi,sv,0.6603
bi,sx,0.6019
bi,sy,0.6496
bi,sz,0.5815
bi,tc,0.6583
bi,td,0.5866
bi,tf,0.6232
bi,tg,0.5887
bi,th,0.5212
bi,tj,0.5984
bi,tk,0.6442
bi,tl,0.6078
bi,tm,0.6467
bi,tn,0.654
bi,to,0.6879
bi,tr,0.6811
bi,tt,0.5875
bi,tv,0.6347
bi,tw,0.7033
bi,tz,0.6787
bi,ua,0.6413
bi,ug,0.605
bi,um,0.505
bi,us,0.505
bi,uy,0.5765
bi,uz,0.5868
bi,va,0.5882
bi,vc,0.5807
bi,ve,0.5574
bi,vg,0.6377
bi,vi,0.6
bi,vn,0.7328
bi,vu,0.5928
bi,wf,0.5655
bi,ws,0.5968
bi,xk,0.6407
bi,ye,0.6039
bi,yt,0.5971
bi,za,0.5816
bi,zm,0.6771
bi,zw,0.651
bj,ad,0.4557
bj,ae,0.6414
bj,af,0.5358
bj,ag,0.6001
bj,ai,0.6528
bj,al,0.6791
bj,am,0.6084
bj,ao,0.5995
bj,aq,0.7101
bj,ar,0.6944
bj,as,0.6198
bj,at,0.65
bj,au,0.6725
bj,aw,0.6747
bj,ax,0.5953
bj,az,0.5873
bj,ba,0.5588
bj,bb,0.5928
bj,bd,0.6173
bj,be,0.4784
bj,bf,0.542
bj,bg,0.606
bj,bh,0.6367
bj,bi,0.5842
bj,bj,0.0
bj,bl,0.7377
bj,bm,0.5516
bj,bn,0.5878
bj,bo,0.5608
bj,bq,0.6868
bj,br,0.4862
bj,bs,0.5827
bj,bt,0.5186
bj,bv,0.5659
bj,bw,0.6613
bj,by,0.5901
bj,bz,0.6055
bj,ca,0.674
bj,cc,0.6528
bj,cd,0.6891
bj,cf,0.5628
bj,cg,0.39
bj,ch,0.6867
bj,ci,0.7124
bj,ck,0.6471
bj,cl,0.5533
bj,cm,0.3866
bj,cn,0.5711
bj,co,0.475
bj,cr,0.6345
bj,cu,0.6811
bj,cv,0.6746
bj,cw,0.6787
bj,cx,0.5569
bj,cy,0.7861
bj,cz,0.5326
bj,de,0.6162
bj,dj,0.6958
bj,dk,0.6288
bj,dm,0.5582
bj,do,0.6128
bj,dz,0.5999
bj,ec,0.4557
bj,ee,0.7197
bj,eg,0.6357
bj,eh,0.6548
bj,er,0.5718
bj,es,0.5425
bj,et,0.5277
bj,fi,0.7071
bj,fj,0.6389
bj,fk,0.6351
bj,fm,0.7142
bj,fo,0.7001
bj,fr,0.5498
bj,ga,0.547
bj,gb-eng,0.7295
bj,gb-nir,0.7361
bj,gb-sct,0.7063
bj,gb-wls,0.5774
bj,gb,0.5767
bj,gd,0.4929
bj,ge,0.7059
bj,gf,0.6317
bj,gg,0.6891
bj,gh,0.5444
bj,gi,0.663
bj,gl,0.6439
bj,gm,0.5735
bj,gn,0.5979
bj,gp,0.5864
bj,gq,0.5432
bj,gr,0.6715
bj,gs,0.6316
bj,gt,0.6635
bj,gu,0.6381
bj,gw,0.5058
bj,gy,0.5737
bj,hk,0.5689
bj,hm,0.7131
bj,hn,0.758
bj,hr,0.6432
bj,ht,0.6021
bj,hu,0.6158
bj,id,0.7611
bj,ie,0.5266
bj,il,0.7288
bj,im,0.6277
bj,in,0.6125
bj,io,0.5912
bj,iq,0.634
bj,ir,0.5972
bj,is,0.6536
bj,it,0.4872
bj,je,0.7275
bj,jm,0.5829
bj,jo,0.6605
bj,jp,0.7773
bj,ke,0.5943
bj,kg,0.6688
bj,kh,0.595
bj,ki,0.5944
bj,km,0.4554
bj,kn,0.4943
bj,kp,0.5518
bj,kr,0.7428
bj,kw,0.5717
bj,ky,0.6412
bj,kz,0.6886
bj,la,0.5868
bj,lb,0.6542
bj,lc,0.7254
bj,li,0.6101
bj,lk,0.491
bj,lr,0.5768
bj,ls,0.6516
bj,lt,0.5144
bj,lu,0.6864
bj,lv,0.6164
bj,ly,0.6223
bj,ma,0.6127
bj,mc,0.7359
bj,md,0.4334
bj,me,0.6013
bj,mf,0.5498
bj,mg,0.6695
bj,mh,0.6343
bj,mk,0.5548
bj,ml,0.4052
bj,mm,0.4878
bj,mn,0.6213
bj,mo,0.6354
bj,mp,0.6586
bj,mq,0.5933
bj,mr,0.5689
bj,ms,0.6473
bj,mt,0.6739
bj,mu,0.5757
bj,mv,0.5835
bj,mw,0.5776
bj,mx,0.5135
bj,my,0.569
bj,mz,0.6258
bj,na,0.5474
bj,nc,0.5621
bj,ne,0.6176
bj,nf,0.6207
bj,ng,0.5717
bj,ni,0.7225
bj,nl,0.6314
bj,no,0.5659
bj,np,0.5665
bj,nr,0.6792
bj,nu,0.5372
bj,nz,0.672
bj,om,0.6226
bj,pa,0.6507
bj,pe,0.6599
bj,pf,0.646
bj,pg,0.5337
bj,ph,0.6501
bj,pk,0.7084
bj,pl,0.644
bj,pm,0.5986
bj,pn,0.6214
bj,pr,0.6008
bj,ps,0.6732
bj,pt,0.4777
bj,pw,0.7642
bj,py,0.6418
bj,qa,0.6669
bj,re,0.6311
bj,ro,0.4193
bj,rs,0.6464
bj,ru,0.6227
bj,rw,0.6069
bj,sa,0.6364
bj,sb,0.5823
bj,sc,0.5593
bj,sd,0.5817
bj,se,0.6177
bj,sg,0.7246
bj,sh,0.653
bj,si,0.6836
bj,sj,0.5659
bj,sk,0.5905
bj,sl,0.6527
bj,sm,0.675
bj,sn,0.4103
bj,so,0.719
bj,sr,0.5568
bj,ss,0.5491
bj,st,0.5699
bj,sv,0.7045
bj,sx,0.6255
bj,sy,0.6217
bj,sz,0.5389
bj,tc,0.6474
bj,td,0.4226
bj,tf,0.6619
bj,tg,0.5791
bj,th,0.5977
bj,tj,0.666
bj,tk,0.5899
bj,tl,0.5522
bj,tm,0.6391
bj,tn,0.6608
bj,to,0.6518
bj,tr,0.6499
bj,tt,0.5986
bj,tv,0.7025
bj,tw,0.6153
bj,tz,0.627
bj,ua,0.6433
bj,ug,0.5577
bj,um,0.5285
bj,us,0.5285
bj,uy,0.7059
bj,uz,0.6566
bj,va,0.6997
bj,vc,0.5431
bj,ve,0.5016
bj,vg,0.6328
bj,vi,0.6989
bj,vn,0.6895
bj,vu,0.534
bj,wf,0.5935
bj,ws,0.5563
bj,xk,0.6414
bj,ye,0.6484
bj,yt,0.7327
bj,za,0.5395
bj,zm,0.5539
bj,zw,0.5612
bl,ad,0.7586
bl,ae,0.757
bl,af,0.8321
bl,ag,0.8047
bl,ai,0.7987
bl,al,0.8792
bl,am,0.7519
bl,ao,0.8949
bl,aq,0.649
bl,ar,0.4773
bl,as,0.7386
bl,at,0.663
bl,au,0.8162
bl,aw,0.6561
bl,ax,0.7293
bl,az,0.6927
bl,ba,0.7931
bl,bb,0.805
bl,bd,0.8329
bl,be,0.8114
bl,bf,0.7672
bl,bg,0.6095
bl,bh,0.5968
bl,bi,0.6053
bl,bj,0.7377
bl,bl,0.0
bl,bm,0.709
bl,bn,0.6277
bl,bo,0.7375
bl,bq,0.648
bl,br,0.7736
bl,bs,0.8048
bl,bt,0.6421
bl,bv,0.7235
bl,bw,0.638
bl,by,0.7646
bl,bz,0.7967
bl,ca,0.6888
bl,cc,0.901
bl,cd,0.716
bl,cf,0.6288
bl,cg,0.7184
bl,ch,0.8319
bl,ci,0.6527
bl,ck,0.7973
bl,cl,0.6443
bl,cm,0.7084
bl,cn,0.8167
bl,co,0.7285
bl,cr,0.6341
bl,cu,0.6876
bl,cv,0.757
bl,cw,0.8321
bl,cx,0.8087
bl,cy,0.253
bl,cz,0.626
bl,de,0.8321
bl,dj,0.5674
bl,dk,0.714
bl,dm,0.7755
bl,do,0.6915
bl,dz,0.5839
bl,ec,0.6974
bl,ee,0.6628
bl,eg,0.7428
bl,eh,0.7775
bl,er,0.6884
bl,es,0.7539
bl,et,0.7304
bl,fi,0.4838
bl,fj,0.5789
bl,fk,0.778
bl,fm,0.6225
bl,fo,0.372
bl,fr,0.7297
bl,ga,0.6808
bl,gb-eng,0.3533
bl,gb-nir,0.3828
bl,gb-sct,0.5832
bl,gb-wls,0.5754
bl,gb,0.6085
bl,gd,0.7183
bl,ge,0.4459
bl,gf,0.7415
bl,gg,0.3733
bl,gh,0.7485
bl,gi,0.4971
bl,gl,0.5402
bl,gm,0.7232
bl,gn,0.7422
bl,gp,0.888
bl,gq,0.6646
bl,gr,0.5342
bl,gs,0.7949
bl,gt,0.5599
bl,gu,0.8425
bl,gw,0.7351
bl,gy,0.6943
bl,hk,0.7967
bl,hm,0.8405
bl,hn,0.6112
bl,hr,0.6735
bl,ht,0.7719
bl,hu,0.5937
bl,id,0.5844
bl,ie,0.5984
bl,il,0.457
bl,im,0.8146
bl,in,0.6256
bl,io,0.5581
bl,iq,0.7449
bl,ir,0.6252
bl,is,0.7018
bl,it,0.6733
bl,je,0.3466
bl,jm,0.823
bl,jo,0.7747
bl,jp,0.2582
bl,ke,0.8463
bl,kg,0.8833
bl,kh,0.7895
bl,ki,0.6671
bl,km,0.6501
bl,kn,0.7983
bl,kp,0.726
bl,kr,0.2799
bl,kw,0.7459
bl,ky,0.7927
bl,kz,0.7238
bl,la,0.8037
bl,lb,0.5587
bl,lc,0.6105
bl,li,0.8054
bl,lk,0.6648
bl,lr,0.5685
bl,ls,0.6495
bl,lt,0.7225
bl,lu,0.5864
bl,lv,0.717
bl,ly,0.8739
bl,ma,0.798
bl,mc,0.5273
bl,md,0.7347
bl,me,0.8232
bl,mf,0.7297
bl,mg,0.5632
bl,mh,0.7489
bl,mk,0.7022
bl,ml,0.7399
bl,mm,0.6749
bl,mn,0.7403
bl,mo,0.8037
bl,mp,0.8059
bl,mq,0.8084
bl,mr,0.7635
bl,ms,0.8008
bl,mt,0.5437
bl,mu,0.7218
bl,mv,0.7785
bl,mw,0.8171
bl,mx,0.6993
bl,my,0.6262
bl,mz,0.7323
bl,na,0.7364
bl,nc,0.7523
bl,ne,0.6271
bl,nf,0.7224
bl,ng,0.7262
bl,ni,0.6501
bl,nl,0.629
bl,no,0.7235
bl,np,0.6758
bl,nr,0.8684
bl,nu,0.6916
bl,nz,0.8297
bl,om,0.6806
bl,pa,0.5744
bl,pe,0.7153
bl,pf,0.5565
bl,pg,0.8754
bl,ph,0.6825
bl,pk,0.7264
bl,pl,0.5465
bl,pm,0.629
bl,pn,0.7874
bl,pr,0.6923
bl,ps,0.7593
bl,pt,0.8634
bl,pw,0.7602
bl,py,0.6398
bl,qa,0.6055
bl,re,0.7062
bl,ro,0.7693
bl,rs,0.5356
bl,ru,0.6132
bl,rw,0.7196
bl,sa,0.8832
bl,sb,0.7559
bl,sc,0.6492
bl,sd,0.781
bl,se,0.7618
bl,sg,0.4613
bl,sh,0.8114
bl,si,0.6849
bl,sj,0.7235
bl,sk,0.5868
bl,sl,0.6119
bl,sm,0.3788
bl,sn,0.7445
bl,so,0.6945
bl,sr,0.6567
bl,ss,0.7636
bl,st,0.7595
bl,sv,0.6779
bl,sx,0.6863
bl,sy,0.7665
bl,sz,0.6999
bl,tc,0.8078
bl,td,0.7856
bl,tf,0.7077
bl,tg,0.7403
bl,th,0.6188
bl,tj,0.683
bl,tk,0.8263
bl,tl,0.8053
bl,tm,0.8032
bl,tn,0.8524
bl,to,0.8027
bl,tr,0.8338
bl,tt,0.7633
bl,tv,0.6914
bl,tw,0.8583
bl,tz,0.7698
bl,ua,0.7307
bl,ug,0.8211
bl,um,0.5707
bl,us,0.5707
bl,uy,0.4638
bl,uz,0.5829
bl,va,0.503
bl,vc,0.7414
bl,ve,0.7358
bl,vg,0.7922
bl,vi,0.257
bl,vn,0.9018
bl,vu,0.7996
bl,wf,0.7644
bl,ws,0.8041
bl,xk,0.7639
bl,ye,0.7453
bl,yt,0.2072
bl,za,0.7382
bl,zm,0.8533
bl,zw,0.7236
bm,ad,0.4683
bm,ae,0.5404
bm,af,0.551
bm,ag,0.4511
bm,ai,0.5606
bm,al,0.5819
bm,am,0.548
bm,ao,0.4698
bm,aq,0.7485
bm,ar,0.6822
bm,as,0.6287
bm,at,0.4211
bm,au,0.5898
bm,aw,0.6667
bm,ax,0.6111
bm,az,0.5887
bm,ba,0.6318
bm,bb,0.6128
bm,bd,0.6354
bm,be,0.5673
bm,bf,0.6059
bm,bg,0.5882
bm,bh,0.5895
bm,bi,0.5175
bm,bj,0.5516
bm,bl,0.709
bm,bm,0.0
bm,bn,0.5941
bm,bo,0.5508
bm,bq,0.6634
bm,br,0.6344
bm,bs,0.6309
bm,bt,0.5517
bm,bv,0.5036
bm,bw,0.6636
bm,by,0.4017
bm,bz,0.5774
bm,ca,0.6017
bm,cc,0.7059
bm,cd,0.6375
bm,cf,0.5158
bm,cg,0.5552
bm,ch,0.6014
bm,ci,0.6515
bm,ck,0.5688
bm,cl,0.5585
bm,cm,0.4793
bm,cn,0.5658
bm,co,0.5098
bm,cr,0.6037
bm,cu,0.6192
bm,cv,0.6521
bm,cw,0.6509
bm,cx,0.6182
bm,cy,0.768
bm,cz,0.577
bm,de,0.6041
bm,dj,0.6541
bm,dk,0.3727
bm,dm,0.5972
bm,do,0.5012
bm,dz,0.6797
bm,ec,0.5521
bm,ee,0.7183
bm,eg,0.5168
bm,eh,0.6112
bm,er,0.5425
bm,es,0.5103
bm,et,0.5325
bm,fi,0.7142
bm,fj,0.6177
bm,fk,0.5393
bm,fm,0.7158
bm,fo,0.6814
bm,fr,0.5497
bm,ga,0.6222
bm,gb-eng,0.6559
bm,gb-nir,0.7102
bm,gb-sct,0.6917
bm,gb-wls,0.5771
bm,gb,0.4679
bm,gd,0.429
bm,ge,0.6689
bm,gf,0.6422
bm,gg,0.6761
bm,gh,0.4838
bm,gi,0.5904
bm,gl,0.5131
bm,gm,0.4557
bm,gn,0.4999
bm,gp,0.6047
bm,gq,0.5605
bm,gr,0.6646
bm,gs,0.5439
bm,gt,0.6815
bm,gu,0.6215
bm,gw,0.5034
bm,gy,0.5527
bm,hk,0.5596
bm,hm,0.6183
bm,hn,0.778
bm,hr,0.5902
bm,ht,0.4354
bm,hu,0.5708
bm,id,0.7123
bm,ie,0.6269
bm,il,0.7015
bm,im,0.3031
bm,in,0.591
bm,io,0.5357
bm,iq,0.5164
bm,ir,0.5635
bm,is,0.6022
bm,it,0.622
bm,je,0.6685
bm,jm,0.5989
bm,jo,0.5544
bm,jp,0.7444
bm,ke,0.5757
bm,kg,0.5861
bm,kh,0.5578
bm,ki,0.5755
bm,km,0.5793
bm,kn,0.4844
bm,kp,0.5442
bm,kr,0.7226
bm,kw,0.5192
bm,ky,0.5577
bm,kz,0.7316
bm,la,0.4431
bm,lb,0.4808
bm,lc,0.739
bm,li,0.4125
bm,lk,0.4802
bm,lr,0.5189
bm,ls,0.6501
bm,lt,0.5248
bm,lu,0.6663
bm,lv,0.5553
bm,ly,0.6206
bm,ma,0.545
bm,mc,0.6041
bm,md,0.471
bm,me,0.5443
bm,mf,0.5497
bm,mg,0.619
bm,mh,0.6332
bm,mk,0.5081
bm,ml,0.4962
bm,mm,0.5428
bm,mn,0.5461
bm,mo,0.6738
bm,mp,0.6583
bm,mq,0.5716
bm,mr,0.5788
bm,ms,0.5555
bm,mt,0.5301
bm,mu,0.5655
bm,mv,0.3651
bm,mw,0.4929
bm,mx,0.5263
bm,my,0.5564
bm,mz,0.5512
bm,na,0.5027
bm,nc,0.5827
bm,ne,0.6074
bm,nf,0.6641
bm,ng,0.7023
bm,ni,0.7144
bm,nl,0.5915
bm,no,0.5036
bm,np,0.4433
bm,nr,0.6627
bm,nu,0.5996
bm,nz,0.5877
bm,om,0.4616
bm,pa,0.6157
bm,pe,0.469
bm,pf,0.4678
bm,pg,0.4686
bm,ph,0.4906
bm,pk,0.6707
bm,pl,0.4918
bm,pm,0.5834
bm,pn,0.5379
bm,pr,0.607
bm,ps,0.6273
bm,pt,0.5659
bm,pw,0.7886
bm,py,0.6099
bm,qa,0.5966
bm,re,0.5886
bm,ro,0.4763
bm,rs,0.6108
bm,ru,0.5862
bm,rw,0.6253
bm,sa,0.6681
bm,sb,0.5922
bm,sc,0.5483
bm,sd,0.5153
bm,se,0.639
bm,sg,0.676
bm,sh,0.5672
bm,si,0.6214
bm,sj,0.5036
bm,sk,0.5629
bm,sl,0.6854
bm,sm,0.6772
bm,sn,0.5696
bm,so,0.7242
bm,sr,0.552
bm,ss,0.6227
bm,st,0.613
bm,sv,0.6866
bm,sx,0.5784
bm,sy,0.6181
bm,sz,0.5229
bm,tc,0.5692
bm,td,0.4756
bm,tf,0.6339
bm,tg,0.5455
bm,th,0.5575
bm,tj,0.623
bm,tk,0.6114
bm,tl,0.5382
bm,tm,0.6428
bm,tn,0.5767
bm,to,0.5513
bm,tr,0.5731
bm,tt,0.3516
bm,tv,0.677
bm,tw,0.5463
bm,tz,0.6442
bm,ua,0.6419
bm,ug,0.5614
bm,um,0.5289
bm,us,0.5289
bm,uy,0.6746
bm,uz,0.6311
bm,va,0.7033
bm,vc,0.5843
bm,ve,0.4509
bm,vg,0.5495
bm,vi,0.6853
bm,vn,0.6087
bm,vu,0.4972
bm,wf,0.2849
bm,ws,0.3024
bm,xk,0.6373
bm,ye,0.5315
bm,yt,0.7046
bm,za,0.5601
bm,zm,0.6418
bm,zw,0.5775
bn,ad,0.6355
bn,ae,0.638
bn,af,0.6538
bn,ag,0.6905
bn,ai,0.7181
bn,al,0.7289
bn,am,0.6173
bn,ao,0.6943
bn,aq,0.7577
bn,ar,0.6751
bn,as,0.7622
bn,at,0.6565
bn,au,0.7364
bn,aw,0.705
bn,ax,0.6877
bn,az,0.6422
bn,ba,0.7133
bn,bb,0.7004
bn,bd,0.722
bn,be,0.6334
bn,bf,0.6484
bn,bg,0.5723
bn,bh,0.6292
bn,bi,0.5918
bn,bj,0.5878
bn,bl,0.6277
bn,bm,0.5941
bn,bn,0.0
bn,bo,0.6135
bn,bq,0.6791
bn,br,0.6684
bn,bs,0.7005
bn,bt,0.5294
bn,bv,0.6299
bn,bw,0.6851
bn,by,0.643
bn,bz,0.7039
bn,ca,0.6583
bn,cc,0.7443
bn,cd,0.7302
bn,cf,0.5777
bn,cg,0.5895
bn,ch,0.7078
bn,ci,0.6194
bn,ck,0.7236
bn,cl,0.5836
bn,cm,0.5985
bn,cn,0.6882
bn,co,0.5672
bn,cr,0.6924
bn,cu,0.7275
bn,cv,0.7707
bn,cw,0.7699
bn,cx,0.6957
bn,cy,0.6777
bn,cz,0.5877
bn,de,0.6958
bn,dj,0.6319
bn,dk,0.651
bn,dm,0.6662
bn,do,0.6483
bn,dz,0.6717
bn,ec,0.5476
bn,ee,0.748
bn,eg,0.6625
bn,eh,0.672
bn,er,0.6274
bn,es,0.6109
bn,et,0.6286
bn,fi,0.6801
bn,fj,0.6577
bn,fk,0.7099
bn,fm,0.7183
bn,fo,0.6377
bn,fr,0.671
bn,ga,0.6745
bn,gb-eng,0.64
bn,gb-nir,0.6472
bn,gb-sct,0.7143
bn,gb-wls,0.573
bn,gb,0.6227
bn,gd,0.5706
bn,ge,0.6355
bn,gf,0.6401
bn,gg,0.6248
bn,gh,0.6327
bn,gi,0.5969
bn,gl,0.6353
bn,gm,0.6087
bn,gn,0.604
bn,gp,0.7241
bn,gq,0.587
bn,gr,0.6687
bn,gs,0.7147
bn,gt,0.6658
bn,gu,0.7538
bn,gw,0.5654
bn,gy,0.6042
bn,hk,0.6752
bn,hm,0.7811
bn,hn,0.7742
bn,hr,0.6787
bn,ht,0.6894
bn,hu,0.6085
bn,id,0.7249
bn,ie,0.6015
bn,il,0.688
bn,im,0.6888
bn,in,0.5958
bn,io,0.6084
bn,iq,0.6593
bn,ir,0.6147
bn,is,0.708
bn,it,0.6318
bn,je,0.6384
bn,jm,0.6654
bn,jo,0.6658
bn,jp,0.6691
bn,ke,0.6944
bn,kg,0.7223
bn,kh,0.7436
bn,ki,0.6501
bn,km,0.5635
bn,kn,0.6518
bn,kp,0.6822
bn,kr,0.645
bn,kw,0.641
bn,ky,0.7249
bn,kz,0.7497
bn,la,0.6696
bn,lb,0.6191
bn,lc,0.7221
bn,li,0.7084
bn,lk,0.5262
bn,lr,0.5985
bn,ls,0.7008
bn,lt,0.5535
bn,lu,0.6854
bn,lv,0.6601
bn,ly,0.6962
bn,ma,0.6693
bn,mc,0.7035
bn,md,0.6247
bn,me,0.6513
bn,mf,0.671
bn,mg,0.6034
bn,mh,0.7198
bn,mk,0.5811
bn,ml,0.5909
bn,mm,0.5377
bn,mn,0.6599
bn,mo,0.7358
bn,mp,0.7704
bn,mq,0.6756
bn,mr,0.6437
bn,ms,0.7208
bn,mt,0.6443
bn,mu,0.6351
bn,mv,0.6583
bn,mw,0.6811
bn,mx,0.6359
bn,my,0.6094
bn,mz,0.6185
bn,na,0.6408
bn,nc,0.671
bn,ne,0.6001
bn,nf,0.662
bn,ng,0.6908
bn,ni,0.7687
bn,nl,0.6611
bn,no,0.6299
bn,np,0.5986
bn,nr,0.7993
bn,nu,0.5725
bn,nz,0.7472
bn,om,0.612
bn,pa,0.6547
bn,pe,0.6605
bn,pf,0.6192
bn,pg,0.6789
bn,ph,0.698
bn,pk,0.7268
bn,pl,0.5948
bn,pm,0.6441
bn,pn,0.7021
bn,pr,0.6997
bn,ps,0.673
bn,pt,0.6899
bn,pw,0.8099
bn,py,0.6723
bn,qa,0.6542
bn,re,0.6771
bn,ro,0.6336
bn,rs,0.635
bn,ru,0.5859
bn,rw,0.683
bn,sa,0.7473
bn,sb,0.6805
bn,sc,0.5853
bn,sd,0.6238
bn,se,0.7192
bn,sg,0.6667
bn,sh,0.7271
bn,si,0.6532
bn,sj,0.6299
bn,sk,0.5839
bn,sl,0.6949
bn,sm,0.6127
bn,sn,0.6021
bn,so,0.7626
bn,sr,0.6084
bn,ss,0.6994
bn,st,0.6526
bn,sv,0.763
bn,sx,0.6583
bn,sy,0.6899
bn,sz,0.623
bn,tc,0.7215
bn,td,0.6369
bn,tf,0.7138
bn,tg,0.6291
bn,th,0.612
bn,tj,0.6569
bn,tk,0.7335
bn,tl,0.6496
bn,tm,0.6931
bn,tn,0.7113
bn,to,0.6881
bn,tr,0.7012
bn,tt,0.6509
bn,tv,0.7329
bn,tw,0.7073
bn,tz,0.6825
bn,ua,0.6886
bn,ug,0.6405
bn,um,0.588
bn,us,0.588
bn,uy,0.6623
bn,uz,0.6562
bn,va,0.5224
bn,vc,0.6098
bn,ve,0.5659
bn,vg,0.7169
bn,vi,0.6052
bn,vn,0.7395
bn,vu,0.6476
bn,wf,0.6423
bn,ws,0.6804
bn,xk,0.7428
bn,ye,0.6705
bn,yt,0.6184
bn,za,0.6204
bn,zm,0.6902
bn,zw,0.6342
bo,ad,0.5798
bo,ae,0.5284
bo,af,0.4833
bo,ag,0.604
bo,ai,0.5843
bo,al,0.6491
bo,am,0.6
bo,ao,0.5188
bo,aq,0.7201
bo,ar,0.6493
bo,as,0.5994
bo,at,0.5541
bo,au,0.6114
bo,aw,0.687
bo,ax,0.546
bo,az,0.5939
bo,ba,0.6126
bo,bb,0.6238
bo,bd,0.6005
bo,be,0.5744
bo,bf,0.4613
bo,bg,0.6678
bo,bh,0.567
bo,bi,0.5852
bo,bj,0.5608
bo,bl,0.7375
bo,bm,0.5508
bo,bn,0.6135
bo,bo,0.0
bo,bq,0.6354
bo,br,0.5466
bo,bs,0.5658
bo,bt,0.5528
bo,bv,0.5496
bo,bw,0.6792
bo,by,0.4145
bo,bz,0.6021
bo,ca,0.6726
bo,cc,0.6088
bo,cd,0.6689
bo,cf,0.5776
bo,cg,0.5558
bo,ch,0.6403
bo,ci,0.6328
bo,ck,0.5934
bo,cl,0.6298
bo,cm,0.5351
bo,cn,0.6279
bo,co,0.5561
bo,cr,0.6078
bo,cu,0.6301
bo,cv,0.6382
bo,cw,0.6601
bo,cx,0.5747
bo,cy,0.7885
bo,cz,0.6765
bo,de,0.6368
bo,dj,0.6106
bo,dk,0.5832
bo,dm,0.4536
bo,do,0.5571
bo,dz,0.6338
bo,ec,0.5579
bo,ee,0.8074
bo,eg,0.438
bo,eh,0.4557
bo,er,0.5344
bo,es,0.4774
bo,et,0.5456
bo,fi,0.7869
bo,fj,0.6031
bo,fk,0.5738
bo,fm,0.7137
bo,fo,0.7406
bo,fr,0.6431
bo,ga,0.5254
bo,gb-eng,0.7639
bo,gb-nir,0.7716
bo,gb-sct,0.7149
bo,gb-wls,0.5425
bo,gb,0.5553
bo,gd,0.5368
bo,ge,0.7333
bo,gf,0.6229
bo,gg,0.739
bo,gh,0.2706
bo,gi,0.6703
bo,gl,0.6838
bo,gm,0.4654
bo,gn,0.5529
bo,gp,0.6084
bo,gq,0.5862
bo,gr,0.6517
bo,gs,0.5717
bo,gt,0.6928
bo,gu,0.6313
bo,gw,0.4839
bo,gy,0.5148
bo,hk,0.6098
bo,hm,0.652
bo,hn,0.6996
bo,hr,0.452
bo,ht,0.6381
bo,hu,0.442
bo,id,0.6709
bo,ie,0.6262
bo,il,0.68
bo,im,0.6041
bo,in,0.3736
bo,io,0.5621
bo,iq,0.4379
bo,ir,0.5992
bo,is,0.5872
bo,it,0.6266
bo,je,0.715
bo,jm,0.5892
bo,jo,0.4617
bo,jp,0.7908
bo,ke,0.5128
bo,kg,0.6381
bo,kh,0.5606
bo,ki,0.51
bo,km,0.5167
bo,kn,0.5823
bo,kp,0.5591
bo,kr,0.7401
bo,kw,0.5829
bo,ky,0.5817
bo,kz,0.6834
bo,la,0.5998
bo,lb,0.5811
bo,lc,0.7486
bo,li,0.6511
bo,lk,0.479
bo,lr,0.6031
bo,ls,0.5404
bo,lt,0.5741
bo,lu,0.497
bo,lv,0.5413
bo,ly,0.562
bo,ma,0.5859
bo,mc,0.6653
bo,md,0.569
bo,me,0.5795
bo,mf,0.6431
bo,mg,0.524
bo,mh,0.6117
bo,mk,0.5056
bo,ml,0.5442
bo,mm,0.5695
bo,mn,0.5557
bo,mo,0.6235
bo,mp,0.6576
bo,mq,0.5685
bo,mr,0.5548
bo,ms,0.5838
bo,mt,0.6729
bo,mu,0.46
bo,mv,0.537
bo,mw,0.4907
bo,mx,0.6125
bo,my,0.6196
bo,mz,0.6435
bo,na,0.5366
bo,nc,0.4989
bo,ne,0.4174
bo,nf,0.5775
bo,ng,0.6756
bo,ni,0.6338
bo,nl,0.4536
bo,no,0.5496
bo,np,0.5269
bo,nr,0.6391
bo,nu,0.617
bo,nz,0.6135
bo,om,0.555
bo,pa,0.6268
bo,pe,0.6538
bo,pf,0.5733
bo,pg,0.5258
bo,ph,0.6484
bo,pk,0.6434
bo,pl,0.7074
bo,pm,0.5414
bo,pn,0.5555
bo,pr,0.6643
bo,ps,0.4957
bo,pt,0.5729
bo,pw,0.7581
bo,py,0.4088
bo,qa,0.6268
bo,re,0.6876
bo,ro,0.5685
bo,rs,0.6407
bo,ru,0.7013
bo,rw,0.6178
bo,sa,0.6169
bo,sb,0.5877
bo,sc,0.4849
bo,sd,0.443
bo,se,0.5639
bo,sg,0.6582
bo,sh,0.5879
bo,si,0.8035
bo,sj,0.5496
bo,sk,0.6974
bo,sl,0.5688
bo,sm,0.663
bo,sn,0.5565
bo,so,0.7214
bo,sr,0.5738
bo,ss,0.536
bo,st,0.5015
bo,sv,0.6007
bo,sx,0.5023
bo,sy,0.4968
bo,sz,0.5358
bo,tc,0.5796
bo,td,0.565
bo,tf,0.6162
bo,tg,0.5162
bo,th,0.6432
bo,tj,0.4736
bo,tk,0.6323
bo,tl,0.4882
bo,tm,0.5836
bo,tn,0.628
bo,to,0.6361
bo,tr,0.6238
bo,tt,0.5685
bo,tv,0.6426
bo,tw,0.6796
bo,tz,0.5767
bo,ua,0.6961
bo,ug,0.6253
bo,um,0.588
bo,us,0.588
bo,uy,0.7008
bo,uz,0.5714
bo,va,0.6779
bo,vc,0.5276
bo,ve,0.6196
bo,vg,0.5696
bo,vi,0.7093
bo,vn,0.6617
bo,vu,0.4604
bo,wf,0.595
bo,ws,0.6205
bo,xk,0.6411
bo,ye,0.4542
bo,yt,0.7378
bo,za,0.5041
bo,zm,0.5758
bo,zw,0.5623
bq,ad,0.7087
bq,ae,0.6476
bq,af,0.6809
bq,ag,0.7333
bq,ai,0.6376
bq,al,0.8252
bq,am,0.6967
bq,ao,0.693
bq,aq,0.6393
bq,ar,0.6056
bq,as,0.714
bq,at,0.6853
bq,au,0.6207
bq,aw,0.627
bq,ax,0.6537
bq,az,0.6314
bq,ba,0.5504
bq,bb,0.6731
bq,bd,0.6796
bq,be,0.7577
bq,bf,0.6401
bq,bg,0.5802
bq,bh,0.6604
bq,bi,0.6181
bq,bj,0.6868
bq,bl,0.648
bq,bm,0.6634
bq,bn,0.6791
bq,bo,0.6354
bq,bq,0.0
bq,br,0.6569
bq,bs,0.7137
bq,bt,0.6474
bq,bv,0.6515
bq,bw,0.6244
bq,by,0.6388
bq,bz,0.6374
bq,ca,0.7259
bq,cc,0.7414
bq,cd,0.6491
bq,cf,0.6519
bq,cg,0.697
bq,ch,0.7844
bq,ci,0.5757
bq,ck,0.6071
bq,cl,0.6498
bq,cm,0.7255
bq,cn,0.7753
bq,co,0.5937
bq,cr,0.6368
bq,cu,0.5643
bq,cv,0.5659
bq,cw,0.6942
bq,cx,0.6547
bq,cy,0.683
bq,cz,0.6318
bq,de,0.8213
bq,dj,0.4907
bq,dk,0.6912
bq,dm,0.6499
bq,do,0.6362
bq,dz,0.718
bq,ec,0.6278
bq,ee,0.7335
bq,eg,0.6416
bq,eh,0.7063
bq,er,0.6253
bq,es,0.712
bq,et,0.6749
bq,fi,0.6313
bq,fj,0.5718
bq,fk,0.6161
bq,fm,0.6464
bq,fo,0.6109
bq,fr,0.6746
bq,ga,0.6332
bq,gb-eng,0.6609
bq,gb-nir,0.6646
bq,gb-sct,0.6117
bq,gb-wls,0.5516
bq,gb,0.6091
bq,gd,0.6388
bq,ge,0.686
bq,gf,0.6994
bq,gg,0.6588
bq,gh,0.6414
bq,gi,0.6435
bq,gl,0.6319
bq,gm,0.6054
bq,gn,0.6354
bq,gp,0.6858
bq,gq,0.6929
bq,gr,0.5859
bq,gs,0.6067
bq,gt,0.5865
bq,gu,0.664
bq,gw,0.6162
bq,gy,0.6279
bq,hk,0.7474
bq,hm,0.6363
bq,hn,0.6515
bq,hr,0.623
bq,ht,0.6212
bq,hu,0.5947
bq,id,0.7656
bq,ie,0.6529
bq,il,0.6191
bq,im,0.7441
bq,in,0.5798
bq,io,0.5404
bq,iq,0.6368
bq,ir,0.6542
bq,is,0.622
bq,it,0.643
bq,je,0.6573
bq,jm,0.6861
bq,jo,0.7065
bq,jp,0.6799
bq,ke,0.7038
bq,kg,0.8255
bq,kh,0.6567
bq,ki,0.6328
bq,km,0.5687
bq,kn,0.7091
bq,kp,0.6603
bq,kr,0.6299
bq,kw,0.7371
bq,ky,0.6192
bq,kz,0.6306
bq,la,0.6629
bq,lb,0.6526
bq,lc,0.6679
bq,li,0.7166
bq,lk,0.6415
bq,lr,0.6252
bq,ls,0.6443
bq,lt,0.6179
bq,lu,0.6043
bq,lv,0.6751
bq,ly,0.7061
bq,ma,0.7273
bq,mc,0.7276
bq,md,0.6911
bq,me,0.7628
bq,mf,0.6746
bq,mg,0.552
bq,mh,0.5929
bq,mk,0.6881
bq,ml,0.6825
bq,mm,0.6217
bq,mn,0.641
bq,mo,0.665
bq,mp,0.6448
bq,mq,0.6086
bq,mr,0.6592
bq,ms,0.6134
bq,mt,0.6194
bq,mu,0.6367
bq,mv,0.6808
bq,mw,0.7011
bq,mx,0.6517
bq,my,0.7082
bq,mz,0.708
bq,na,0.5969
bq,nc,0.6483
bq,ne,0.6228
bq,nf,0.6157
bq,ng,0.6316
bq,ni,0.6402
bq,nl,0.5976
bq,no,0.6515
bq,np,0.5784
bq,nr,0.7061
bq,nu,0.7633
bq,nz,0.6285
bq,om,0.5751
bq,pa,0.6719
bq,pe,0.6786
bq,pf,0.6508
bq,pg,0.7229
bq,ph,0.6169
bq,pk,0.6203
bq,pl,0.6139
bq,pm,0.5659
bq,pn,0.6069
bq,pr,0.731
bq,ps,0.6997
bq,pt,0.7823
bq,pw,0.6997
bq,py,0.5917
bq,qa,0.6089
bq,re,0.6524
bq,ro,0.7069
bq,rs,0.6266
bq,ru,0.5746
bq,rw,0.6481
bq,sa,0.7021
bq,sb,0.6176
bq,sc,0.6532
bq,sd,0.6649
bq,se,0.661
bq,sg,0.6979
bq,sh,0.6287
bq,si,0.6406
bq,sj,0.6515
bq,sk,0.5658
bq,sl,0.5975
bq,sm,0.5352
bq,sn,0.6946
bq,so,0.6481
bq,sr,0.6125
bq,ss,0.6878
bq,st,0.6736
bq,sv,0.6422
bq,sx,0.492
bq,sy,0.6483
bq,sz,0.6218
bq,tc,0.6327
bq,td,0.7153
bq,tf,0.6046
bq,tg,0.6433
bq,th,0.6034
bq,tj,0.6511
bq,tk,0.7454
bq,tl,0.7495
bq,tm,0.65
bq,tn,0.7779
bq,to,0.7471
bq,tr,0.7747
bq,tt,0.6972
bq,tv,0.5888
bq,tw,0.8293
bq,tz,0.661
bq,ua,0.7583
bq,ug,0.7393
bq,um,0.6193
bq,us,0.6193
bq,uy,0.5678
bq,uz,0.5922
bq,va,0.6784
bq,vc,0.6609
bq,ve,0.6139
bq,vg,0.6147
bq,vi,0.6141
bq,vn,0.8439
bq,vu,0.6503
bq,wf,0.733
bq,ws,0.747
bq,xk,0.6417
bq,ye,0.6451
bq,yt,0.6247
bq,za,0.6055
bq,zm,0.7323
bq,zw,0.6469
br,ad,0.6126
br,ae,0.5909
br,af,0.5026
br,ag,0.6207
br,ai,0.5735
br,al,0.7716
br,am,0.6446
br,ao,0.6288
br,aq,0.6411
br,ar,0.6779
br,as,0.626
br,at,0.7151
br,au,0.5995
br,aw,0.6259
br,ax,0.5343
br,az,0.5286
br,ba,0.5823
br,bb,0.5823
br,bd,0.5305
br,be,0.6319
br,bf,0.4852
br,bg,0.6844
br,bh,0.7228
br,bi,0.6239
br,bj,0.4862
br,bl,0.7736
br,bm,0.6344
br,bn,0.6684
br,bo,0.5466
br,bq,0.6569
br,br,0.0
br,bs,0.5354
br,bt,0.648
br,bv,0.6374
br,bw,0.6379
br,by,0.5907
br,bz,0.6184
br,ca,0.7647
br,cc,0.5683
br,cd,0.6381
br,cf,0.581
br,cg,0.524
br,ch,0.7855
br,ci,0.6417
br,ck,0.5809
br,cl,0.692
br,cm,0.5621
br,cn,0.7476
br,co,0.6229
br,cr,0.6313
br,cu,0.6267
br,cv,0.5915
br,cw,0.5982
br,cx,0.5133
br,cy,0.8347
br,cz,0.6892
br,de,0.6212
br,dj,0.6138
br,dk,0.6993
br,dm,0.49
br,do,0.6205
br,dz,0.6685
br,ec,0.6241
br,ee,0.6773
br,eg,0.65
br,eh,0.5659
br,er,0.5555
br,es,0.6262
br,et,0.5214
br,fi,0.7543
br,fj,0.5993
br,fk,0.5605
br,fm,0.6863
br,fo,0.7439
br,fr,0.6588
br,ga,0.5063
br,gb-eng,0.7898
br,gb-nir,0.7957
br,gb-sct,0.6764
br,gb-wls,0.5859
br,gb,0.5947
br,gd,0.5861
br,ge,0.7814
br,gf,0.5675
br,gg,0.7723
br,gh,0.5459
br,gi,0.7485
br,gl,0.7431
br,gm,0.576
br,gn,0.5775
br,gp,0.5501
br,gq,0.5974
br,gr,0.6441
br,gs,0.5554
br,gt,0.6577
br,gu,0.5992
br,gw,0.5149
br,gy,0.5165
br,hk,0.7365
br,hm,0.6445
br,hn,0.6689
br,hr,0.6759
br,ht,0.6091
br,hu,0.6237
br,id,0.7965
br,ie,0.6413
br,il,0.714
br,im,0.7108
br,in,0.6157
br,io,0.5761
br,iq,0.6437
br,ir,0.6329
br,is,0.5625
br,it,0.5686
br,je,0.7804
br,jm,0.5642
br,jo,0.5735
br,jp,0.8255
br,ke,0.527
br,kg,0.7896
br,kh,0.5814
br,ki,0.6233
br,km,0.5698
br,kn,0.5335
br,kp,0.5957
br,kr,0.7656
br,kw,0.5956
br,ky,0.5622
br,kz,0.5982
br,la,0.6481
br,lb,0.7059
br,lc,0.698
br,li,0.6094
br,lk,0.5549
br,lr,0.6512
br,ls,0.526
br,lt,0.606
br,lu,0.6732
br,lv,0.6513
br,ly,0.6026
br,ma,0.6764
br,mc,0.757
br,md,0.5862
br,me,0.71
br,mf,0.6588
br,mg,0.6601
br,mh,0.5903
br,mk,0.6451
br,ml,0.5741
br,mm,0.6219
br,mn,0.6226
br,mo,0.5559
br,mp,0.5811
br,mq,0.5324
br,mr,0.5859
br,ms,0.5664
br,mt,0.746
br,mu,0.5508
br,mv,0.6563
br,mw,0.5126
br,mx,0.6195
br,my,0.6402
br,mz,0.576
br,na,0.4605
br,nc,0.4324
br,ne,0.6099
br,nf,0.5704
br,ng,0.4709
br,ni,0.6433
br,nl,0.6255
br,no,0.6374
br,np,0.5296
br,nr,0.5955
br,nu,0.6686
br,nz,0.5973
br,om,0.6507
br,pa,0.697
br,pe,0.736
br,pf,0.7095
br,pg,0.6114
br,ph,0.6305
br,pk,0.6325
br,pl,0.7595
br,pm,0.5335
br,pn,0.5453
br,pr,0.7125
br,ps,0.5738
br,pt,0.6388
br,pw,0.6872
br,py,0.6424
br,qa,0.6847
br,re,0.6497
br,ro,0.6014
br,rs,0.654
br,ru,0.6997
br,rw,0.5451
br,sa,0.5471
br,sb,0.5284
br,sc,0.5537
br,sd,0.6119
br,se,0.5332
br,sg,0.7582
br,sh,0.5733
br,si,0.7688
br,sj,0.6374
br,sk,0.6905
br,sl,0.5869
br,sm,0.6985
br,sn,0.5863
br,so,0.6717
br,sr,0.5582
br,ss,0.4734
br,st,0.5122
br,sv,0.6273
br,sx,0.6088
br,sy,0.5704
br,sz,0.5373
br,tc,0.564
br,td,0.6003
br,tf,0.5924
br,tg,0.5477
br,th,0.6365
br,tj,0.6623
br,tk,0.5691
br,tl,0.6615
br,tm,0.5069
br,tn,0.7573
br,to,0.7269
br,tr,0.7452
br,tt,0.6536
br,tv,0.6038
br,tw,0.7388
br,tz,0.5233
br,ua,0.6206
br,ug,0.6144
br,um,0.6112
br,us,0.6112
br,uy,0.6925
br,uz,0.5999
br,va,0.7418
br,vc,0.5186
br,ve,0.6253
br,vg,0.5514
br,vi,0.7434
br,vn,0.8069
br,vu,0.4766
br,wf,0.6793
br,ws,0.6522
br,xk,0.6001
br,ye,0.6605
br,yt,0.7745
br,za,0.5506
br,zm,0.5488
br,zw,0.5691
bs,ad,0.6037
bs,ae,0.5363
bs,af,0.4777
bs,ag,0.6088
bs,ai,0.5724
bs,al,0.7789
bs,am,0.7096
bs,ao,0.5841
bs,aq,0.6426
bs,ar,0.6677
bs,as,0.5698
bs,at,0.73
bs,au,0.6026
bs,aw,0.6401
bs,ax,0.5134
bs,az,0.5024
bs,ba,0.5743
bs,bb,0.5712
bs,bd,0.5544
bs,be,0.5396
bs,bf,0.6015
bs,bg,0.7233
bs,bh,0.7852
bs,bi,0.6481
bs,bj,0.5827
bs,bl,0.8048
bs,bm,0.6309
bs,bn,0.7005
bs,bo,0.5658
bs,bq,0.7137
bs,br,0.5354
bs,bs,0.0
bs,bt,0.7077
bs,bv,0.6346
bs,bw,0.615
bs,by,0.5993
bs,bz,0.5759
bs,ca,0.7438
bs,cc,0.611
bs,cd,0.6058
bs,cf,0.6347
bs,cg,0.5901
bs,ch,0.7844
bs,ci,0.6699
bs,ck,0.5777
bs,cl,0.6641
bs,cm,0.579
bs,cn,0.7503
bs,co,0.6789
bs,cr,0.6216
bs,cu,0.6046
bs,cv,0.5724
bs,cw,0.5973
bs,cx,0.4847
bs,cy,0.8448
bs,cz,0.6603
bs,de,0.626
bs,dj,0.6739
bs,dk,0.7028
bs,dm,0.5107
bs,do,0.6261
bs,dz,0.6182
bs,ec,0.6827
bs,ee,0.6502
bs,eg,0.6415
bs,eh,0.4993
bs,er,0.5506
bs,es,0.6302
bs,et,0.565
bs,fi,0.7704
bs,fj,0.5957
bs,fk,0.56
bs,fm,0.693
bs,fo,0.7573
bs,fr,0.6122
bs,ga,0.4783
bs,gb-eng,0.7959
bs,gb-nir,0.7952
bs,gb-sct,0.6548
bs,gb-wls,0.6192
bs,gb,0.5865
bs,gd,0.6203
bs,ge,0.7874
bs,gf,0.6799
bs,gg,0.7748
bs,gh,0.5604
bs,gi,0.7826
bs,gl,0.7458
bs,gm,0.6013
bs,gn,0.5992
bs,gp,0.4997
bs,gq,0.6243
bs,gr,0.6293
bs,gs,0.5615
bs,gt,0.6536
bs,gu,0.5654
bs,gw,0.5895
bs,gy,0.4833
bs,hk,0.7308
bs,hm,0.6362
bs,hn,0.6473
bs,hr,0.6671
bs,ht,0.5782
bs,hu,0.6406
bs,id,0.802
bs,ie,0.6277
bs,il,0.7166
bs,im,0.7025
bs,in,0.6591
bs,io,0.5801
bs,iq,0.6398
bs,ir,0.6638
bs,is,0.544
bs,it,0.6155
bs,je,0.8053
bs,jm,0.5205
bs,jo,0.4979
bs,jp,0.8518
bs,ke,0.5085
bs,kg,0.7765
bs,kh,0.5175
bs,ki,0.6193
bs,km,0.5812
bs,kn,0.5464
bs,kp,0.58
bs,kr,0.8027
bs,kw,0.5355
bs,ky,0.5682
bs,kz,0.5855
bs,la,0.6309
bs,lb,0.7534
bs,lc,0.7162
bs,li,0.6025
bs,lk,0.5832
bs,lr,0.6516
bs,ls,0.5969
bs,lt,0.6668
bs,lu,0.6709
bs,lv,0.6645
bs,ly,0.5807
bs,ma,0.6822
bs,mc,0.7614
bs,md,0.6001
bs,me,0.7121
bs,mf,0.6122
bs,mg,0.7341
bs,mh,0.5562
bs,mk,0.6516
bs,ml,0.6063
bs,mm,0.6792
bs,mn,0.6217
bs,mo,0.5516
bs,mp,0.5647
bs,mq,0.5552
bs,mr,0.6049
bs,ms,0.5676
bs,mt,0.7981
bs,mu,0.5725
bs,mv,0.6439
bs,mw,0.4948
bs,mx,0.601
bs,my,0.6142
bs,mz,0.6219
bs,na,0.5263
bs,nc,0.4729
bs,ne,0.6521
bs,nf,0.5925
bs,ng,0.6144
bs,ni,0.6074
bs,nl,0.6236
bs,no,0.6346
bs,np,0.5651
bs,nr,0.5823
bs,nu,0.7272
bs,nz,0.5999
bs,om,0.62
bs,pa,0.6949
bs,pe,0.7097
bs,pf,0.7428
bs,pg,0.5533
bs,ph,0.699
bs,pk,0.7018
bs,pl,0.7655
bs,pm,0.5351
bs,pn,0.5467
bs,pr,0.7219
bs,ps,0.5277
bs,pt,0.6506
bs,pw,0.6626
bs,py,0.6415
bs,qa,0.7544
bs,re,0.6714
bs,ro,0.5854
bs,rs,0.6935
bs,ru,0.7384
bs,rw,0.5563
bs,sa,0.5633
bs,sb,0.5373
bs,sc,0.5686
bs,sd,0.5657
bs,se,0.5299
bs,sg,0.769
bs,sh,0.5759
bs,si,0.8156
bs,sj,0.6346
bs,sk,0.7364
bs,sl,0.5857
bs,sm,0.7108
bs,sn,0.5965
bs,so,0.6509
bs,sr,0.5629
bs,ss,0.5251
bs,st,0.519
bs,sv,0.5947
bs,sx,0.6795
bs,sy,0.5514
bs,sz,0.5278
bs,tc,0.5693
bs,td,0.5838
bs,tf,0.6053
bs,tg,0.5984
bs,th,0.6675
bs,tj,0.6912
bs,tk,0.5565
bs,tl,0.6482
bs,tm,0.5624
bs,tn,0.7451
bs,to,0.7564
bs,tr,0.7522
bs,tt,0.6513
bs,tv,0.6015
bs,tw,0.7271
bs,tz,0.5307
bs,ua,0.6598
bs,ug,0.6466
bs,um,0.5965
bs,us,0.5965
bs,uy,0.7226
bs,uz,0.5921
bs,va,0.7682
bs,vc,0.5521
bs,ve,0.7004
bs,vg,0.5587
bs,vi,0.7658
bs,vn,0.7952
bs,vu,0.5268
bs,wf,0.6817
bs,ws,0.64
bs,xk,0.5604
bs,ye,0.652
bs,yt,0.8041
bs,za,0.5349
bs,zm,0.5705
bs,zw,0.6832
bt,ad,0.5716
bt,ae,0.6331
bt,af,0.6413
bt,ag,0.6054
bt,ai,0.7318
bt,al,0.639
bt,am,0.601
bt,ao,0.683
bt,aq,0.7641
bt,ar,0.6604
bt,as,0.6944
bt,at,0.5768
bt,au,0.7437
bt,aw,0.7091
bt,ax,0.6406
bt,az,0.6289
bt,ba,0.6974
bt,bb,0.7069
bt,bd,0.7224
bt,be,0.5777
bt,bf,0.6282
bt,bg,0.6046
bt,bh,0.5778
bt,bi,0.5266
bt,bj,0.5186
bt,bl,0.6421
bt,bm,0.5517
bt,bn,0.5294
bt,bo,0.5528
bt,bq,0.6474
bt,br,0.648
bt,bs,0.7077
bt,bt,0.0
bt,bv,0.587
bt,bw,0.7011
bt,by,0.6042
bt,bz,0.6831
bt,ca,0.5717
bt,cc,0.7329
bt,cd,0.7664
bt,cf,0.5475
bt,cg,0.5194
bt,ch,0.5804
bt,ci,0.5317
bt,ck,0.7261
bt,cl,0.5892
bt,cm,0.5304
bt,cn,0.5957
bt,co,0.4461
bt,cr,0.6365
bt,cu,0.6682
bt,cv,0.7422
bt,cw,0.7741
bt,cx,0.7047
bt,cy,0.6828
bt,cz,0.6038
bt,de,0.5929
bt,dj,0.6453
bt,dk,0.5727
bt,dm,0.658
bt,do,0.6277
bt,dz,0.6779
bt,ec,0.4191
bt,ee,0.767
bt,eg,0.6338
bt,eh,0.6676
bt,er,0.5843
bt,es,0.4944
bt,et,0.5118
bt,fi,0.7079
bt,fj,0.6444
bt,fk,0.7113
bt,fm,0.7224
bt,fo,0.6375
bt,fr,0.621
bt,ga,0.5711
bt,gb-eng,0.6385
bt,gb-nir,0.6341
bt,gb-sct,0.7162
bt,gb-wls,0.6088
bt,gb,0.5821
bt,gd,0.4729
bt,ge,0.6117
bt,gf,0.5208
bt,gg,0.5988
bt,gh,0.5316
bt,gi,0.6055
bt,gl,0.5716
bt,gm,0.6051
bt,gn,0.5223
bt,gp,0.7046
bt,gq,0.5622
bt,gr,0.6831
bt,gs,0.7144
bt,gt,0.6774
bt,gu,0.7546
bt,gw,0.5166
bt,gy,0.5653
bt,hk,0.5611
bt,hm,0.7805
bt,hn,0.7791
bt,hr,0.6212
bt,ht,0.65
bt,hu,0.5601
bt,id,0.6358
bt,ie,0.5543
bt,il,0.6865
bt,im,0.6039
bt,in,0.5647
bt,io,0.592
bt,iq,0.6364
bt,ir,0.5501
bt,is,0.6995
bt,it,0.5799
bt,je,0.6375
bt,jm,0.6412
bt,jo,0.6648
bt,jp,0.6969
bt,ke,0.6659
bt,kg,0.5985
bt,kh,0.6707
bt,ki,0.5624
bt,km,0.5251
bt,kn,0.6128
bt,kp,0.6147
bt,kr,0.669
bt,kw,0.618
bt,ky,0.7207
bt,kz,0.7788
bt,la,0.63
bt,lb,0.5637
bt,lc,0.7472
bt,li,0.6683
bt,lk,0.4535
bt,lr,0.5489
bt,ls,0.7011
bt,lt,0.5302
bt,lu,0.6479
bt,lv,0.5928
bt,ly,0.7154
bt,ma,0.6015
bt,mc,0.6282
bt,md,0.5748
bt,me,0.5315
bt,mf,0.621
bt,mg,0.6139
bt,mh,0.7444
bt,mk,0.4756
bt,ml,0.4751
bt,mm,0.3899
bt,mn,0.5825
bt,mo,0.7276
bt,mp,0.7744
bt,mq,0.6515
bt,mr,0.6129
bt,ms,0.7283
bt,mt,0.5924
bt,mu,0.5653
bt,mv,0.6003
bt,mw,0.6438
bt,mx,0.5887
bt,my,0.5891
bt,mz,0.611
bt,na,0.6543
bt,nc,0.6388
bt,ne,0.5798
bt,nf,0.6664
bt,ng,0.6895
bt,ni,0.7595
bt,nl,0.6104
bt,no,0.587
bt,np,0.566
bt,nr,0.7903
bt,nu,0.4108
bt,nz,0.7537
bt,om,0.5878
bt,pa,0.6535
bt,pe,0.5618
bt,pf,0.5556
bt,pg,0.6664
bt,ph,0.6401
bt,pk,0.7147
bt,pl,0.5869
bt,pm,0.6206
bt,pn,0.7072
bt,pr,0.6483
bt,ps,0.6636
bt,pt,0.6052
bt,pw,0.8413
bt,py,0.6272
bt,qa,0.6267
bt,re,0.6852
bt,ro,0.5478
bt,rs,0.597
bt,ru,0.6334
bt,rw,0.6546
bt,sa,0.7567
bt,sb,0.7022
bt,sc,0.5805
bt,sd,0.634
bt,se,0.6621
bt,sg,0.5992
bt,sh,0.7362
bt,si,0.6962
bt,sj,0.587
bt,sk,0.585
bt,sl,0.6716
bt,sm,0.6483
bt,sn,0.5406
bt,so,0.7756
bt,sr,0.5626
bt,ss,0.6974
bt,st,0.5779
bt,sv,0.7493
bt,sx,0.6247
bt,sy,0.6766
bt,sz,0.5722
bt,tc,0.7298
bt,td,0.5487
bt,tf,0.7132
bt,tg,0.5553
bt,th,0.59
bt,tj,0.615
bt,tk,0.7001
bt,tl,0.5773
bt,tm,0.697
bt,tn,0.5986
bt,to,0.6343
bt,tr,0.6088
bt,tt,0.596
bt,tv,0.7462
bt,tw,0.671
bt,tz,0.7132
bt,ua,0.6072
bt,ug,0.5341
bt,um,0.5452
bt,us,0.5452
bt,uy,0.6518
bt,uz,0.6528
bt,va,0.5171
bt,vc,0.603
bt,ve,0.5044
bt,vg,0.7153
bt,vi,0.6121
bt,vn,0.6268
bt,vu,0.6409
bt,wf,0.5898
bt,ws,0.6425
bt,xk,0.7437
bt,ye,0.6396
bt,yt,0.6377
bt,za,0.626
bt,zm,0.6593
bt,zw,0.5579
bv,ad,0.5642
bv,ae,0.571
bv,af,0.5662
bv,ag,0.5352
bv,ai,0.5961
bv,al,0.615
bv,am,0.5209
bv,ao,0.5731
bv,aq,0.7296
bv,ar,0.6758
bv,as,0.6255
bv,at,0.5508
bv,au,0.6005
bv,aw,0.6476
bv,ax,0.6399
bv,az,0.6292
bv,ba,0.6208
bv,bb,0.6182
bv,bd,0.6447
bv,be,0.593
bv,bf,0.5922
bv,bg,0.6118
bv,bh,0.6179
bv,bi,0.5927
bv,bj,0.5659
bv,bl,0.7235
bv,bm,0.5036
bv,bn,0.6299
bv,bo,0.5496
bv,bq,0.6515
bv,br,0.6374
bv,bs,0.6346
bv,bt,0.587
bv,bv,0.0
bv,bw,0.6321
bv,by,0.5658
bv,bz,0.5603
bv,ca,0.6206
bv,cc,0.6938
bv,cd,0.6526
bv,cf,0.5749
bv,cg,0.5698
bv,ch,0.6124
bv,ci,0.6497
bv,ck,0.5866
bv,cl,0.6207
bv,cm,0.5812
bv,cn,0.6093
bv,co,0.5711
bv,cr,0.6426
bv,cu,0.6046
bv,cv,0.6405
bv,cw,0.6281
bv,cx,0.606
bv,cy,0.7739
bv,cz,0.6128
bv,de,0.6283
bv,dj,0.661
bv,dk,0.5806
bv,dm,0.5621
bv,do,0.563
bv,dz,0.6887
bv,ec,0.5699
bv,ee,0.7175
bv,eg,0.5611
bv,eh,0.5852
bv,er,0.5732
bv,es,0.5426
bv,et,0.5444
bv,fi,0.7279
bv,fj,0.615
bv,fk,0.5789
bv,fm,0.7046
bv,fo,0.7319
bv,fr,0.5974
bv,ga,0.6329
bv,gb-eng,0.7289
bv,gb-nir,0.7365
bv,gb-sct,0.6798
bv,gb-wls,0.5852
bv,gb,0.5438
bv,gd,0.5167
bv,ge,0.7126
bv,gf,0.6532
bv,gg,0.7364
bv,gh,0.5582
bv,gi,0.6398
bv,gl,0.6423
bv,gm,0.4941
bv,gn,0.5933
bv,gp,0.6127
bv,gq,0.5561
bv,gr,0.6149
bv,gs,0.569
bv,gt,0.676
bv,gu,0.5935
bv,gw,0.5797
bv,gy,0.537
bv,hk,0.5822
bv,hm,0.6275
bv,hn,0.7598
bv,hr,0.5596
bv,ht,0.5512
bv,hu,0.5414
bv,id,0.6827
bv,ie,0.627
bv,il,0.6915
bv,im,0.5788
bv,in,0.5698
bv,io,0.5703
bv,iq,0.5504
bv,ir,0.5706
bv,is,0.5918
bv,it,0.6142
bv,je,0.6936
bv,jm,0.6038
bv,jo,0.5758
bv,jp,0.7431
bv,ke,0.602
bv,kg,0.627
bv,kh,0.5822
bv,ki,0.5517
bv,km,0.5859
bv,kn,0.557
bv,kp,0.5753
bv,kr,0.7251
bv,kw,0.5718
bv,ky,0.5832
bv,kz,0.7059
bv,la,0.5104
bv,lb,0.5779
bv,lc,0.7349
bv,li,0.5479
bv,lk,0.5133
bv,lr,0.5658
bv,ls,0.6374
bv,lt,0.5303
bv,lu,0.6272
bv,lv,0.5558
bv,ly,0.6022
bv,ma,0.5707
bv,mc,0.6577
bv,md,0.5607
bv,me,0.5799
bv,mf,0.5974
bv,mg,0.6139
bv,mh,0.6147
bv,mk,0.5548
bv,ml,0.5824
bv,mm,0.5482
bv,mn,0.5304
bv,mo,0.6496
bv,mp,0.6345
bv,mq,0.5849
bv,mr,0.5611
bv,ms,0.5827
bv,mt,0.62
bv,mu,0.5591
bv,mv,0.5205
bv,mw,0.574
bv,mx,0.5918
bv,my,0.5649
bv,mz,0.5929
bv,na,0.5497
bv,nc,0.6054
bv,ne,0.5927
bv,nf,0.6612
bv,ng,0.689
bv,ni,0.6905
bv,nl,0.4908
bv,no,0.0
bv,np,0.5027
bv,nr,0.6652
bv,nu,0.6645
bv,nz,0.6052
bv,om,0.6242
bv,pa,0.6243
bv,pe,0.6105
bv,pf,0.5756
bv,pg,0.5722
bv,ph,0.5841
bv,pk,0.6631
bv,pl,0.6569
bv,pm,0.5509
bv,pn,0.5639
bv,pr,0.6171
bv,ps,0.5987
bv,pt,0.5823
bv,pw,0.7838
bv,py,0.5731
bv,qa,0.6
bv,re,0.6137
bv,ro,0.5666
bv,rs,0.5901
bv,ru,0.6106
bv,rw,0.6395
bv,sa,0.6522
bv,sb,0.5899
bv,sc,0.5573
bv,sd,0.5605
bv,se,0.6766
bv,sg,0.655
bv,sh,0.592
bv,si,0.6443
bv,sj,0.0
bv,sk,0.5987
bv,sl,0.6573
bv,sm,0.6819
bv,sn,0.5783
bv,so,0.7024
bv,sr,0.5213
bv,ss,0.6228
bv,st,0.627
bv,sv,0.6601
bv,sx,0.5686
bv,sy,0.605
bv,sz,0.5338
bv,tc,0.5975
bv,td,0.5689
bv,tf,0.6101
bv,tg,0.5725
bv,th,0.5181
bv,tj,0.606
bv,tk,0.6102
bv,tl,0.5703
bv,tm,0.6231
bv,tn,0.5986
bv,to,0.6139
bv,tr,0.5973
bv,tt,0.5514
bv,tv,0.6661
bv,tw,0.5981
bv,tz,0.6281
bv,ua,0.658
bv,ug,0.5882
bv,um,0.504
bv,us,0.504
bv,uy,0.699
bv,uz,0.6215
bv,va,0.7271
bv,vc,0.5908
bv,ve,0.5333
bv,vg,0.5734
bv,vi,0.692
bv,vn,0.6479
bv,vu,0.5652
bv,wf,0.5665
bv,ws,0.5419
bv,xk,0.6236
bv,ye,0.5711
bv,yt,0.7208
bv,za,0.5316
bv,zm,0.6326
bv,zw,0.589
bw,ad,0.6675
bw,ae,0.6991
bw,af,0.6481
bw,ag,0.6881
bw,ai,0.6447
bw,al,0.8325
bw,am,0.6911
bw,ao,0.722
bw,aq,0.6113
bw,ar,0.4132
bw,as,0.6873
bw,at,0.7564
bw,au,0.646
bw,aw,0.583
bw,ax,0.5911
bw,az,0.5749
bw,ba,0.6449
bw,bb,0.6471
bw,bd,0.6612
bw,be,0.6978
bw,bf,0.67
bw,bg,0.6274
bw,bh,0.7095
bw,bi,0.6177
bw,bj,0.6613
bw,bl,0.638
bw,bm,0.6636
bw,bn,0.6851
bw,bo,0.6792
bw,bq,0.6244
bw,br,0.6379
bw,bs,0.615
bw,bt,0.7011
bw,bv,0.6321
bw,bw,0.0
bw,by,0.6764
bw,bz,0.6397
bw,ca,0.729
bw,cc,0.7369
bw,cd,0.6054
bw,cf,0.6383
bw,cg,0.6498
bw,ch,0.8455
bw,ci,0.6462
bw,ck,0.6248
bw,cl,0.6674
bw,cm,0.6616
bw,cn,0.7897
bw,co,0.6948
bw,cr,0.5964
bw,cu,0.5852
bw,cv,0.6476
bw,cw,0.6502
bw,cx,0.6266
bw,cy,0.6835
bw,cz,0.6483
bw,de,0.7383
bw,dj,0.5889
bw,dk,0.7716
bw,dm,0.6173
bw,do,0.7095
bw,dz,0.6402
bw,ec,0.6863
bw,ee,0.5711
bw,eg,0.742
bw,eh,0.6888
bw,er,0.6077
bw,es,0.7203
bw,et,0.6589
bw,fi,0.5874
bw,fj,0.5296
bw,fk,0.6226
bw,fm,0.3124
bw,fo,0.5752
bw,fr,0.656
bw,ga,0.5899
bw,gb-eng,0.6006
bw,gb-nir,0.6025
bw,gb-sct,0.5823
bw,gb-wls,0.5906
bw,gb,0.5417
bw,gd,0.6429
bw,ge,0.6248
bw,gf,0.6914
bw,gg,0.6253
bw,gh,0.6754
bw,gi,0.7138
bw,gl,0.6803
bw,gm,0.6001
bw,gn,0.6603
bw,gp,0.6663
bw,gq,0.684
bw,gr,0.524
bw,gs,0.6204
bw,gt,0.5653
bw,gu,0.6509
bw,gw,0.6609
bw,gy,0.5947
bw,hk,0.7696
bw,hm,0.6677
bw,hn,0.6359
bw,hr,0.7147
bw,ht,0.6394
bw,hu,0.6727
bw,id,0.749
bw,ie,0.6182
bw,il,0.6302
bw,im,0.7591
bw,in,0.6866
bw,io,0.5507
bw,iq,0.7317
bw,ir,0.6922
bw,is,0.5892
bw,it,0.6298
bw,je,0.682
bw,jm,0.6434
bw,jo,0.6912
bw,jp,0.6855
bw,ke,0.668
bw,kg,0.8459
bw,kh,0.6354
bw,ki,0.6568
bw,km,0.621
bw,kn,0.6522
bw,kp,0.6384
bw,kr,0.6495
bw,kw,0.6923
bw,ky,0.6277
bw,kz,0.588
bw,la,0.687
bw,lb,0.7056
bw,lc,0.6085
bw,li,0.6707
bw,lk,0.6302
bw,lr,0.6417
bw,ls,0.6548
bw,lt,0.6534
bw,lu,0.6697
bw,lv,0.7614
bw,ly,0.688
bw,ma,0.732
bw,mc,0.6984
bw,md,0.6454
bw,me,0.7812
bw,mf,0.656
bw,mg,0.6458
bw,mh,0.6245
bw,mk,0.7135
bw,ml,0.6678
bw,mm,0.6806
bw,mn,0.6501
bw,mo,0.6424
bw,mp,0.613
bw,mq,0.6533
bw,mr,0.651
bw,ms,0.6311
bw,mt,0.689
bw,mu,0.6352
bw,mv,0.6872
bw,mw,0.6608
bw,mx,0.625
bw,my,0.6192
bw,mz,0.6254
bw,na,0.5971
bw,nc,0.6089
bw,ne,0.6918
bw,nf,0.6175
bw,ng,0.6326
bw,ni,0.6421
bw,nl,0.6756
bw,no,0.6321
bw,np,0.5782
bw,nr,0.7047
bw,nu,0.7393
bw,nz,0.6515
bw,om,0.6455
bw,pa,0.6588
bw,pe,0.7147
bw,pf,0.7071
bw,pg,0.7149
bw,ph,0.6469
bw,pk,0.6712
bw,pl,0.6922
bw,pm,0.5551
bw,pn,0.6172
bw,pr,0.6691
bw,ps,0.6952
bw,pt,0.7655
bw,pw,0.6481
bw,py,0.6808
bw,qa,0.6682
bw,re,0.6379
bw,ro,0.6687
bw,rs,0.5857
bw,ru,0.6226
bw,rw,0.6052
bw,sa,0.6853
bw,sb,0.5926
bw,sc,0.6261
bw,sd,0.7126
bw,se,0.6451
bw,sg,0.6773
bw,sh,0.6413
bw,si,0.6963
bw,sj,0.6321
bw,sk,0.6249
bw,sl,0.6365
bw,sm,0.5673
bw,sn,0.6539
bw,so,0.6115
bw,sr,0.5832
bw,ss,0.6231
bw,st,0.6543
bw,sv,0.6526
bw,sx,0.6491
bw,sy,0.6925
bw,sz,0.5903
bw,tc,0.6438
bw,td,0.6799
bw,tf,0.5981
bw,tg,0.6316
bw,th,0.5821
bw,tj,0.7403
bw,tk,0.669
bw,tl,0.7372
bw,tm,0.6389
bw,tn,0.8046
bw,to,0.7791
bw,tr,0.7992
bw,tt,0.6934
bw,tv,0.5733
bw,tw,0.7883
bw,tz,0.6135
bw,ua,0.674
bw,ug,0.7153
bw,um,0.5743
bw,us,0.5743
bw,uy,0.625
bw,uz,0.6212
bw,va,0.6963
bw,vc,0.6302
bw,ve,0.6753
bw,vg,0.6226
bw,vi,0.6093
bw,vn,0.8666
bw,vu,0.6393
bw,wf,0.7248
bw,ws,0.7093
bw,xk,0.6043
bw,ye,0.7533
bw,yt,0.6274
bw,za,0.5748
bw,zm,0.7028
bw,zw,0.6636
by,ad,0.5068
by,ae,0.5672
by,af,0.5203
by,ag,0.5108
by,ai,0.5877
by,al,0.6146
by,am,0.5781
by,ao,0.3857
by,aq,0.7697
by,ar,0.7175
by,as,0.6577
by,at,0.534
by,au,0.5987
by,aw,0.7036
by,ax,0.5696
by,az,0.5807
by,ba,0.6169
by,bb,0.6179
by,bd,0.6011
by,be,0.5947
by,bf,0.486
by,bg,0.7079
by,bh,0.6158
by,bi,0.5906
by,bj,0.5901
by,bl,0.7646
by,bm,0.4017
by,bn,0.643
by,bo,0.4145
by,bq,0.6388
by,br,0.5907
by,bs,0.5993
by,bt,0.6042
by,bv,0.5658
by,bw,0.6764
by,by,0.0
by,bz,0.5953
by,ca,0.664
by,cc,0.6446
by,cd,0.6395
by,cf,0.5955
by,cg,0.6135
by,ch,0.6637
by,ci,0.6727
by,ck,0.5778
by,cl,0.6876
by,cm,0.5119
by,cn,0.6039
by,co,0.5449
by,cr,0.6164
by,cu,0.6484
by,cv,0.6465
by,cw,0.6515
by,cx,0.6
by,cy,0.8239
by,cz,0.695
by,de,0.5916
by,dj,0.6428
by,dk,0.471
by,dm,0.4919
by,do,0.5454
by,dz,0.6913
by,ec,0.5989
by,ee,0.7463
by,eg,0.5059
by,eh,0.5407
by,er,0.5128
by,es,0.5368
by,et,0.6024
by,fi,0.7592
by,fj,0.6273
by,fk,0.5734
by,fm,0.7458
by,fo,0.7288
by,fr,0.6038
by,ga,0.594
by,gb-eng,0.7164
by,gb-nir,0.7635
by,gb-sct,0.7275
by,gb-wls,0.5413
by,gb,0.5053
by,gd,0.4894
by,ge,0.7172
by,gf,0.6496
by,gg,0.725
by,gh,0.316
by,gi,0.7181
by,gl,0.6256
by,gm,0.4143
by,gn,0.5058
by,gp,0.5868
by,gq,0.67
by,gr,0.6955
by,gs,0.558
by,gt,0.7245
by,gu,0.6156
by,gw,0.4514
by,gy,0.5368
by,hk,0.6063
by,hm,0.6276
by,hn,0.7712
by,hr,0.5678
by,ht,0.5556
by,hu,0.5645
by,id,0.6848
by,ie,0.6779
by,il,0.747
by,im,0.3752
by,in,0.5215
by,io,0.579
by,iq,0.5044
by,ir,0.6859
by,is,0.5927
by,it,0.6612
by,je,0.7288
by,jm,0.5695
by,jo,0.4798
by,jp,0.803
by,ke,0.4994
by,kg,0.6196
by,kh,0.5244
by,ki,0.5243
by,km,0.5775
by,kn,0.5377
by,kp,0.5449
by,kr,0.7689
by,kw,0.6218
by,ky,0.5711
by,kz,0.7153
by,la,0.5045
by,lb,0.5929
by,lc,0.779
by,li,0.5274
by,lk,0.4972
by,lr,0.5973
by,ls,0.6382
by,lt,0.5822
by,lu,0.609
by,lv,0.5958
by,ly,0.5186
by,ma,0.5665
by,mc,0.5988
by,md,0.4998
by,me,0.5587
by,mf,0.6038
by,mg,0.5324
by,mh,0.6336
by,mk,0.5392
by,ml,0.5096
by,mm,0.6212
by,mn,0.552
by,mo,0.6479
by,mp,0.657
by,mq,0.5602
by,mr,0.6003
by,ms,0.577
by,mt,0.5911
by,mu,0.4883
by,mv,0.3979
by,mw,0.3762
by,mx,0.5736
by,my,0.6146
by,mz,0.5851
by,na,0.4852
by,nc,0.5178
by,ne,0.5407
by,nf,0.6297
by,ng,0.7155
by,ni,0.7159
by,nl,0.5768
by,no,0.5658
by,np,0.4838
by,nr,0.6409
by,nu,0.6607
by,nz,0.5938
by,om,0.4113
by,pa,0.6542
by,pe,0.5445
by,pf,0.5784
by,pg,0.4313
by,ph,0.5718
by,pk,0.6277
by,pl,0.6496
by,pm,0.5736
by,pn,0.5504
by,pr,0.6786
by,ps,0.5758
by,pt,0.5799
by,pw,0.7843
by,py,0.5771
by,qa,0.6056
by,re,0.6961
by,ro,0.5091
by,rs,0.6278
by,ru,0.7029
by,rw,0.6612
by,sa,0.6303
by,sb,0.5849
by,sc,0.526
by,sd,0.5005
by,se,0.6063
by,sg,0.6797
by,sh,0.58
by,si,0.764
by,sj,0.5658
by,sk,0.6837
by,sl,0.6697
by,sm,0.7044
by,sn,0.588
by,so,0.7403
by,sr,0.5307
by,ss,0.5443
by,st,0.5498
by,sv,0.6886
by,sx,0.4915
by,sy,0.5982
by,sz,0.5206
by,tc,0.5777
by,td,0.5043
by,tf,0.6254
by,tg,0.5142
by,th,0.6125
by,tj,0.6032
by,tk,0.6316
by,tl,0.5731
by,tm,0.6093
by,tn,0.6177
by,to,0.606
by,tr,0.6073
by,tt,0.3995
by,tv,0.6667
by,tw,0.6379
by,tz,0.6029
by,ua,0.7086
by,ug,0.5968
by,um,0.5987
by,us,0.5987
by,uy,0.7133
by,uz,0.6554
by,va,0.7387
by,vc,0.5688
by,ve,0.5404
by,vg,0.5625
by,vi,0.7342
by,vn,0.6417
by,vu,0.3777
by,wf,0.4142
by,ws,0.43
by,xk,0.6379
by,ye,0.5239
by,yt,0.7664
by,za,0.5436
by,zm,0.6037
by,zw,0.5325
bz,ad,0.4832
bz,ae,0.58
bz,af,0.4932
bz,ag,0.554
bz,ai,0.5722
bz,al,0.717
bz,am,0.5572
bz,ao,0.5735
bz,aq,0.6563
bz,ar,0.6812
bz,as,0.5799
bz,at,0.6401
bz,au,0.565
bz,aw,0.6282
bz,ax,0.5903
bz,az,0.5958
bz,ba,0.5563
bz,bb,0.5315
bz,bd,0.5775
bz,be,0.5847
bz,bf,0.6007
bz,bg,0.6488
bz,bh,0.7075
bz,bi,0.5794
bz,bj,0.6055
bz,bl,0.7967
bz,bm,0.5774
bz,bn,0.7039
bz,bo,0.6021
bz,bq,0.6374
bz,br,0.6184
bz,bs,0.5759
bz,bt,0.6831
bz,bv,0.5603
bz,bw,0.6397
bz,by,0.5953
bz,bz,0.0
bz,ca,0.7328
bz,cc,0.6742
bz,cd,0.6236
bz,cf,0.6145
bz,cg,0.5931
bz,ch,0.6842
bz,ci,0.6467
bz,ck,0.5441
bz,cl,0.65
bz,cm,0.6198
bz,cn,0.6922
bz,co,0.6321
bz,cr,0.597
bz,cu,0.6092
bz,cv,0.57
bz,cw,0.5866
bz,cx,0.5536
bz,cy,0.8411
bz,cz,0.6205
bz,de,0.6497
bz,dj,0.6543
bz,dk,0.6249
bz,dm,0.5717
bz,do,0.5737
bz,dz,0.6927
bz,ec,0.6324
bz,ee,0.6765
bz,eg,0.6135
bz,eh,0.5716
bz,er,0.5974
bz,es,0.6324
bz,et,0.5907
bz,fi,0.729
bz,fj,0.5994
bz,fk,0.5514
bz,fm,0.6761
bz,fo,0.7281
bz,fr,0.5713
bz,ga,0.612
bz,gb-eng,0.7895
bz,gb-nir,0.7848
bz,gb-sct,0.6298
bz,gb-wls,0.6458
bz,gb,0.5822
bz,gd,0.5433
bz,ge,0.7843
bz,gf,0.6833
bz,gg,0.7715
bz,gh,0.6088
bz,gi,0.7262
bz,gl,0.7021
bz,gm,0.4896
bz,gn,0.5763
bz,gp,0.5336
bz,gq,0.584
bz,gr,0.6555
bz,gs,0.5384
bz,gt,0.6178
bz,gu,0.4922
bz,gw,0.6116
bz,gy,0.5755
bz,hk,0.6513
bz,hm,0.4213
bz,hn,0.7168
bz,hr,0.5503
bz,ht,0.4983
bz,hu,0.5978
bz,id,0.7572
bz,ie,0.6341
bz,il,0.6844
bz,im,0.6355
bz,in,0.6331
bz,io,0.559
bz,iq,0.6147
bz,ir,0.6093
bz,is,0.5666
bz,it,0.5947
bz,je,0.776
bz,jm,0.5805
bz,jo,0.5887
bz,jp,0.859
bz,ke,0.5762
bz,kg,0.7098
bz,kh,0.5535
bz,ki,0.5538
bz,km,0.6075
bz,kn,0.5784
bz,kp,0.6321
bz,kr,0.7929
bz,kw,0.5652
bz,ky,0.5538
bz,kz,0.6214
bz,la,0.4868
bz,lb,0.6601
bz,lc,0.7125
bz,li,0.5588
bz,lk,0.5575
bz,lr,0.5954
bz,ls,0.576
bz,lt,0.5855
bz,lu,0.6509
bz,lv,0.5974
bz,ly,0.5775
bz,ma,0.6305
bz,mc,0.7187
bz,md,0.5494
bz,me,0.6586
bz,mf,0.5713
bz,mg,0.68
bz,mh,0.5755
bz,mk,0.6319
bz,ml,0.5938
bz,mm,0.6057
bz,mn,0.5947
bz,mo,0.5636
bz,mp,0.5214
bz,mq,0.578
bz,mr,0.4999
bz,ms,0.5457
bz,mt,0.7097
bz,mu,0.5814
bz,mv,0.5616
bz,mw,0.5614
bz,mx,0.5707
bz,my,0.6018
bz,mz,0.6154
bz,na,0.5313
bz,nc,0.5747
bz,ne,0.6539
bz,nf,0.6027
bz,ng,0.6095
bz,ni,0.6501
bz,nl,0.5874
bz,no,0.5603
bz,np,0.5284
bz,nr,0.5843
bz,nu,0.758
bz,nz,0.5621
bz,om,0.6498
bz,pa,0.658
bz,pe,0.6472
bz,pf,0.653
bz,pg,0.588
bz,ph,0.6054
bz,pk,0.655
bz,pl,0.7234
bz,pm,0.569
bz,pn,0.5368
bz,pr,0.6043
bz,ps,0.5988
bz,pt,0.628
bz,pw,0.6802
bz,py,0.6061
bz,qa,0.6696
bz,re,0.5702
bz,ro,0.5494
bz,rs,0.6041
bz,ru,0.6361
bz,rw,0.6164
bz,sa,0.5872
bz,sb,0.5319
bz,sc,0.5937
bz,sd,0.5631
bz,se,0.5929
bz,sg,0.723
bz,sh,0.5614
bz,si,0.6703
bz,sj,0.5603
bz,sk,0.6342
bz,sl,0.6368
bz,sm,0.7076
bz,sn,0.5847
bz,so,0.6339
bz,sr,0.5861
bz,ss,0.5624
bz,st,0.6452
bz,sv,0.6257
bz,sx,0.5827
bz,sy,0.6012
bz,sz,0.5798
bz,tc,0.5705
bz,td,0.5513
bz,tf,0.5709
bz,tg,0.6299
bz,th,0.5724
bz,tj,0.6332
bz,tk,0.5749
bz,tl,0.6116
bz,tm,0.5912
bz,tn,0.6565
bz,to,0.6451
bz,tr,0.6811
bz,tt,0.6086
bz,tv,0.6067
bz,tw,0.648
bz,tz,0.5951
bz,ua,0.6694
bz,ug,0.6224
bz,um,0.5588
bz,us,0.5588
bz,uy,0.6514
bz,uz,0.6214
bz,va,0.789
bz,vc,0.5757
bz,ve,0.588
bz,vg,0.5469
bz,vi,0.7574
bz,vn,0.733
bz,vu,0.5511
bz,wf,0.6258
bz,ws,0.5925
bz,xk,0.5372
bz,ye,0.6201
bz,yt,0.783
bz,za,0.497
bz,zm,0.6314
bz,zw,0.6783
ca,ad,0.6312
ca,ae,0.7255
ca,af,0.7019
ca,ag,0.6679
ca,ai,0.7663
ca,al,0.5414
ca,am,0.6733
ca,ao,0.7252
ca,aq,0.8051
ca,ar,0.722
ca,as,0.7553
ca,at,0.6835
ca,au,0.7777
ca,aw,0.7682
ca,ax,0.719
ca,az,0.6869
ca,ba,0.7582
ca,bb,0.7387
ca,bd,0.7813
ca,be,0.636
ca,bf,0.6921
ca,bg,0.6831
ca,bh,0.6694
ca,bi,0.6947
ca,bj,0.674
ca,bl,0.6888
ca,bm,0.6017
ca,bn,0.6583
ca,bo,0.6726
ca,bq,0.7259
ca,br,0.7647
ca,bs,0.7438
ca,bt,0.5717
ca,bv,0.6206
ca,bw,0.729
ca,by,0.664
ca,bz,0.7328
ca,ca,0.0
ca,cc,0.848
ca,cd,0.7652
ca,cf,0.6727
ca,cg,0.6518
ca,ch,0.5389
ca,ci,0.6288
ca,ck,0.7626
ca,cl,0.6373
ca,cm,0.6871
ca,cn,0.647
ca,co,0.6631
ca,cr,0.651
ca,cu,0.6915
ca,cv,0.7818
ca,cw,0.8106
ca,cx,0.7846
ca,cy,0.7143
ca,cz,0.6522
ca,de,0.683
ca,dj,0.7475
ca,dk,0.6154
ca,dm,0.7308
ca,do,0.681
ca,dz,0.7257
ca,ec,0.651
ca,ee,0.7398
ca,eg,0.7368
ca,eh,0.7431
ca,er,0.6095
ca,es,0.6288
ca,et,0.6743
ca,fi,0.7467
ca,fj,0.7055
ca,fk,0.7484
ca,fm,0.7829
ca,fo,0.6851
ca,fr,0.6083
ca,ga,0.7082
ca,gb-eng,0.6456
ca,gb-nir,0.6559
ca,gb-sct,0.7716
ca,gb-wls,0.6818
ca,gb,0.6258
ca,gd,0.6113
ca,ge,0.5567
ca,gf,0.7239
ca,gg,0.6295
ca,gh,0.6677
ca,gi,0.663
ca,gl,0.6385
ca,gm,0.675
ca,gn,0.6487
ca,gp,0.7576
ca,gq,0.7035
ca,gr,0.7292
ca,gs,0.7511
ca,gt,0.7034
ca,gu,0.793
ca,gw,0.6499
ca,gy,0.6407
ca,hk,0.6467
ca,hm,0.7931
ca,hn,0.8419
ca,hr,0.6542
ca,ht,0.6869
ca,hu,0.6715
ca,id,0.5746
ca,ie,0.6103
ca,il,0.7321
ca,im,0.6579
ca,in,0.6953
ca,io,0.648
ca,iq,0.7397
ca,ir,0.6945
ca,is,0.7322
ca,it,0.6158
ca,je,0.6388
ca,jm,0.702
ca,jo,0.7402
ca,jp,0.6958
ca,ke,0.7175
ca,kg,0.5202
ca,kh,0.6904
ca,ki,0.628
ca,km,0.6819
ca,kn,0.686
ca,kp,0.6176
ca,kr,0.6829
ca,kw,0.7054
ca,ky,0.7535
ca,kz,0.8419
ca,la,0.7139
ca,lb,0.6702
ca,lc,0.8074
ca,li,0.7038
ca,lk,0.5799
ca,lr,0.5992
ca,ls,0.7676
ca,lt,0.6542
ca,lu,0.7188
ca,lv,0.6838
ca,ly,0.7167
ca,ma,0.6542
ca,mc,0.6461
ca,md,0.6495
ca,me,0.5086
ca,mf,0.6083
ca,mg,0.6921
ca,mh,0.7804
ca,mk,0.5949
ca,ml,0.6435
ca,mm,0.6331
ca,mn,0.628
ca,mo,0.8115
ca,mp,0.7974
ca,mq,0.7204
ca,mr,0.7324
ca,ms,0.7652
ca,mt,0.638
ca,mu,0.6634
ca,mv,0.6691
ca,mw,0.6876
ca,mx,0.5882
ca,my,0.6243
ca,mz,0.6567
ca,na,0.6939
ca,nc,0.7036
ca,ne,0.6926
ca,nf,0.6776
ca,ng,0.7319
ca,ni,0.8124
ca,nl,0.7034
ca,no,0.6206
ca,np,0.6261
ca,nr,0.8236
ca,nu,0.6682
ca,nz,0.7865
ca,om,0.5982
ca,pa,0.6755
ca,pe,0.5451
ca,pf,0.6565
ca,pg,0.7138
ca,ph,0.7181
ca,pk,0.8318
ca,pl,0.644
ca,pm,0.6693
ca,pn,0.7438
ca,pr,0.6537
ca,ps,0.7486
ca,pt,0.6147
ca,pw,0.8839
ca,py,0.7138
ca,qa,0.6976
ca,re,0.7245
ca,ro,0.6421
ca,rs,0.6199
ca,ru,0.679
ca,rw,0.763
ca,sa,0.824
ca,sb,0.7528
ca,sc,0.6217
ca,sd,0.7432
ca,se,0.7575
ca,sg,0.6198
ca,sh,0.7695
ca,si,0.6814
ca,sj,0.6206
ca,sk,0.6415
ca,sl,0.7764
ca,sm,0.6878
ca,sn,0.6308
ca,so,0.8214
ca,sr,0.6193
ca,ss,0.7686
ca,st,0.7074
ca,sv,0.8033
ca,sx,0.7064
ca,sy,0.7926
ca,sz,0.6217
ca,tc,0.7677
ca,td,0.6477
ca,tf,0.7496
ca,tg,0.6817
ca,th,0.6406
ca,tj,0.7381
ca,tk,0.7554
ca,tl,0.646
ca,tm,0.7842
ca,tn,0.5238
ca,to,0.672
ca,tr,0.4935
ca,tt,0.6426
ca,tv,0.8004
ca,tw,0.5644
ca,tz,0.765
ca,ua,0.744
ca,ug,0.6812
ca,um,0.6072
ca,us,0.6072
ca,uy,0.6932
ca,uz,0.7336
ca,va,0.6639
ca,vc,0.671
ca,ve,0.6602
ca,vg,0.7513
ca,vi,0.6583
ca,vn,0.537
ca,vu,0.689
ca,wf,0.646
ca,ws,0.6692
ca,xk,0.7704
ca,ye,0.7471
ca,yt,0.6782
ca,za,0.6904
ca,zm,0.7745
ca,zw,0.6894
cc,ad,0.701
cc,ae,0.6665
cc,af,0.5756
cc,ag,0.676
cc,ai,0.6459
cc,al,0.7962
cc,am,0.6845
cc,ao,0.6324
cc,aq,0.8
cc,ar,0.8206
cc,as,0.7323
cc,at,0.8034
cc,au,0.6383
cc,aw,0.7384
cc,ax,0.6492
cc,az,0.6421
cc,ba,0.6758
cc,bb,0.6569
cc,bd,0.6105
cc,be,0.6896
cc,bf,0.6296
cc,bg,0.7483
cc,bh,0.8018
cc,bi,0.717
cc,bj,0.6528
cc,bl,0.901
cc,bm,0.7059
cc,bn,0.7443
cc,bo,0.6088
cc,bq,0.7414
cc,br,0.5683
cc,bs,0.611
cc,bt,0.7329
cc,bv,0.6938
cc,bw,0.7369
cc,by,0.6446
cc,bz,0.6742
cc,ca,0.848
cc,cc,0.0
cc,cd,0.7264
cc,cf,0.6701
cc,cg,0.6601
cc,ch,0.8403
cc,ci,0.7347
cc,ck,0.627
cc,cl,0.8019
cc,cm,0.6582
cc,cn,0.7984
cc,co,0.6692
cc,cr,0.746
cc,cu,0.7306
cc,cv,0.6992
cc,cw,0.6563
cc,cx,0.549
cc,cy,0.9577
cc,cz,0.7902
cc,de,0.6804
cc,dj,0.7128
cc,dk,0.7825
cc,dm,0.5689
cc,do,0.7274
cc,dz,0.7829
cc,ec,0.6724
cc,ee,0.7622
cc,eg,0.7221
cc,eh,0.6439
cc,er,0.6494
cc,es,0.6714
cc,et,0.6154
cc,fi,0.8396
cc,fj,0.7256
cc,fk,0.6293
cc,fm,0.8115
cc,fo,0.8595
cc,fr,0.7601
cc,ga,0.6237
cc,gb-eng,0.9062
cc,gb-nir,0.9094
cc,gb-sct,0.7823
cc,gb-wls,0.6808
cc,gb,0.7055
cc,gd,0.6337
cc,ge,0.8941
cc,gf,0.6257
cc,gg,0.8855
cc,gh,0.6152
cc,gi,0.8473
cc,gl,0.8402
cc,gm,0.626
cc,gn,0.6397
cc,gp,0.5734
cc,gq,0.6975
cc,gr,0.7633
cc,gs,0.6083
cc,gt,0.7935
cc,gu,0.6445
cc,gw,0.6348
cc,gy,0.6053
cc,hk,0.7954
cc,hm,0.689
cc,hn,0.8128
cc,hr,0.7594
cc,ht,0.6965
cc,hu,0.7274
cc,id,0.8919
cc,ie,0.7641
cc,il,0.8574
cc,im,0.7622
cc,in,0.7115
cc,io,0.6848
cc,iq,0.7157
cc,ir,0.736
cc,is,0.6865
cc,it,0.741
cc,je,0.9035
cc,jm,0.5835
cc,jo,0.6445
cc,jp,0.9511
cc,ke,0.582
cc,kg,0.8158
cc,kh,0.6753
cc,ki,0.701
cc,km,0.6804
cc,kn,0.5962
cc,kp,0.6995
cc,kr,0.9057
cc,kw,0.6928
cc,ky,0.6237
cc,kz,0.6874
cc,la,0.6741
cc,lb,0.8074
cc,lc,0.8247
cc,li,0.6701
cc,lk,0.6385
cc,lr,0.7696
cc,ls,0.7083
cc,lt,0.633
cc,lu,0.7883
cc,lv,0.7341
cc,ly,0.6065
cc,ma,0.7273
cc,mc,0.8624
cc,md,0.6768
cc,me,0.7429
cc,mf,0.7601
cc,mg,0.7369
cc,mh,0.6715
cc,mk,0.7082
cc,ml,0.6481
cc,mm,0.6814
cc,mn,0.6798
cc,mo,0.6222
cc,mp,0.6859
cc,mq,0.5659
cc,mr,0.6106
cc,ms,0.6196
cc,mt,0.8424
cc,mu,0.6262
cc,mv,0.6686
cc,mw,0.5821
cc,mx,0.7214
cc,my,0.7417
cc,mz,0.625
cc,na,0.599
cc,nc,0.5916
cc,ne,0.6939
cc,nf,0.6762
cc,ng,0.7157
cc,ni,0.7773
cc,nl,0.731
cc,no,0.6938
cc,np,0.6121
cc,nr,0.6599
cc,nu,0.7603
cc,nz,0.6347
cc,om,0.7291
cc,pa,0.7917
cc,pe,0.8204
cc,pf,0.8094
cc,pg,0.6479
cc,ph,0.7143
cc,pk,0.6635
cc,pl,0.8605
cc,pm,0.6158
cc,pn,0.5988
cc,pr,0.8127
cc,ps,0.6581
cc,pt,0.6944
cc,pw,0.7893
cc,py,0.7441
cc,qa,0.7604
cc,re,0.7507
cc,ro,0.6778
cc,rs,0.7465
cc,ru,0.7738
cc,rw,0.6538
cc,sa,0.5819
cc,sb,0.5973
cc,sc,0.6857
cc,sd,0.6871
cc,se,0.6441
cc,sg,0.8693
cc,sh,0.6321
cc,si,0.8502
cc,sj,0.6938
cc,sk,0.7725
cc,sl,0.7144
cc,sm,0.8185
cc,sn,0.6641
cc,so,0.7826
cc,sr,0.6546
cc,ss,0.6158
cc,st,0.5846
cc,sv,0.7533
cc,sx,0.6773
cc,sy,0.6553
cc,sz,0.6367
cc,tc,0.6284
cc,td,0.6691
cc,tf,0.6808
cc,tg,0.6134
cc,th,0.7127
cc,tj,0.7473
cc,tk,0.6412
cc,tl,0.7125
cc,tm,0.552
cc,tn,0.8065
cc,to,0.7718
cc,tr,0.7949
cc,tt,0.7142
cc,tv,0.695
cc,tw,0.7966
cc,tz,0.5824
cc,ua,0.7221
cc,ug,0.6516
cc,um,0.7339
cc,us,0.7339
cc,uy,0.8137
cc,uz,0.7326
cc,va,0.8364
cc,vc,0.6214
cc,ve,0.6705
cc,vg,0.6101
cc,vi,0.8661
cc,vn,0.8344
cc,vu,0.5759
cc,wf,0.7454
cc,ws,0.721
cc,xk,0.681
cc,ye,0.7354
cc,yt,0.9051
cc,za,0.6222
cc,zm,0.2839
cc,zw,0.6365
cd,ad,0.6836
cd,ae,0.6605
cd,af,0.6471
cd,ag,0.6914
cd,ai,0.6202
cd,al,0.8515
cd,am,0.6999
cd,ao,0.695
cd,aq,0.6139
cd,ar,0.6193
cd,as,0.6586
cd,at,0.713
cd,au,0.6278
cd,aw,0.586
cd,ax,0.6383
cd,az,0.6032
cd,ba,0.6424
cd,bb,0.6527
cd,bd,0.6318
cd,be,0.7311
cd,bf,0.6662
cd,bg,0.682
cd,bh,0.7464
cd,bi,0.6761
cd,bj,0.6891
cd,bl,0.716
cd,bm,0.6375
cd,bn,0.7302
cd,bo,0.6689
cd,bq,0.6491
cd,br,0.6381
cd,bs,0.6058
cd,bt,0.7664
cd,bv,0.6526
cd,bw,0.6054
cd,by,0.6395
cd,bz,0.6236
cd,ca,0.7652
cd,cc,0.7264
cd,cd,0.0
cd,cf,0.6537
cd,cg,0.6684
cd,ch,0.8398
cd,ci,0.6787
cd,ck,0.6056
cd,cl,0.7023
cd,cm,0.6788
cd,cn,0.8025
cd,co,0.7048
cd,cr,0.6343
cd,cu,0.615
cd,cv,0.6021
cd,cw,0.6293
cd,cx,0.5988
cd,cy,0.7606
cd,cz,0.7183
cd,de,0.7662
cd,dj,0.6242
cd,dk,0.6991
cd,dm,0.6253
cd,do,0.5917
cd,dz,0.6792
cd,ec,0.7114
cd,ee,0.6622
cd,eg,0.6911
cd,eh,0.6576
cd,er,0.5817
cd,es,0.7321
cd,et,0.6724
cd,fi,0.6853
cd,fj,0.5699
cd,fk,0.6067
cd,fm,0.6332
cd,fo,0.6846
cd,fr,0.672
cd,ga,0.6
cd,gb-eng,0.739
cd,gb-nir,0.7622
cd,gb-sct,0.5951
cd,gb-wls,0.6099
cd,gb,0.5976
cd,gd,0.669
cd,ge,0.7606
cd,gf,0.7109
cd,gg,0.7487
cd,gh,0.6597
cd,gi,0.7379
cd,gl,0.7271
cd,gm,0.6079
cd,gn,0.6646
cd,gp,0.6584
cd,gq,0.6767
cd,gr,0.5913
cd,gs,0.6047
cd,gt,0.609
cd,gu,0.6253
cd,gw,0.6435
cd,gy,0.5799
cd,hk,0.7908
cd,hm,0.6429
cd,hn,0.6383
cd,hr,0.6666
cd,ht,0.6215
cd,hu,0.6524
cd,id,0.7914
cd,ie,0.6745
cd,il,0.6645
cd,im,0.7331
cd,in,0.6705
cd,io,0.5684
cd,iq,0.6903
cd,ir,0.6851
cd,is,0.5903
cd,it,0.6685
cd,je,0.7069
cd,jm,0.6319
cd,jo,0.6392
cd,jp,0.7595
cd,ke,0.6778
cd,kg,0.8597
cd,kh,0.6145
cd,ki,0.6533
cd,km,0.6438
cd,kn,0.666
cd,kp,0.6299
cd,kr,0.7169
cd,kw,0.6771
cd,ky,0.6078
cd,kz,0.5747
cd,la,0.6593
cd,lb,0.7093
cd,lc,0.6459
cd,li,0.6386
cd,lk,0.6589
cd,lr,0.6482
cd,ls,0.6261
cd,lt,0.6757
cd,lu,0.6554
cd,lv,0.6996
cd,ly,0.6988
cd,ma,0.7415
cd,mc,0.7245
cd,md,0.6652
cd,me,0.7995
cd,mf,0.672
cd,mg,0.6581
cd,mh,0.5415
cd,mk,0.7209
cd,ml,0.6875
cd,mm,0.7009
cd,mn,0.6428
cd,mo,0.6208
cd,mp,0.5863
cd,mq,0.6365
cd,mr,0.6651
cd,ms,0.6129
cd,mt,0.7189
cd,mu,0.6477
cd,mv,0.6835
cd,mw,0.6439
cd,mx,0.6453
cd,my,0.6501
cd,mz,0.6693
cd,na,0.4736
cd,nc,0.6024
cd,ne,0.6731
cd,nf,0.6436
cd,ng,0.6586
cd,ni,0.6177
cd,nl,0.6408
cd,no,0.6526
cd,np,0.5808
cd,nr,0.6533
cd,nu,0.7794
cd,nz,0.6277
cd,om,0.6513
cd,pa,0.67
cd,pe,0.7223
cd,pf,0.7001
cd,pg,0.7022
cd,ph,0.653
cd,pk,0.6754
cd,pl,0.7243
cd,pm,0.5148
cd,pn,0.5933
cd,pr,0.7525
cd,ps,0.6677
cd,pt,0.7736
cd,pw,0.6144
cd,py,0.6457
cd,qa,0.6931
cd,re,0.6476
cd,ro,0.6805
cd,rs,0.6316
cd,ru,0.6726
cd,rw,0.6043
cd,sa,0.6628
cd,sb,0.5484
cd,sc,0.5917
cd,sd,0.6764
cd,se,0.638
cd,sg,0.731
cd,sh,0.6152
cd,si,0.7332
cd,sj,0.6526
cd,sk,0.6813
cd,sl,0.6127
cd,sm,0.6229
cd,sn,0.6962
cd,so,0.6065
cd,sr,0.619
cd,ss,0.6202
cd,st,0.6593
cd,sv,0.6168
cd,sx,0.6186
cd,sy,0.6626
cd,sz,0.5896
cd,tc,0.6204
cd,td,0.6894
cd,tf,0.5991
cd,tg,0.653
cd,th,0.6473
cd,tj,0.7186
cd,tk,0.6506
cd,tl,0.7454
cd,tm,0.626
cd,tn,0.8182
cd,to,0.7709
cd,tr,0.8086
cd,tt,0.6703
cd,tv,0.5911
cd,tw,0.769
cd,tz,0.5509
cd,ua,0.7083
cd,ug,0.7384
cd,um,0.6026
cd,us,0.6026
cd,uy,0.6359
cd,uz,0.6096
cd,va,0.7666
cd,vc,0.6694
cd,ve,0.6761
cd,vg,0.6046
cd,vi,0.6773
cd,vn,0.8786
cd,vu,0.6124
cd,wf,0.6977
cd,ws,0.6573
cd,xk,0.5763
cd,ye,0.7033
cd,yt,0.7115
cd,za,0.5846
cd,zm,0.7123
cd,zw,0.6921
cf,ad,0.5905
cf,ae,0.5822
cf,af,0.5715
cf,ag,0.5898
cf,ai,0.6213
cf,al,0.7202
cf,am,0.5612
cf,ao,0.6372
cf,aq,0.6618
cf,ar,0.5998
cf,as,0.6281
cf,at,0.5553
cf,au,0.644
cf,aw,0.6102
cf,ax,0.5945
cf,az,0.5455
cf,ba,0.6235
cf,bb,0.6334
cf,bd,0.6239
cf,be,0.6359
cf,bf,0.6158
cf,bg,0.5943
cf,bh,0.6016
cf,bi,0.5343
cf,bj,0.5628
cf,bl,0.6288
cf,bm,0.5158
cf,bn,0.5777
cf,bo,0.5776
cf,bq,0.6519
cf,br,0.581
cf,bs,0.6347
cf,bt,0.5475
cf,bv,0.5749
cf,bw,0.6383
cf,by,0.5955
cf,bz,0.6145
cf,ca,0.6727
cf,cc,0.6701
cf,cd,0.6537
cf,cf,0.0
cf,cg,0.5664
cf,ch,0.7061
cf,ci,0.6129
cf,ck,0.6253
cf,cl,0.5634
cf,cm,0.5158
cf,cn,0.6761
cf,co,0.5484
cf,cr,0.604
cf,cu,0.5951
cf,cv,0.6509
cf,cw,0.6752
cf,cx,0.6254
cf,cy,0.6871
cf,cz,0.5865
cf,de,0.5705
cf,dj,0.5524
cf,dk,0.5794
cf,dm,0.5858
cf,do,0.5839
cf,dz,0.625
cf,ec,0.5501
cf,ee,0.6575
cf,eg,0.595
cf,eh,0.5882
cf,er,0.5994
cf,es,0.5627
cf,et,0.5142
cf,fi,0.6723
cf,fj,0.602
cf,fk,0.6032
cf,fm,0.6613
cf,fo,0.6377
cf,fr,0.6389
cf,ga,0.5691
cf,gb-eng,0.6359
cf,gb-nir,0.6655
cf,gb-sct,0.6363
cf,gb-wls,0.5518
cf,gb,0.531
cf,gd,0.5115
cf,ge,0.6354
cf,gf,0.5267
cf,gg,0.6297
cf,gh,0.5595
cf,gi,0.5837
cf,gl,0.5957
cf,gm,0.5484
cf,gn,0.5491
cf,gp,0.6321
cf,gq,0.5249
cf,gr,0.5967
cf,gs,0.6088
cf,gt,0.6187
cf,gu,0.6548
cf,gw,0.5809
cf,gy,0.5511
cf,hk,0.6606
cf,hm,0.6861
cf,hn,0.6746
cf,hr,0.634
cf,ht,0.5126
cf,hu,0.5455
cf,id,0.7286
cf,ie,0.5996
cf,il,0.6142
cf,im,0.628
cf,in,0.5869
cf,io,0.5555
cf,iq,0.5939
cf,ir,0.5016
cf,is,0.6068
cf,it,0.6166
cf,je,0.623
cf,jm,0.6327
cf,jo,0.5868
cf,jp,0.6719
cf,ke,0.5904
cf,kg,0.7158
cf,kh,0.639
cf,ki,0.6354
cf,km,0.5915
cf,kn,0.5656
cf,kp,0.6099
cf,kr,0.6403
cf,kw,0.549
cf,ky,0.6237
cf,kz,0.6549
cf,la,0.5937
cf,lb,0.5145
cf,lc,0.6548
cf,li,0.5711
cf,lk,0.5221
cf,lr,0.5476
cf,ls,0.5363
cf,lt,0.5992
cf,lu,0.6468
cf,lv,0.5808
cf,ly,0.6936
cf,ma,0.64
cf,mc,0.6701
cf,md,0.5692
cf,me,0.653
cf,mf,0.6389
cf,mg,0.5888
cf,mh,0.5705
cf,mk,0.5763
cf,ml,0.5475
cf,mm,0.5668
cf,mn,0.619
cf,mo,0.6453
cf,mp,0.6551
cf,mq,0.6083
cf,mr,0.5693
cf,ms,0.6161
cf,mt,0.6102
cf,mu,0.6261
cf,mv,0.5844
cf,mw,0.5499
cf,mx,0.6012
cf,my,0.5712
cf,mz,0.5263
cf,na,0.5338
cf,nc,0.5579
cf,ne,0.5675
cf,nf,0.6161
cf,ng,0.6437
cf,ni,0.6396
cf,nl,0.5846
cf,no,0.5749
cf,np,0.4988
cf,nr,0.6839
cf,nu,0.5532
cf,nz,0.6487
cf,om,0.6193
cf,pa,0.6319
cf,pe,0.6534
cf,pf,0.5078
cf,pg,0.6488
cf,ph,0.5262
cf,pk,0.6376
cf,pl,0.5719
cf,pm,0.5302
cf,pn,0.6009
cf,pr,0.6212
cf,ps,0.5887
cf,pt,0.6385
cf,pw,0.7225
cf,py,0.6247
cf,qa,0.5962
cf,re,0.5757
cf,ro,0.5767
cf,rs,0.583
cf,ru,0.6122
cf,rw,0.5808
cf,sa,0.6525
cf,sb,0.5717
cf,sc,0.5796
cf,sd,0.5996
cf,se,0.6063
cf,sg,0.6641
cf,sh,0.6305
cf,si,0.6632
cf,sj,0.5749
cf,sk,0.5949
cf,sl,0.6221
cf,sm,0.6048
cf,sn,0.5966
cf,so,0.6774
cf,sr,0.5682
cf,ss,0.5724
cf,st,0.5759
cf,sv,0.6248
cf,sx,0.5907
cf,sy,0.5868
cf,sz,0.5813
cf,tc,0.626
cf,td,0.5795
cf,tf,0.6126
cf,tg,0.5645
cf,th,0.57
cf,tj,0.5919
cf,tk,0.5992
cf,tl,0.6201
cf,tm,0.6199
cf,tn,0.6919
cf,to,0.6415
cf,tr,0.6746
cf,tt,0.595
cf,tv,0.6485
cf,tw,0.6701
cf,tz,0.6325
cf,ua,0.5299
cf,ug,0.5505
cf,um,0.5355
cf,us,0.5355
cf,uy,0.6181
cf,uz,0.5166
cf,va,0.6355
cf,vc,0.5795
cf,ve,0.5914
cf,vg,0.6111
cf,vi,0.6177
cf,vn,0.7373
cf,vu,0.6003
cf,wf,0.5763
cf,ws,0.5888
cf,xk,0.6382
cf,ye,0.6066
cf,yt,0.6219
cf,za,0.6157
cf,zm,0.6414
cf,zw,0.5749
cg,ad,0.5027
cg,ae,0.6287
cg,af,0.5492
cg,ag,0.5712
cg,ai,0.6835
cg,al,0.6772
cg,am,0.5855
cg,ao,0.6409
cg,aq,0.6944
cg,ar,0.6742
cg,as,0.6218
cg,at,0.6383
cg,au,0.6904
cg,aw,0.6568
cg,ax,0.6069
cg,az,0.5546
cg,ba,0.6286
cg,bb,0.6109
cg,bd,0.6223
cg,be,0.5024
cg,bf,0.5807
cg,bg,0.5765
cg,bh,0.5506
cg,bi,0.5466
cg,bj,0.39
cg,bl,0.7184
cg,bm,0.5552
cg,bn,0.5895
cg,bo,0.5558
cg,bq,0.697
cg,br,0.524
cg,bs,0.5901
cg,bt,0.5194
cg,bv,0.5698
cg,bw,0.6498
cg,by,0.6135
cg,bz,0.5931
cg,ca,0.6518
cg,cc,0.6601
cg,cd,0.6684
cg,cf,0.5664
cg,cg,0.0
cg,ch,0.6559
cg,ci,0.6631
cg,ck,0.6717
cg,cl,0.5098
cg,cm,0.4913
cg,cn,0.6425
cg,co,0.5733
cg,cr,0.5992
cg,cu,0.6679
cg,cv,0.6517
cg,cw,0.668
cg,cx,0.589
cg,cy,0.7647
cg,cz,0.5645
cg,de,0.5813
cg,dj,0.6651
cg,dk,0.6142
cg,dm,0.587
cg,do,0.5922
cg,dz,0.631
cg,ec,0.5537
cg,ee,0.668
cg,eg,0.6651
cg,eh,0.6455
cg,er,0.6001
cg,es,0.5433
cg,et,0.5217
cg,fi,0.7043
cg,fj,0.6295
cg,fk,0.6636
cg,fm,0.6975
cg,fo,0.6782
cg,fr,0.5503
cg,ga,0.5639
cg,gb-eng,0.7054
cg,gb-nir,0.7022
cg,gb-sct,0.6553
cg,gb-wls,0.6114
cg,gb,0.5755
cg,gd,0.5011
cg,ge,0.6891
cg,gf,0.5988
cg,gg,0.6727
cg,gh,0.5979
cg,gi,0.673
cg,gl,0.6295
cg,gm,0.5881
cg,gn,0.6076
cg,gp,0.5824
cg,gq,0.514
cg,gr,0.6554
cg,gs,0.6583
cg,gt,0.6513
cg,gu,0.6418
cg,gw,0.5686
cg,gy,0.5632
cg,hk,0.616
cg,hm,0.7304
cg,hn,0.7423
cg,hr,0.6725
cg,ht,0.5557
cg,hu,0.6142
cg,id,0.7192
cg,ie,0.5213
cg,il,0.7141
cg,im,0.6206
cg,in,0.6419
cg,io,0.5825
cg,iq,0.6663
cg,ir,0.5666
cg,is,0.6365
cg,it,0.4814
cg,je,0.7168
cg,jm,0.5389
cg,jo,0.6514
cg,jp,0.772
cg,ke,0.596
cg,kg,0.6541
cg,kh,0.6042
cg,ki,0.586
cg,km,0.549
cg,kn,0.5108
cg,kp,0.5825
cg,kr,0.7411
cg,kw,0.5361
cg,ky,0.6681
cg,kz,0.6828
cg,la,0.5717
cg,lb,0.648
cg,lc,0.7151
cg,li,0.5774
cg,lk,0.4689
cg,lr,0.5566
cg,ls,0.6456
cg,lt,0.5363
cg,lu,0.7009
cg,lv,0.6085
cg,ly,0.6475
cg,ma,0.6065
cg,mc,0.6873
cg,md,0.4901
cg,me,0.5931
cg,mf,0.5503
cg,mg,0.6533
cg,mh,0.6325
cg,mk,0.533
cg,ml,0.4448
cg,mm,0.5103
cg,mn,0.587
cg,mo,0.6233
cg,mp,0.6575
cg,mq,0.6177
cg,mr,0.5635
cg,ms,0.6746
cg,mt,0.632
cg,mu,0.5798
cg,mv,0.5839
cg,mw,0.5748
cg,mx,0.5162
cg,my,0.535
cg,mz,0.5667
cg,na,0.5182
cg,nc,0.5437
cg,ne,0.6388
cg,nf,0.6143
cg,ng,0.5748
cg,ni,0.7132
cg,nl,0.6415
cg,no,0.5698
cg,np,0.5401
cg,nr,0.6782
cg,nu,0.5736
cg,nz,0.6961
cg,om,0.6254
cg,pa,0.6876
cg,pe,0.6244
cg,pf,0.6419
cg,pg,0.5921
cg,ph,0.6069
cg,pk,0.6853
cg,pl,0.6554
cg,pm,0.5872
cg,pn,0.6516
cg,pr,0.6148
cg,ps,0.6575
cg,pt,0.5132
cg,pw,0.7463
cg,py,0.6408
cg,qa,0.637
cg,re,0.6136
cg,ro,0.4827
cg,rs,0.6033
cg,ru,0.5969
cg,rw,0.5885
cg,sa,0.6445
cg,sb,0.5628
cg,sc,0.545
cg,sd,0.6084
cg,se,0.6232
cg,sg,0.6798
cg,sh,0.681
cg,si,0.6855
cg,sj,0.5698
cg,sk,0.6146
cg,sl,0.6544
cg,sm,0.6908
cg,sn,0.4547
cg,so,0.7058
cg,sr,0.5425
cg,ss,0.5569
cg,st,0.5847
cg,sv,0.7003
cg,sx,0.6399
cg,sy,0.6291
cg,sz,0.5361
cg,tc,0.6767
cg,td,0.4861
cg,tf,0.6788
cg,tg,0.5963
cg,th,0.5877
cg,tj,0.6742
cg,tk,0.5762
cg,tl,0.4524
cg,tm,0.6238
cg,tn,0.6414
cg,to,0.6552
cg,tr,0.6429
cg,tt,0.5891
cg,tv,0.711
cg,tw,0.5965
cg,tz,0.6495
cg,ua,0.5952
cg,ug,0.5476
cg,um,0.5056
cg,us,0.5056
cg,uy,0.6864
cg,uz,0.6325
cg,va,0.6562
cg,vc,0.544
cg,ve,0.5573
cg,vg,0.6619
cg,vi,0.6782
cg,vn,0.6773
cg,vu,0.5619
cg,wf,0.5948
cg,ws,0.544
cg,xk,0.6352
cg,ye,0.6736
cg,yt,0.7162
cg,za,0.5658
cg,zm,0.5544
cg,zw,0.5766
ch,ad,0.6374
ch,ae,0.6618
ch,af,0.6737
ch,ag,0.5894
ch,ai,0.7767
ch,al,0.407
ch,am,0.6375
ch,ao,0.6784
ch,aq,0.8712
ch,ar,0.8022
ch,as,0.7049
ch,at,0.5915
ch,au,0.789
ch,aw,0.823
ch,ax,0.7665
ch,az,0.7525
ch,ba,0.7754
ch,bb,0.7657
ch,bd,0.8014
ch,be,0.63
ch,bf,0.6965
ch,bg,0.7381
ch,bh,0.6946
ch,bi,0.6514
ch,bj,0.6867
ch,bl,0.8319
ch,bm,0.6014
ch,bn,0.7078
ch,bo,0.6403
ch,bq,0.7844
ch,br,0.7855
ch,bs,0.7844
ch,bt,0.5804
ch,bv,0.6124
ch,bw,0.8455
ch,by,0.6637
ch,bz,0.6842
ch,ca,0.5389
ch,cc,0.8403
ch,cd,0.8398
ch,cf,0.7061
ch,cg,0.6559
ch,ch,0.0
ch,ci,0.6935
ch,ck,0.7762
ch,cl,0.6797
ch,cm,0.689
ch,cn,0.6201
ch,co,0.6521
ch,cr,0.7298
ch,cu,0.7443
ch,cv,0.7887
ch,cw,0.8209
ch,cx,0.7897
ch,cy,0.8642
ch,cz,0.7094
ch,de,0.6863
ch,dj,0.8025
ch,dk,0.5854
ch,dm,0.7597
ch,do,0.6178
ch,dz,0.8097
ch,ec,0.6419
ch,ee,0.8787
ch,eg,0.6471
ch,eh,0.6923
ch,er,0.6889
ch,es,0.5734
ch,et,0.6393
ch,fi,0.8555
ch,fj,0.7717
ch,fk,0.7638
ch,fm,0.8513
ch,fo,0.8036
ch,fr,0.6527
ch,ga,0.7586
ch,gb-eng,0.8437
ch,gb-nir,0.8356
ch,gb-sct,0.831
ch,gb-wls,0.7535
ch,gb,0.7026
ch,gd,0.6034
ch,ge,0.7571
ch,gf,0.7495
ch,gg,0.8034
ch,gh,0.6506
ch,gi,0.7378
ch,gl,0.7008
ch,gm,0.6612
ch,gn,0.6603
ch,gp,0.7425
ch,gq,0.646
ch,gr,0.8018
ch,gs,0.7581
ch,gt,0.8041
ch,gu,0.7736
ch,gw,0.6605
ch,gy,0.6917
ch,hk,0.5545
ch,hm,0.8013
ch,hn,0.9086
ch,hr,0.5812
ch,ht,0.6658
ch,hu,0.6237
ch,id,0.6076
ch,ie,0.6842
ch,il,0.8132
ch,im,0.604
ch,in,0.6664
ch,io,0.7023
ch,iq,0.6502
ch,ir,0.6491
ch,is,0.7702
ch,it,0.6745
ch,je,0.7697
ch,jm,0.7281
ch,jo,0.6858
ch,jp,0.8915
ch,ke,0.7151
ch,kg,0.3214
ch,kh,0.6898
ch,ki,0.6247
ch,km,0.7039
ch,kn,0.71
ch,kp,0.6784
ch,kr,0.8363
ch,kw,0.6527
ch,ky,0.7671
ch,kz,0.9041
ch,la,0.6201
ch,lb,0.6455
ch,lc,0.9094
ch,li,0.693
ch,lk,0.5905
ch,lr,0.6454
ch,ls,0.7809
ch,lt,0.6485
ch,lu,0.722
ch,lv,0.5945
ch,ly,0.7003
ch,ma,0.6292
ch,mc,0.7111
ch,md,0.6695
ch,me,0.3632
ch,mf,0.6527
ch,mg,0.7414
ch,mh,0.7874
ch,mk,0.5695
ch,ml,0.6546
ch,mm,0.575
ch,mn,0.6296
ch,mo,0.8049
ch,mp,0.8079
ch,mq,0.7251
ch,mr,0.6985
ch,ms,0.7725
ch,mt,0.7018
ch,mu,0.6738
ch,mv,0.621
ch,mw,0.6857
ch,mx,0.6663
ch,my,0.6725
ch,mz,0.7158
ch,na,0.7077
ch,nc,0.7294
ch,ne,0.6938
ch,nf,0.7891
ch,ng,0.7929
ch,ni,0.8412
ch,nl,0.6549
ch,no,0.6124
ch,np,0.6519
ch,nr,0.8214
ch,nu,0.6984
ch,nz,0.7939
ch,om,0.6884
ch,pa,0.7273
ch,pe,0.5851
ch,pf,0.6368
ch,pg,0.685
ch,ph,0.7149
ch,pk,0.8082
ch,pl,0.7087
ch,pm,0.7425
ch,pn,0.752
ch,pr,0.6038
ch,ps,0.6935
ch,pt,0.5142
ch,pw,0.9635
ch,py,0.6787
ch,qa,0.7303
ch,re,0.7129
ch,ro,0.6456
ch,rs,0.697
ch,ru,0.7435
ch,rw,0.796
ch,sa,0.8179
ch,sb,0.7722
ch,sc,0.6692
ch,sd,0.65
ch,se,0.7826
ch,sg,0.7
ch,sh,0.778
ch,si,0.7026
ch,sj,0.6124
ch,sk,0.7064
ch,sl,0.7918
ch,sm,0.8311
ch,sn,0.652
ch,so,0.8708
ch,sr,0.6762
ch,ss,0.7682
ch,st,0.7369
ch,sv,0.8135
ch,sx,0.6922
ch,sy,0.7469
ch,sz,0.6484
ch,tc,0.7778
ch,td,0.6446
ch,tf,0.7905
ch,tg,0.691
ch,th,0.6863
ch,tj,0.6717
ch,tk,0.7603
ch,tl,0.62
ch,tm,0.7947
ch,tn,0.2717
ch,to,0.6705
ch,tr,0.352
ch,tt,0.6144
ch,tv,0.8526
ch,tw,0.4797
ch,tz,0.8183
ch,ua,0.7736
ch,ug,0.6273
ch,um,0.6379
ch,us,0.6379
ch,uy,0.7865
ch,uz,0.7499
ch,va,0.749
ch,vc,0.7116
ch,ve,0.6464
ch,vg,0.761
ch,vi,0.8051
ch,vn,0.3376
ch,vu,0.6954
ch,wf,0.6206
ch,ws,0.6503
ch,xk,0.8007
ch,ye,0.6463
ch,yt,0.8295
ch,za,0.7003
ch,zm,0.7682
ch,zw,0.7002
ci,ad,0.6982
ci,ae,0.6111
ci,af,0.5921
ci,ag,0.6376
ci,ai,0.7032
ci,al,0.802
ci,am,0.6651
ci,ao,0.7341
ci,aq,0.6264
ci,ar,0.6076
ci,as,0.6908
ci,at,0.6521
ci,au,0.6957
ci,aw,0.6498
ci,ax,0.6487
ci,az,0.6125
ci,ba,0.6992
ci,bb,0.6512
ci,bd,0.6775
ci,be,0.6748
ci,bf,0.6608
ci,bg,0.5853
ci,bh,0.7242
ci,bi,0.5552
ci,bj,0.7124
ci,bl,0.6527
ci,bm,0.6515
ci,bn,0.6194
ci,bo,0.6328
ci,bq,0.5757
ci,br,0.6417
ci,bs,0.6699
ci,bt,0.5317
ci,bv,0.6497
ci,bw,0.6462
ci,by,0.6727
ci,bz,0.6467
ci,ca,0.6288
ci,cc,0.7347
ci,cd,0.6787
ci,cf,0.6129
ci,cg,0.6631
ci,ch,0.6935
ci,ci,0.0
ci,ck,0.6783
ci,cl,0.6302
ci,cm,0.7309
ci,cn,0.7394
ci,co,0.6469
ci,cr,0.6359
ci,cu,0.5966
ci,cv,0.6908
ci,cw,0.732
ci,cx,0.6823
ci,cy,0.6556
ci,cz,0.6562
ci,de,0.7165
ci,dj,0.5762
ci,dk,0.6358
ci,dm,0.6472
ci,do,0.5899
ci,dz,0.687
ci,ec,0.6261
ci,ee,0.6871
ci,eg,0.6809
ci,eh,0.6368
ci,er,0.5715
ci,es,0.6456
ci,et,0.6262
ci,fi,0.6718
ci,fj,0.5857
ci,fk,0.6838
ci,fm,0.6634
ci,fo,0.6214
ci,fr,0.5692
ci,ga,0.5792
ci,gb-eng,0.6568
ci,gb-nir,0.6413
ci,gb-sct,0.64
ci,gb-wls,0.6095
ci,gb,0.6125
ci,gd,0.5823
ci,ge,0.6653
ci,gf,0.5925
ci,gg,0.6456
ci,gh,0.6476
ci,gi,0.6944
ci,gl,0.6233
ci,gm,0.6299
ci,gn,0.4462
ci,gp,0.6816
ci,gq,0.6372
ci,gr,0.604
ci,gs,0.6788
ci,gt,0.5292
ci,gu,0.7099
ci,gw,0.5854
ci,gy,0.543
ci,hk,0.6788
ci,hm,0.7281
ci,hn,0.675
ci,hr,0.6611
ci,ht,0.6429
ci,hu,0.5844
ci,id,0.6749
ci,ie,0.5118
ci,il,0.6329
ci,im,0.7116
ci,in,0.6162
ci,io,0.5497
ci,iq,0.6819
ci,ir,0.6113
ci,is,0.6388
ci,it,0.5408
ci,je,0.6138
ci,jm,0.6553
ci,jo,0.6362
ci,jp,0.7048
ci,ke,0.693
ci,kg,0.7627
ci,kh,0.6583
ci,ki,0.6096
ci,km,0.6271
ci,kn,0.7143
ci,kp,0.6512
ci,kr,0.63
ci,kw,0.6333
ci,ky,0.6884
ci,kz,0.6725
ci,la,0.6419
ci,lb,0.6493
ci,lc,0.7001
ci,li,0.695
ci,lk,0.5823
ci,lr,0.5954
ci,ls,0.6586
ci,lt,0.627
ci,lu,0.6255
ci,lv,0.6561
ci,ly,0.7274
ci,ma,0.7082
ci,mc,0.6371
ci,md,0.7115
ci,me,0.6989
ci,mf,0.5692
ci,mg,0.6687
ci,mh,0.7028
ci,mk,0.6291
ci,ml,0.6533
ci,mm,0.5494
ci,mn,0.6451
ci,mo,0.6577
ci,mp,0.674
ci,mq,0.6304
ci,mr,0.6455
ci,ms,0.6828
ci,mt,0.6498
ci,mu,0.6256
ci,mv,0.6774
ci,mw,0.6672
ci,mx,0.5666
ci,my,0.6502
ci,mz,0.6204
ci,na,0.6251
ci,nc,0.6298
ci,ne,0.6295
ci,nf,0.5098
ci,ng,0.4834
ci,ni,0.6743
ci,nl,0.6134
ci,no,0.6497
ci,np,0.5741
ci,nr,0.7574
ci,nu,0.6674
ci,nz,0.7041
ci,om,0.5826
ci,pa,0.6631
ci,pe,0.5134
ci,pf,0.6427
ci,pg,0.7704
ci,ph,0.6724
ci,pk,0.697
ci,pl,0.6318
ci,pm,0.5556
ci,pn,0.6704
ci,pr,0.7309
ci,ps,0.6264
ci,pt,0.7758
ci,pw,0.7397
ci,py,0.636
ci,qa,0.7083
ci,re,0.6902
ci,ro,0.6871
ci,rs,0.5688
ci,ru,0.6346
ci,rw,0.6468
ci,sa,0.7224
ci,sb,0.672
ci,sc,0.6053
ci,sd,0.672
ci,se,0.6604
ci,sg,0.6173
ci,sh,0.6989
ci,si,0.7065
ci,sj,0.6497
ci,sk,0.6059
ci,sl,0.6162
ci,sm,0.606
ci,sn,0.6482
ci,so,0.6862
ci,sr,0.5923
ci,ss,0.7198
ci,st,0.6312
ci,sv,0.6826
ci,sx,0.6676
ci,sy,0.6728
ci,sz,0.595
ci,tc,0.6967
ci,td,0.6911
ci,tf,0.6761
ci,tg,0.6103
ci,th,0.6076
ci,tj,0.6511
ci,tk,0.7054
ci,tl,0.7131
ci,tm,0.6493
ci,tn,0.7125
ci,to,0.7501
ci,tr,0.7494
ci,tt,0.6841
ci,tv,0.6408
ci,tw,0.8102
ci,tz,0.6578
ci,ua,0.6717
ci,ug,0.6627
ci,um,0.5879
ci,us,0.5879
ci,uy,0.5802
ci,uz,0.5944
ci,va,0.5542
ci,vc,0.5905
ci,ve,0.6482
ci,vg,0.6789
ci,vi,0.5972
ci,vn,0.7883
ci,vu,0.6597
ci,wf,0.7148
ci,ws,0.7457
ci,xk,0.6792
ci,ye,0.6778
ci,yt,0.6277
ci,za,0.6319
ci,zm,0.7311
ci,zw,0.6801
ck,ad,0.6289
ck,ae,0.6076
ck,af,0.5419
ck,ag,0.6221
ck,ai,0.2268
ck,al,0.7452
ck,am,0.6211
ck,ao,0.5578
ck,aq,0.685
ck,ar,0.7011
ck,as,0.6327
ck,at,0.7034
ck,au,0.1579
ck,aw,0.6176
ck,ax,0.5869
ck,az,0.5915
ck,ba,0.5791
ck,bb,0.4186
ck,bd,0.5702
ck,be,0.6717
ck,bf,0.5812
ck,bg,0.6479
ck,bh,0.7224
ck,bi,0.6455
ck,bj,0.6471
ck,bl,0.7973
ck,bm,0.5688
ck,bn,0.7236
ck,bo,0.5934
ck,bq,0.6071
ck,br,0.5809
ck,bs,0.5777
ck,bt,0.7261
ck,bv,0.5866
ck,bw,0.6248
ck,by,0.5778
ck,bz,0.5441
ck,ca,0.7626
ck,cc,0.627
ck,cd,0.6056
ck,cf,0.6253
ck,cg,0.6717
ck,ch,0.7762
ck,ci,0.6783
ck,ck,0.0
ck,cl,0.7088
ck,cm,0.6465
ck,cn,0.7315
ck,co,0.6231
ck,cr,0.6307
ck,cu,0.6093
ck,cv,0.5949
ck,cw,0.3616
ck,cx,0.4187
ck,cy,0.8583
ck,cz,0.6798
ck,de,0.7118
ck,dj,0.628
ck,dk,0.6788
ck,dm,0.5629
ck,do,0.589
ck,dz,0.7244
ck,ec,0.6453
ck,ee,0.6858
ck,eg,0.6336
ck,eh,0.6081
ck,er,0.5731
ck,es,0.667
ck,et,0.6167
ck,fi,0.6631
ck,fj,0.5593
ck,fk,0.2016
ck,fm,0.6893
ck,fo,0.7438
ck,fr,0.6633
ck,ga,0.6121
ck,gb-eng,0.7889
ck,gb-nir,0.8005
ck,gb-sct,0.6471
ck,gb-wls,0.59
ck,gb,0.5423
ck,gd,0.5939
ck,ge,0.7912
ck,gf,0.6888
ck,gg,0.7838
ck,gh,0.5926
ck,gi,0.7408
ck,gl,0.7263
ck,gm,0.5293
ck,gn,0.6141
ck,gp,0.5533
ck,gq,0.6582
ck,gr,0.6383
ck,gs,0.1559
ck,gt,0.6644
ck,gu,0.3119
ck,gw,0.6101
ck,gy,0.5711
ck,hk,0.7187
ck,hm,0.4739
ck,hn,0.7148
ck,hr,0.6423
ck,ht,0.5798
ck,hu,0.6362
ck,id,0.8181
ck,ie,0.7029
ck,il,0.7344
ck,im,0.676
ck,in,0.6345
ck,io,0.4691
ck,iq,0.6243
ck,ir,0.6826
ck,is,0.5615
ck,it,0.6718
ck,je,0.8002
ck,jm,0.5814
ck,jo,0.6037
ck,jp,0.8396
ck,ke,0.5691
ck,kg,0.7717
ck,kh,0.5586
ck,ki,0.5992
ck,km,0.6149
ck,kn,0.5858
ck,kp,0.5911
ck,kr,0.7907
ck,kw,0.6431
ck,ky,0.1711
ck,kz,0.6084
ck,la,0.4789
ck,lb,0.7079
ck,lc,0.7109
ck,li,0.4747
ck,lk,0.6093
ck,lr,0.6468
ck,ls,0.6286
ck,lt,0.5909
ck,lu,0.6704
ck,lv,0.6515
ck,ly,0.5661
ck,ma,0.6595
ck,mc,0.7783
ck,md,0.6117
ck,me,0.7118
ck,mf,0.6633
ck,mg,0.6549
ck,mh,0.576
ck,mk,0.6717
ck,ml,0.6532
ck,mm,0.6586
ck,mn,0.5923
ck,mo,0.5817
ck,mp,0.5477
ck,mq,0.5352
ck,mr,0.5939
ck,ms,0.1669
ck,mt,0.7342
ck,mu,0.557
ck,mv,0.5938
ck,mw,0.5651
ck,mx,0.6417
ck,my,0.6699
ck,mz,0.6182
ck,na,0.5414
ck,nc,0.555
ck,ne,0.6571
ck,nf,0.6228
ck,ng,0.6582
ck,ni,0.6605
ck,nl,0.6198
ck,no,0.5866
ck,np,0.5238
ck,nr,0.3437
ck,nu,0.7737
ck,nz,0.1305
ck,om,0.637
ck,pa,0.6533
ck,pe,0.7202
ck,pf,0.7079
ck,pg,0.5908
ck,ph,0.6134
ck,pk,0.6223
ck,pl,0.7304
ck,pm,0.5503
ck,pn,0.1652
ck,pr,0.7033
ck,ps,0.6266
ck,pt,0.6845
ck,pw,0.6867
ck,py,0.6254
ck,qa,0.659
ck,re,0.6172
ck,ro,0.5657
ck,rs,0.6465
ck,ru,0.6358
ck,rw,0.6171
ck,sa,0.5672
ck,sb,0.5238
ck,sc,0.5878
ck,sd,0.608
ck,se,0.5882
ck,sg,0.7783
ck,sh,0.1743
ck,si,0.688
ck,sj,0.5866
ck,sk,0.6389
ck,sl,0.645
ck,sm,0.6803
ck,sn,0.6524
ck,so,0.6461
ck,sr,0.5905
ck,ss,0.5761
ck,st,0.6244
ck,sv,0.6375
ck,sx,0.5717
ck,sy,0.6119
ck,sz,0.546
ck,tc,0.1952
ck,td,0.5664
ck,tf,0.5258
ck,tg,0.5961
ck,th,0.5991
ck,tj,0.6814
ck,tk,0.4471
ck,tl,0.6682
ck,tm,0.5548
ck,tn,0.7305
ck,to,0.6864
ck,tr,0.7265
ck,tt,0.6417
ck,tv,0.517
ck,tw,0.7409
ck,tz,0.5589
ck,ua,0.7171
ck,ug,0.648
ck,um,0.6284
ck,us,0.6284
ck,uy,0.6773
ck,uz,0.6374
ck,va,0.8105
ck,vc,0.5549
ck,ve,0.5396
ck,vg,0.1697
ck,vi,0.7631
ck,vn,0.7894
ck,vu,0.5393
ck,wf,0.6617
ck,ws,0.6099
ck,xk,0.5579
ck,ye,0.6446
ck,yt,0.791
ck,za,0.545
ck,zm,0.6157
ck,zw,0.6256
cl,ad,0.5859
cl,ae,0.6187
cl,af,0.6138
cl,ag,0.6684
cl,ai,0.7111
cl,al,0.734
cl,am,0.664
cl,ao,0.7043
cl,aq,0.6848
cl,ar,0.6322
cl,as,0.628
cl,at,0.6241
cl,au,0.7337
cl,aw,0.6632
cl,ax,0.6598
cl,az,0.5753
cl,ba,0.6756
cl,bb,0.6672
cl,bd,0.7112
cl,be,0.5826
cl,bf,0.7265
cl,bg,0.4427
cl,bh,0.5884
cl,bi,0.584
cl,bj,0.5533
cl,bl,0.6443
cl,bm,0.5585
cl,bn,0.5836
cl,bo,0.6298
cl,bq,0.6498
cl,br,0.692
cl,bs,0.6641
cl,bt,0.5892
cl,bv,0.6207
cl,bw,0.6674
cl,by,0.6876
cl,bz,0.65
cl,ca,0.6373
cl,cc,0.8019
cl,cd,0.7023
cl,cf,0.5634
cl,cg,0.5098
cl,ch,0.6797
cl,ci,0.6302
cl,ck,0.7088
cl,cl,0.0
cl,cm,0.5894
cl,cn,0.6836
cl,co,0.6416
cl,cr,0.5795
cl,cu,0.6349
cl,cv,0.7049
cl,cw,0.7373
cl,cx,0.6803
cl,cy,0.6687
cl,cz,0.391
cl,de,0.7264
cl,dj,0.6151
cl,dk,0.6236
cl,dm,0.6871
cl,do,0.5884
cl,dz,0.5792
cl,ec,0.6303
cl,ee,0.7246
cl,eg,0.6596
cl,eh,0.7018
cl,er,0.651
cl,es,0.6243
cl,et,0.6026
cl,fi,0.6501
cl,fj,0.6514
cl,fk,0.6899
cl,fm,0.6956
cl,fo,0.597
cl,fr,0.5603
cl,ga,0.6647
cl,gb-eng,0.6277
cl,gb-nir,0.6271
cl,gb-sct,0.6574
cl,gb-wls,0.5559
cl,gb,0.5878
cl,gd,0.5973
cl,ge,0.6288
cl,gf,0.7224
cl,gg,0.6099
cl,gh,0.6805
cl,gi,0.5287
cl,gl,0.5092
cl,gm,0.6502
cl,gn,0.6273
cl,gp,0.6854
cl,gq,0.5755
cl,gr,0.6198
cl,gs,0.7013
cl,gt,0.6097
cl,gu,0.7107
cl,gw,0.6157
cl,gy,0.6118
cl,hk,0.6497
cl,hm,0.7608
cl,hn,0.7259
cl,hr,0.687
cl,ht,0.5545
cl,hu,0.6179
cl,id,0.8103
cl,ie,0.5359
cl,il,0.6382
cl,im,0.669
cl,in,0.6445
cl,io,0.5889
cl,iq,0.6591
cl,ir,0.5533
cl,is,0.6627
cl,it,0.5607
cl,je,0.6258
cl,jm,0.6835
cl,jo,0.6991
cl,jp,0.6646
cl,ke,0.7029
cl,kg,0.7127
cl,kh,0.6495
cl,ki,0.6962
cl,km,0.5425
cl,kn,0.6448
cl,kp,0.6285
cl,kr,0.6377
cl,kw,0.5758
cl,ky,0.7107
cl,kz,0.7362
cl,la,0.6407
cl,lb,0.61
cl,lc,0.7058
cl,li,0.6177
cl,lk,0.5774
cl,lr,0.5269
cl,ls,0.6702
cl,lt,0.6062
cl,lu,0.7163
cl,lv,0.6312
cl,ly,0.759
cl,ma,0.6649
cl,mc,0.766
cl,md,0.5967
cl,me,0.6655
cl,mf,0.5603
cl,mg,0.6998
cl,mh,0.6821
cl,mk,0.6047
cl,ml,0.6078
cl,mm,0.5805
cl,mn,0.6481
cl,mo,0.7194
cl,mp,0.6756
cl,mq,0.6478
cl,mr,0.6626
cl,ms,0.7065
cl,mt,0.6653
cl,mu,0.6636
cl,mv,0.6527
cl,mw,0.7024
cl,mx,0.5638
cl,my,0.5826
cl,mz,0.6557
cl,na,0.6223
cl,nc,0.6387
cl,ne,0.6768
cl,nf,0.6372
cl,ng,0.6478
cl,ni,0.6976
cl,nl,0.6558
cl,no,0.6207
cl,np,0.6004
cl,nr,0.7575
cl,nu,0.6361
cl,nz,0.7377
cl,om,0.5244
cl,pa,0.6848
cl,pe,0.5944
cl,pf,0.6044
cl,pg,0.6682
cl,ph,0.6144
cl,pk,0.7708
cl,pl,0.4332
cl,pm,0.6271
cl,pn,0.6957
cl,pr,0.6255
cl,ps,0.7112
cl,pt,0.6658
cl,pw,0.7779
cl,py,0.6261
cl,qa,0.7034
cl,re,0.5966
cl,ro,0.5881
cl,rs,0.6726
cl,ru,0.432
cl,rw,0.589
cl,sa,0.7452
cl,sb,0.6461
cl,sc,0.6053
cl,sd,0.6244
cl,se,0.6883
cl,sg,0.7362
cl,sh,0.7206
cl,si,0.5466
cl,sj,0.6207
cl,sk,0.4922
cl,sl,0.6868
cl,sm,0.6029
cl,sn,0.5894
cl,so,0.7158
cl,sr,0.5889
cl,ss,0.7241
cl,st,0.6764
cl,sv,0.6923
cl,sx,0.7222
cl,sy,0.6479
cl,sz,0.5894
cl,tc,0.719
cl,td,0.5947
cl,tf,0.7063
cl,tg,0.6589
cl,th,0.5914
cl,tj,0.6806
cl,tk,0.6933
cl,tl,0.5282
cl,tm,0.7229
cl,tn,0.6815
cl,to,0.6861
cl,tr,0.6967
cl,tt,0.6355
cl,tv,0.7356
cl,tw,0.6511
cl,tz,0.74
cl,ua,0.6383
cl,ug,0.6614
cl,um,0.5139
cl,us,0.5139
cl,uy,0.6376
cl,uz,0.5751
cl,va,0.629
cl,vc,0.6272
cl,ve,0.6097
cl,vg,0.704
cl,vi,0.6139
cl,vn,0.7331
cl,vu,0.6871
cl,wf,0.6258
cl,ws,0.612
cl,xk,0.6814
cl,ye,0.6634
cl,yt,0.6102
cl,za,0.6346
cl,zm,0.7128
cl,zw,0.673
cm,ad,0.4586
cm,ae,0.6368
cm,af,0.5112
cm,ag,0.5719
cm,ai,0.6472
cm,al,0.662
cm,am,0.5717
cm,ao,0.5654
cm,aq,0.723
cm,ar,0.6886
cm,as,0.5945
cm,at,0.5816
cm,au,0.6772
cm,aw,0.6682
cm,ax,0.5747
cm,az,0.5856
cm,ba,0.5893
cm,bb,0.6207
cm,bd,0.5206
cm,be,0.5137
cm,bf,0.5779
cm,bg,0.6325
cm,bh,0.6252
cm,bi,0.5378
cm,bj,0.3866
cm,bl,0.7084
cm,bm,0.4793
cm,bn,0.5985
cm,bo,0.5351
cm,bq,0.7255
cm,br,0.5621
cm,bs,0.579
cm,bt,0.5304
cm,bv,0.5812
cm,bw,0.6616
cm,by,0.5119
cm,bz,0.6198
cm,ca,0.6871
cm,cc,0.6582
cm,cd,0.6788
cm,cf,0.5158
cm,cg,0.4913
cm,ch,0.689
cm,ci,0.7309
cm,ck,0.6465
cm,cl,0.5894
cm,cm,0.0
cm,cn,0.6342
cm,co,0.4943
cm,cr,0.63
cm,cu,0.678
cm,cv,0.6566
cm,cw,0.6664
cm,cx,0.5641
cm,cy,0.7698
cm,cz,0.5796
cm,de,0.5616
cm,dj,0.6905
cm,dk,0.5682
cm,dm,0.5532
cm,do,0.5998
cm,dz,0.5756
cm,ec,0.5106
cm,ee,0.6971
cm,eg,0.6023
cm,eh,0.6297
cm,er,0.5864
cm,es,0.5283
cm,et,0.5215
cm,fi,0.7062
cm,fj,0.6271
cm,fk,0.6266
cm,fm,0.7135
cm,fo,0.6751
cm,fr,0.5742
cm,ga,0.5465
cm,gb-eng,0.6897
cm,gb-nir,0.7216
cm,gb-sct,0.6991
cm,gb-wls,0.5668
cm,gb,0.5443
cm,gd,0.4374
cm,ge,0.6852
cm,gf,0.6135
cm,gg,0.6764
cm,gh,0.4819
cm,gi,0.6578
cm,gl,0.6309
cm,gm,0.5227
cm,gn,0.5705
cm,gp,0.5972
cm,gq,0.5481
cm,gr,0.6708
cm,gs,0.6251
cm,gt,0.6817
cm,gu,0.6439
cm,gw,0.5255
cm,gy,0.5649
cm,hk,0.6385
cm,hm,0.7181
cm,hn,0.7585
cm,hr,0.6338
cm,ht,0.5768
cm,hu,0.5946
cm,id,0.7035
cm,ie,0.5503
cm,il,0.717
cm,im,0.5362
cm,in,0.604
cm,io,0.5803
cm,iq,0.6014
cm,ir,0.608
cm,is,0.627
cm,it,0.583
cm,je,0.703
cm,jm,0.5586
cm,jo,0.6117
cm,jp,0.7441
cm,ke,0.5746
cm,kg,0.6636
cm,kh,0.6107
cm,ki,0.5729
cm,km,0.5136
cm,kn,0.4899
cm,kp,0.5888
cm,kr,0.7269
cm,kw,0.5508
cm,ky,0.631
cm,kz,0.6997
cm,la,0.5539
cm,lb,0.6016
cm,lc,0.7227
cm,li,0.561
cm,lk,0.4733
cm,lr,0.5529
cm,ls,0.6562
cm,lt,0.5013
cm,lu,0.6685
cm,lv,0.6021
cm,ly,0.6057
cm,ma,0.5976
cm,mc,0.6429
cm,md,0.4292
cm,me,0.5896
cm,mf,0.5742
cm,mg,0.6549
cm,mh,0.6351
cm,mk,0.5329
cm,ml,0.4213
cm,mm,0.5147
cm,mn,0.6323
cm,mo,0.6406
cm,mp,0.6725
cm,mq,0.6362
cm,mr,0.5639
cm,ms,0.644
cm,mt,0.6558
cm,mu,0.5248
cm,mv,0.5271
cm,mw,0.5138
cm,mx,0.502
cm,my,0.5427
cm,mz,0.5846
cm,na,0.5366
cm,nc,0.5796
cm,ne,0.5926
cm,nf,0.6419
cm,ng,0.6723
cm,ni,0.7197
cm,nl,0.6188
cm,no,0.5812
cm,np,0.5288
cm,nr,0.6763
cm,nu,0.4961
cm,nz,0.6735
cm,om,0.5964
cm,pa,0.6205
cm,pe,0.654
cm,pf,0.5879
cm,pg,0.4974
cm,ph,0.6174
cm,pk,0.7108
cm,pl,0.6451
cm,pm,0.6061
cm,pn,0.6138
cm,pr,0.5928
cm,ps,0.6457
cm,pt,0.4976
cm,pw,0.7694
cm,py,0.6352
cm,qa,0.6604
cm,re,0.6322
cm,ro,0.4231
cm,rs,0.6103
cm,ru,0.6489
cm,rw,0.5972
cm,sa,0.6434
cm,sb,0.5779
cm,sc,0.534
cm,sd,0.5508
cm,se,0.597
cm,sg,0.6748
cm,sh,0.65
cm,si,0.7116
cm,sj,0.5812
cm,sk,0.637
cm,sl,0.6636
cm,sm,0.6808
cm,sn,0.5032
cm,so,0.7222
cm,sr,0.5516
cm,ss,0.5599
cm,st,0.5631
cm,sv,0.7003
cm,sx,0.6168
cm,sy,0.6367
cm,sz,0.5433
cm,tc,0.6426
cm,td,0.427
cm,tf,0.6458
cm,tg,0.4988
cm,th,0.592
cm,tj,0.645
cm,tk,0.5739
cm,tl,0.539
cm,tm,0.6455
cm,tn,0.6621
cm,to,0.6489
cm,tr,0.6384
cm,tt,0.5301
cm,tv,0.6934
cm,tw,0.6051
cm,tz,0.625
cm,ua,0.5914
cm,ug,0.5513
cm,um,0.5242
cm,us,0.5242
cm,uy,0.7015
cm,uz,0.647
cm,va,0.697
cm,vc,0.5431
cm,ve,0.4981
cm,vg,0.623
cm,vi,0.6791
cm,vn,0.6797
cm,vu,0.5112
cm,wf,0.5036
cm,ws,0.4797
cm,xk,0.6462
cm,ye,0.6163
cm,yt,0.7124
cm,za,0.5313
cm,zm,0.5771
cm,zw,0.5512
cn,ad,0.6203
cn,ae,0.7085
cn,af,0.655
cn,ag,0.6288
cn,ai,0.7411
cn,al,0.5796
cn,am,0.6192
cn,ao,0.6309
cn,aq,0.8949
cn,ar,0.8165
cn,as,0.7463
cn,at,0.6621
cn,au,0.7375
cn,aw,0.8096
cn,ax,0.708
cn,az,0.7076
cn,ba,0.7475
cn,bb,0.7274
cn,bd,0.7462
cn,be,0.6263
cn,bf,0.6675
cn,bg,0.7257
cn,bh,0.6515
cn,bi,0.6821
cn,bj,0.5711
cn,bl,0.8167
cn,bm,0.5658
cn,bn,0.6882
cn,bo,0.6279
cn,bq,0.7753
cn,br,0.7476
cn,bs,0.7503
cn,bt,0.5957
cn,bv,0.6093
cn,bw,0.7897
cn,by,0.6039
cn,bz,0.6922
cn,ca,0.647
cn,cc,0.7984
cn,cd,0.8025
cn,cf,0.6761
cn,cg,0.6425
cn,ch,0.6201
cn,ci,0.7394
cn,ck,0.7315
cn,cl,0.6836
cn,cm,0.6342
cn,cn,0.0
cn,co,0.6261
cn,cr,0.7029
cn,cu,0.7398
cn,cv,0.776
cn,cw,0.7798
cn,cx,0.7533
cn,cy,0.8653
cn,cz,0.7059
cn,de,0.6275
cn,dj,0.7954
cn,dk,0.6241
cn,dm,0.7101
cn,do,0.6877
cn,dz,0.7989
cn,ec,0.5563
cn,ee,0.8146
cn,eg,0.6928
cn,eh,0.7179
cn,er,0.5149
cn,es,0.5584
cn,et,0.6323
cn,fi,0.8264
cn,fj,0.7577
cn,fk,0.7251
cn,fm,0.8476
cn,fo,0.7813
cn,fr,0.707
cn,ga,0.7267
cn,gb-eng,0.787
cn,gb-nir,0.7963
cn,gb-sct,0.8338
cn,gb-wls,0.6987
cn,gb,0.6477
cn,gd,0.5885
cn,ge,0.7418
cn,gf,0.716
cn,gg,0.722
cn,gh,0.6245
cn,gi,0.7173
cn,gl,0.7086
cn,gm,0.6358
cn,gn,0.6439
cn,gp,0.7046
cn,gq,0.683
cn,gr,0.802
cn,gs,0.7144
cn,gt,0.8169
cn,gu,0.7498
cn,gw,0.6443
cn,gy,0.6583
cn,hk,0.202
cn,hm,0.7619
cn,hn,0.9225
cn,hr,0.6849
cn,ht,0.6597
cn,hu,0.6806
cn,id,0.7237
cn,ie,0.7299
cn,il,0.833
cn,im,0.5867
cn,in,0.6998
cn,io,0.6906
cn,iq,0.6931
cn,ir,0.6936
cn,is,0.7475
cn,it,0.7212
cn,je,0.7881
cn,jm,0.6845
cn,jo,0.7016
cn,jp,0.8444
cn,ke,0.6566
cn,kg,0.5724
cn,kh,0.582
cn,ki,0.6239
cn,km,0.6946
cn,kn,0.6493
cn,kp,0.4808
cn,kr,0.8292
cn,kw,0.7003
cn,ky,0.724
cn,kz,0.8801
cn,la,0.6436
cn,lb,0.6872
cn,lc,0.8796
cn,li,0.6436
cn,lk,0.5485
cn,lr,0.6471
cn,ls,0.7937
cn,lt,0.6122
cn,lu,0.7659
cn,lv,0.6426
cn,ly,0.6824
cn,ma,0.5894
cn,mc,0.7258
cn,md,0.6333
cn,me,0.543
cn,mf,0.707
cn,mg,0.7092
cn,mh,0.7691
cn,mk,0.5485
cn,ml,0.6348
cn,mm,0.6163
cn,mn,0.6223
cn,mo,0.7977
cn,mp,0.7944
cn,mq,0.6147
cn,mr,0.6868
cn,ms,0.7329
cn,mt,0.7093
cn,mu,0.644
cn,mv,0.6118
cn,mw,0.63
cn,mx,0.6892
cn,my,0.6492
cn,mz,0.6574
cn,na,0.673
cn,nc,0.6882
cn,ne,0.7027
cn,nf,0.7874
cn,ng,0.8232
cn,ni,0.86
cn,nl,0.706
cn,no,0.6093
cn,np,0.6053
cn,nr,0.7828
cn,nu,0.6885
cn,nz,0.7489
cn,om,0.6482
cn,pa,0.731
cn,pe,0.6584
cn,pf,0.6734
cn,pg,0.6322
cn,ph,0.6833
cn,pk,0.7775
cn,pl,0.7173
cn,pm,0.7067
cn,pn,0.7103
cn,pr,0.7101
cn,ps,0.7304
cn,pt,0.6109
cn,pw,0.927
cn,py,0.7188
cn,qa,0.6829
cn,re,0.7332
cn,ro,0.6297
cn,rs,0.6874
cn,ru,0.7225
cn,rw,0.7768
cn,sa,0.7844
cn,sb,0.7357
cn,sc,0.6477
cn,sd,0.6919
cn,se,0.7474
cn,sg,0.7179
cn,sh,0.7368
cn,si,0.754
cn,sj,0.6093
cn,sk,0.6003
cn,sl,0.8182
cn,sm,0.8127
cn,sn,0.5525
cn,so,0.8653
cn,sr,0.6346
cn,ss,0.7306
cn,st,0.6982
cn,sv,0.8306
cn,sx,0.657
cn,sy,0.7557
cn,sz,0.615
cn,tc,0.7365
cn,td,0.6234
cn,tf,0.7554
cn,tg,0.6562
cn,th,0.6634
cn,tj,0.7294
cn,tk,0.7279
cn,tl,0.578
cn,tm,0.7583
cn,tn,0.587
cn,to,0.6236
cn,tr,0.5826
cn,tt,0.5864
cn,tv,0.8343
cn,tw,0.6094
cn,tz,0.7599
cn,ua,0.754
cn,ug,0.6106
cn,um,0.6438
cn,us,0.6438
cn,uy,0.7968
cn,uz,0.7809
cn,va,0.7575
cn,vc,0.6866
cn,ve,0.615
cn,vg,0.7185
cn,vi,0.7869
cn,vn,0.5955
cn,vu,0.6414
cn,wf,0.5809
cn,ws,0.6034
cn,xk,0.7709
cn,ye,0.7055
cn,yt,0.8153
cn,za,0.676
cn,zm,0.7225
cn,zw,0.6425
co,ad,0.5332
co,ae,0.6193
co,af,0.589
co,ag,0.5934
co,ai,0.6318
co,al,0.6474
co,am,0.5928
co,ao,0.542
co,aq,0.7879
co,ar,0.7265
co,as,0.7028
co,at,0.5935
co,au,0.6436
co,aw,0.7186
co,ax,0.639
co,az,0.67
co,ba,0.5694
co,bb,0.6467
co,bd,0.676
co,be,0.5914
co,bf,0.5645
co,bg,0.5787
co,bh,0.6377
co,bi,0.5688
co,bj,0.475
co,bl,0.7285
co,bm,0.5098
co,bn,0.5672
co,bo,0.5561
co,bq,0.5937
co,br,0.6229
co,bs,0.6789
co,bt,0.4461
co,bv,0.5711
co,bw,0.6948
co,by,0.5449
co,bz,0.6321
co,ca,0.6631
co,cc,0.6692
co,cd,0.7048
co,cf,0.5484
co,cg,0.5733
co,ch,0.6521
co,ci,0.6469
co,ck,0.6231
co,cl,0.6416
co,cm,0.4943
co,cn,0.6261
co,co,0.0
co,cr,0.684
co,cu,0.6684
co,cv,0.7453
co,cw,0.7513
co,cx,0.6043
co,cy,0.7821
co,cz,0.6016
co,de,0.6682
co,dj,0.6855
co,dk,0.5717
co,dm,0.6143
co,do,0.6144
co,dz,0.7028
co,ec,0.2207
co,ee,0.7848
co,eg,0.6021
co,eh,0.6845
co,er,0.5751
co,es,0.5489
co,et,0.5392
co,fi,0.7225
co,fj,0.6505
co,fk,0.62
co,fm,0.7411
co,fo,0.7015
co,fr,0.6356
co,ga,0.5941
co,gb-eng,0.7184
co,gb-nir,0.7377
co,gb-sct,0.7322
co,gb-wls,0.5736
co,gb,0.5913
co,gd,0.4413
co,ge,0.709
co,gf,0.5888
co,gg,0.7026
co,gh,0.5032
co,gi,0.6348
co,gl,0.6045
co,gm,0.5446
co,gn,0.4974
co,gp,0.6478
co,gq,0.5908
co,gr,0.7048
co,gs,0.6119
co,gt,0.7074
co,gu,0.6728
co,gw,0.394
co,gy,0.5732
co,hk,0.6168
co,hm,0.6797
co,hn,0.8174
co,hr,0.6184
co,ht,0.633
co,hu,0.6108
co,id,0.7416
co,ie,0.6374
co,il,0.7563
co,im,0.5546
co,in,0.5818
co,io,0.5981
co,iq,0.5955
co,ir,0.6163
co,is,0.6773
co,it,0.642
co,je,0.7122
co,jm,0.6122
co,jo,0.6632
co,jp,0.7766
co,ke,0.6575
co,kg,0.6421
co,kh,0.6752
co,ki,0.5779
co,km,0.5219
co,kn,0.5655
co,kp,0.6461
co,kr,0.7298
co,kw,0.6223
co,ky,0.6236
co,kz,0.742
co,la,0.5347
co,lb,0.5925
co,lc,0.7669
co,li,0.6516
co,lk,0.4993
co,lr,0.6099
co,ls,0.742
co,lt,0.454
co,lu,0.679
co,lv,0.6178
co,ly,0.6336
co,ma,0.6028
co,mc,0.7129
co,md,0.5268
co,me,0.573
co,mf,0.6356
co,mg,0.6029
co,mh,0.6463
co,mk,0.5403
co,ml,0.4871
co,mm,0.3989
co,mn,0.6003
co,mo,0.6943
co,mp,0.7172
co,mq,0.596
co,mr,0.5674
co,ms,0.6278
co,mt,0.6482
co,mu,0.6596
co,mv,0.5102
co,mw,0.6232
co,mx,0.6031
co,my,0.6421
co,mz,0.6316
co,na,0.5814
co,nc,0.667
co,ne,0.6108
co,nf,0.6632
co,ng,0.705
co,ni,0.779
co,nl,0.6267
co,no,0.5711
co,np,0.5276
co,nr,0.7216
co,nu,0.548
co,nz,0.643
co,om,0.5578
co,pa,0.6439
co,pe,0.6081
co,pf,0.5867
co,pg,0.5566
co,ph,0.6704
co,pk,0.6962
co,pl,0.5987
co,pm,0.6104
co,pn,0.6012
co,pr,0.6529
co,ps,0.6981
co,pt,0.6112
co,pw,0.8235
co,py,0.6238
co,qa,0.6503
co,re,0.6633
co,ro,0.5084
co,rs,0.638
co,ru,0.5952
co,rw,0.7376
co,sa,0.6808
co,sb,0.6407
co,sc,0.6037
co,sd,0.5926
co,se,0.6419
co,sg,0.7175
co,sh,0.629
co,si,0.6543
co,sj,0.5711
co,sk,0.5655
co,sl,0.687
co,sm,0.651
co,sn,0.5743
co,so,0.7615
co,sr,0.597
co,ss,0.6851
co,st,0.6049
co,sv,0.757
co,sx,0.5535
co,sy,0.6633
co,sz,0.5738
co,tc,0.6243
co,td,0.5056
co,tf,0.6547
co,tg,0.5668
co,th,0.5884
co,tj,0.6692
co,tk,0.6703
co,tl,0.5827
co,tm,0.6415
co,tn,0.6391
co,to,0.6266
co,tr,0.635
co,tt,0.5482
co,tv,0.6958
co,tw,0.696
co,tz,0.6373
co,ua,0.7434
co,ug,0.5191
co,um,0.6066
co,us,0.6066
co,uy,0.6848
co,uz,0.7117
co,va,0.6681
co,vc,0.5749
co,ve,0.3591
co,vg,0.6152
co,vi,0.696
co,vn,0.6626
co,vu,0.5537
co,wf,0.5494
co,ws,0.5939
co,xk,0.7054
co,ye,0.6148
co,yt,0.7334
co,za,0.5646
co,zm,0.6269
co,zw,0.568
cr,ad,0.6012
cr,ae,0.667
cr,af,0.6235
cr,ag,0.6287
cr,ai,0.6478
cr,al,0.7602
cr,am,0.7069
cr,ao,0.6845
cr,aq,0.6208
cr,ar,0.5987
cr,as,0.5985
cr,at,0.7073
cr,au,0.6531
cr,aw,0.6293
cr,ax,0.5707
cr,az,0.5395
cr,ba,0.6591
cr,bb,0.659
cr,bd,0.6518
cr,be,0.6649
cr,bf,0.6495
cr,bg,0.6313
cr,bh,0.587
cr,bi,0.5882
cr,bj,0.6345
cr,bl,0.6341
cr,bm,0.6037
cr,bn,0.6924
cr,bo,0.6078
cr,bq,0.6368
cr,br,0.6313
cr,bs,0.6216
cr,bt,0.6365
cr,bv,0.6426
cr,bw,0.5964
cr,by,0.6164
cr,bz,0.597
cr,ca,0.651
cr,cc,0.746
cr,cd,0.6343
cr,cf,0.604
cr,cg,0.5992
cr,ch,0.7298
cr,ci,0.6359
cr,ck,0.6307
cr,cl,0.5795
cr,cm,0.63
cr,cn,0.7029
cr,co,0.684
cr,cr,0.0
cr,cu,0.4791
cr,cv,0.5908
cr,cw,0.6475
cr,cx,0.6509
cr,cy,0.6713
cr,cz,0.6414
cr,de,0.6758
cr,dj,0.5902
cr,dk,0.6692
cr,dm,0.6286
cr,do,0.6395
cr,dz,0.647
cr,ec,0.6814
cr,ee,0.6055
cr,eg,0.7102
cr,eh,0.6617
cr,er,0.5571
cr,es,0.613
cr,et,0.6233
cr,fi,0.6226
cr,fj,0.5797
cr,fk,0.6184
cr,fm,0.6584
cr,fo,0.5819
cr,fr,0.6246
cr,ga,0.5546
cr,gb-eng,0.595
cr,gb-nir,0.601
cr,gb-sct,0.6098
cr,gb-wls,0.5991
cr,gb,0.5301
cr,gd,0.6056
cr,ge,0.6113
cr,gf,0.6847
cr,gg,0.5706
cr,gh,0.62
cr,gi,0.6712
cr,gl,0.6278
cr,gm,0.6204
cr,gn,0.6383
cr,gp,0.6523
cr,gq,0.6721
cr,gr,0.5775
cr,gs,0.6258
cr,gt,0.6036
cr,gu,0.6809
cr,gw,0.6424
cr,gy,0.5564
cr,hk,0.6878
cr,hm,0.6042
cr,hn,0.6569
cr,hr,0.6353
cr,ht,0.6065
cr,hu,0.637
cr,id,0.6823
cr,ie,0.6038
cr,il,0.6384
cr,im,0.6873
cr,in,0.6637
cr,io,0.5472
cr,iq,0.7105
cr,ir,0.6432
cr,is,0.5976
cr,it,0.6103
cr,je,0.6428
cr,jm,0.6572
cr,jo,0.6615
cr,jp,0.6726
cr,ke,0.589
cr,kg,0.7468
cr,kh,0.5488
cr,ki,0.5909
cr,km,0.5975
cr,kn,0.6349
cr,kp,0.4973
cr,kr,0.6693
cr,kw,0.6776
cr,ky,0.6235
cr,kz,0.6614
cr,la,0.7045
cr,lb,0.6203
cr,lc,0.6751
cr,li,0.6381
cr,lk,0.6178
cr,lr,0.5622
cr,ls,0.5859
cr,lt,0.668
cr,lu,0.6494
cr,lv,0.672
cr,ly,0.7299
cr,ma,0.6694
cr,mc,0.6438
cr,md,0.6224
cr,me,0.7099
cr,mf,0.6246
cr,mg,0.6151
cr,mh,0.6176
cr,mk,0.64
cr,ml,0.635
cr,mm,0.661
cr,mn,0.6118
cr,mo,0.6688
cr,mp,0.6275
cr,mq,0.6309
cr,mr,0.6873
cr,ms,0.6398
cr,mt,0.6257
cr,mu,0.6083
cr,mv,0.6765
cr,mw,0.6024
cr,mx,0.6012
cr,my,0.5851
cr,mz,0.6182
cr,na,0.5839
cr,nc,0.5421
cr,ne,0.6644
cr,nf,0.6558
cr,ng,0.6596
cr,ni,0.6421
cr,nl,0.6412
cr,no,0.6426
cr,np,0.5372
cr,nr,0.6861
cr,nu,0.6989
cr,nz,0.6643
cr,om,0.574
cr,pa,0.6332
cr,pe,0.6488
cr,pf,0.6056
cr,pg,0.6813
cr,ph,0.5927
cr,pk,0.6636
cr,pl,0.6345
cr,pm,0.5598
cr,pn,0.6184
cr,pr,0.6044
cr,ps,0.6648
cr,pt,0.6958
cr,pw,0.6979
cr,py,0.627
cr,qa,0.6198
cr,re,0.6576
cr,ro,0.6318
cr,rs,0.5921
cr,ru,0.627
cr,rw,0.6008
cr,sa,0.7002
cr,sb,0.6185
cr,sc,0.563
cr,sd,0.6977
cr,se,0.6216
cr,sg,0.6221
cr,sh,0.6492
cr,si,0.7291
cr,sj,0.6426
cr,sk,0.6357
cr,sl,0.634
cr,sm,0.5913
cr,sn,0.6326
cr,so,0.6675
cr,sr,0.4066
cr,ss,0.5812
cr,st,0.5895
cr,sv,0.6462
cr,sx,0.5875
cr,sy,0.688
cr,sz,0.5289
cr,tc,0.6465
cr,td,0.6404
cr,tf,0.6158
cr,tg,0.5464
cr,th,0.4355
cr,tj,0.6709
cr,tk,0.6479
cr,tl,0.6242
cr,tm,0.6688
cr,tn,0.7164
cr,to,0.705
cr,tr,0.7066
cr,tt,0.6391
cr,tv,0.6424
cr,tw,0.6901
cr,tz,0.6588
cr,ua,0.6797
cr,ug,0.573
cr,um,0.5472
cr,us,0.5472
cr,uy,0.6124
cr,uz,0.6059
cr,va,0.6697
cr,vc,0.6433
cr,ve,0.6881
cr,vg,0.6232
cr,vi,0.6317
cr,vn,0.7701
cr,vu,0.6375
cr,wf,0.6601
cr,ws,0.6531
cr,xk,0.6178
cr,ye,0.7196
cr,yt,0.6173
cr,za,0.5957
cr,zm,0.6967
cr,zw,0.5346
cu,ad,0.6698
cu,ae,0.6093
cu,af,0.6012
cu,ag,0.5969
cu,ai,0.6225
cu,al,0.7799
cu,am,0.6472
cu,ao,0.6803
cu,aq,0.6117
cu,ar,0.6094
cu,as,0.5687
cu,at,0.6697
cu,au,0.6341
cu,aw,0.6066
cu,ax,0.6074
cu,az,0.5862
cu,ba,0.5668
cu,bb,0.652
cu,bd,0.6417
cu,be,0.6755
cu,bf,0.6568
cu,bg,0.6517
cu,bh,0.7336
cu,bi,0.5927
cu,bj,0.6811
cu,bl,0.6876
cu,bm,0.6192
cu,bn,0.7275
cu,bo,0.6301
cu,bq,0.5643
cu,br,0.6267
cu,bs,0.6046
cu,bt,0.6682
cu,bv,0.6046
cu,bw,0.5852
cu,by,0.6484
cu,bz,0.6092
cu,ca,0.6915
cu,cc,0.7306
cu,cd,0.615
cu,cf,0.5951
cu,cg,0.6679
cu,ch,0.7443
cu,ci,0.5966
cu,ck,0.6093
cu,cl,0.6349
cu,cm,0.678
cu,cn,0.7398
cu,co,0.6684
cu,cr,0.4791
cu,cu,0.0
cu,cv,0.4849
cu,cw,0.6086
cu,cx,0.628
cu,cy,0.7192
cu,cz,0.6443
cu,de,0.698
cu,dj,0.6106
cu,dk,0.6809
cu,dm,0.628
cu,do,0.6332
cu,dz,0.6256
cu,ec,0.6891
cu,ee,0.6565
cu,eg,0.6611
cu,eh,0.5911
cu,er,0.5625
cu,es,0.6408
cu,et,0.6048
cu,fi,0.6502
cu,fj,0.5758
cu,fk,0.5904
cu,fm,0.6565
cu,fo,0.6318
cu,fr,0.6332
cu,ga,0.5963
cu,gb-eng,0.6611
cu,gb-nir,0.654
cu,gb-sct,0.5969
cu,gb-wls,0.6356
cu,gb,0.5334
cu,gd,0.6136
cu,ge,0.6793
cu,gf,0.6831
cu,gg,0.6658
cu,gh,0.6302
cu,gi,0.6785
cu,gl,0.6597
cu,gm,0.5627
cu,gn,0.6149
cu,gp,0.6286
cu,gq,0.655
cu,gr,0.5833
cu,gs,0.6049
cu,gt,0.6045
cu,gu,0.6423
cu,gw,0.6259
cu,gy,0.5466
cu,hk,0.7007
cu,hm,0.6491
cu,hn,0.6521
cu,hr,0.6352
cu,ht,0.5306
cu,hu,0.6024
cu,id,0.7206
cu,ie,0.6318
cu,il,0.6124
cu,im,0.701
cu,in,0.6292
cu,io,0.5531
cu,iq,0.6514
cu,ir,0.5974
cu,is,0.6041
cu,it,0.6301
cu,je,0.6932
cu,jm,0.6456
cu,jo,0.5849
cu,jp,0.7428
cu,ke,0.5933
cu,kg,0.7753
cu,kh,0.5432
cu,ki,0.5966
cu,km,0.6028
cu,kn,0.6415
cu,kp,0.5735
cu,kr,0.7018
cu,kw,0.6252
cu,ky,0.6038
cu,kz,0.638
cu,la,0.6725
cu,lb,0.6072
cu,lc,0.6816
cu,li,0.6328
cu,lk,0.6402
cu,lr,0.5967
cu,ls,0.5844
cu,lt,0.6529
cu,lu,0.6301
cu,lv,0.6784
cu,ly,0.7211
cu,ma,0.6836
cu,mc,0.6766
cu,md,0.6722
cu,me,0.7309
cu,mf,0.6332
cu,mg,0.6833
cu,mh,0.5023
cu,mk,0.6675
cu,ml,0.6862
cu,mm,0.6555
cu,mn,0.5994
cu,mo,0.6408
cu,mp,0.5926
cu,mq,0.5887
cu,mr,0.649
cu,ms,0.6095
cu,mt,0.7118
cu,mu,0.6157
cu,mv,0.6658
cu,mw,0.6211
cu,mx,0.6255
cu,my,0.5977
cu,mz,0.5971
cu,na,0.5474
cu,nc,0.5804
cu,ne,0.6449
cu,nf,0.6366
cu,ng,0.6383
cu,ni,0.6205
cu,nl,0.6019
cu,no,0.6046
cu,np,0.5436
cu,nr,0.6781
cu,nu,0.7457
cu,nz,0.6412
cu,om,0.6103
cu,pa,0.6531
cu,pe,0.6497
cu,pf,0.6059
cu,pg,0.6844
cu,ph,0.6469
cu,pk,0.6817
cu,pl,0.6711
cu,pm,0.5455
cu,pn,0.5989
cu,pr,0.6182
cu,ps,0.6064
cu,pt,0.7372
cu,pw,0.689
cu,py,0.6145
cu,qa,0.6969
cu,re,0.6601
cu,ro,0.6734
cu,rs,0.6097
cu,ru,0.6452
cu,rw,0.594
cu,sa,0.6669
cu,sb,0.6216
cu,sc,0.575
cu,sd,0.6574
cu,se,0.653
cu,sg,0.6689
cu,sh,0.6239
cu,si,0.703
cu,sj,0.6046
cu,sk,0.6305
cu,sl,0.6083
cu,sm,0.6217
cu,sn,0.6669
cu,so,0.6522
cu,sr,0.5019
cu,ss,0.6343
cu,st,0.5986
cu,sv,0.6142
cu,sx,0.5966
cu,sy,0.6325
cu,sz,0.5453
cu,tc,0.6302
cu,td,0.6769
cu,tf,0.6047
cu,tg,0.5186
cu,th,0.5202
cu,tj,0.6207
cu,tk,0.6534
cu,tl,0.7058
cu,tm,0.6405
cu,tn,0.7241
cu,to,0.7167
cu,tr,0.7387
cu,tt,0.6552
cu,tv,0.6045
cu,tw,0.7502
cu,tz,0.6249
cu,ua,0.6842
cu,ug,0.6104
cu,um,0.5684
cu,us,0.5684
cu,uy,0.608
cu,uz,0.5885
cu,va,0.6874
cu,vc,0.6414
cu,ve,0.666
cu,vg,0.6015
cu,vi,0.6767
cu,vn,0.8002
cu,vu,0.6225
cu,wf,0.6903
cu,ws,0.6773
cu,xk,0.6065
cu,ye,0.6674
cu,yt,0.6704
cu,za,0.5518
cu,zm,0.7054
cu,zw,0.6266
cv,ad,0.6541
cv,ae,0.6135
cv,af,0.5841
cv,ag,0.62
cv,ai,0.6089
cv,al,0.8014
cv,am,0.67
cv,ao,0.7029
cv,aq,0.6165
cv,ar,0.6362
cv,as,0.5819
cv,at,0.7024
cv,au,0.6143
cv,aw,0.5936
cv,ax,0.5873
cv,az,0.5621
cv,ba,0.4822
cv,bb,0.6159
cv,bd,0.5976
cv,be,0.6924
cv,bf,0.6852
cv,bg,0.7252
cv,bh,0.7328
cv,bi,0.6553
cv,bj,0.6746
cv,bl,0.757
cv,bm,0.6521
cv,bn,0.7707
cv,bo,0.6382
cv,bq,0.5659
cv,br,0.5915
cv,bs,0.5724
cv,bt,0.7422
cv,bv,0.6405
cv,bw,0.6476
cv,by,0.6465
cv,bz,0.57
cv,ca,0.7818
cv,cc,0.6992
cv,cd,0.6021
cv,cf,0.6509
cv,cg,0.6517
cv,ch,0.7887
cv,ci,0.6908
cv,ck,0.5949
cv,cl,0.7049
cv,cm,0.6566
cv,cn,0.776
cv,co,0.7453
cv,cr,0.5908
cv,cu,0.4849
cv,cv,0.0
cv,cw,0.5362
cv,cx,0.5755
cv,cy,0.8114
cv,cz,0.7206
cv,de,0.6823
cv,dj,0.6316
cv,dk,0.6817
cv,dm,0.5799
cv,do,0.6036
cv,dz,0.6845
cv,ec,0.7647
cv,ee,0.6436
cv,eg,0.6734
cv,eh,0.5833
cv,er,0.5986
cv,es,0.6786
cv,et,0.6043
cv,fi,0.7359
cv,fj,0.585
cv,fk,0.5828
cv,fm,0.6585
cv,fo,0.7311
cv,fr,0.6621
cv,ga,0.5587
cv,gb-eng,0.7875
cv,gb-nir,0.7966
cv,gb-sct,0.6327
cv,gb-wls,0.6695
cv,gb,0.6128
cv,gd,0.6545
cv,ge,0.7922
cv,gf,0.6904
cv,gg,0.7693
cv,gh,0.6394
cv,gi,0.7613
cv,gl,0.74
cv,gm,0.6204
cv,gn,0.6591
cv,gp,0.5464
cv,gq,0.6326
cv,gr,0.6268
cv,gs,0.5831
cv,gt,0.6329
cv,gu,0.5731
cv,gw,0.7046
cv,gy,0.5803
cv,hk,0.751
cv,hm,0.6306
cv,hn,0.6304
cv,hr,0.6539
cv,ht,0.4676
cv,hu,0.6239
cv,id,0.7634
cv,ie,0.6748
cv,il,0.6411
cv,im,0.7249
cv,in,0.668
cv,io,0.5514
cv,iq,0.6758
cv,ir,0.636
cv,is,0.5575
cv,it,0.6528
cv,je,0.758
cv,jm,0.646
cv,jo,0.5877
cv,jp,0.8112
cv,ke,0.5792
cv,kg,0.8184
cv,kh,0.5241
cv,ki,0.5973
cv,km,0.6359
cv,kn,0.6052
cv,kp,0.6032
cv,kr,0.768
cv,kw,0.6161
cv,ky,0.5847
cv,kz,0.5927
cv,la,0.654
cv,lb,0.6798
cv,lc,0.6749
cv,li,0.5737
cv,lk,0.6386
cv,lr,0.6111
cv,ls,0.5617
cv,lt,0.6891
cv,lu,0.6542
cv,lv,0.6376
cv,ly,0.6811
cv,ma,0.691
cv,mc,0.706
cv,md,0.6361
cv,me,0.7622
cv,mf,0.6621
cv,mg,0.7092
cv,mh,0.4095
cv,mk,0.6873
cv,ml,0.6727
cv,mm,0.7103
cv,mn,0.6142
cv,mo,0.5785
cv,mp,0.549
cv,mq,0.5971
cv,mr,0.6314
cv,ms,0.5864
cv,mt,0.7354
cv,mu,0.5401
cv,mv,0.6681
cv,mw,0.575
cv,mx,0.6463
cv,my,0.6182
cv,mz,0.6327
cv,na,0.5084
cv,nc,0.5393
cv,ne,0.6737
cv,nf,0.6443
cv,ng,0.6528
cv,ni,0.5863
cv,nl,0.6099
cv,no,0.6405
cv,np,0.5481
cv,nr,0.5882
cv,nu,0.7775
cv,nz,0.6174
cv,om,0.6954
cv,pa,0.7109
cv,pe,0.7368
cv,pf,0.6766
cv,pg,0.6752
cv,ph,0.5777
cv,pk,0.6423
cv,pl,0.7798
cv,pm,0.5513
cv,pn,0.5795
cv,pr,0.6992
cv,ps,0.5915
cv,pt,0.714
cv,pw,0.651
cv,py,0.6325
cv,qa,0.6804
cv,re,0.6224
cv,ro,0.6537
cv,rs,0.6363
cv,ru,0.7186
cv,rw,0.5085
cv,sa,0.6221
cv,sb,0.5522
cv,sc,0.5873
cv,sd,0.6504
cv,se,0.5821
cv,sg,0.7155
cv,sh,0.6051
cv,si,0.7677
cv,sj,0.6405
cv,sk,0.7181
cv,sl,0.5878
cv,sm,0.7057
cv,sn,0.6662
cv,so,0.6214
cv,sr,0.5781
cv,ss,0.5437
cv,st,0.612
cv,sv,0.5755
cv,sx,0.5463
cv,sy,0.6089
cv,sz,0.5806
cv,tc,0.6106
cv,td,0.6596
cv,tf,0.5864
cv,tg,0.6155
cv,th,0.6222
cv,tj,0.6625
cv,tk,0.5984
cv,tl,0.7104
cv,tm,0.6047
cv,tn,0.7686
cv,to,0.7691
cv,tr,0.7641
cv,tt,0.6726
cv,tv,0.5943
cv,tw,0.7372
cv,tz,0.5903
cv,ua,0.6193
cv,ug,0.7151
cv,um,0.5642
cv,us,0.5642
cv,uy,0.6458
cv,uz,0.5831
cv,va,0.7954
cv,vc,0.6394
cv,ve,0.7064
cv,vg,0.5826
cv,vi,0.7312
cv,vn,0.8371
cv,vu,0.63
cv,wf,0.7011
cv,ws,0.642
cv,xk,0.5356
cv,ye,0.6803
cv,yt,0.7536
cv,za,0.6042
cv,zm,0.6591
cv,zw,0.6635
cw,ad,0.6636
cw,ae,0.6562
cw,af,0.5748
cw,ag,0.6226
cw,ai,0.3889
cw,al,0.7845
cw,am,0.6424
cw,ao,0.6502
cw,aq,0.6951
cw,ar,0.7336
cw,as,0.6502
cw,at,0.7552
cw,au,0.3637
cw,aw,0.6164
cw,ax,0.6262
cw,az,0.6003
cw,ba,0.6256
cw,bb,0.4348
cw,bd,0.5948
cw,be,0.6978
cw,bf,0.6664
cw,bg,0.7108
cw,bh,0.765
cw,bi,0.6859
cw,bj,0.6787
cw,bl,0.8321
cw,bm,0.6509
cw,bn,0.7699
cw,bo,0.6601
cw,bq,0.6942
cw,br,0.5982
cw,bs,0.5973
cw,bt,0.7741
cw,bv,0.6281
cw,bw,0.6502
cw,by,0.6515
cw,bz,0.5866
cw,ca,0.8106
cw,cc,0.6563
cw,cd,0.6293
cw,cf,0.6752
cw,cg,0.668
cw,ch,0.8209
cw,ci,0.732
cw,ck,0.3616
cw,cl,0.7373
cw,cm,0.6664
cw,cn,0.7798
cw,co,0.7513
cw,cr,0.6475
cw,cu,0.6086
cw,cv,0.5362
cw,cw,0.0
cw,cx,0.4438
cw,cy,0.893
cw,cz,0.7365
cw,de,0.6795
cw,dj,0.6715
cw,dk,0.7402
cw,dm,0.5911
cw,do,0.6096
cw,dz,0.7318
cw,ec,0.7584
cw,ee,0.6533
cw,eg,0.714
cw,eh,0.6271
cw,er,0.6233
cw,es,0.6874
cw,et,0.6252
cw,fi,0.6706
cw,fj,0.6302
cw,fk,0.3705
cw,fm,0.7182
cw,fo,0.7717
cw,fr,0.6985
cw,ga,0.6304
cw,gb-eng,0.829
cw,gb-nir,0.8394
cw,gb-sct,0.681
cw,gb-wls,0.6752
cw,gb,0.583
cw,gd,0.6425
cw,ge,0.8306
cw,gf,0.6889
cw,gg,0.8237
cw,gh,0.6608
cw,gi,0.7981
cw,gl,0.7872
cw,gm,0.5747
cw,gn,0.6681
cw,gp,0.5573
cw,gq,0.6744
cw,gr,0.6803
cw,gs,0.3565
cw,gt,0.6994
cw,gu,0.3213
cw,gw,0.6922
cw,gy,0.6084
cw,hk,0.7675
cw,hm,0.6098
cw,hn,0.7341
cw,hr,0.7181
cw,ht,0.5782
cw,hu,0.6967
cw,id,0.8377
cw,ie,0.7286
cw,il,0.7367
cw,im,0.731
cw,in,0.7172
cw,io,0.547
cw,iq,0.7049
cw,ir,0.6985
cw,is,0.6162
cw,it,0.7005
cw,je,0.8373
cw,jm,0.6162
cw,jo,0.6254
cw,jp,0.88
cw,ke,0.5718
cw,kg,0.817
cw,kh,0.5646
cw,ki,0.6445
cw,km,0.6657
cw,kn,0.5873
cw,kp,0.6278
cw,kr,0.8404
cw,kw,0.656
cw,ky,0.3533
cw,kz,0.6257
cw,la,0.5531
cw,lb,0.743
cw,lc,0.7302
cw,li,0.4454
cw,lk,0.6514
cw,lr,0.6652
cw,ls,0.6365
cw,lt,0.6596
cw,lu,0.7419
cw,lv,0.7026
cw,ly,0.6312
cw,ma,0.7034
cw,mc,0.7892
cw,md,0.6406
cw,me,0.7583
cw,mf,0.6985
cw,mg,0.724
cw,mh,0.5884
cw,mk,0.7251
cw,ml,0.6809
cw,mm,0.7183
cw,mn,0.6294
cw,mo,0.5969
cw,mp,0.5694
cw,mq,0.5795
cw,mr,0.6223
cw,ms,0.3523
cw,mt,0.7862
cw,mu,0.517
cw,mv,0.6519
cw,mw,0.5812
cw,mx,0.6745
cw,my,0.6573
cw,mz,0.6059
cw,na,0.5539
cw,nc,0.5673
cw,ne,0.7191
cw,nf,0.6623
cw,ng,0.6883
cw,ni,0.6853
cw,nl,0.6869
cw,no,0.6281
cw,np,0.5595
cw,nr,0.3337
cw,nu,0.7966
cw,nz,0.3521
cw,om,0.7154
cw,pa,0.7463
cw,pe,0.7754
cw,pf,0.746
cw,pg,0.6498
cw,ph,0.6143
cw,pk,0.6475
cw,pl,0.8118
cw,pm,0.5705
cw,pn,0.361
cw,pr,0.7299
cw,ps,0.644
cw,pt,0.7055
cw,pw,0.6974
cw,py,0.7062
cw,qa,0.7048
cw,re,0.653
cw,ro,0.5894
cw,rs,0.6687
cw,ru,0.7023
cw,rw,0.5534
cw,sa,0.5902
cw,sb,0.5432
cw,sc,0.6029
cw,sd,0.6745
cw,se,0.6396
cw,sg,0.7986
cw,sh,0.3613
cw,si,0.7486
cw,sj,0.6281
cw,sk,0.7178
cw,sl,0.6851
cw,sm,0.7589
cw,sn,0.6743
cw,so,0.674
cw,sr,0.6147
cw,ss,0.5724
cw,st,0.6269
cw,sv,0.6638
cw,sx,0.6339
cw,sy,0.6501
cw,sz,0.5874
cw,tc,0.3731
cw,td,0.5904
cw,tf,0.5962
cw,tg,0.5854
cw,th,0.633
cw,tj,0.7261
cw,tk,0.3996
cw,tl,0.7079
cw,tm,0.5826
cw,tn,0.7789
cw,to,0.7611
cw,tr,0.7685
cw,tt,0.6717
cw,tv,0.6117
cw,tw,0.7336
cw,tz,0.5847
cw,ua,0.6552
cw,ug,0.6761
cw,um,0.6289
cw,us,0.6289
cw,uy,0.7224
cw,uz,0.663
cw,va,0.8441
cw,vc,0.5851
cw,ve,0.6158
cw,vg,0.3533
cw,vi,0.7974
cw,vn,0.835
cw,vu,0.5982
cw,wf,0.705
cw,ws,0.6058
cw,xk,0.5774
cw,ye,0.7249
cw,yt,0.8269
cw,za,0.5863
cw,zm,0.6292
cw,zw,0.6551
cx,ad,0.6012
cx,ae,0.5631
cx,af,0.4856
cx,ag,0.6098
cx,ai,0.4331
cx,al,0.7674
cx,am,0.6514
cx,ao,0.5849
cx,aq,0.6666
cx,ar,0.6995
cx,as,0.5957
cx,at,0.7222
cx,au,0.4388
cx,aw,0.626
cx,ax,0.5562
cx,az,0.5574
cx,ba,0.5424
cx,bb,0.465
cx,bd,0.5197
cx,be,0.6173
cx,bf,0.5886
cx,bg,0.6608
cx,bh,0.75
cx,bi,0.6381
cx,bj,0.5569
cx,bl,0.8087
cx,bm,0.6182
cx,bn,0.6957
cx,bo,0.5747
cx,bq,0.6547
cx,br,0.5133
cx,bs,0.4847
cx,bt,0.7047
cx,bv,0.606
cx,bw,0.6266
cx,by,0.6
cx,bz,0.5536
cx,ca,0.7846
cx,cc,0.549
cx,cd,0.5988
cx,cf,0.6254
cx,cg,0.589
cx,ch,0.7897
cx,ci,0.6823
cx,ck,0.4187
cx,cl,0.6803
cx,cm,0.5641
cx,cn,0.7533
cx,co,0.6043
cx,cr,0.6509
cx,cu,0.628
cx,cv,0.5755
cx,cw,0.4438
cx,cx,0.0
cx,cy,0.8661
cx,cz,0.6624
cx,de,0.6763
cx,dj,0.6006
cx,dk,0.7077
cx,dm,0.4992
cx,do,0.5781
cx,dz,0.67
cx,ec,0.6154
cx,ee,0.6792
cx,eg,0.6444
cx,eh,0.569
cx,er,0.5593
cx,es,0.6334
cx,et,0.5496
cx,fi,0.7021
cx,fj,0.6013
cx,fk,0.4204
cx,fm,0.6924
cx,fo,0.761
cx,fr,0.6514
cx,ga,0.5234
cx,gb-eng,0.8183
cx,gb-nir,0.8221
cx,gb-sct,0.6566
cx,gb-wls,0.6042
cx,gb,0.5819
cx,gd,0.5799
cx,ge,0.8136
cx,gf,0.651
cx,gg,0.7996
cx,gh,0.5824
cx,gi,0.7598
cx,gl,0.7473
cx,gm,0.5625
cx,gn,0.5828
cx,gp,0.5141
cx,gq,0.5911
cx,gr,0.6391
cx,gs,0.4081
cx,gt,0.6679
cx,gu,0.3949
cx,gw,0.5528
cx,gy,0.5162
cx,hk,0.7402
cx,hm,0.5984
cx,hn,0.6856
cx,hr,0.6598
cx,ht,0.5906
cx,hu,0.6442
cx,id,0.8315
cx,ie,0.6654
cx,il,0.7416
cx,im,0.7032
cx,in,0.6395
cx,io,0.542
cx,iq,0.6378
cx,ir,0.6426
cx,is,0.5651
cx,it,0.6527
cx,je,0.8133
cx,jm,0.5304
cx,jo,0.5679
cx,jp,0.8606
cx,ke,0.5408
cx,kg,0.7835
cx,kh,0.5685
cx,ki,0.6033
cx,km,0.5637
cx,kn,0.5406
cx,kp,0.6154
cx,kr,0.8086
cx,kw,0.5763
cx,ky,0.4189
cx,kz,0.5638
cx,la,0.5246
cx,lb,0.7315
cx,lc,0.7106
cx,li,0.5212
cx,lk,0.5797
cx,lr,0.6529
cx,ls,0.6274
cx,lt,0.5674
cx,lu,0.6869
cx,lv,0.654
cx,ly,0.5703
cx,ma,0.6739
cx,mc,0.791
cx,md,0.5865
cx,me,0.712
cx,mf,0.6514
cx,mg,0.6799
cx,mh,0.5431
cx,mk,0.6613
cx,ml,0.5701
cx,mm,0.6124
cx,mn,0.6153
cx,mo,0.524
cx,mp,0.5499
cx,mq,0.4932
cx,mr,0.5451
cx,ms,0.4118
cx,mt,0.7798
cx,mu,0.5501
cx,mv,0.6028
cx,mw,0.5413
cx,mx,0.6313
cx,my,0.6438
cx,mz,0.6041
cx,na,0.4979
cx,nc,0.5371
cx,ne,0.6052
cx,nf,0.5939
cx,ng,0.6218
cx,ni,0.6448
cx,nl,0.6263
cx,no,0.606
cx,np,0.5237
cx,nr,0.4198
cx,nu,0.7268
cx,nz,0.4258
cx,om,0.6455
cx,pa,0.7048
cx,pe,0.746
cx,pf,0.7276
cx,pg,0.5764
cx,ph,0.6546
cx,pk,0.6191
cx,pl,0.7633
cx,pm,0.5231
cx,pn,0.3954
cx,pr,0.6952
cx,ps,0.591
cx,pt,0.6551
cx,pw,0.6639
cx,py,0.6363
cx,qa,0.7048
cx,re,0.6334
cx,ro,0.5426
cx,rs,0.6705
cx,ru,0.673
cx,rw,0.5552
cx,sa,0.5151
cx,sb,0.4846
cx,sc,0.5705
cx,sd,0.5998
cx,se,0.5524
cx,sg,0.7967
cx,sh,0.4197
cx,si,0.7433
cx,sj,0.606
cx,sk,0.6806
cx,sl,0.5451
cx,sm,0.7038
cx,sn,0.6093
cx,so,0.6452
cx,sr,0.5726
cx,ss,0.5379
cx,st,0.5386
cx,sv,0.6252
cx,sx,0.6119
cx,sy,0.5597
cx,sz,0.5479
cx,tc,0.4165
cx,td,0.543
cx,tf,0.5708
cx,tg,0.5613
cx,th,0.6275
cx,tj,0.6861
cx,tk,0.4603
cx,tl,0.6634
cx,tm,0.4999
cx,tn,0.7537
cx,to,0.7312
cx,tr,0.7486
cx,tt,0.6493
cx,tv,0.5766
cx,tw,0.7261
cx,tz,0.4695
cx,ua,0.6766
cx,ug,0.6264
cx,um,0.6027
cx,us,0.6027
cx,uy,0.7136
cx,uz,0.6304
cx,va,0.8026
cx,vc,0.5117
cx,ve,0.556
cx,vg,0.4067
cx,vi,0.7714
cx,vn,0.8008
cx,vu,0.5353
cx,wf,0.678
cx,ws,0.608
cx,xk,0.5489
cx,ye,0.6564
cx,yt,0.8095
cx,za,0.5139
cx,zm,0.5378
cx,zw,0.6102
cy,ad,0.8044
cy,ae,0.8019
cy,af,0.8825
cy,ag,0.8602
cy,ai,0.8563
cy,al,0.9426
cy,am,0.825
cy,ao,0.9472
cy,aq,0.6604
cy,ar,0.5018
cy,as,0.7815
cy,at,0.7037
cy,au,0.8766
cy,aw,0.7133
cy,ax,0.7779
cy,az,0.7385
cy,ba,0.8409
cy,bb,0.8502
cy,bd,0.8812
cy,be,0.8432
cy,bf,0.8184
cy,bg,0.6457
cy,bh,0.6476
cy,bi,0.6466
cy,bj,0.7861
cy,bl,0.253
cy,bm,0.768
cy,bn,0.6777
cy,bo,0.7885
cy,bq,0.683
cy,br,0.8347
cy,bs,0.8448
cy,bt,0.6828
cy,bv,0.7739
cy,bw,0.6835
cy,by,0.8239
cy,bz,0.8411
cy,ca,0.7143
cy,cc,0.9577
cy,cd,0.7606
cy,cf,0.6871
cy,cg,0.7647
cy,ch,0.8642
cy,ci,0.6556
cy,ck,0.8583
cy,cl,0.6687
cy,cm,0.7698
cy,cn,0.8653
cy,co,0.7821
cy,cr,0.6713
cy,cu,0.7192
cy,cv,0.8114
cy,cw,0.893
cy,cx,0.8661
cy,cy,0.0
cy,cz,0.6523
cy,de,0.8946
cy,dj,0.6175
cy,dk,0.7583
cy,dm,0.8301
cy,do,0.7239
cy,dz,0.6145
cy,ec,0.75
cy,ee,0.7205
cy,eg,0.7826
cy,eh,0.8257
cy,er,0.7472
cy,es,0.7959
cy,et,0.7975
cy,fi,0.5253
cy,fj,0.6305
cy,fk,0.84
cy,fm,0.6681
cy,fo,0.4057
cy,fr,0.7362
cy,ga,0.725
cy,gb-eng,0.3783
cy,gb-nir,0.3903
cy,gb-sct,0.6203
cy,gb-wls,0.6136
cy,gb,0.6569
cy,gd,0.7693
cy,ge,0.4675
cy,gf,0.7997
cy,gg,0.3911
cy,gh,0.798
cy,gi,0.544
cy,gl,0.5559
cy,gm,0.7836
cy,gn,0.7796
cy,gp,0.9368
cy,gq,0.7134
cy,gr,0.568
cy,gs,0.857
cy,gt,0.5725
cy,gu,0.9017
cy,gw,0.7832
cy,gy,0.7322
cy,hk,0.8371
cy,hm,0.9007
cy,hn,0.6358
cy,hr,0.7106
cy,ht,0.8287
cy,hu,0.6302
cy,id,0.6062
cy,ie,0.6012
cy,il,0.4834
cy,im,0.8699
cy,in,0.6675
cy,io,0.6131
cy,iq,0.7865
cy,ir,0.6649
cy,is,0.7528
cy,it,0.6776
cy,je,0.353
cy,jm,0.8733
cy,jo,0.8209
cy,jp,0.2703
cy,ke,0.8984
cy,kg,0.9226
cy,kh,0.8272
cy,ki,0.7088
cy,km,0.698
cy,kn,0.8628
cy,kp,0.7718
cy,kr,0.3085
cy,kw,0.7924
cy,ky,0.8546
cy,kz,0.7713
cy,la,0.8569
cy,lb,0.6094
cy,lc,0.6549
cy,li,0.8732
cy,lk,0.7223
cy,lr,0.6006
cy,ls,0.6958
cy,lt,0.7856
cy,lu,0.6174
cy,lv,0.7672
cy,ly,0.9416
cy,ma,0.854
cy,mc,0.5561
cy,md,0.7883
cy,me,0.8703
cy,mf,0.7362
cy,mg,0.6191
cy,mh,0.7942
cy,mk,0.7528
cy,ml,0.7775
cy,mm,0.7174
cy,mn,0.804
cy,mo,0.8508
cy,mp,0.8529
cy,mq,0.8729
cy,mr,0.8215
cy,ms,0.8632
cy,mt,0.5758
cy,mu,0.7794
cy,mv,0.8477
cy,mw,0.8764
cy,mx,0.7145
cy,my,0.6798
cy,mz,0.8028
cy,na,0.7917
cy,nc,0.794
cy,ne,0.6723
cy,nf,0.7512
cy,ng,0.7313
cy,ni,0.681
cy,nl,0.6675
cy,no,0.7739
cy,np,0.7401
cy,nr,0.9307
cy,nu,0.7283
cy,nz,0.8905
cy,om,0.7105
cy,pa,0.5968
cy,pe,0.7217
cy,pf,0.6028
cy,pg,0.9354
cy,ph,0.7551
cy,pk,0.7827
cy,pl,0.5686
cy,pm,0.6812
cy,pn,0.8477
cy,pr,0.7411
cy,ps,0.8064
cy,pt,0.9137
cy,pw,0.7809
cy,py,0.6774
cy,qa,0.669
cy,re,0.7643
cy,ro,0.8063
cy,rs,0.5989
cy,ru,0.6573
cy,rw,0.7694
cy,sa,0.9462
cy,sb,0.8213
cy,sc,0.6906
cy,sd,0.8183
cy,se,0.8128
cy,sg,0.4803
cy,sh,0.8705
cy,si,0.7324
cy,sj,0.7739
cy,sk,0.6291
cy,sl,0.6494
cy,sm,0.4035
cy,sn,0.7771
cy,so,0.7404
cy,sr,0.7031
cy,ss,0.8258
cy,st,0.8029
cy,sv,0.7175
cy,sx,0.7543
cy,sy,0.8094
cy,sz,0.7507
cy,tc,0.8672
cy,td,0.8236
cy,tf,0.7694
cy,tg,0.7854
cy,th,0.6735
cy,tj,0.7161
cy,tk,0.8775
cy,tl,0.8562
cy,tm,0.8653
cy,tn,0.8913
cy,to,0.8531
cy,tr,0.8785
cy,tt,0.8247
cy,tv,0.7474
cy,tw,0.9126
cy,tz,0.8275
cy,ua,0.7873
cy,ug,0.8709
cy,um,0.6122
cy,us,0.6122
cy,uy,0.5056
cy,uz,0.6092
cy,va,0.5165
cy,vc,0.79
cy,ve,0.8042
cy,vg,0.8535
cy,vi,0.2827
cy,vn,0.9417
cy,vu,0.8578
cy,wf,0.8164
cy,ws,0.8677
cy,xk,0.8119
cy,ye,0.7819
cy,yt,0.263
cy,za,0.7887
cy,zm,0.9159
cy,zw,0.7838
cz,ad,0.5841
cz,ae,0.6459
cz,af,0.6412
cz,ag,0.7009
cz,ai,0.682
cz,al,0.7498
cz,am,0.6389
cz,ao,0.6853
cz,aq,0.6752
cz,ar,0.6325
cz,as,0.6437
cz,at,0.6435
cz,au,0.7065
cz,aw,0.6565
cz,ax,0.6517
cz,az,0.5963
cz,ba,0.6513
cz,bb,0.6625
cz,bd,0.71
cz,be,0.6008
cz,bf,0.7018
cz,bg,0.4472
cz,bh,0.6602
cz,bi,0.575
cz,bj,0.5326
cz,bl,0.626
cz,bm,0.577
cz,bn,0.5877
cz,bo,0.6765
cz,bq,0.6318
cz,br,0.6892
cz,bs,0.6603
cz,bt,0.6038
cz,bv,0.6128
cz,bw,0.6483
cz,by,0.695
cz,bz,0.6205
cz,ca,0.6522
cz,cc,0.7902
cz,cd,0.7183
cz,cf,0.5865
cz,cg,0.5645
cz,ch,0.7094
cz,ci,0.6562
cz,ck,0.6798
cz,cl,0.391
cz,cm,0.5796
cz,cn,0.7059
cz,co,0.6016
cz,cr,0.6414
cz,cu,0.6443
cz,cv,0.7206
cz,cw,0.7365
cz,cx,0.6624
cz,cy,0.6523
cz,cz,0.0
cz,de,0.7477
cz,dj,0.6255
cz,dk,0.6439
cz,dm,0.6853
cz,do,0.629
cz,dz,0.5734
cz,ec,0.5902
cz,ee,0.7252
cz,eg,0.6589
cz,eh,0.7302
cz,er,0.6792
cz,es,0.649
cz,et,0.602
cz,fi,0.6246
cz,fj,0.6339
cz,fk,0.6605
cz,fm,0.6827
cz,fo,0.5887
cz,fr,0.5636
cz,ga,0.6816
cz,gb-eng,0.6109
cz,gb-nir,0.5938
cz,gb-sct,0.6389
cz,gb-wls,0.5137
cz,gb,0.586
cz,gd,0.5835
cz,ge,0.6224
cz,gf,0.7633
cz,gg,0.599
cz,gh,0.6858
cz,gi,0.46
cz,gl,0.4898
cz,gm,0.6351
cz,gn,0.6583
cz,gp,0.6819
cz,gq,0.5787
cz,gr,0.6117
cz,gs,0.6718
cz,gt,0.5979
cz,gu,0.6968
cz,gw,0.6367
cz,gy,0.6209
cz,hk,0.677
cz,hm,0.7306
cz,hn,0.7246
cz,hr,0.6811
cz,ht,0.6009
cz,hu,0.622
cz,id,0.8181
cz,ie,0.5302
cz,il,0.6371
cz,im,0.6869
cz,in,0.6311
cz,io,0.5778
cz,iq,0.656
cz,ir,0.5491
cz,is,0.6521
cz,it,0.552
cz,je,0.6209
cz,jm,0.6828
cz,jo,0.7429
cz,jp,0.6428
cz,ke,0.725
cz,kg,0.7413
cz,kh,0.688
cz,ki,0.6587
cz,km,0.494
cz,kn,0.6381
cz,kp,0.6556
cz,kr,0.6209
cz,kw,0.5878
cz,ky,0.6822
cz,kz,0.7185
cz,la,0.6302
cz,lb,0.6227
cz,lc,0.6859
cz,li,0.6494
cz,lk,0.5658
cz,lr,0.553
cz,ls,0.6918
cz,lt,0.5725
cz,lu,0.7081
cz,lv,0.6478
cz,ly,0.7358
cz,ma,0.6739
cz,mc,0.7763
cz,md,0.5833
cz,me,0.6887
cz,mf,0.5636
cz,mg,0.6773
cz,mh,0.6761
cz,mk,0.6161
cz,ml,0.6005
cz,mm,0.57
cz,mn,0.6598
cz,mo,0.7103
cz,mp,0.69
cz,mq,0.6779
cz,mr,0.6041
cz,ms,0.677
cz,mt,0.6474
cz,mu,0.6773
cz,mv,0.6516
cz,mw,0.7281
cz,mx,0.5593
cz,my,0.5792
cz,mz,0.6856
cz,na,0.6451
cz,nc,0.6655
cz,ne,0.6734
cz,nf,0.6291
cz,ng,0.6437
cz,ni,0.7027
cz,nl,0.658
cz,no,0.6128
cz,np,0.6151
cz,nr,0.7575
cz,nu,0.6742
cz,nz,0.7089
cz,om,0.5468
cz,pa,0.6243
cz,pe,0.6243
cz,pf,0.6203
cz,pg,0.6402
cz,ph,0.6553
cz,pk,0.7625
cz,pl,0.4246
cz,pm,0.6341
cz,pn,0.6664
cz,pr,0.5841
cz,ps,0.7568
cz,pt,0.6679
cz,pw,0.7674
cz,py,0.6724
cz,qa,0.6785
cz,re,0.568
cz,ro,0.5874
cz,rs,0.6603
cz,ru,0.4487
cz,rw,0.6184
cz,sa,0.7368
cz,sb,0.632
cz,sc,0.6232
cz,sd,0.61
cz,se,0.6912
cz,sg,0.7423
cz,sh,0.6916
cz,si,0.5013
cz,sj,0.6128
cz,sk,0.4549
cz,sl,0.6863
cz,sm,0.5514
cz,sn,0.5838
cz,so,0.7003
cz,sr,0.6067
cz,ss,0.7221
cz,st,0.7079
cz,sv,0.6999
cz,sx,0.7337
cz,sy,0.6594
cz,sz,0.5972
cz,tc,0.6897
cz,td,0.5966
cz,tf,0.6651
cz,tg,0.6784
cz,th,0.5824
cz,tj,0.6624
cz,tk,0.6872
cz,tl,0.6387
cz,tm,0.7136
cz,tn,0.7077
cz,to,0.6
cz,tr,0.7133
cz,tt,0.6702
cz,tv,0.7013
cz,tw,0.6846
cz,tz,0.7354
cz,ua,0.6884
cz,ug,0.6585
cz,um,0.5349
cz,us,0.5349
cz,uy,0.6084
cz,uz,0.5855
cz,va,0.6463
cz,vc,0.6147
cz,ve,0.5772
cz,vg,0.6736
cz,vi,0.593
cz,vn,0.7612
cz,vu,0.6868
cz,wf,0.6379
cz,ws,0.6431
cz,xk,0.6711
cz,ye,0.6632
cz,yt,0.5963
cz,za,0.6163
cz,zm,0.7112
cz,zw,0.6759
de,ad,0.5826
de,ae,0.664
de,af,0.5451
de,ag,0.5104
de,ai,0.7261
de,al,0.6059
de,am,0.533
de,ao,0.6166
de,aq,0.8501
de,ar,0.808
de,as,0.7148
de,at,0.722
de,au,0.7207
de,aw,0.7498
de,ax,0.6051
de,az,0.5819
de,ba,0.7148
de,bb,0.6664
de,bd,0.6498
de,be,0.5633
de,bf,0.6693
de,bg,0.8066
de,bh,0.6851
de,bi,0.691
de,bj,0.6162
de,bl,0.8321
de,bm,0.6041
de,bn,0.6958
de,bo,0.6368
de,bq,0.8213
de,br,0.6212
de,bs,0.626
de,bt,0.5929
de,bv,0.6283
de,bw,0.7383
de,by,0.5916
de,bz,0.6497
de,ca,0.683
de,cc,0.6804
de,cd,0.7662
de,cf,0.5705
de,cg,0.5813
de,ch,0.6863
de,ci,0.7165
de,ck,0.7118
de,cl,0.7264
de,cm,0.5616
de,cn,0.6275
de,co,0.6682
de,cr,0.6758
de,cu,0.698
de,cv,0.6823
de,cw,0.6795
de,cx,0.6763
de,cy,0.8946
de,cz,0.7477
de,de,0.0
de,dj,0.7728
de,dk,0.6674
de,dm,0.5941
de,do,0.6809
de,dz,0.764
de,ec,0.6601
de,ee,0.6121
de,eg,0.7364
de,eh,0.5719
de,er,0.5742
de,es,0.5677
de,et,0.4902
de,fi,0.8228
de,fj,0.7336
de,fk,0.7079
de,fm,0.8277
de,fo,0.7943
de,fr,0.6968
de,ga,0.6029
de,gb-eng,0.8081
de,gb-nir,0.8029
de,gb-sct,0.8096
de,gb-wls,0.7344
de,gb,0.6311
de,gd,0.5569
de,ge,0.7678
de,gf,0.5101
de,gg,0.7727
de,gh,0.6027
de,gi,0.7944
de,gl,0.797
de,gm,0.6314
de,gn,0.5685
de,gp,0.556
de,gq,0.6477
de,gr,0.7845
de,gs,0.6892
de,gt,0.8
de,gu,0.6869
de,gw,0.6382
de,gy,0.5724
de,hk,0.6353
de,hm,0.7579
de,hn,0.8619
de,hr,0.7694
de,ht,0.5793
de,hu,0.7132
de,id,0.6995
de,ie,0.7174
de,il,0.8341
de,im,0.6157
de,in,0.7635
de,io,0.6754
de,iq,0.7351
de,ir,0.6514
de,is,0.6885
de,it,0.7012
de,je,0.8197
de,jm,0.5611
de,jo,0.5755
de,jp,0.8711
de,ke,0.4802
de,kg,0.626
de,kh,0.6102
de,ki,0.5631
de,km,0.7336
de,kn,0.5223
de,kp,0.5999
de,kr,0.8488
de,kw,0.6172
de,ky,0.6978
de,kz,0.799
de,la,0.6468
de,lb,0.7386
de,lc,0.8433
de,li,0.5483
de,lk,0.5297
de,lr,0.6484
de,ls,0.7057
de,lt,0.6732
de,lu,0.809
de,lv,0.6593
de,ly,0.5766
de,ma,0.5999
de,mc,0.6776
de,md,0.5826
de,me,0.5593
de,mf,0.6968
de,mg,0.7432
de,mh,0.7196
de,mk,0.5695
de,ml,0.5604
de,mm,0.6617
de,mn,0.6065
de,mo,0.7053
de,mp,0.7348
de,mq,0.6077
de,mr,0.6118
de,ms,0.7107
de,mt,0.7441
de,mu,0.5747
de,mv,0.6165
de,mw,0.4167
de,mx,0.6679
de,my,0.5665
de,mz,0.4446
de,na,0.6021
de,nc,0.5593
de,ne,0.7114
de,nf,0.7265
de,ng,0.7637
de,ni,0.8144
de,nl,0.7411
de,no,0.6283
de,np,0.5507
de,nr,0.6989
de,nu,0.5686
de,nz,0.7254
de,om,0.6996
de,pa,0.7501
de,pe,0.6932
de,pf,0.7277
de,pg,0.5958
de,ph,0.6215
de,pk,0.7086
de,pl,0.8256
de,pm,0.6364
de,pn,0.6853
de,pr,0.733
de,ps,0.5961
de,pt,0.586
de,pw,0.8674
de,py,0.7834
de,qa,0.692
de,re,0.7247
de,ro,0.5694
de,rs,0.6299
de,ru,0.8019
de,rw,0.6704
de,sa,0.679
de,sb,0.6499
de,sc,0.6184
de,sd,0.7159
de,se,0.6491
de,sg,0.7049
de,sh,0.7164
de,si,0.8384
de,sj,0.6283
de,sk,0.7757
de,sl,0.779
de,sm,0.8689
de,sn,0.6079
de,so,0.8283
de,sr,0.5703
de,ss,0.5791
de,st,0.5638
de,sv,0.7875
de,sx,0.6775
de,sy,0.6889
de,sz,0.5658
de,tc,0.7141
de,td,0.5584
de,tf,0.7383
de,tg,0.5741
de,th,0.6643
de,tj,0.7313
de,tk,0.5826
de,tl,0.574
de,tm,0.6557
de,tn,0.6416
de,to,0.5982
de,tr,0.6297
de,tt,0.5759
de,tv,0.7947
de,tw,0.5981
de,tz,0.6497
de,ua,0.5285
de,ug,0.431
de,um,0.6193
de,us,0.6193
de,uy,0.8069
de,uz,0.7433
de,va,0.7667
de,vc,0.6229
de,ve,0.6581
de,vg,0.6906
de,vi,0.8015
de,vn,0.6478
de,vu,0.5825
de,wf,0.6115
de,ws,0.566
de,xk,0.7177
de,ye,0.7502
de,yt,0.8433
de,za,0.6848
de,zm,0.5973
de,zw,0.5305
dj,ad,0.7062
dj,ae,0.5915
dj,af,0.6852
dj,ag,0.7286
dj,ai,0.6388
dj,al,0.854
dj,am,0.6974
dj,ao,0.7313
dj,aq,0.5718
dj,ar,0.511
dj,as,0.67
dj,at,0.6559
dj,au,0.639
dj,aw,0.5612
dj,ax,0.617
dj,az,0.5306
dj,ba,0.6857
dj,bb,0.6826
dj,bd,0.665
dj,be,0.7637
dj,bf,0.6413
dj,bg,0.569
dj,bh,0.6279
dj,bi,0.5755
dj,bj,0.6958
dj,bl,0.5674
dj,bm,0.6541
dj,bn,0.6319
dj,bo,0.6106
dj,bq,0.4907
dj,br,0.6138
dj,bs,0.6739
dj,bt,0.6453
dj,bv,0.661
dj,bw,0.5889
dj,by,0.6428
dj,bz,0.6543
dj,ca,0.7475
dj,cc,0.7128
dj,cd,0.6242
dj,cf,0.5524
dj,cg,0.6651
dj,ch,0.8025
dj,ci,0.5762
dj,ck,0.628
dj,cl,0.6151
dj,cm,0.6905
dj,cn,0.7954
dj,co,0.6855
dj,cr,0.5902
dj,cu,0.6106
dj,cv,0.6316
dj,cw,0.6715
dj,cx,0.6006
dj,cy,0.6175
dj,cz,0.6255
dj,de,0.7728
dj,dj,0.0
dj,dk,0.6904
dj,dm,0.6291
dj,do,0.624
dj,dz,0.6869
dj,ec,0.6692
dj,ee,0.6991
dj,eg,0.6222
dj,eh,0.6347
dj,er,0.6421
dj,es,0.6889
dj,et,0.6359
dj,fi,0.6144
dj,fj,0.4612
dj,fk,0.6177
dj,fm,0.586
dj,fo,0.5717
dj,fr,0.6909
dj,ga,0.5836
dj,gb-eng,0.611
dj,gb-nir,0.6129
dj,gb-sct,0.5392
dj,gb-wls,0.4937
dj,gb,0.5681
dj,gd,0.6513
dj,ge,0.6436
dj,gf,0.6244
dj,gg,0.6067
dj,gh,0.6299
dj,gi,0.5898
dj,gl,0.588
dj,gm,0.6061
dj,gn,0.6313
dj,gp,0.6971
dj,gq,0.6299
dj,gr,0.523
dj,gs,0.6197
dj,gt,0.551
dj,gu,0.6754
dj,gw,0.6291
dj,gy,0.5877
dj,hk,0.7605
dj,hm,0.676
dj,hn,0.5401
dj,hr,0.6381
dj,ht,0.6397
dj,hu,0.5427
dj,id,0.7702
dj,ie,0.6233
dj,il,0.5425
dj,im,0.7643
dj,in,0.5537
dj,io,0.523
dj,iq,0.6218
dj,ir,0.5786
dj,is,0.5856
dj,it,0.6454
dj,je,0.6165
dj,jm,0.6698
dj,jo,0.644
dj,jp,0.6258
dj,ke,0.68
dj,kg,0.8487
dj,kh,0.6496
dj,ki,0.6613
dj,km,0.6115
dj,kn,0.7078
dj,kp,0.6346
dj,kr,0.5811
dj,kw,0.6815
dj,ky,0.6316
dj,kz,0.5729
dj,la,0.6929
dj,lb,0.6078
dj,lc,0.5844
dj,li,0.6941
dj,lk,0.6317
dj,lr,0.6039
dj,ls,0.5225
dj,lt,0.6639
dj,lu,0.5806
dj,lv,0.6583
dj,ly,0.7458
dj,ma,0.7431
dj,mc,0.7166
dj,md,0.682
dj,me,0.7823
dj,mf,0.6909
dj,mg,0.502
dj,mh,0.6305
dj,mk,0.6818
dj,ml,0.6487
dj,mm,0.6462
dj,mn,0.6461
dj,mo,0.6292
dj,mp,0.643
dj,mq,0.5998
dj,mr,0.6487
dj,ms,0.6222
dj,mt,0.5885
dj,mu,0.6098
dj,mv,0.7011
dj,mw,0.6827
dj,mx,0.6662
dj,my,0.6776
dj,mz,0.6431
dj,na,0.5813
dj,nc,0.571
dj,ne,0.5372
dj,nf,0.6131
dj,ng,0.6219
dj,ni,0.5537
dj,nl,0.5726
dj,no,0.661
dj,np,0.5605
dj,nr,0.6979
dj,nu,0.6889
dj,nz,0.6504
dj,om,0.6008
dj,pa,0.6598
dj,pe,0.7048
dj,pf,0.6084
dj,pg,0.7664
dj,ph,0.5533
dj,pk,0.572
dj,pl,0.5815
dj,pm,0.5179
dj,pn,0.6135
dj,pr,0.7183
dj,ps,0.6115
dj,pt,0.7927
dj,pw,0.641
dj,py,0.5928
dj,qa,0.5799
dj,re,0.6085
dj,ro,0.7048
dj,rs,0.6226
dj,ru,0.5845
dj,rw,0.5322
dj,sa,0.6904
dj,sb,0.553
dj,sc,0.6347
dj,sd,0.6487
dj,se,0.6217
dj,sg,0.6764
dj,sh,0.6401
dj,si,0.6614
dj,sj,0.661
dj,sk,0.5686
dj,sl,0.5037
dj,sm,0.4795
dj,sn,0.6891
dj,so,0.5976
dj,sr,0.5809
dj,ss,0.6227
dj,st,0.6043
dj,sv,0.5683
dj,sx,0.5775
dj,sy,0.588
dj,sz,0.6162
dj,tc,0.6375
dj,td,0.719
dj,tf,0.6005
dj,tg,0.6072
dj,th,0.6047
dj,tj,0.5926
dj,tk,0.7007
dj,tl,0.7616
dj,tm,0.6222
dj,tn,0.8027
dj,to,0.7424
dj,tr,0.7981
dj,tt,0.7046
dj,tv,0.5641
dj,tw,0.8142
dj,tz,0.6429
dj,ua,0.6371
dj,ug,0.7203
dj,um,0.5868
dj,us,0.5868
dj,uy,0.5362
dj,uz,0.4463
dj,va,0.6463
dj,vc,0.6411
dj,ve,0.6895
dj,vg,0.6222
dj,vi,0.5556
dj,vn,0.8674
dj,vu,0.6652
dj,wf,0.7309
dj,ws,0.7426
dj,xk,0.6225
dj,ye,0.624
dj,yt,0.5529
dj,za,0.6402
dj,zm,0.7153
dj,zw,0.6219
dk,ad,0.5157
dk,ae,0.5493
dk,af,0.6241
dk,ag,0.4797
dk,ai,0.6809
dk,al,0.652
dk,am,0.607
dk,ao,0.5577
dk,aq,0.7634
dk,ar,0.6824
dk,as,0.6464
dk,at,0.3448
dk,au,0.6998
dk,aw,0.7155
dk,ax,0.7036
dk,az,0.6688
dk,ba,0.6992
dk,bb,0.6815
dk,bd,0.7147
dk,be,0.6099
dk,bf,0.6498
dk,bg,0.6703
dk,bh,0.6296
dk,bi,0.5608
dk,bj,0.6288
dk,bl,0.714
dk,bm,0.3727
dk,bn,0.651
dk,bo,0.5832
dk,bq,0.6912
dk,br,0.6993
dk,bs,0.7028
dk,bt,0.5727
dk,bv,0.5806
dk,bw,0.7716
dk,by,0.471
dk,bz,0.6249
dk,ca,0.6154
dk,cc,0.7825
dk,cd,0.6991
dk,cf,0.5794
dk,cg,0.6142
dk,ch,0.5854
dk,ci,0.6358
dk,ck,0.6788
dk,cl,0.6236
dk,cm,0.5682
dk,cn,0.6241
dk,co,0.5717
dk,cr,0.6692
dk,cu,0.6809
dk,cv,0.6817
dk,cw,0.7402
dk,cx,0.7077
dk,cy,0.7583
dk,cz,0.6439
dk,de,0.6674
dk,dj,0.6904
dk,dk,0.0
dk,dm,0.678
dk,do,0.4839
dk,dz,0.7393
dk,ec,0.6081
dk,ee,0.7925
dk,eg,0.4953
dk,eh,0.6238
dk,er,0.6112
dk,es,0.5665
dk,et,0.595
dk,fi,0.8114
dk,fj,0.6617
dk,fk,0.6645
dk,fm,0.746
dk,fo,0.7653
dk,fr,0.5269
dk,ga,0.6659
dk,gb-eng,0.7007
dk,gb-nir,0.7565
dk,gb-sct,0.7295
dk,gb-wls,0.648
dk,gb,0.5687
dk,gd,0.5036
dk,ge,0.7212
dk,gf,0.6963
dk,gg,0.7132
dk,gh,0.5195
dk,gi,0.6363
dk,gl,0.5347
dk,gm,0.5391
dk,gn,0.5406
dk,gp,0.6936
dk,gq,0.5775
dk,gr,0.7027
dk,gs,0.6627
dk,gt,0.6897
dk,gu,0.7002
dk,gw,0.5579
dk,gy,0.6206
dk,hk,0.5912
dk,hm,0.7186
dk,hn,0.7794
dk,hr,0.565
dk,ht,0.5087
dk,hu,0.5394
dk,id,0.6666
dk,ie,0.6175
dk,il,0.693
dk,im,0.3475
dk,in,0.5816
dk,io,0.5939
dk,iq,0.5026
dk,ir,0.5735
dk,is,0.6664
dk,it,0.6123
dk,je,0.6307
dk,jm,0.685
dk,jo,0.5744
dk,jp,0.7595
dk,ke,0.6678
dk,kg,0.6335
dk,kh,0.6069
dk,ki,0.5757
dk,km,0.6311
dk,kn,0.5839
dk,kp,0.6016
dk,kr,0.7105
dk,kw,0.5322
dk,ky,0.6704
dk,kz,0.7843
dk,la,0.4928
dk,lb,0.463
dk,lc,0.7806
dk,li,0.5286
dk,lk,0.5461
dk,lr,0.5232
dk,ls,0.6577
dk,lt,0.6134
dk,lu,0.6287
dk,lv,0.5191
dk,ly,0.6997
dk,ma,0.6131
dk,mc,0.5428
dk,md,0.5302
dk,me,0.5973
dk,mf,0.5269
dk,mg,0.6618
dk,mh,0.6942
dk,mk,0.5428
dk,ml,0.5368
dk,mm,0.5729
dk,mn,0.5929
dk,mo,0.7245
dk,mp,0.7173
dk,mq,0.6641
dk,mr,0.6442
dk,ms,0.6736
dk,mt,0.4795
dk,mu,0.6193
dk,mv,0.4437
dk,mw,0.5575
dk,mx,0.5213
dk,my,0.6196
dk,mz,0.6383
dk,na,0.5882
dk,nc,0.6508
dk,ne,0.6048
dk,nf,0.6794
dk,ng,0.7057
dk,ni,0.7149
dk,nl,0.5617
dk,no,0.5806
dk,np,0.5247
dk,nr,0.7295
dk,nu,0.6689
dk,nz,0.6986
dk,om,0.5259
dk,pa,0.6484
dk,pe,0.4
dk,pf,0.4478
dk,pg,0.5679
dk,ph,0.5539
dk,pk,0.7429
dk,pl,0.5374
dk,pm,0.6236
dk,pn,0.6556
dk,pr,0.6698
dk,ps,0.6276
dk,pt,0.6277
dk,pw,0.8367
dk,py,0.5847
dk,qa,0.649
dk,re,0.6671
dk,ro,0.5256
dk,rs,0.6251
dk,ru,0.6742
dk,rw,0.7009
dk,sa,0.7472
dk,sb,0.6777
dk,sc,0.5853
dk,sd,0.5279
dk,se,0.6837
dk,sg,0.6406
dk,sh,0.6826
dk,si,0.7028
dk,sj,0.5806
dk,sk,0.6432
dk,sl,0.6741
dk,sm,0.7015
dk,sn,0.6092
dk,so,0.7606
dk,sr,0.6248
dk,ss,0.6863
dk,st,0.6741
dk,sv,0.69
dk,sx,0.6157
dk,sy,0.6461
dk,sz,0.5997
dk,tc,0.6828
dk,td,0.5295
dk,tf,0.6957
dk,tg,0.6172
dk,th,0.6422
dk,tj,0.6044
dk,tk,0.6952
dk,tl,0.5956
dk,tm,0.7191
dk,tn,0.6097
dk,to,0.6176
dk,tr,0.6144
dk,tt,0.4317
dk,tv,0.737
dk,tw,0.6499
dk,tz,0.7171
dk,ua,0.7066
dk,ug,0.6413
dk,um,0.5762
dk,us,0.5762
dk,uy,0.6615
dk,uz,0.632
dk,va,0.7111
dk,vc,0.6449
dk,ve,0.5433
dk,vg,0.6653
dk,vi,0.6843
dk,vn,0.654
dk,vu,0.5753
dk,wf,0.3927
dk,ws,0.4258
dk,xk,0.7026
dk,ye,0.4987
dk,yt,0.7114
dk,za,0.6476
dk,zm,0.7161
dk,zw,0.6568
dm,ad,0.5871
dm,ae,0.5512
dm,af,0.4076
dm,ag,0.5843
dm,ai,0.5664
dm,al,0.733
dm,am,0.636
dm,ao,0.577
dm,aq,0.6661
dm,ar,0.6718
dm,as,0.617
dm,at,0.6729
dm,au,0.5808
dm,aw,0.637
dm,ax,0.4948
dm,az,0.5188
dm,ba,0.5793
dm,bb,0.5553
dm,bd,0.5195
dm,be,0.5985
dm,bf,0.5721
dm,bg,0.6933
dm,bh,0.7018
dm,bi,0.6335
dm,bj,0.5582
dm,bl,0.7755
dm,bm,0.5972
dm,bn,0.6662
dm,bo,0.4536
dm,bq,0.6499
dm,br,0.49
dm,bs,0.5107
dm,bt,0.658
dm,bv,0.5621
dm,bw,0.6173
dm,by,0.4919
dm,bz,0.5717
dm,ca,0.7308
dm,cc,0.5689
dm,cd,0.6253
dm,cf,0.5858
dm,cg,0.587
dm,ch,0.7597
dm,ci,0.6472
dm,ck,0.5629
dm,cl,0.6871
dm,cm,0.5532
dm,cn,0.7101
dm,co,0.6143
dm,cr,0.6286
dm,cu,0.628
dm,cv,0.5799
dm,cw,0.5911
dm,cx,0.4992
dm,cy,0.8301
dm,cz,0.6853
dm,de,0.5941
dm,dj,0.6291
dm,dk,0.678
dm,dm,0.0
dm,do,0.579
dm,dz,0.5866
dm,ec,0.6154
dm,ee,0.6818
dm,eg,0.5956
dm,eh,0.464
dm,er,0.5313
dm,es,0.6007
dm,et,0.5245
dm,fi,0.7654
dm,fj,0.6061
dm,fk,0.5547
dm,fm,0.6981
dm,fo,0.7605
dm,fr,0.637
dm,ga,0.504
dm,gb-eng,0.7876
dm,gb-nir,0.7996
dm,gb-sct,0.6882
dm,gb-wls,0.5905
dm,gb,0.5557
dm,gd,0.5711
dm,ge,0.7716
dm,gf,0.5933
dm,gg,0.7819
dm,gh,0.4531
dm,gi,0.7223
dm,gl,0.7285
dm,gm,0.5477
dm,gn,0.562
dm,gp,0.5179
dm,gq,0.5832
dm,gr,0.6217
dm,gs,0.542
dm,gt,0.6573
dm,gu,0.5638
dm,gw,0.5767
dm,gy,0.5136
dm,hk,0.7102
dm,hm,0.6182
dm,hn,0.6701
dm,hr,0.6238
dm,ht,0.5823
dm,hu,0.595
dm,id,0.7592
dm,ie,0.6456
dm,il,0.7092
dm,im,0.6687
dm,in,0.5367
dm,io,0.587
dm,iq,0.5935
dm,ir,0.6095
dm,is,0.5245
dm,it,0.6251
dm,je,0.7681
dm,jm,0.5593
dm,jo,0.4769
dm,jp,0.8171
dm,ke,0.4966
dm,kg,0.7477
dm,kh,0.5505
dm,ki,0.5781
dm,km,0.5862
dm,kn,0.5158
dm,kp,0.5777
dm,kr,0.7664
dm,kw,0.5164
dm,ky,0.5541
dm,kz,0.6032
dm,la,0.6072
dm,lb,0.6913
dm,lc,0.709
dm,li,0.5786
dm,lk,0.5459
dm,lr,0.6619
dm,ls,0.5676
dm,lt,0.6091
dm,lu,0.6529
dm,lv,0.6197
dm,ly,0.5721
dm,ma,0.6451
dm,mc,0.7203
dm,md,0.563
dm,me,0.6752
dm,mf,0.637
dm,mg,0.6009
dm,mh,0.5775
dm,mk,0.6328
dm,ml,0.5636
dm,mm,0.6376
dm,mn,0.611
dm,mo,0.5539
dm,mp,0.5733
dm,mq,0.5207
dm,mr,0.5665
dm,ms,0.5544
dm,mt,0.7313
dm,mu,0.5474
dm,mv,0.557
dm,mw,0.4661
dm,mx,0.6024
dm,my,0.6307
dm,mz,0.5771
dm,na,0.5177
dm,nc,0.4842
dm,ne,0.582
dm,nf,0.4677
dm,ng,0.6135
dm,ni,0.6216
dm,nl,0.5873
dm,no,0.5621
dm,np,0.5076
dm,nr,0.595
dm,nu,0.6944
dm,nz,0.5765
dm,om,0.588
dm,pa,0.6828
dm,pe,0.7111
dm,pf,0.6796
dm,pg,0.5616
dm,ph,0.6055
dm,pk,0.6204
dm,pl,0.7556
dm,pm,0.519
dm,pn,0.5306
dm,pr,0.6967
dm,ps,0.5407
dm,pt,0.6107
dm,pw,0.6852
dm,py,0.6081
dm,qa,0.6607
dm,re,0.642
dm,ro,0.5731
dm,rs,0.6581
dm,ru,0.7023
dm,rw,0.5685
dm,sa,0.5468
dm,sb,0.5241
dm,sc,0.5166
dm,sd,0.5442
dm,se,0.5359
dm,sg,0.7305
dm,sh,0.5617
dm,si,0.7634
dm,sj,0.5621
dm,sk,0.6925
dm,sl,0.5743
dm,sm,0.7042
dm,sn,0.5791
dm,so,0.6711
dm,sr,0.5458
dm,ss,0.508
dm,st,0.5138
dm,sv,0.5978
dm,sx,0.5778
dm,sy,0.4531
dm,sz,0.5409
dm,tc,0.5605
dm,td,0.5694
dm,tf,0.5849
dm,tg,0.5609
dm,th,0.6364
dm,tj,0.6386
dm,tk,0.5668
dm,tl,0.6285
dm,tm,0.5303
dm,tn,0.7229
dm,to,0.7015
dm,tr,0.7067
dm,tt,0.6095
dm,tv,0.6068
dm,tw,0.7053
dm,tz,0.5093
dm,ua,0.643
dm,ug,0.6183
dm,um,0.568
dm,us,0.568
dm,uy,0.7221
dm,uz,0.5839
dm,va,0.7503
dm,vc,0.4933
dm,ve,0.627
dm,vg,0.5404
dm,vi,0.7424
dm,vn,0.7667
dm,vu,0.5215
dm,wf,0.6386
dm,ws,0.6119
dm,xk,0.5737
dm,ye,0.6095
dm,yt,0.7759
dm,za,0.5422
dm,zm,0.5446
dm,zw,0.5718
do,ad,0.5567
do,ae,0.5175
do,af,0.5716
do,ag,0.5143
do,ai,0.5794
do,al,0.7244
do,am,0.6302
do,ao,0.6077
do,aq,0.6484
do,ar,0.598
do,as,0.5759
do,at,0.4612
do,au,0.6043
do,aw,0.6463
do,ax,0.6157
do,az,0.6057
do,ba,0.6373
do,bb,0.5591
do,bd,0.6455
do,be,0.6084
do,bf,0.6299
do,bg,0.6582
do,bh,0.6637
do,bi,0.5764
do,bj,0.6128
do,bl,0.6915
do,bm,0.5012
do,bn,0.6483
do,bo,0.5571
do,bq,0.6362
do,br,0.6205
do,bs,0.6261
do,bt,0.6277
do,bv,0.563
do,bw,0.7095
do,by,0.5454
do,bz,0.5737
do,ca,0.681
do,cc,0.7274
do,cd,0.5917
do,cf,0.5839
do,cg,0.5922
do,ch,0.6178
do,ci,0.5899
do,ck,0.589
do,cl,0.5884
do,cm,0.5998
do,cn,0.6877
do,co,0.6144
do,cr,0.6395
do,cu,0.6332
do,cv,0.6036
do,cw,0.6096
do,cx,0.5781
do,cy,0.7239
do,cz,0.629
do,de,0.6809
do,dj,0.624
do,dk,0.4839
do,dm,0.579
do,do,0.0
do,dz,0.653
do,ec,0.6295
do,ee,0.7479
do,eg,0.4884
do,eh,0.5472
do,er,0.5869
do,es,0.5961
do,et,0.5624
do,fi,0.7077
do,fj,0.6107
do,fk,0.5768
do,fm,0.6741
do,fo,0.6976
do,fr,0.5252
do,ga,0.5892
do,gb-eng,0.7769
do,gb-nir,0.7981
do,gb-sct,0.6777
do,gb-wls,0.6012
do,gb,0.5678
do,gd,0.5566
do,ge,0.7912
do,gf,0.6733
do,gg,0.7633
do,gh,0.5371
do,gi,0.6384
do,gl,0.5972
do,gm,0.5666
do,gn,0.5637
do,gp,0.6355
do,gq,0.5393
do,gr,0.6122
do,gs,0.5807
do,gt,0.6051
do,gu,0.5567
do,gw,0.5555
do,gy,0.5718
do,hk,0.6372
do,hm,0.6943
do,hn,0.6554
do,hr,0.5214
do,ht,0.5395
do,hu,0.4882
do,id,0.6867
do,ie,0.5725
do,il,0.624
do,im,0.5636
do,in,0.5326
do,io,0.5407
do,iq,0.4942
do,ir,0.5251
do,is,0.5708
do,it,0.5606
do,je,0.6256
do,jm,0.6722
do,jo,0.529
do,jp,0.7444
do,ke,0.6356
do,kg,0.7075
do,kh,0.5792
do,ki,0.5448
do,km,0.5805
do,kn,0.5958
do,kp,0.6037
do,kr,0.6738
do,kw,0.5259
do,ky,0.5854
do,kz,0.6754
do,la,0.4944
do,lb,0.5292
do,lc,0.7095
do,li,0.5341
do,lk,0.5694
do,lr,0.5267
do,ls,0.5533
do,lt,0.6301
do,lu,0.5613
do,lv,0.5038
do,ly,0.6826
do,ma,0.6462
do,mc,0.6071
do,md,0.5604
do,me,0.6595
do,mf,0.5252
do,mg,0.6149
do,mh,0.5899
do,mk,0.5815
do,ml,0.5692
do,mm,0.5915
do,mn,0.5957
do,mo,0.637
do,mp,0.6191
do,mq,0.6244
do,mr,0.608
do,ms,0.5848
do,mt,0.5944
do,mu,0.5777
do,mv,0.5518
do,mw,0.5599
do,mx,0.5257
do,my,0.5857
do,mz,0.6555
do,na,0.5088
do,nc,0.5874
do,ne,0.5547
do,nf,0.6177
do,ng,0.6092
do,ni,0.5901
do,nl,0.4893
do,no,0.563
do,np,0.5331
do,nr,0.5741
do,nu,0.6792
do,nz,0.6009
do,om,0.5679
do,pa,0.6345
do,pe,0.5244
do,pf,0.5199
do,pg,0.6112
do,ph,0.5842
do,pk,0.6756
do,pl,0.6015
do,pm,0.5485
do,pn,0.5707
do,pr,0.6533
do,ps,0.5513
do,pt,0.6507
do,pw,0.7343
do,py,0.517
do,qa,0.6507
do,re,0.6227
do,ro,0.5226
do,rs,0.6179
do,ru,0.665
do,rw,0.6173
do,sa,0.6746
do,sb,0.5958
do,sc,0.4933
do,sd,0.5106
do,se,0.6101
do,sg,0.6426
do,sh,0.5852
do,si,0.7011
do,sj,0.563
do,sk,0.645
do,sl,0.5555
do,sm,0.6515
do,sn,0.5897
do,so,0.6744
do,sr,0.6055
do,ss,0.6106
do,st,0.6245
do,sv,0.5681
do,sx,0.5762
do,sy,0.5443
do,sz,0.568
do,tc,0.5841
do,td,0.5295
do,tf,0.6442
do,tg,0.6308
do,th,0.6352
do,tj,0.5586
do,tk,0.5852
do,tl,0.6348
do,tm,0.6483
do,tn,0.661
do,to,0.6839
do,tr,0.6817
do,tt,0.5065
do,tv,0.6763
do,tw,0.6631
do,tz,0.6042
do,ua,0.673
do,ug,0.6621
do,um,0.4987
do,us,0.4987
do,uy,0.6343
do,uz,0.5314
do,va,0.6948
do,vc,0.5874
do,ve,0.584
do,vg,0.5819
do,vi,0.666
do,vn,0.73
do,vu,0.5686
do,wf,0.5453
do,ws,0.499
do,xk,0.6231
do,ye,0.4918
do,yt,0.6863
do,za,0.5822
do,zm,0.6857
do,zw,0.6539
dz,ad,0.6634
dz,ae,0.6751
dz,af,0.6133
dz,ag,0.7209
dz,ai,0.7246
dz,al,0.8472
dz,am,0.7093
dz,ao,0.769
dz,aq,0.6092
dz,ar,0.5924
dz,as,0.565
dz,at,0.6861
dz,au,0.7645
dz,aw,0.6497
dz,ax,0.6745
dz,az,0.6356
dz,ba,0.6789
dz,bb,0.6985
dz,bd,0.7116
dz,be,0.6179
dz,bf,0.6982
dz,bg,0.64
dz,bh,0.7861
dz,bi,0.6148
dz,bj,0.5999
dz,bl,0.5839
dz,bm,0.6797
dz,bn,0.6717
dz,bo,0.6338
dz,bq,0.718
dz,br,0.6685
dz,bs,0.6182
dz,bt,0.6779
dz,bv,0.6887
dz,bw,0.6402
dz,by,0.6913
dz,bz,0.6927
dz,ca,0.7257
dz,cc,0.7829
dz,cd,0.6792
dz,cf,0.625
dz,cg,0.631
dz,ch,0.8097
dz,ci,0.687
dz,ck,0.7244
dz,cl,0.5792
dz,cm,0.5756
dz,cn,0.7989
dz,co,0.7028
dz,cr,0.647
dz,cu,0.6256
dz,cv,0.6845
dz,cw,0.7318
dz,cx,0.67
dz,cy,0.6145
dz,cz,0.5734
dz,de,0.764
dz,dj,0.6869
dz,dk,0.7393
dz,dm,0.5866
dz,do,0.653
dz,dz,0.0
dz,ec,0.6873
dz,ee,0.6745
dz,eg,0.6949
dz,eh,0.6253
dz,er,0.6538
dz,es,0.7054
dz,et,0.675
dz,fi,0.5604
dz,fj,0.5914
dz,fk,0.7013
dz,fm,0.6641
dz,fo,0.535
dz,fr,0.6108
dz,ga,0.6306
dz,gb-eng,0.6154
dz,gb-nir,0.6251
dz,gb-sct,0.6127
dz,gb-wls,0.5987
dz,gb,0.6123
dz,gd,0.6643
dz,ge,0.6464
dz,gf,0.7577
dz,gg,0.6151
dz,gh,0.6429
dz,gi,0.6492
dz,gl,0.6446
dz,gm,0.6516
dz,gn,0.7011
dz,gp,0.7383
dz,gq,0.6124
dz,gr,0.5799
dz,gs,0.7254
dz,gt,0.5957
dz,gu,0.7204
dz,gw,0.6688
dz,gy,0.6279
dz,hk,0.7731
dz,hm,0.7904
dz,hn,0.6458
dz,hr,0.6736
dz,ht,0.685
dz,hu,0.6112
dz,id,0.7093
dz,ie,0.5316
dz,il,0.6023
dz,im,0.7721
dz,in,0.5917
dz,io,0.5743
dz,iq,0.6951
dz,ir,0.6353
dz,is,0.673
dz,it,0.5821
dz,je,0.6085
dz,jm,0.7069
dz,jo,0.6281
dz,jp,0.6203
dz,ke,0.7168
dz,kg,0.8462
dz,kh,0.6935
dz,ki,0.657
dz,km,0.5697
dz,kn,0.6751
dz,kp,0.6933
dz,kr,0.5938
dz,kw,0.561
dz,ky,0.7209
dz,kz,0.6653
dz,la,0.7118
dz,lb,0.6493
dz,lc,0.6675
dz,li,0.722
dz,lk,0.6289
dz,lr,0.5843
dz,ls,0.6274
dz,lt,0.6784
dz,lu,0.6341
dz,lv,0.6906
dz,ly,0.7594
dz,ma,0.7529
dz,mc,0.6588
dz,md,0.6541
dz,me,0.7827
dz,mf,0.6108
dz,mg,0.7283
dz,mh,0.6661
dz,mk,0.6954
dz,ml,0.6508
dz,mm,0.6625
dz,mn,0.7063
dz,mo,0.6892
dz,mp,0.698
dz,mq,0.7345
dz,mr,0.6834
dz,ms,0.7304
dz,mt,0.8071
dz,mu,0.663
dz,mv,0.6942
dz,mw,0.6997
dz,mx,0.5989
dz,my,0.5593
dz,mz,0.7016
dz,na,0.6488
dz,nc,0.6666
dz,ne,0.6356
dz,nf,0.5629
dz,ng,0.6446
dz,ni,0.6444
dz,nl,0.6261
dz,no,0.6887
dz,np,0.6669
dz,nr,0.7613
dz,nu,0.7089
dz,nz,0.7648
dz,om,0.621
dz,pa,0.598
dz,pe,0.7067
dz,pf,0.6472
dz,pg,0.7083
dz,ph,0.743
dz,pk,0.8078
dz,pl,0.6528
dz,pm,0.6234
dz,pn,0.7154
dz,pr,0.6634
dz,ps,0.6692
dz,pt,0.7157
dz,pw,0.722
dz,py,0.6416
dz,qa,0.7927
dz,re,0.6803
dz,ro,0.6527
dz,rs,0.62
dz,ru,0.6475
dz,rw,0.6497
dz,sa,0.7387
dz,sb,0.6834
dz,sc,0.5843
dz,sd,0.6216
dz,se,0.6997
dz,sg,0.646
dz,sh,0.7417
dz,si,0.713
dz,sj,0.6887
dz,sk,0.6411
dz,sl,0.6071
dz,sm,0.5662
dz,sn,0.6262
dz,so,0.6803
dz,sr,0.6231
dz,ss,0.6847
dz,st,0.6837
dz,sv,0.6519
dz,sx,0.7405
dz,sy,0.64
dz,sz,0.6176
dz,tc,0.7391
dz,td,0.6551
dz,tf,0.6903
dz,tg,0.689
dz,th,0.6287
dz,tj,0.6751
dz,tk,0.6945
dz,tl,0.7246
dz,tm,0.7209
dz,tn,0.8072
dz,to,0.8346
dz,tr,0.8145
dz,tt,0.7223
dz,tv,0.6614
dz,tw,0.7979
dz,tz,0.6532
dz,ua,0.7018
dz,ug,0.7417
dz,um,0.5391
dz,us,0.5391
dz,uy,0.6168
dz,uz,0.5932
dz,va,0.5665
dz,vc,0.6316
dz,ve,0.696
dz,vg,0.7202
dz,vi,0.5659
dz,vn,0.8637
dz,vu,0.6727
dz,wf,0.7326
dz,ws,0.7179
dz,xk,0.6775
dz,ye,0.6989
dz,yt,0.5797
dz,za,0.6289
dz,zm,0.7158
dz,zw,0.7367
ec,ad,0.558
ec,ae,0.6268
ec,af,0.5923
ec,ag,0.6218
ec,ai,0.6537
ec,al,0.6456
ec,am,0.5833
ec,ao,0.6012
ec,aq,0.7742
ec,ar,0.7041
ec,as,0.698
ec,at,0.614
ec,au,0.6636
ec,aw,0.7046
ec,ax,0.6415
ec,az,0.6627
ec,ba,0.6251
ec,bb,0.6535
ec,bd,0.6802
ec,be,0.5871
ec,bf,0.5788
ec,bg,0.5603
ec,bh,0.6199
ec,bi,0.5625
ec,bj,0.4557
ec,bl,0.6974
ec,bm,0.5521
ec,bn,0.5476
ec,bo,0.5579
ec,bq,0.6278
ec,br,0.6241
ec,bs,0.6827
ec,bt,0.4191
ec,bv,0.5699
ec,bw,0.6863
ec,by,0.5989
ec,bz,0.6324
ec,ca,0.651
ec,cc,0.6724
ec,cd,0.7114
ec,cf,0.5501
ec,cg,0.5537
ec,ch,0.6419
ec,ci,0.6261
ec,ck,0.6453
ec,cl,0.6303
ec,cm,0.5106
ec,cn,0.5563
ec,co,0.2207
ec,cr,0.6814
ec,cu,0.6891
ec,cv,0.7647
ec,cw,0.7584
ec,cx,0.6154
ec,cy,0.75
ec,cz,0.5902
ec,de,0.6601
ec,dj,0.6692
ec,dk,0.6081
ec,dm,0.6154
ec,do,0.6295
ec,dz,0.6873
ec,ec,0.0
ec,ee,0.7728
ec,eg,0.6219
ec,eh,0.6811
ec,er,0.5507
ec,es,0.5406
ec,et,0.523
ec,fi,0.7076
ec,fj,0.6403
ec,fk,0.6409
ec,fm,0.723
ec,fo,0.6758
ec,fr,0.6482
ec,ga,0.589
ec,gb-eng,0.7072
ec,gb-nir,0.7127
ec,gb-sct,0.6985
ec,gb-wls,0.5764
ec,gb,0.6034
ec,gd,0.4561
ec,ge,0.6858
ec,gf,0.5621
ec,gg,0.67
ec,gh,0.5394
ec,gi,0.6106
ec,gl,0.6121
ec,gm,0.5681
ec,gn,0.5173
ec,gp,0.6598
ec,gq,0.5612
ec,gr,0.6707
ec,gs,0.6349
ec,gt,0.6886
ec,gu,0.6857
ec,gw,0.4477
ec,gy,0.5715
ec,hk,0.5481
ec,hm,0.6978
ec,hn,0.8013
ec,hr,0.6121
ec,ht,0.6749
ec,hu,0.5912
ec,id,0.7177
ec,ie,0.6144
ec,il,0.7353
ec,im,0.6179
ec,in,0.5721
ec,io,0.5884
ec,iq,0.6169
ec,ir,0.5837
ec,is,0.6822
ec,it,0.624
ec,je,0.6936
ec,jm,0.6134
ec,jo,0.6744
ec,jp,0.7495
ec,ke,0.6668
ec,kg,0.6405
ec,kh,0.6772
ec,ki,0.579
ec,km,0.5265
ec,kn,0.5833
ec,kp,0.6062
ec,kr,0.7068
ec,kw,0.6203
ec,ky,0.6454
ec,kz,0.7388
ec,la,0.5641
ec,lb,0.5943
ec,lc,0.7441
ec,li,0.6743
ec,lk,0.4837
ec,lr,0.6006
ec,ls,0.7339
ec,lt,0.4407
ec,lu,0.6695
ec,lv,0.6056
ec,ly,0.6507
ec,ma,0.5927
ec,mc,0.7126
ec,md,0.5333
ec,me,0.5701
ec,mf,0.6482
ec,mg,0.6025
ec,mh,0.6755
ec,mk,0.5186
ec,ml,0.5051
ec,mm,0.3689
ec,mn,0.5937
ec,mo,0.6883
ec,mp,0.7231
ec,mq,0.5862
ec,mr,0.5478
ec,ms,0.6511
ec,mt,0.657
ec,mu,0.6494
ec,mv,0.5548
ec,mw,0.653
ec,mx,0.6159
ec,my,0.6223
ec,mz,0.6249
ec,na,0.6094
ec,nc,0.6697
ec,ne,0.6001
ec,nf,0.6555
ec,ng,0.6924
ec,ni,0.7681
ec,nl,0.617
ec,no,0.5699
ec,np,0.5436
ec,nr,0.7376
ec,nu,0.5224
ec,nz,0.6679
ec,om,0.5979
ec,pa,0.636
ec,pe,0.6376
ec,pf,0.5941
ec,pg,0.6105
ec,ph,0.6709
ec,pk,0.689
ec,pl,0.6162
ec,pm,0.6023
ec,pn,0.6235
ec,pr,0.6368
ec,ps,0.6905
ec,pt,0.6126
ec,pw,0.8173
ec,py,0.619
ec,qa,0.6388
ec,re,0.6397
ec,ro,0.5375
ec,rs,0.615
ec,ru,0.5815
ec,rw,0.718
ec,sa,0.6914
ec,sb,0.6219
ec,sc,0.5935
ec,sd,0.612
ec,se,0.6458
ec,sg,0.6882
ec,sh,0.6527
ec,si,0.6406
ec,sj,0.5699
ec,sk,0.5109
ec,sl,0.6724
ec,sm,0.6315
ec,sn,0.5378
ec,so,0.7522
ec,sr,0.5979
ec,ss,0.6852
ec,st,0.6052
ec,sv,0.7259
ec,sx,0.5867
ec,sy,0.6589
ec,sz,0.5799
ec,tc,0.6478
ec,td,0.5365
ec,tf,0.654
ec,tg,0.5813
ec,th,0.581
ec,tj,0.6562
ec,tk,0.6673
ec,tl,0.5791
ec,tm,0.6428
ec,tn,0.6349
ec,to,0.6274
ec,tr,0.6304
ec,tt,0.5956
ec,tv,0.6964
ec,tw,0.6884
ec,tz,0.6381
ec,ua,0.6932
ec,ug,0.5184
ec,um,0.587
ec,us,0.587
ec,uy,0.662
ec,uz,0.6934
ec,va,0.6324
ec,vc,0.5716
ec,ve,0.3999
ec,vg,0.6375
ec,vi,0.6588
ec,vn,0.6622
ec,vu,0.5929
ec,wf,0.6016
ec,ws,0.6414
ec,xk,0.7015
ec,ye,0.6323
ec,yt,0.6965
ec,za,0.572
ec,zm,0.6279
ec,zw,0.5657
ee,ad,0.6972
ee,ae,0.8098
ee,af,0.6577
ee,ag,0.6466
ee,ai,0.7222
ee,al,0.8268
ee,am,0.6662
ee,ao,0.7707
ee,aq,0.6941
ee,ar,0.7106
ee,as,0.7456
ee,at,0.8658
ee,au,0.6986
ee,aw,0.6323
ee,ax,0.6595
ee,az,0.6134
ee,ba,0.7105
ee,bb,0.6636
ee,bd,0.6891
ee,be,0.7082
ee,bf,0.7528
ee,bg,0.685
ee,bh,0.7363
ee,bi,0.6651
ee,bj,0.7197
ee,bl,0.6628
ee,bm,0.7183
ee,bn,0.748
ee,bo,0.8074
ee,bq,0.7335
ee,br,0.6773
ee,bs,0.6502
ee,bt,0.767
ee,bv,0.7175
ee,bw,0.5711
ee,by,0.7463
ee,bz,0.6765
ee,ca,0.7398
ee,cc,0.7622
ee,cd,0.6622
ee,cf,0.6575
ee,cg,0.668
ee,ch,0.8787
ee,ci,0.6871
ee,ck,0.6858
ee,cl,0.7246
ee,cm,0.6971
ee,cn,0.8146
ee,co,0.7848
ee,cr,0.6055
ee,cu,0.6565
ee,cv,0.6436
ee,cw,0.6533
ee,cx,0.6792
ee,cy,0.7205
ee,cz,0.7252
ee,de,0.6121
ee,dj,0.6991
ee,dk,0.7925
ee,dm,0.6818
ee,do,0.7479
ee,dz,0.6745
ee,ec,0.7728
ee,ee,0.0
ee,eg,0.9052
ee,eh,0.7615
ee,er,0.6381
ee,es,0.7754
ee,et,0.6848
ee,fi,0.544
ee,fj,0.6173
ee,fk,0.6947
ee,fm,0.6871
ee,fo,0.5832
ee,fr,0.6812
ee,ga,0.651
ee,gb-eng,0.631
ee,gb-nir,0.6381
ee,gb-sct,0.6321
ee,gb-wls,0.7013
ee,gb,0.6443
ee,gd,0.6697
ee,ge,0.6658
ee,gf,0.6662
ee,gg,0.6233
ee,gh,0.7902
ee,gi,0.8238
ee,gl,0.7655
ee,gm,0.7207
ee,gn,0.6967
ee,gp,0.6372
ee,gq,0.7543
ee,gr,0.6511
ee,gs,0.6804
ee,gt,0.6259
ee,gu,0.6723
ee,gw,0.7518
ee,gy,0.6434
ee,hk,0.8114
ee,hm,0.7221
ee,hn,0.7543
ee,hr,0.8703
ee,ht,0.6346
ee,hu,0.8186
ee,id,0.7206
ee,ie,0.6671
ee,il,0.7195
ee,im,0.7855
ee,in,0.8678
ee,io,0.5979
ee,iq,0.8982
ee,ir,0.7937
ee,is,0.6639
ee,it,0.6652
ee,je,0.7202
ee,jm,0.6305
ee,jo,0.7541
ee,jp,0.6963
ee,ke,0.6776
ee,kg,0.8674
ee,kh,0.6772
ee,ki,0.6711
ee,km,0.7581
ee,kn,0.6312
ee,kp,0.6812
ee,kr,0.6804
ee,kw,0.7351
ee,ky,0.6856
ee,kz,0.6505
ee,la,0.7153
ee,lb,0.7975
ee,lc,0.6803
ee,li,0.6324
ee,lk,0.6641
ee,lr,0.6412
ee,ls,0.7563
ee,lt,0.6965
ee,lu,0.8246
ee,lv,0.7988
ee,ly,0.6527
ee,ma,0.7519
ee,mc,0.6565
ee,md,0.6711
ee,me,0.7976
ee,mf,0.6812
ee,mg,0.7277
ee,mh,0.6849
ee,mk,0.743
ee,ml,0.7043
ee,mm,0.7432
ee,mn,0.6817
ee,mo,0.6826
ee,mp,0.6558
ee,mq,0.688
ee,mr,0.6883
ee,ms,0.6945
ee,mt,0.722
ee,mu,0.6875
ee,mv,0.7055
ee,mw,0.6415
ee,mx,0.6458
ee,my,0.5895
ee,mz,0.5083
ee,na,0.6319
ee,nc,0.657
ee,ne,0.8446
ee,nf,0.6465
ee,ng,0.6659
ee,ni,0.7159
ee,nl,0.8254
ee,no,0.7175
ee,np,0.6064
ee,nr,0.7096
ee,nu,0.7722
ee,nz,0.7071
ee,om,0.7267
ee,pa,0.7207
ee,pe,0.7431
ee,pf,0.8019
ee,pg,0.7526
ee,ph,0.6495
ee,pk,0.6904
ee,pl,0.7881
ee,pm,0.6174
ee,pn,0.6816
ee,pr,0.737
ee,ps,0.7685
ee,pt,0.7863
ee,pw,0.7123
ee,py,0.8494
ee,qa,0.6955
ee,re,0.6864
ee,ro,0.6999
ee,rs,0.4957
ee,ru,0.6703
ee,rw,0.6671
ee,sa,0.7063
ee,sb,0.6257
ee,sc,0.6876
ee,sd,0.8522
ee,se,0.6834
ee,sg,0.6644
ee,sh,0.7088
ee,si,0.746
ee,sj,0.7175
ee,sk,0.6795
ee,sl,0.7509
ee,sm,0.688
ee,sn,0.6914
ee,so,0.6814
ee,sr,0.5785
ee,ss,0.6549
ee,st,0.7181
ee,sv,0.7781
ee,sx,0.7181
ee,sy,0.8307
ee,sz,0.608
ee,tc,0.7112
ee,td,0.7074
ee,tf,0.6639
ee,tg,0.6929
ee,th,0.5481
ee,tj,0.892
ee,tk,0.652
ee,tl,0.7486
ee,tm,0.6617
ee,tn,0.8389
ee,to,0.8172
ee,tr,0.8231
ee,tt,0.7085
ee,tv,0.6541
ee,tw,0.7786
ee,tz,0.6271
ee,ua,0.6216
ee,ug,0.6685
ee,um,0.5961
ee,us,0.5961
ee,uy,0.6226
ee,uz,0.7542
ee,va,0.7397
ee,vc,0.6646
ee,ve,0.721
ee,vg,0.6818
ee,vi,0.6316
ee,vn,0.8857
ee,vu,0.6734
ee,wf,0.761
ee,ws,0.7018
ee,xk,0.6483
ee,ye,0.9148
ee,yt,0.6586
ee,za,0.6803
ee,zm,0.705
ee,zw,0.6819
eg,ad,0.6103
eg,ae,0.3882
eg,af,0.5739
eg,ag,0.5881
eg,ai,0.6138
eg,al,0.7216
eg,am,0.6614
eg,ao,0.4997
eg,aq,0.7112
eg,ar,0.6278
eg,as,0.573
eg,at,0.3412
eg,au,0.6555
eg,aw,0.7099
eg,ax,0.6489
eg,az,0.6739
eg,ba,0.6614
eg,bb,0.6856
eg,bd,0.6746
eg,be,0.6295
eg,bf,0.5828
eg,bg,0.7015
eg,bh,0.6661
eg,bi,0.6043
eg,bj,0.6357
eg,bl,0.7428
eg,bm,0.5168
eg,bn,0.6625
eg,bo,0.438
eg,bq,0.6416
eg,br,0.65
eg,bs,0.6415
eg,bt,0.6338
eg,bv,0.5611
eg,bw,0.742
eg,by,0.5059
eg,bz,0.6135
eg,ca,0.7368
eg,cc,0.7221
eg,cd,0.6911
eg,cf,0.595
eg,cg,0.6651
eg,ch,0.6471
eg,ci,0.6809
eg,ck,0.6336
eg,cl,0.6596
eg,cm,0.6023
eg,cn,0.6928
eg,co,0.6021
eg,cr,0.7102
eg,cu,0.6611
eg,cv,0.6734
eg,cw,0.714
eg,cx,0.6444
eg,cy,0.7826
eg,cz,0.6589
eg,de,0.7364
eg,dj,0.6222
eg,dk,0.4953
eg,dm,0.5956
eg,do,0.4884
eg,dz,0.6949
eg,ec,0.6219
eg,ee,0.9052
eg,eg,0.0
eg,eh,0.4427
eg,er,0.6366
eg,es,0.5696
eg,et,0.6058
eg,fi,0.8401
eg,fj,0.6521
eg,fk,0.6065
eg,fm,0.7397
eg,fo,0.7809
eg,fr,0.6373
eg,ga,0.6342
eg,gb-eng,0.7859
eg,gb-nir,0.8154
eg,gb-sct,0.7115
eg,gb-wls,0.5913
eg,gb,0.573
eg,gd,0.5892
eg,ge,0.7859
eg,gf,0.7345
eg,gg,0.7935
eg,gh,0.4326
eg,gi,0.5925
eg,gl,0.6124
eg,gm,0.465
eg,gn,0.6107
eg,gp,0.6511
eg,gq,0.5225
eg,gr,0.6396
eg,gs,0.6157
eg,gt,0.7058
eg,gu,0.6681
eg,gw,0.5656
eg,gy,0.6135
eg,hk,0.6489
eg,hm,0.6786
eg,hn,0.6787
eg,hr,0.3637
eg,ht,0.6095
eg,hu,0.3511
eg,id,0.7356
eg,ie,0.6653
eg,il,0.6457
eg,im,0.5718
eg,in,0.3526
eg,io,0.5969
eg,iq,0.0895
eg,ir,0.4985
eg,is,0.6021
eg,it,0.6622
eg,je,0.683
eg,jm,0.6733
eg,jo,0.4362
eg,jp,0.7959
eg,ke,0.5928
eg,kg,0.7043
eg,kh,0.6127
eg,ki,0.5992
eg,km,0.5544
eg,kn,0.614
eg,kp,0.6323
eg,kr,0.7377
eg,kw,0.5155
eg,ky,0.6257
eg,kz,0.7304
eg,la,0.5651
eg,lb,0.4626
eg,lc,0.7713
eg,li,0.6503
eg,lk,0.5864
eg,lr,0.6168
eg,ls,0.4911
eg,lt,0.6502
eg,lu,0.4638
eg,lv,0.507
eg,ly,0.65
eg,ma,0.6582
eg,mc,0.6781
eg,md,0.6113
eg,me,0.6667
eg,mf,0.6373
eg,mg,0.608
eg,mh,0.6303
eg,mk,0.6064
eg,ml,0.6124
eg,mm,0.6181
eg,mn,0.6272
eg,mo,0.6755
eg,mp,0.6825
eg,mq,0.6405
eg,mr,0.6215
eg,ms,0.6207
eg,mt,0.6376
eg,mu,0.5838
eg,mv,0.5701
eg,mw,0.5609
eg,mx,0.6346
eg,my,0.6825
eg,mz,0.7389
eg,na,0.5879
eg,nc,0.6017
eg,ne,0.4008
eg,nf,0.6911
eg,ng,0.7122
eg,ni,0.5794
eg,nl,0.355
eg,no,0.5611
eg,np,0.5677
eg,nr,0.6877
eg,nu,0.7193
eg,nz,0.6532
eg,om,0.6031
eg,pa,0.6377
eg,pe,0.6229
eg,pf,0.4511
eg,pg,0.515
eg,ph,0.621
eg,pk,0.6921
eg,pl,0.6186
eg,pm,0.5964
eg,pn,0.6031
eg,pr,0.6657
eg,ps,0.4464
eg,pt,0.6537
eg,pw,0.7909
eg,py,0.3659
eg,qa,0.6531
eg,re,0.6715
eg,ro,0.6096
eg,rs,0.7261
eg,ru,0.72
eg,rw,0.661
eg,sa,0.6943
eg,sb,0.6405
eg,sc,0.568
eg,sd,0.2863
eg,se,0.6442
eg,sg,0.7027
eg,sh,0.6266
eg,si,0.7533
eg,sj,0.5611
eg,sk,0.6915
eg,sl,0.5231
eg,sm,0.6702
eg,sn,0.6506
eg,so,0.7332
eg,sr,0.6789
eg,ss,0.5821
eg,st,0.6229
eg,sv,0.5354
eg,sx,0.5593
eg,sy,0.3799
eg,sz,0.6265
eg,tc,0.6264
eg,td,0.6102
eg,tf,0.6486
eg,tg,0.6104
eg,th,0.7167
eg,tj,0.3803
eg,tk,0.6985
eg,tl,0.6346
eg,tm,0.6785
eg,tn,0.6652
eg,to,0.6703
eg,tr,0.6778
eg,tt,0.5532
eg,tv,0.6844
eg,tw,0.7275
eg,tz,0.6491
eg,ua,0.7625
eg,ug,0.6961
eg,um,0.6234
eg,us,0.6234
eg,uy,0.7163
eg,uz,0.4989
eg,va,0.7454
eg,vc,0.6537
eg,ve,0.6343
eg,vg,0.6173
eg,vi,0.7338
eg,vn,0.724
eg,vu,0.5495
eg,wf,0.5566
eg,ws,0.6044
eg,xk,0.6725
eg,ye,0.0634
eg,yt,0.747
eg,za,0.5719
eg,zm,0.6896
eg,zw,0.6594
eh,ad,0.6409
eh,ae,0.343
eh,af,0.4617
eh,ag,0.5423
eh,ai,0.5899
eh,al,0.7394
eh,am,0.6367
eh,ao,0.5829
eh,aq,0.6651
eh,ar,0.6345
eh,as,0.5269
eh,at,0.558
eh,au,0.6249
eh,aw,0.6652
eh,ax,0.573
eh,az,0.5792
eh,ba,0.6391
eh,bb,0.6402
eh,bd,0.599
eh,be,0.6051
eh,bf,0.5939
eh,bg,0.7849
eh,bh,0.7436
eh,bi,0.6388
eh,bj,0.6548
eh,bl,0.7775
eh,bm,0.6112
eh,bn,0.672
eh,bo,0.4557
eh,bq,0.7063
eh,br,0.5659
eh,bs,0.4993
eh,bt,0.6676
eh,bv,0.5852
eh,bw,0.6888
eh,by,0.5407
eh,bz,0.5716
eh,ca,0.7431
eh,cc,0.6439
eh,cd,0.6576
eh,cf,0.5882
eh,cg,0.6455
eh,ch,0.6923
eh,ci,0.6368
eh,ck,0.6081
eh,cl,0.7018
eh,cm,0.6297
eh,cn,0.7179
eh,co,0.6845
eh,cr,0.6617
eh,cu,0.5911
eh,cv,0.5833
eh,cw,0.6271
eh,cx,0.569
eh,cy,0.8257
eh,cz,0.7302
eh,de,0.5719
eh,dj,0.6347
eh,dk,0.6238
eh,dm,0.464
eh,do,0.5472
eh,dz,0.6253
eh,ec,0.6811
eh,ee,0.7615
eh,eg,0.4427
eh,eh,0.0
eh,er,0.5575
eh,es,0.59
eh,et,0.5346
eh,fi,0.8215
eh,fj,0.6186
eh,fk,0.5822
eh,fm,0.7174
eh,fo,0.7804
eh,fr,0.65
eh,ga,0.5333
eh,gb-eng,0.81
eh,gb-nir,0.8081
eh,gb-sct,0.6718
eh,gb-wls,0.6629
eh,gb,0.5857
eh,gd,0.6247
eh,ge,0.7962
eh,gf,0.6423
eh,gg,0.7969
eh,gh,0.4742
eh,gi,0.73
eh,gl,0.7399
eh,gm,0.5251
eh,gn,0.5881
eh,gp,0.5816
eh,gq,0.5187
eh,gr,0.6208
eh,gs,0.5894
eh,gt,0.6897
eh,gu,0.6003
eh,gw,0.5908
eh,gy,0.5187
eh,hk,0.6706
eh,hm,0.654
eh,hn,0.6296
eh,hr,0.511
eh,ht,0.5761
eh,hu,0.465
eh,id,0.7072
eh,ie,0.6643
eh,il,0.6691
eh,im,0.6697
eh,in,0.4762
eh,io,0.5804
eh,iq,0.4482
eh,ir,0.5228
eh,is,0.5577
eh,it,0.653
eh,je,0.7551
eh,jm,0.5885
eh,jo,0.2084
eh,jp,0.8447
eh,ke,0.4817
eh,kg,0.7326
eh,kh,0.5323
eh,ki,0.55
eh,km,0.6168
eh,kn,0.5914
eh,kp,0.5874
eh,kr,0.779
eh,kw,0.4125
eh,ky,0.5953
eh,kz,0.6509
eh,la,0.6061
eh,lb,0.6194
eh,lc,0.7521
eh,li,0.6201
eh,lk,0.5895
eh,lr,0.6355
eh,ls,0.4597
eh,lt,0.6926
eh,lu,0.5354
eh,lv,0.558
eh,ly,0.6059
eh,ma,0.6615
eh,mc,0.6736
eh,md,0.6465
eh,me,0.6793
eh,mf,0.65
eh,mg,0.6632
eh,mh,0.5785
eh,mk,0.6315
eh,ml,0.6456
eh,mm,0.6639
eh,mn,0.5974
eh,mo,0.588
eh,mp,0.6136
eh,mq,0.5569
eh,mr,0.5972
eh,ms,0.5934
eh,mt,0.7503
eh,mu,0.5596
eh,mv,0.6055
eh,mw,0.4612
eh,mx,0.6523
eh,my,0.6123
eh,mz,0.642
eh,na,0.5497
eh,nc,0.5137
eh,ne,0.4994
eh,nf,0.5923
eh,ng,0.6577
eh,ni,0.5493
eh,nl,0.4503
eh,no,0.5852
eh,np,0.5431
eh,nr,0.6118
eh,nu,0.7196
eh,nz,0.627
eh,om,0.6655
eh,pa,0.6656
eh,pe,0.6807
eh,pf,0.6103
eh,pg,0.5811
eh,ph,0.6431
eh,pk,0.6697
eh,pl,0.7681
eh,pm,0.5589
eh,pn,0.5755
eh,pr,0.7215
eh,ps,0.2109
eh,pt,0.6602
eh,pw,0.7361
eh,py,0.4867
eh,qa,0.7072
eh,re,0.6879
eh,ro,0.6358
eh,rs,0.6669
eh,ru,0.7923
eh,rw,0.6068
eh,sa,0.6068
eh,sb,0.5987
eh,sc,0.5352
eh,sd,0.4067
eh,se,0.5786
eh,sg,0.6861
eh,sh,0.6005
eh,si,0.833
eh,sj,0.5852
eh,sk,0.7685
eh,sl,0.4918
eh,sm,0.7354
eh,sn,0.6457
eh,so,0.6892
eh,sr,0.6118
eh,ss,0.5039
eh,st,0.5144
eh,sv,0.5148
eh,sx,0.5905
eh,sy,0.3582
eh,sz,0.5614
eh,tc,0.6004
eh,td,0.6321
eh,tf,0.6335
eh,tg,0.5815
eh,th,0.7021
eh,tj,0.4842
eh,tk,0.609
eh,tl,0.6573
eh,tm,0.5999
eh,tn,0.6845
eh,to,0.7005
eh,tr,0.7133
eh,tt,0.6092
eh,tv,0.6349
eh,tw,0.7303
eh,tz,0.5653
eh,ua,0.6708
eh,ug,0.6219
eh,um,0.6023
eh,us,0.6023
eh,uy,0.7263
eh,uz,0.5194
eh,va,0.7541
eh,vc,0.5995
eh,ve,0.7062
eh,vg,0.586
eh,vi,0.7581
eh,vn,0.7537
eh,vu,0.5485
eh,wf,0.6569
eh,ws,0.652
eh,xk,0.6163
eh,ye,0.4463
eh,yt,0.7884
eh,za,0.5455
eh,zm,0.6177
eh,zw,0.656
er,ad,0.5979
er,ae,0.5683
er,af,0.5219
er,ag,0.5693
er,ai,0.5876
er,al,0.6544
er,am,0.6106
er,ao,0.5871
er,aq,0.6884
er,ar,0.6422
er,as,0.6205
er,at,0.6462
er,au,0.5859
er,aw,0.5773
er,ax,0.5231
er,az,0.5396
er,ba,0.603
er,bb,0.5957
er,bd,0.5649
er,be,0.6056
er,bf,0.563
er,bg,0.6804
er,bh,0.6522
er,bi,0.5924
er,bj,0.5718
er,bl,0.6884
er,bm,0.5425
er,bn,0.6274
er,bo,0.5344
er,bq,0.6253
er,br,0.5555
er,bs,0.5506
er,bt,0.5843
er,bv,0.5732
er,bw,0.6077
er,by,0.5128
er,bz,0.5974
er,ca,0.6095
er,cc,0.6494
er,cd,0.5817
er,cf,0.5994
er,cg,0.6001
er,ch,0.6889
er,ci,0.5715
er,ck,0.5731
er,cl,0.651
er,cm,0.5864
er,cn,0.5149
er,co,0.5751
er,cr,0.5571
er,cu,0.5625
er,cv,0.5986
er,cw,0.6233
er,cx,0.5593
er,cy,0.7472
er,cz,0.6792
er,de,0.5742
er,dj,0.6421
er,dk,0.6112
er,dm,0.5313
er,do,0.5869
er,dz,0.6538
er,ec,0.5507
er,ee,0.6381
er,eg,0.6366
er,eh,0.5575
er,er,0.0
er,es,0.5563
er,et,0.5393
er,fi,0.6911
er,fj,0.5572
er,fk,0.5709
er,fm,0.6751
er,fo,0.6482
er,fr,0.6474
er,ga,0.5059
er,gb-eng,0.6739
er,gb-nir,0.6877
er,gb-sct,0.6494
er,gb-wls,0.5706
er,gb,0.51
er,gd,0.551
er,ge,0.6492
er,gf,0.5857
er,gg,0.6408
er,gh,0.5276
er,gi,0.6883
er,gl,0.667
er,gm,0.5497
er,gn,0.4916
er,gp,0.5985
er,gq,0.6093
er,gr,0.6238
er,gs,0.5626
er,gt,0.5982
er,gu,0.613
er,gw,0.5051
er,gy,0.4408
er,hk,0.5294
er,hm,0.613
er,hn,0.699
er,hr,0.5931
er,ht,0.5835
er,hu,0.5917
er,id,0.6462
er,ie,0.6501
er,il,0.6749
er,im,0.5943
er,in,0.599
er,io,0.5244
er,iq,0.6365
er,ir,0.6183
er,is,0.5564
er,it,0.6514
er,je,0.6784
er,jm,0.5467
er,jo,0.5394
er,jp,0.7206
er,ke,0.5268
er,kg,0.6576
er,kh,0.4753
er,ki,0.5128
er,km,0.5699
er,kn,0.5763
er,kp,0.4301
er,kr,0.6996
er,kw,0.604
er,ky,0.5675
er,kz,0.6513
er,la,0.6091
er,lb,0.6563
er,lc,0.7027
er,li,0.5688
er,lk,0.5001
er,lr,0.5772
er,ls,0.6301
er,lt,0.5683
er,lu,0.6167
er,lv,0.6021
er,ly,0.5958
er,ma,0.5826
er,mc,0.6202
er,md,0.6012
er,me,0.5898
er,mf,0.6474
er,mg,0.6194
er,mh,0.5993
er,mk,0.5447
er,ml,0.6088
er,mm,0.5794
er,mn,0.546
er,mo,0.6188
er,mp,0.6169
er,mq,0.4719
er,mr,0.6134
er,ms,0.5788
er,mt,0.6813
er,mu,0.5375
er,mv,0.594
er,mw,0.4886
er,mx,0.6246
er,my,0.5634
er,mz,0.5391
er,na,0.5101
er,nc,0.5107
er,ne,0.5942
er,nf,0.6244
er,ng,0.6577
er,ni,0.657
er,nl,0.5868
er,no,0.5732
er,np,0.4506
er,nr,0.6254
er,nu,0.6512
er,nz,0.5962
er,om,0.5286
er,pa,0.643
er,pe,0.6228
er,pf,0.6401
er,pg,0.5985
er,ph,0.6085
er,pk,0.6421
er,pl,0.6829
er,pm,0.4874
er,pn,0.5557
er,pr,0.6992
er,ps,0.5696
er,pt,0.6507
er,pw,0.7014
er,py,0.5926
er,qa,0.6301
er,re,0.6455
er,ro,0.6021
er,rs,0.5545
er,ru,0.6734
er,rw,0.621
er,sa,0.6274
er,sb,0.5841
er,sc,0.5187
er,sd,0.6417
er,se,0.567
er,sg,0.6225
er,sh,0.582
er,si,0.7323
er,sj,0.5732
er,sk,0.6113
er,sl,0.5991
er,sm,0.6492
er,sn,0.583
er,so,0.6118
er,sr,0.49
er,ss,0.576
er,st,0.5134
er,sv,0.6417
er,sx,0.5451
er,sy,0.619
er,sz,0.486
er,tc,0.5805
er,td,0.5982
er,tf,0.5871
er,tg,0.5187
er,th,0.586
er,tj,0.656
er,tk,0.611
er,tl,0.5943
er,tm,0.5781
er,tn,0.646
er,to,0.6494
er,tr,0.6279
er,tt,0.5559
er,tv,0.613
er,tw,0.6617
er,tz,0.5298
er,ua,0.6681
er,ug,0.5856
er,um,0.5492
er,us,0.5492
er,uy,0.6401
er,uz,0.6353
er,va,0.6514
er,vc,0.5604
er,ve,0.5743
er,vg,0.5636
er,vi,0.6535
er,vn,0.678
er,vu,0.5292
er,wf,0.5912
er,ws,0.5906
er,xk,0.5965
er,ye,0.6507
er,yt,0.6874
er,za,0.5572
er,zm,0.6163
er,zw,0.5573
es,ad,0.5618
es,ae,0.5881
es,af,0.5586
es,ag,0.5512
es,ai,0.6638
es,al,0.5711
es,am,0.5376
es,ao,0.5726
es,aq,0.794
es,ar,0.713
es,as,0.6394
es,at,0.5619
es,au,0.6844
es,aw,0.7279
es,ax,0.6001
es,az,0.6191
es,ba,0.6688
es,bb,0.6613
es,bd,0.6585
es,be,0.5452
es,bf,0.5777
es,bg,0.6629
es,bh,0.6015
es,bi,0.5705
es,bj,0.5425
es,bl,0.7539
es,bm,0.5103
es,bn,0.6109
es,bo,0.4774
es,bq,0.712
es,br,0.6262
es,bs,0.6302
es,bt,0.4944
es,bv,0.5426
es,bw,0.7203
es,by,0.5368
es,bz,0.6324
es,ca,0.6288
es,cc,0.6714
es,cd,0.7321
es,cf,0.5627
es,cg,0.5433
es,ch,0.5734
es,ci,0.6456
es,ck,0.667
es,cl,0.6243
es,cm,0.5283
es,cn,0.5584
es,co,0.5489
es,cr,0.613
es,cu,0.6408
es,cv,0.6786
es,cw,0.6874
es,cx,0.6334
es,cy,0.7959
es,cz,0.649
es,de,0.5677
es,dj,0.6889
es,dk,0.5665
es,dm,0.6007
es,do,0.5961
es,dz,0.7054
es,ec,0.5406
es,ee,0.7754
es,eg,0.5696
es,eh,0.59
es,er,0.5563
es,es,0.0
es,et,0.4975
es,fi,0.7838
es,fj,0.6717
es,fk,0.6478
es,fm,0.7682
es,fo,0.7349
es,fr,0.6421
es,ga,0.5805
es,gb-eng,0.7483
es,gb-nir,0.7514
es,gb-sct,0.7622
es,gb-wls,0.6252
es,gb,0.5758
es,gd,0.4962
es,ge,0.7037
es,gf,0.6031
es,gg,0.7069
es,gh,0.4823
es,gi,0.6478
es,gl,0.6567
es,gm,0.557
es,gn,0.5482
es,gp,0.6255
es,gq,0.5715
es,gr,0.7206
es,gs,0.6446
es,gt,0.738
es,gu,0.6833
es,gw,0.5376
es,gy,0.5376
es,hk,0.5437
es,hm,0.7211
es,hn,0.8052
es,hr,0.579
es,ht,0.594
es,hu,0.5558
es,id,0.6737
es,ie,0.633
es,il,0.7195
es,im,0.5547
es,in,0.5781
es,io,0.6082
es,iq,0.5707
es,ir,0.5614
es,is,0.6631
es,it,0.6367
es,je,0.7194
es,jm,0.5687
es,jo,0.5785
es,jp,0.7991
es,ke,0.5175
es,kg,0.5392
es,kh,0.586
es,ki,0.5345
es,km,0.5818
es,kn,0.5571
es,kp,0.5641
es,kr,0.7709
es,kw,0.5942
es,ky,0.6522
es,kz,0.7699
es,la,0.5959
es,lb,0.5617
es,lc,0.7986
es,li,0.5969
es,lk,0.4648
es,lr,0.5713
es,ls,0.6528
es,lt,0.4958
es,lu,0.6573
es,lv,0.5546
es,ly,0.6458
es,ma,0.549
es,mc,0.6683
es,md,0.5696
es,me,0.5023
es,mf,0.6421
es,mg,0.6341
es,mh,0.675
es,mk,0.4715
es,ml,0.5336
es,mm,0.5139
es,mn,0.554
es,mo,0.6903
es,mp,0.7223
es,mq,0.5912
es,mr,0.5717
es,ms,0.6596
es,mt,0.6618
es,mu,0.5356
es,mv,0.5432
es,mw,0.5456
es,mx,0.6182
es,my,0.584
es,mz,0.5925
es,na,0.5849
es,nc,0.568
es,ne,0.5742
es,nf,0.6929
es,ng,0.7233
es,ni,0.7424
es,nl,0.5838
es,no,0.5426
es,np,0.527
es,nr,0.7044
es,nu,0.5706
es,nz,0.6889
es,om,0.6009
es,pa,0.6646
es,pe,0.6138
es,pf,0.5492
es,pg,0.5605
es,ph,0.6166
es,pk,0.6799
es,pl,0.6693
es,pm,0.5824
es,pn,0.6305
es,pr,0.6373
es,ps,0.6003
es,pt,0.5422
es,pw,0.8346
es,py,0.6036
es,qa,0.6337
es,re,0.6785
es,ro,0.5537
es,rs,0.6488
es,ru,0.6976
es,rw,0.6429
es,sa,0.6822
es,sb,0.6444
es,sc,0.5551
es,sd,0.5741
es,se,0.6379
es,sg,0.663
es,sh,0.6654
es,si,0.7601
es,sj,0.5426
es,sk,0.6643
es,sl,0.6853
es,sm,0.7339
es,sn,0.5514
es,so,0.7866
es,sr,0.5627
es,ss,0.6131
es,st,0.5478
es,sv,0.7116
es,sx,0.5289
es,sy,0.62
es,sz,0.5015
es,tc,0.6576
es,td,0.5474
es,tf,0.6894
es,tg,0.5225
es,th,0.6026
es,tj,0.583
es,tk,0.6328
es,tl,0.5326
es,tm,0.6482
es,tn,0.5593
es,to,0.5938
es,tr,0.5588
es,tt,0.5462
es,tv,0.7461
es,tw,0.5916
es,tz,0.6514
es,ua,0.6587
es,ug,0.5137
es,um,0.5602
es,us,0.5602
es,uy,0.7213
es,uz,0.6583
es,va,0.6653
es,vc,0.589
es,ve,0.5819
es,vg,0.6414
es,vi,0.721
es,vn,0.5708
es,vu,0.5576
es,wf,0.5459
es,ws,0.5666
es,xk,0.695
es,ye,0.5835
es,yt,0.7534
es,za,0.5839
es,zm,0.6082
es,zw,0.5641
et,ad,0.5894
et,ae,0.4913
et,af,0.5472
et,ag,0.4996
et,ai,0.6108
et,al,0.6277
et,am,0.5929
et,ao,0.6379
et,aq,0.7295
et,ar,0.6551
et,as,0.6104
et,at,0.5855
et,au,0.6347
et,aw,0.6467
et,ax,0.5278
et,az,0.5169
et,ba,0.6394
et,bb,0.6499
et,bd,0.6138
et,be,0.6
et,bf,0.6494
et,bg,0.632
et,bh,0.6426
et,bi,0.5838
et,bj,0.5277
et,bl,0.7304
et,bm,0.5325
et,bn,0.6286
et,bo,0.5456
et,bq,0.6749
et,br,0.5214
et,bs,0.565
et,bt,0.5118
et,bv,0.5444
et,bw,0.6589
et,by,0.6024
et,bz,0.5907
et,ca,0.6743
et,cc,0.6154
et,cd,0.6724
et,cf,0.5142
et,cg,0.5217
et,ch,0.6393
et,ci,0.6262
et,ck,0.6167
et,cl,0.6026
et,cm,0.5215
et,cn,0.6323
et,co,0.5392
et,cr,0.6233
et,cu,0.6048
et,cv,0.6043
et,cw,0.6252
et,cx,0.5496
et,cy,0.7975
et,cz,0.602
et,de,0.4902
et,dj,0.6359
et,dk,0.595
et,dm,0.5245
et,do,0.5624
et,dz,0.675
et,ec,0.523
et,ee,0.6848
et,eg,0.6058
et,eh,0.5346
et,er,0.5393
et,es,0.4975
et,et,0.0
et,fi,0.7604
et,fj,0.6266
et,fk,0.5952
et,fm,0.7042
et,fo,0.727
et,fr,0.6382
et,ga,0.4601
et,gb-eng,0.7594
et,gb-nir,0.7507
et,gb-sct,0.7061
et,gb-wls,0.637
et,gb,0.5593
et,gd,0.5338
et,ge,0.7357
et,gf,0.4541
et,gg,0.7381
et,gh,0.5334
et,gi,0.6032
et,gl,0.6493
et,gm,0.596
et,gn,0.563
et,gp,0.5869
et,gq,0.4895
et,gr,0.6409
et,gs,0.5909
et,gt,0.6985
et,gu,0.6115
et,gw,0.5659
et,gy,0.5198
et,hk,0.6119
et,hm,0.6732
et,hn,0.6991
et,hr,0.6344
et,ht,0.5082
et,hu,0.588
et,id,0.7504
et,ie,0.6212
et,il,0.6797
et,im,0.6046
et,in,0.6189
et,io,0.573
et,iq,0.5998
et,ir,0.4335
et,is,0.5817
et,it,0.6219
et,je,0.7226
et,jm,0.5899
et,jo,0.5457
et,jp,0.7928
et,ke,0.541
et,kg,0.6543
et,kh,0.5556
et,ki,0.5656
et,km,0.576
et,kn,0.4365
et,kp,0.5603
et,kr,0.7326
et,kw,0.4877
et,ky,0.5994
et,kz,0.6777
et,la,0.5932
et,lb,0.5952
et,lc,0.7341
et,li,0.5038
et,lk,0.4847
et,lr,0.5818
et,ls,0.5905
et,lt,0.559
et,lu,0.6977
et,lv,0.5581
et,ly,0.6591
et,ma,0.585
et,mc,0.7117
et,md,0.574
et,me,0.5866
et,mf,0.6382
et,mg,0.6646
et,mh,0.6141
et,mk,0.5337
et,ml,0.5524
et,mm,0.5188
et,mn,0.5037
et,mo,0.6151
et,mp,0.6563
et,mq,0.4965
et,mr,0.5109
et,ms,0.6035
et,mt,0.675
et,mu,0.5769
et,mv,0.547
et,mw,0.5311
et,mx,0.6054
et,my,0.5561
et,mz,0.5185
et,na,0.557
et,nc,0.5245
et,ne,0.6261
et,nf,0.6358
et,ng,0.6765
et,ni,0.642
et,nl,0.5927
et,no,0.5444
et,np,0.4853
et,nr,0.6209
et,nu,0.5688
et,nz,0.6353
et,om,0.6276
et,pa,0.6639
et,pe,0.6425
et,pf,0.5958
et,pg,0.5987
et,ph,0.5146
et,pk,0.6257
et,pl,0.6592
et,pm,0.519
et,pn,0.582
et,pr,0.6552
et,ps,0.5339
et,pt,0.5863
et,pw,0.7808
et,py,0.6296
et,qa,0.6258
et,re,0.6007
et,ro,0.5796
et,rs,0.6597
et,ru,0.6637
et,rw,0.532
et,sa,0.6063
et,sb,0.5535
et,sc,0.575
et,sd,0.6041
et,se,0.55
et,sg,0.7123
et,sh,0.6114
et,si,0.7117
et,sj,0.5444
et,sk,0.6289
et,sl,0.5937
et,sm,0.7222
et,sn,0.5471
et,so,0.707
et,sr,0.5597
et,ss,0.5826
et,st,0.4476
et,sv,0.6007
et,sx,0.6077
et,sy,0.518
et,sz,0.5213
et,tc,0.6048
et,td,0.5794
et,tf,0.6271
et,tg,0.548
et,th,0.6159
et,tj,0.6227
et,tk,0.5955
et,tl,0.5857
et,tm,0.4878
et,tn,0.6301
et,to,0.5558
et,tr,0.631
et,tt,0.5583
et,tv,0.6765
et,tw,0.6071
et,tz,0.5863
et,ua,0.524
et,ug,0.5128
et,um,0.5453
et,us,0.5453
et,uy,0.6935
et,uz,0.5772
et,va,0.6867
et,vc,0.5741
et,ve,0.5686
et,vg,0.5882
et,vi,0.7157
et,vn,0.6738
et,vu,0.5961
et,wf,0.575
et,ws,0.5468
et,xk,0.6388
et,ye,0.6167
et,yt,0.739
et,za,0.579
et,zm,0.5416
et,zw,0.5451
fi,ad,0.7423
fi,ae,0.8051
fi,af,0.7756
fi,ag,0.7649
fi,ai,0.6921
fi,al,0.8694
fi,am,0.6931
fi,ao,0.8297
fi,aq,0.6549
fi,ar,0.6246
fi,as,0.7304
fi,at,0.7888
fi,au,0.6836
fi,aw,0.6356
fi,ax,0.7553
fi,az,0.6876
fi,ba,0.735
fi,bb,0.6913
fi,bd,0.7834
fi,be,0.7767
fi,bf,0.7439
fi,bg,0.553
fi,bh,0.6878
fi,bi,0.6054
fi,bj,0.7071
fi,bl,0.4838
fi,bm,0.7142
fi,bn,0.6801
fi,bo,0.7869
fi,bq,0.6313
fi,br,0.7543
fi,bs,0.7704
fi,bt,0.7079
fi,bv,0.7279
fi,bw,0.5874
fi,by,0.7592
fi,bz,0.729
fi,ca,0.7467
fi,cc,0.8396
fi,cd,0.6853
fi,cf,0.6723
fi,cg,0.7043
fi,ch,0.8555
fi,ci,0.6718
fi,ck,0.6631
fi,cl,0.6501
fi,cm,0.7062
fi,cn,0.8264
fi,co,0.7225
fi,cr,0.6226
fi,cu,0.6502
fi,cv,0.7359
fi,cw,0.6706
fi,cx,0.7021
fi,cy,0.5253
fi,cz,0.6246
fi,de,0.8228
fi,dj,0.6144
fi,dk,0.8114
fi,dm,0.7654
fi,do,0.7077
fi,dz,0.5604
fi,ec,0.7076
fi,ee,0.544
fi,eg,0.8401
fi,eh,0.8215
fi,er,0.6911
fi,es,0.7838
fi,et,0.7604
fi,fi,0.0
fi,fj,0.5841
fi,fk,0.6672
fi,fm,0.6457
fi,fo,0.3133
fi,fr,0.6959
fi,ga,0.7273
fi,gb-eng,0.4839
fi,gb-nir,0.4882
fi,gb-sct,0.564
fi,gb-wls,0.5919
fi,gb,0.5986
fi,gd,0.6892
fi,ge,0.5605
fi,gf,0.7512
fi,gg,0.4841
fi,gh,0.7885
fi,gi,0.6644
fi,gl,0.6262
fi,gm,0.6757
fi,gn,0.7377
fi,gp,0.7921
fi,gq,0.7421
fi,gr,0.5774
fi,gs,0.6729
fi,gt,0.5851
fi,gu,0.6828
fi,gw,0.7187
fi,gy,0.6994
fi,hk,0.8051
fi,hm,0.7759
fi,hn,0.7168
fi,hr,0.7819
fi,ht,0.7341
fi,hu,0.723
fi,id,0.6947
fi,ie,0.6178
fi,il,0.6108
fi,im,0.809
fi,in,0.7413
fi,io,0.5319
fi,iq,0.8332
fi,ir,0.7448
fi,is,0.7655
fi,it,0.6595
fi,je,0.5793
fi,jm,0.7396
fi,jo,0.8136
fi,jp,0.52
fi,ke,0.7985
fi,kg,0.8858
fi,kh,0.7588
fi,ki,0.6793
fi,km,0.6699
fi,kn,0.761
fi,kp,0.7325
fi,kr,0.524
fi,kw,0.7836
fi,ky,0.6712
fi,kz,0.6837
fi,la,0.6996
fi,lb,0.6949
fi,lc,0.6412
fi,li,0.7108
fi,lk,0.6844
fi,lr,0.5964
fi,ls,0.7473
fi,lt,0.6563
fi,lu,0.7169
fi,lv,0.7923
fi,ly,0.7771
fi,ma,0.7844
fi,mc,0.6412
fi,md,0.7179
fi,me,0.8198
fi,mf,0.6959
fi,mg,0.6409
fi,mh,0.7279
fi,mk,0.7386
fi,ml,0.7367
fi,mm,0.6721
fi,mn,0.7094
fi,mo,0.7481
fi,mp,0.7314
fi,mq,0.758
fi,mr,0.7221
fi,ms,0.6799
fi,mt,0.6831
fi,mu,0.6931
fi,mv,0.7391
fi,mw,0.7957
fi,mx,0.6717
fi,my,0.6125
fi,mz,0.6677
fi,na,0.683
fi,nc,0.7576
fi,ne,0.7519
fi,nf,0.704
fi,ng,0.6926
fi,ni,0.7483
fi,nl,0.748
fi,no,0.7279
fi,np,0.6698
fi,nr,0.7426
fi,nu,0.7423
fi,nz,0.6921
fi,om,0.6642
fi,pa,0.6205
fi,pe,0.726
fi,pf,0.7022
fi,pg,0.8195
fi,ph,0.6945
fi,pk,0.6863
fi,pl,0.6293
fi,pm,0.6386
fi,pn,0.6727
fi,pr,0.686
fi,ps,0.8168
fi,pt,0.8306
fi,pw,0.7486
fi,py,0.7534
fi,qa,0.6709
fi,re,0.6885
fi,ro,0.7151
fi,rs,0.5136
fi,ru,0.5355
fi,rw,0.7084
fi,sa,0.8054
fi,sb,0.6934
fi,sc,0.6875
fi,sd,0.813
fi,se,0.8041
fi,sg,0.6039
fi,sh,0.6891
fi,si,0.6168
fi,sj,0.7279
fi,sk,0.5482
fi,sl,0.7293
fi,sm,0.5
fi,sn,0.7229
fi,so,0.6796
fi,sr,0.6251
fi,ss,0.7495
fi,st,0.7715
fi,sv,0.7704
fi,sx,0.6943
fi,sy,0.837
fi,sz,0.658
fi,tc,0.6911
fi,td,0.729
fi,tf,0.6878
fi,tg,0.705
fi,th,0.5357
fi,tj,0.792
fi,tk,0.7083
fi,tl,0.7965
fi,tm,0.7392
fi,tn,0.8473
fi,to,0.83
fi,tr,0.8454
fi,tt,0.7505
fi,tv,0.6518
fi,tw,0.8343
fi,tz,0.7284
fi,ua,0.7296
fi,ug,0.7611
fi,um,0.5867
fi,us,0.5867
fi,uy,0.5311
fi,uz,0.6975
fi,va,0.6086
fi,vc,0.7113
fi,ve,0.6412
fi,vg,0.6728
fi,vi,0.4686
fi,vn,0.9054
fi,vu,0.7364
fi,wf,0.7743
fi,ws,0.7546
fi,xk,0.7088
fi,ye,0.8437
fi,yt,0.4661
fi,za,0.6798
fi,zm,0.7993
fi,zw,0.7067
fj,ad,0.6362
fj,ae,0.6277
fj,af,0.6254
fj,ag,0.6551
fj,ai,0.571
fj,al,0.8113
fj,am,0.6427
fj,ao,0.711
fj,aq,0.5446
fj,ar,0.5013
fj,as,0.61
fj,at,0.6488
fj,au,0.5818
fj,aw,0.5309
fj,ax,0.5815
fj,az,0.5701
fj,ba,0.6111
fj,bb,0.6232
fj,bd,0.643
fj,be,0.6775
fj,bf,0.6093
fj,bg,0.6292
fj,bh,0.6772
fj,bi,0.5654
fj,bj,0.6389
fj,bl,0.5789
fj,bm,0.6177
fj,bn,0.6577
fj,bo,0.6031
fj,bq,0.5718
fj,br,0.5993
fj,bs,0.5957
fj,bt,0.6444
fj,bv,0.615
fj,bw,0.5296
fj,by,0.6273
fj,bz,0.5994
fj,ca,0.7055
fj,cc,0.7256
fj,cd,0.5699
fj,cf,0.602
fj,cg,0.6295
fj,ch,0.7717
fj,ci,0.5857
fj,ck,0.5593
fj,cl,0.6514
fj,cm,0.6271
fj,cn,0.7577
fj,co,0.6505
fj,cr,0.5797
fj,cu,0.5758
fj,cv,0.585
fj,cw,0.6302
fj,cx,0.6013
fj,cy,0.6305
fj,cz,0.6339
fj,de,0.7336
fj,dj,0.4612
fj,dk,0.6617
fj,dm,0.6061
fj,do,0.6107
fj,dz,0.5914
fj,ec,0.6403
fj,ee,0.6173
fj,eg,0.6521
fj,eh,0.6186
fj,er,0.5572
fj,es,0.6717
fj,et,0.6266
fj,fi,0.5841
fj,fj,0.0
fj,fk,0.549
fj,fm,0.5351
fj,fo,0.5565
fj,fr,0.6104
fj,ga,0.5477
fj,gb-eng,0.6144
fj,gb-nir,0.621
fj,gb-sct,0.5371
fj,gb-wls,0.5589
fj,gb,0.5338
fj,gd,0.6171
fj,ge,0.6398
fj,gf,0.6715
fj,gg,0.6165
fj,gh,0.6103
fj,gi,0.6778
fj,gl,0.6323
fj,gm,0.5643
fj,gn,0.6147
fj,gp,0.6859
fj,gq,0.6116
fj,gr,0.5059
fj,gs,0.5566
fj,gt,0.5075
fj,gu,0.619
fj,gw,0.6083
fj,gy,0.5454
fj,hk,0.7206
fj,hm,0.6061
fj,hn,0.5579
fj,hr,0.5991
fj,ht,0.6203
fj,hu,0.5516
fj,id,0.6519
fj,ie,0.5629
fj,il,0.5503
fj,im,0.7116
fj,in,0.5758
fj,io,0.419
fj,iq,0.6483
fj,ir,0.6229
fj,is,0.5497
fj,it,0.5861
fj,je,0.6093
fj,jm,0.6461
fj,jo,0.6197
fj,jp,0.6434
fj,ke,0.6627
fj,kg,0.8123
fj,kh,0.5846
fj,ki,0.559
fj,km,0.5683
fj,kn,0.6666
fj,kp,0.5883
fj,kr,0.5827
fj,kw,0.6334
fj,ky,0.5583
fj,kz,0.5521
fj,la,0.6385
fj,lb,0.6259
fj,lc,0.5617
fj,li,0.6571
fj,lk,0.5911
fj,lr,0.5592
fj,ls,0.5661
fj,lt,0.6292
fj,lu,0.5332
fj,lv,0.6448
fj,ly,0.6887
fj,ma,0.7008
fj,mc,0.5989
fj,md,0.6201
fj,me,0.7473
fj,mf,0.6104
fj,mg,0.6045
fj,mh,0.5812
fj,mk,0.6524
fj,ml,0.6402
fj,mm,0.6205
fj,mn,0.6039
fj,mo,0.6051
fj,mp,0.5832
fj,mq,0.6391
fj,mr,0.6302
fj,ms,0.5651
fj,mt,0.6514
fj,mu,0.5901
fj,mv,0.6582
fj,mw,0.6313
fj,mx,0.5901
fj,my,0.5882
fj,mz,0.632
fj,na,0.5674
fj,nc,0.5775
fj,ne,0.5934
fj,nf,0.5891
fj,ng,0.5939
fj,ni,0.5604
fj,nl,0.5518
fj,no,0.615
fj,np,0.5429
fj,nr,0.6585
fj,nu,0.6815
fj,nz,0.5928
fj,om,0.6151
fj,pa,0.6227
fj,pe,0.6533
fj,pf,0.6242
fj,pg,0.7047
fj,ph,0.6228
fj,pk,0.6518
fj,pl,0.6693
fj,pm,0.4953
fj,pn,0.5482
fj,pr,0.6593
fj,ps,0.6152
fj,pt,0.7452
fj,pw,0.615
fj,py,0.5589
fj,qa,0.6426
fj,re,0.6066
fj,ro,0.6361
fj,rs,0.5223
fj,ru,0.6251
fj,rw,0.5916
fj,sa,0.674
fj,sb,0.5749
fj,sc,0.5719
fj,sd,0.6409
fj,se,0.5995
fj,sg,0.5833
fj,sh,0.5721
fj,si,0.6913
fj,sj,0.615
fj,sk,0.614
fj,sl,0.5338
fj,sm,0.501
fj,sn,0.6297
fj,so,0.5523
fj,sr,0.5718
fj,ss,0.594
fj,st,0.6243
fj,sv,0.5719
fj,sx,0.5904
fj,sy,0.6448
fj,sz,0.5444
fj,tc,0.569
fj,td,0.6503
fj,tf,0.5583
fj,tg,0.6033
fj,th,0.5779
fj,tj,0.6322
fj,tk,0.6408
fj,tl,0.7075
fj,tm,0.6187
fj,tn,0.7588
fj,to,0.7744
fj,tr,0.762
fj,tt,0.6672
fj,tv,0.4545
fj,tw,0.7968
fj,tz,0.6054
fj,ua,0.6639
fj,ug,0.6986
fj,um,0.5194
fj,us,0.5194
fj,uy,0.5264
fj,uz,0.5385
fj,va,0.6264
fj,vc,0.599
fj,ve,0.6401
fj,vg,0.554
fj,vi,0.5416
fj,vn,0.8317
fj,vu,0.6177
fj,wf,0.7004
fj,ws,0.7006
fj,xk,0.5749
fj,ye,0.6571
fj,yt,0.5716
fj,za,0.5753
fj,zm,0.6961
fj,zw,0.6556
fk,ad,0.6255
fk,ae,0.5789
fk,af,0.5381
fk,ag,0.6237
fk,ai,0.1219
fk,al,0.7383
fk,am,0.6224
fk,ao,0.5616
fk,aq,0.6618
fk,ar,0.6788
fk,as,0.6153
fk,at,0.6799
fk,au,0.2054
fk,aw,0.6076
fk,ax,0.5775
fk,az,0.5806
fk,ba,0.5666
fk,bb,0.4394
fk,bd,0.5746
fk,be,0.6657
fk,bf,0.5786
fk,bg,0.6423
fk,bh,0.7161
fk,bi,0.6333
fk,bj,0.6351
fk,bl,0.778
fk,bm,0.5393
fk,bn,0.7099
fk,bo,0.5738
fk,bq,0.6161
fk,br,0.5605
fk,bs,0.56
fk,bt,0.7113
fk,bv,0.5789
fk,bw,0.6226
fk,by,0.5734
fk,bz,0.5514
fk,ca,0.7484
fk,cc,0.6293
fk,cd,0.6067
fk,cf,0.6032
fk,cg,0.6636
fk,ch,0.7638
fk,ci,0.6838
fk,ck,0.2016
fk,cl,0.6899
fk,cm,0.6266
fk,cn,0.7251
fk,co,0.62
fk,cr,0.6184
fk,cu,0.5904
fk,cv,0.5828
fk,cw,0.3705
fk,cx,0.4204
fk,cy,0.84
fk,cz,0.6605
fk,de,0.7079
fk,dj,0.6177
fk,dk,0.6645
fk,dm,0.5547
fk,do,0.5768
fk,dz,0.7013
fk,ec,0.6409
fk,ee,0.6947
fk,eg,0.6065
fk,eh,0.5822
fk,er,0.5709
fk,es,0.6478
fk,et,0.5952
fk,fi,0.6672
fk,fj,0.549
fk,fk,0.0
fk,fm,0.6776
fk,fo,0.7364
fk,fr,0.6646
fk,ga,0.5968
fk,gb-eng,0.7803
fk,gb-nir,0.7944
fk,gb-sct,0.6369
fk,gb-wls,0.5817
fk,gb,0.5258
fk,gd,0.5997
fk,ge,0.7816
fk,gf,0.6915
fk,gg,0.7743
fk,gh,0.5755
fk,gi,0.7089
fk,gl,0.7092
fk,gm,0.5235
fk,gn,0.6181
fk,gp,0.5677
fk,gq,0.632
fk,gr,0.6345
fk,gs,0.1351
fk,gt,0.6604
fk,gu,0.3391
fk,gw,0.6028
fk,gy,0.5548
fk,hk,0.7151
fk,hm,0.4819
fk,hn,0.6938
fk,hr,0.6177
fk,ht,0.5736
fk,hu,0.6116
fk,id,0.8115
fk,ie,0.6934
fk,il,0.7005
fk,im,0.6725
fk,in,0.608
fk,io,0.4715
fk,iq,0.599
fk,ir,0.6533
fk,is,0.5504
fk,it,0.671
fk,je,0.7849
fk,jm,0.5845
fk,jo,0.5777
fk,jp,0.8206
fk,ke,0.557
fk,kg,0.7679
fk,kh,0.551
fk,ki,0.5949
fk,km,0.5909
fk,kn,0.5693
fk,kp,0.585
fk,kr,0.7757
fk,kw,0.6161
fk,ky,0.1216
fk,kz,0.6057
fk,la,0.5024
fk,lb,0.6748
fk,lc,0.6996
fk,li,0.4763
fk,lk,0.5929
fk,lr,0.6345
fk,ls,0.5957
fk,lt,0.5918
fk,lu,0.6501
fk,lv,0.6338
fk,ly,0.5836
fk,ma,0.6535
fk,mc,0.7709
fk,md,0.6082
fk,me,0.7097
fk,mf,0.6646
fk,mg,0.6516
fk,mh,0.5604
fk,mk,0.6618
fk,ml,0.6518
fk,mm,0.6562
fk,mn,0.5829
fk,mo,0.5844
fk,mp,0.5502
fk,mq,0.5337
fk,mr,0.5913
fk,ms,0.1214
fk,mt,0.729
fk,mu,0.5505
fk,mv,0.5988
fk,mw,0.5608
fk,mx,0.6407
fk,my,0.6617
fk,mz,0.6208
fk,na,0.5385
fk,nc,0.5436
fk,ne,0.6308
fk,nf,0.6214
fk,ng,0.6656
fk,ni,0.6366
fk,nl,0.5968
fk,no,0.5789
fk,np,0.5209
fk,nr,0.3558
fk,nu,0.7604
fk,nz,0.179
fk,om,0.6294
fk,pa,0.6458
fk,pe,0.7207
fk,pf,0.6745
fk,pg,0.5736
fk,ph,0.6075
fk,pk,0.6193
fk,pl,0.7124
fk,pm,0.5383
fk,pn,0.1461
fk,pr,0.6853
fk,ps,0.6016
fk,pt,0.6787
fk,pw,0.685
fk,py,0.6018
fk,qa,0.6566
fk,re,0.6071
fk,ro,0.5682
fk,rs,0.6514
fk,ru,0.6334
fk,rw,0.599
fk,sa,0.5664
fk,sb,0.5232
fk,sc,0.571
fk,sd,0.5805
fk,se,0.5778
fk,sg,0.7693
fk,sh,0.1315
fk,si,0.6854
fk,sj,0.5789
fk,sk,0.635
fk,sl,0.6221
fk,sm,0.6641
fk,sn,0.6497
fk,so,0.6401
fk,sr,0.582
fk,ss,0.5613
fk,st,0.6144
fk,sv,0.612
fk,sx,0.574
fk,sy,0.5902
fk,sz,0.5389
fk,tc,0.1417
fk,td,0.5693
fk,tf,0.5153
fk,tg,0.5828
fk,th,0.5965
fk,tj,0.6516
fk,tk,0.4426
fk,tl,0.6617
fk,tm,0.5548
fk,tn,0.7289
fk,to,0.6835
fk,tr,0.7228
fk,tt,0.6293
fk,tv,0.5104
fk,tw,0.7355
fk,tz,0.5598
fk,ua,0.7061
fk,ug,0.649
fk,um,0.6138
fk,us,0.6138
fk,uy,0.6577
fk,uz,0.61
fk,va,0.805
fk,vc,0.5452
fk,ve,0.5448
fk,vg,0.1352
fk,vi,0.7513
fk,vn,0.7855
fk,vu,0.5393
fk,wf,0.6448
fk,ws,0.6068
fk,xk,0.5533
fk,ye,0.6188
fk,yt,0.7735
fk,za,0.5371
fk,zm,0.6195
fk,zw,0.6288
fm,ad,0.7202
fm,ae,0.711
fm,af,0.7218
fm,ag,0.7508
fm,ai,0.6988
fm,al,0.9081
fm,am,0.7388
fm,ao,0.8207
fm,aq,0.5851
fm,ar,0.2776
fm,as,0.6873
fm,at,0.7297
fm,au,0.711
fm,aw,0.5853
fm,ax,0.6721
fm,az,0.6308
fm,ba,0.6957
fm,bb,0.7047
fm,bd,0.7245
fm,be,0.7668
fm,bf,0.7265
fm,bg,0.6674
fm,bh,0.7397
fm,bi,0.6411
fm,bj,0.7142
fm,bl,0.6225
fm,bm,0.7158
fm,bn,0.7183
fm,bo,0.7137
fm,bq,0.6464
fm,br,0.6863
fm,bs,0.693
fm,bt,0.7224
fm,bv,0.7046
fm,bw,0.3124
fm,by,0.7458
fm,bz,0.6761
fm,ca,0.7829
fm,cc,0.8115
fm,cd,0.6332
fm,cf,0.6613
fm,cg,0.6975
fm,ch,0.8513
fm,ci,0.6634
fm,ck,0.6893
fm,cl,0.6956
fm,cm,0.7135
fm,cn,0.8476
fm,co,0.7411
fm,cr,0.6584
fm,cu,0.6565
fm,cv,0.6585
fm,cw,0.7182
fm,cx,0.6924
fm,cy,0.6681
fm,cz,0.6827
fm,de,0.8277
fm,dj,0.586
fm,dk,0.746
fm,dm,0.6981
fm,do,0.6741
fm,dz,0.6641
fm,ec,0.723
fm,ee,0.6871
fm,eg,0.7397
fm,eh,0.7174
fm,er,0.6751
fm,es,0.7682
fm,et,0.7042
fm,fi,0.6457
fm,fj,0.5351
fm,fk,0.6776
fm,fm,0.0
fm,fo,0.6082
fm,fr,0.6902
fm,ga,0.6309
fm,gb-eng,0.6752
fm,gb-nir,0.6802
fm,gb-sct,0.597
fm,gb-wls,0.6364
fm,gb,0.6321
fm,gd,0.701
fm,ge,0.7064
fm,gf,0.7416
fm,gg,0.6735
fm,gh,0.7258
fm,gi,0.7099
fm,gl,0.6938
fm,gm,0.6797
fm,gn,0.7101
fm,gp,0.7661
fm,gq,0.6725
fm,gr,0.5494
fm,gs,0.6884
fm,gt,0.5524
fm,gu,0.7082
fm,gw,0.7178
fm,gy,0.648
fm,hk,0.8111
fm,hm,0.7289
fm,hn,0.594
fm,hr,0.698
fm,ht,0.6874
fm,hu,0.6411
fm,id,0.7666
fm,ie,0.6267
fm,il,0.595
fm,im,0.8144
fm,in,0.6651
fm,io,0.5646
fm,iq,0.7384
fm,ir,0.6694
fm,is,0.6331
fm,it,0.6538
fm,je,0.6587
fm,jm,0.7469
fm,jo,0.7252
fm,jp,0.686
fm,ke,0.7703
fm,kg,0.9069
fm,kh,0.6966
fm,ki,0.6836
fm,km,0.6487
fm,kn,0.7423
fm,kp,0.6972
fm,kr,0.6336
fm,kw,0.7041
fm,ky,0.6905
fm,kz,0.6036
fm,la,0.7308
fm,lb,0.6907
fm,lc,0.5899
fm,li,0.7407
fm,lk,0.6851
fm,lr,0.6378
fm,ls,0.6373
fm,lt,0.7154
fm,lu,0.633
fm,lv,0.725
fm,ly,0.7985
fm,ma,0.7958
fm,mc,0.7128
fm,md,0.7002
fm,me,0.8456
fm,mf,0.6902
fm,mg,0.6745
fm,mh,0.6594
fm,mk,0.7437
fm,ml,0.7178
fm,mm,0.6974
fm,mn,0.7067
fm,mo,0.6792
fm,mp,0.6526
fm,mq,0.728
fm,mr,0.7009
fm,ms,0.6914
fm,mt,0.7022
fm,mu,0.6919
fm,mv,0.7492
fm,mw,0.7479
fm,mx,0.6684
fm,my,0.6733
fm,mz,0.7161
fm,na,0.656
fm,nc,0.6716
fm,ne,0.6854
fm,nf,0.6564
fm,ng,0.6539
fm,ni,0.6118
fm,nl,0.6464
fm,no,0.7046
fm,np,0.645
fm,nr,0.7479
fm,nu,0.7696
fm,nz,0.7182
fm,om,0.7145
fm,pa,0.6765
fm,pe,0.7449
fm,pf,0.6907
fm,pg,0.8117
fm,ph,0.6798
fm,pk,0.7229
fm,pl,0.7018
fm,pm,0.5884
fm,pn,0.682
fm,pr,0.714
fm,ps,0.7115
fm,pt,0.8289
fm,pw,0.655
fm,py,0.6566
fm,qa,0.7072
fm,re,0.6497
fm,ro,0.7226
fm,rs,0.624
fm,ru,0.6651
fm,rw,0.634
fm,sa,0.7566
fm,sb,0.6469
fm,sc,0.6604
fm,sd,0.7307
fm,se,0.6813
fm,sg,0.6829
fm,sh,0.7045
fm,si,0.7228
fm,sj,0.7046
fm,sk,0.66
fm,sl,0.6021
fm,sm,0.5544
fm,sn,0.7055
fm,so,0.6044
fm,sr,0.6563
fm,ss,0.6853
fm,st,0.7163
fm,sv,0.6302
fm,sx,0.6848
fm,sy,0.7099
fm,sz,0.6558
fm,tc,0.7053
fm,td,0.7391
fm,tf,0.6374
fm,tg,0.708
fm,th,0.6538
fm,tj,0.7174
fm,tk,0.7313
fm,tl,0.7989
fm,tm,0.7063
fm,tn,0.8525
fm,to,0.8362
fm,tr,0.852
fm,tt,0.7595
fm,tv,0.5926
fm,tw,0.8571
fm,tz,0.6845
fm,ua,0.7086
fm,ug,0.7937
fm,um,0.5967
fm,us,0.5967
fm,uy,0.5812
fm,uz,0.5835
fm,va,0.6984
fm,vc,0.6864
fm,ve,0.7286
fm,vg,0.6883
fm,vi,0.597
fm,vn,0.925
fm,vu,0.733
fm,wf,0.7816
fm,ws,0.7771
fm,xk,0.6455
fm,ye,0.744
fm,yt,0.6104
fm,za,0.6654
fm,zm,0.7829
fm,zw,0.7454
fo,ad,0.709
fo,ae,0.7607
fo,af,0.7662
fo,ag,0.7585
fo,ai,0.7617
fo,al,0.8447
fo,am,0.7063
fo,ao,0.8289
fo,aq,0.6221
fo,ar,0.533
fo,as,0.6967
fo,at,0.715
fo,au,0.7679
fo,aw,0.6302
fo,ax,0.6951
fo,az,0.6391
fo,ba,0.7392
fo,bb,0.747
fo,bd,0.7731
fo,be,0.7395
fo,bf,0.7292
fo,bg,0.5612
fo,bh,0.6252
fo,bi,0.5632
fo,bj,0.7001
fo,bl,0.372
fo,bm,0.6814
fo,bn,0.6377
fo,bo,0.7406
fo,bq,0.6109
fo,br,0.7439
fo,bs,0.7573
fo,bt,0.6375
fo,bv,0.7319
fo,bw,0.5752
fo,by,0.7288
fo,bz,0.7281
fo,ca,0.6851
fo,cc,0.8595
fo,cd,0.6846
fo,cf,0.6377
fo,cg,0.6782
fo,ch,0.8036
fo,ci,0.6214
fo,ck,0.7438
fo,cl,0.597
fo,cm,0.6751
fo,cn,0.7813
fo,co,0.7015
fo,cr,0.5819
fo,cu,0.6318
fo,cv,0.7311
fo,cw,0.7717
fo,cx,0.761
fo,cy,0.4057
fo,cz,0.5887
fo,de,0.7943
fo,dj,0.5717
fo,dk,0.7653
fo,dm,0.7605
fo,do,0.6976
fo,dz,0.535
fo,ec,0.6758
fo,ee,0.5832
fo,eg,0.7809
fo,eh,0.7804
fo,er,0.6482
fo,es,0.7349
fo,et,0.727
fo,fi,0.3133
fo,fj,0.5565
fo,fk,0.7364
fo,fm,0.6082
fo,fo,0.0
fo,fr,0.6625
fo,ga,0.6724
fo,gb-eng,0.3748
fo,gb-nir,0.3754
fo,gb-sct,0.5389
fo,gb-wls,0.5533
fo,gb,0.5698
fo,gd,0.6741
fo,ge,0.4536
fo,gf,0.7273
fo,gg,0.3764
fo,gh,0.7445
fo,gi,0.5882
fo,gl,0.5521
fo,gm,0.6735
fo,gn,0.7015
fo,gp,0.8089
fo,gq,0.6903
fo,gr,0.5408
fo,gs,0.7466
fo,gt,0.5381
fo,gu,0.7762
fo,gw,0.6986
fo,gy,0.6589
fo,hk,0.7534
fo,hm,0.7894
fo,hn,0.6554
fo,hr,0.7162
fo,ht,0.7191
fo,hu,0.6471
fo,id,0.6196
fo,ie,0.5617
fo,il,0.5293
fo,im,0.7733
fo,in,0.6766
fo,io,0.5277
fo,iq,0.78
fo,ir,0.6723
fo,is,0.6974
fo,it,0.6194
fo,je,0.4776
fo,jm,0.7484
fo,jo,0.7732
fo,jp,0.4149
fo,ke,0.785
fo,kg,0.8398
fo,kh,0.731
fo,ki,0.6462
fo,km,0.6304
fo,kn,0.7633
fo,kp,0.6855
fo,kr,0.4312
fo,kw,0.7429
fo,ky,0.7462
fo,kz,0.6927
fo,la,0.7392
fo,lb,0.6256
fo,lc,0.6164
fo,li,0.7539
fo,lk,0.6429
fo,lr,0.5471
fo,ls,0.6938
fo,lt,0.6702
fo,lu,0.6419
fo,lv,0.746
fo,ly,0.8053
fo,ma,0.7567
fo,mc,0.568
fo,md,0.6884
fo,me,0.7797
fo,mf,0.6625
fo,mg,0.5976
fo,mh,0.7226
fo,mk,0.686
fo,ml,0.7011
fo,mm,0.6426
fo,mn,0.7
fo,mo,0.7549
fo,mp,0.7409
fo,mq,0.7569
fo,mr,0.7285
fo,ms,0.7579
fo,mt,0.6127
fo,mu,0.6917
fo,mv,0.738
fo,mw,0.7738
fo,mx,0.6428
fo,my,0.5901
fo,mz,0.6742
fo,na,0.6836
fo,nc,0.72
fo,ne,0.6855
fo,nf,0.6862
fo,ng,0.6713
fo,ni,0.6897
fo,nl,0.6784
fo,no,0.7319
fo,np,0.6442
fo,nr,0.8157
fo,nu,0.6888
fo,nz,0.7801
fo,om,0.6232
fo,pa,0.576
fo,pe,0.6706
fo,pf,0.622
fo,pg,0.819
fo,ph,0.6671
fo,pk,0.6914
fo,pl,0.5502
fo,pm,0.625
fo,pn,0.7426
fo,pr,0.6498
fo,ps,0.7702
fo,pt,0.8179
fo,pw,0.73
fo,py,0.6871
fo,qa,0.63
fo,re,0.665
fo,ro,0.7149
fo,rs,0.5012
fo,ru,0.5498
fo,rw,0.6921
fo,sa,0.8282
fo,sb,0.7004
fo,sc,0.6528
fo,sd,0.7746
fo,se,0.7427
fo,sg,0.5141
fo,sh,0.7678
fo,si,0.6257
fo,sj,0.7319
fo,sk,0.5242
fo,sl,0.6654
fo,sm,0.4343
fo,sn,0.6943
fo,so,0.6677
fo,sr,0.5941
fo,ss,0.7326
fo,st,0.7347
fo,sv,0.7072
fo,sx,0.6729
fo,sy,0.787
fo,sz,0.6379
fo,tc,0.7661
fo,td,0.73
fo,tf,0.6798
fo,tg,0.6922
fo,th,0.5427
fo,tj,0.7256
fo,tk,0.7724
fo,tl,0.7664
fo,tm,0.7625
fo,tn,0.8025
fo,to,0.7945
fo,tr,0.8031
fo,tt,0.7241
fo,tv,0.6598
fo,tw,0.8131
fo,tz,0.7408
fo,ua,0.7017
fo,ug,0.7492
fo,um,0.5505
fo,us,0.5505
fo,uy,0.4727
fo,uz,0.6264
fo,va,0.5176
fo,vc,0.7137
fo,ve,0.6819
fo,vg,0.7461
fo,vi,0.3769
fo,vn,0.8604
fo,vu,0.7379
fo,wf,0.7316
fo,ws,0.759
fo,xk,0.705
fo,ye,0.7832
fo,yt,0.3646
fo,za,0.6843
fo,zm,0.8118
fo,zw,0.6988
fr,ad,0.4283
fr,ae,0.6412
fr,af,0.5669
fr,ag,0.524
fr,ai,0.6837
fr,al,0.7565
fr,am,0.6417
fr,ao,0.6292
fr,aq,0.6259
fr,ar,0.6543
fr,as,0.5956
fr,at,0.5846
fr,au,0.6968
fr,aw,0.6649
fr,ax,0.6476
fr,az,0.6162
fr,ba,0.6123
fr,bb,0.583
fr,bd,0.6711
fr,be,0.4672
fr,bf,0.651
fr,bg,0.6366
fr,bh,0.7144
fr,bi,0.5665
fr,bj,0.5498
fr,bl,0.7297
fr,bm,0.5497
fr,bn,0.671
fr,bo,0.6431
fr,bq,0.6746
fr,br,0.6588
fr,bs,0.6122
fr,bt,0.621
fr,bv,0.5974
fr,bw,0.656
fr,by,0.6038
fr,bz,0.5713
fr,ca,0.6083
fr,cc,0.7601
fr,cd,0.672
fr,cf,0.6389
fr,cg,0.5503
fr,ch,0.6527
fr,ci,0.5692
fr,ck,0.6633
fr,cl,0.5603
fr,cm,0.5742
fr,cn,0.707
fr,co,0.6356
fr,cr,0.6246
fr,cu,0.6332
fr,cv,0.6621
fr,cw,0.6985
fr,cx,0.6514
fr,cy,0.7362
fr,cz,0.5636
fr,de,0.6968
fr,dj,0.6909
fr,dk,0.5269
fr,dm,0.637
fr,do,0.5252
fr,dz,0.6108
fr,ec,0.6482
fr,ee,0.6812
fr,eg,0.6373
fr,eh,0.65
fr,er,0.6474
fr,es,0.6421
fr,et,0.6382
fr,fi,0.6959
fr,fj,0.6104
fr,fk,0.6646
fr,fm,0.6902
fr,fo,0.6625
fr,fr,0.0
fr,ga,0.6355
fr,gb-eng,0.6941
fr,gb-nir,0.699
fr,gb-sct,0.6572
fr,gb-wls,0.6378
fr,gb,0.579
fr,gd,0.5469
fr,ge,0.7115
fr,gf,0.7359
fr,gg,0.7016
fr,gh,0.6198
fr,gi,0.7311
fr,gl,0.5992
fr,gm,0.5713
fr,gn,0.6008
fr,gp,0.6146
fr,gq,0.5956
fr,gr,0.6235
fr,gs,0.6548
fr,gt,0.5391
fr,gu,0.6503
fr,gw,0.6147
fr,gy,0.6175
fr,hk,0.6391
fr,hm,0.7198
fr,hn,0.7153
fr,hr,0.6474
fr,ht,0.5366
fr,hu,0.5995
fr,id,0.6917
fr,ie,0.3622
fr,il,0.6752
fr,im,0.5766
fr,in,0.6436
fr,io,0.5678
fr,iq,0.6381
fr,ir,0.6347
fr,is,0.6249
fr,it,0.3132
fr,je,0.6532
fr,jm,0.6343
fr,jo,0.6435
fr,jp,0.779
fr,ke,0.6543
fr,kg,0.7191
fr,kh,0.5856
fr,ki,0.5899
fr,km,0.5763
fr,kn,0.5872
fr,kp,0.6169
fr,kr,0.6963
fr,kw,0.5463
fr,ky,0.6661
fr,kz,0.7012
fr,la,0.5325
fr,lb,0.6293
fr,lc,0.7361
fr,li,0.6107
fr,lk,0.5824
fr,lr,0.5422
fr,ls,0.673
fr,lt,0.6276
fr,lu,0.6455
fr,lv,0.636
fr,ly,0.6795
fr,ma,0.6709
fr,mc,0.6117
fr,md,0.4507
fr,me,0.6709
fr,mf,0.0
fr,mg,0.73
fr,mh,0.6589
fr,mk,0.6318
fr,ml,0.4586
fr,mm,0.5775
fr,mn,0.62
fr,mo,0.6439
fr,mp,0.6152
fr,mq,0.698
fr,mr,0.6396
fr,ms,0.6719
fr,mt,0.5929
fr,mu,0.6241
fr,mv,0.5753
fr,mw,0.5968
fr,mx,0.2435
fr,my,0.5816
fr,mz,0.654
fr,na,0.5966
fr,nc,0.6287
fr,ne,0.6668
fr,nf,0.5083
fr,ng,0.4821
fr,ni,0.6826
fr,nl,0.6118
fr,no,0.5974
fr,np,0.5959
fr,nr,0.7173
fr,nu,0.6892
fr,nz,0.6905
fr,om,0.5866
fr,pa,0.5686
fr,pe,0.3556
fr,pf,0.6206
fr,pg,0.6103
fr,ph,0.6628
fr,pk,0.7682
fr,pl,0.6071
fr,pm,0.6368
fr,pn,0.6487
fr,pr,0.5985
fr,ps,0.6596
fr,pt,0.5967
fr,pw,0.756
fr,py,0.6347
fr,qa,0.7351
fr,re,0.673
fr,ro,0.4184
fr,rs,0.589
fr,ru,0.6336
fr,rw,0.6556
fr,sa,0.6943
fr,sb,0.634
fr,sc,0.566
fr,sd,0.5721
fr,se,0.6548
fr,sg,0.6473
fr,sh,0.6804
fr,si,0.6824
fr,sj,0.5974
fr,sk,0.6284
fr,sl,0.649
fr,sm,0.6649
fr,sn,0.444
fr,so,0.6855
fr,sr,0.5852
fr,ss,0.6388
fr,st,0.6732
fr,sv,0.6791
fr,sx,0.6777
fr,sy,0.6643
fr,sz,0.5658
fr,tc,0.6783
fr,td,0.4384
fr,tf,0.6763
fr,tg,0.6509
fr,th,0.5983
fr,tj,0.6669
fr,tk,0.6315
fr,tl,0.6239
fr,tm,0.7061
fr,tn,0.6578
fr,to,0.7113
fr,tr,0.7051
fr,tt,0.5819
fr,tv,0.6832
fr,tw,0.6906
fr,tz,0.681
fr,ua,0.6919
fr,ug,0.644
fr,um,0.5283
fr,us,0.5283
fr,uy,0.6478
fr,uz,0.6238
fr,va,0.7003
fr,vc,0.574
fr,ve,0.6038
fr,vg,0.6595
fr,vi,0.6719
fr,vn,0.7433
fr,vu,0.5913
fr,wf,0.5789
fr,ws,0.5556
fr,xk,0.6372
fr,ye,0.6339
fr,yt,0.7049
fr,za,0.5922
fr,zm,0.6751
fr,zw,0.6901
ga,ad,0.6036
ga,ae,0.5543
ga,af,0.5678
ga,ag,0.6165
ga,ai,0.61
ga,al,0.7762
ga,am,0.7415
ga,ao,0.6784
ga,aq,0.5993
ga,ar,0.5506
ga,as,0.5835
ga,at,0.6678
ga,au,0.6335
ga,aw,0.614
ga,ax,0.4415
ga,az,0.4758
ga,ba,0.5888
ga,bb,0.6186
ga,bd,0.5773
ga,be,0.6297
ga,bf,0.616
ga,bg,0.6921
ga,bh,0.6732
ga,bi,0.5966
ga,bj,0.547
ga,bl,0.6808
ga,bm,0.6222
ga,bn,0.6745
ga,bo,0.5254
ga,bq,0.6332
ga,br,0.5063
ga,bs,0.4783
ga,bt,0.5711
ga,bv,0.6329
ga,bw,0.5899
ga,by,0.594
ga,bz,0.612
ga,ca,0.7082
ga,cc,0.6237
ga,cd,0.6
ga,cf,0.5691
ga,cg,0.5639
ga,ch,0.7586
ga,ci,0.5792
ga,ck,0.6121
ga,cl,0.6647
ga,cm,0.5465
ga,cn,0.7267
ga,co,0.5941
ga,cr,0.5546
ga,cu,0.5963
ga,cv,0.5587
ga,cw,0.6304
ga,cx,0.5234
ga,cy,0.725
ga,cz,0.6816
ga,de,0.6029
ga,dj,0.5836
ga,dk,0.6659
ga,dm,0.504
ga,do,0.5892
ga,dz,0.6306
ga,ec,0.589
ga,ee,0.651
ga,eg,0.6342
ga,eh,0.5333
ga,er,0.5059
ga,es,0.5805
ga,et,0.4601
ga,fi,0.7273
ga,fj,0.5477
ga,fk,0.5968
ga,fm,0.6309
ga,fo,0.6724
ga,fr,0.6355
ga,ga,0.0
ga,gb-eng,0.703
ga,gb-nir,0.703
ga,gb-sct,0.6282
ga,gb-wls,0.5965
ga,gb,0.5337
ga,gd,0.5935
ga,ge,0.693
ga,gf,0.5415
ga,gg,0.6723
ga,gh,0.4891
ga,gi,0.7083
ga,gl,0.6883
ga,gm,0.6322
ga,gn,0.5143
ga,gp,0.6011
ga,gq,0.5731
ga,gr,0.5745
ga,gs,0.5983
ga,gt,0.6025
ga,gu,0.6202
ga,gw,0.5604
ga,gy,0.4675
ga,hk,0.7074
ga,hm,0.6702
ga,hn,0.5462
ga,hr,0.604
ga,ht,0.5937
ga,hu,0.5759
ga,id,0.7133
ga,ie,0.5628
ga,il,0.6095
ga,im,0.6965
ga,in,0.6025
ga,io,0.5389
ga,iq,0.6364
ga,ir,0.57
ga,is,0.5173
ga,it,0.6037
ga,je,0.6908
ga,jm,0.5928
ga,jo,0.5411
ga,jp,0.7376
ga,ke,0.5507
ga,kg,0.7623
ga,kh,0.5198
ga,ki,0.5673
ga,km,0.536
ga,kn,0.5637
ga,kp,0.5455
ga,kr,0.6927
ga,kw,0.5684
ga,ky,0.6025
ga,kz,0.5685
ga,la,0.6719
ga,lb,0.6651
ga,lc,0.648
ga,li,0.6203
ga,lk,0.5492
ga,lr,0.5949
ga,ls,0.5352
ga,lt,0.6648
ga,lu,0.5875
ga,lv,0.6249
ga,ly,0.6865
ga,ma,0.6738
ga,mc,0.6715
ga,md,0.5841
ga,me,0.6936
ga,mf,0.6355
ga,mg,0.6325
ga,mh,0.572
ga,mk,0.6103
ga,ml,0.5484
ga,mm,0.6006
ga,mn,0.6002
ga,mo,0.573
ga,mp,0.602
ga,mq,0.5523
ga,mr,0.602
ga,ms,0.6066
ga,mt,0.6798
ga,mu,0.5505
ga,mv,0.6529
ga,mw,0.5281
ga,mx,0.6042
ga,my,0.6043
ga,mz,0.6144
ga,na,0.5518
ga,nc,0.4513
ga,ne,0.5933
ga,nf,0.5947
ga,ng,0.6118
ga,ni,0.5235
ga,nl,0.5533
ga,no,0.6329
ga,np,0.5229
ga,nr,0.6126
ga,nu,0.5962
ga,nz,0.6357
ga,om,0.6257
ga,pa,0.6527
ga,pe,0.6864
ga,pf,0.6537
ga,pg,0.659
ga,ph,0.5969
ga,pk,0.6242
ga,pl,0.7061
ga,pm,0.477
ga,pn,0.5836
ga,pr,0.7035
ga,ps,0.5384
ga,pt,0.665
ga,pw,0.6256
ga,py,0.5695
ga,qa,0.6474
ga,re,0.6498
ga,ro,0.5717
ga,rs,0.6359
ga,ru,0.7504
ga,rw,0.5097
ga,sa,0.6128
ga,sb,0.5558
ga,sc,0.5525
ga,sd,0.6271
ga,se,0.4621
ga,sg,0.664
ga,sh,0.6127
ga,si,0.8334
ga,sj,0.6329
ga,sk,0.7163
ga,sl,0.4695
ga,sm,0.6245
ga,sn,0.5901
ga,so,0.6248
ga,sr,0.5295
ga,ss,0.519
ga,st,0.4397
ga,sv,0.5215
ga,sx,0.5886
ga,sy,0.5359
ga,sz,0.5238
ga,tc,0.6037
ga,td,0.5773
ga,tf,0.5971
ga,tg,0.5439
ga,th,0.6475
ga,tj,0.6401
ga,tk,0.587
ga,tl,0.6674
ga,tm,0.5706
ga,tn,0.7378
ga,to,0.724
ga,tr,0.7308
ga,tt,0.6433
ga,tv,0.5922
ga,tw,0.7375
ga,tz,0.5455
ga,ua,0.5893
ga,ug,0.6392
ga,um,0.5546
ga,us,0.5546
ga,uy,0.6442
ga,uz,0.5307
ga,va,0.6657
ga,vc,0.5755
ga,ve,0.6789
ga,vg,0.594
ga,vi,0.6557
ga,vn,0.7816
ga,vu,0.5964
ga,wf,0.6669
ga,ws,0.6527
ga,xk,0.5798
ga,ye,0.6455
ga,yt,0.6871
ga,za,0.568
ga,zm,0.5934
ga,zw,0.5944
gb-eng,ad,0.7282
gb-eng,ae,0.7804
gb-eng,af,0.8141
gb-eng,ag,0.787
gb-eng,ai,0.8021
gb-eng,al,0.8536
gb-eng,am,0.7591
gb-eng,ao,0.841
gb-eng,aq,0.6852
gb-eng,ar,0.5662
gb-eng,as,0.7554
gb-eng,at,0.6927
gb-eng,au,0.8105
gb-eng,aw,0.6963
gb-eng,ax,0.7186
gb-eng,az,0.6771
gb-eng,ba,0.7923
gb-eng,bb,0.7984
gb-eng,bd,0.8222
gb-eng,be,0.7902
gb-eng,bf,0.7662
gb-eng,bg,0.612
gb-eng,bh,0.6058
gb-eng,bi,0.5813
gb-eng,bj,0.7295
gb-eng,bl,0.3533
gb-eng,bm,0.6559
gb-eng,bn,0.64
gb-eng,bo,0.7639
gb-eng,bq,0.6609
gb-eng,br,0.7898
gb-eng,bs,0.7959
gb-eng,bt,0.6385
gb-eng,bv,0.7289
gb-eng,bw,0.6006
gb-eng,by,0.7164
gb-eng,bz,0.7895
gb-eng,ca,0.6456
gb-eng,cc,0.9062
gb-eng,cd,0.739
gb-eng,cf,0.6359
gb-eng,cg,0.7054
gb-eng,ch,0.8437
gb-eng,ci,0.6568
gb-eng,ck,0.7889
gb-eng,cl,0.6277
gb-eng,cm,0.6897
gb-eng,cn,0.787
gb-eng,co,0.7184
gb-eng,cr,0.595
gb-eng,cu,0.6611
gb-eng,cv,0.7875
gb-eng,cw,0.829
gb-eng,cx,0.8183
gb-eng,cy,0.3783
gb-eng,cz,0.6109
gb-eng,de,0.8081
gb-eng,dj,0.611
gb-eng,dk,0.7007
gb-eng,dm,0.7876
gb-eng,do,0.7769
gb-eng,dz,0.6154
gb-eng,ec,0.7072
gb-eng,ee,0.631
gb-eng,eg,0.7859
gb-eng,eh,0.81
gb-eng,er,0.6739
gb-eng,es,0.7483
gb-eng,et,0.7594
gb-eng,fi,0.4839
gb-eng,fj,0.6144
gb-eng,fk,0.7803
gb-eng,fm,0.6752
gb-eng,fo,0.3748
gb-eng,fr,0.6941
gb-eng,ga,0.703
gb-eng,gb-eng,0.0
gb-eng,gb-nir,0.1792
gb-eng,gb-sct,0.5887
gb-eng,gb-wls,0.5872
gb-eng,gb,0.5307
gb-eng,gd,0.6892
gb-eng,ge,0.2607
gb-eng,gf,0.7586
gb-eng,gg,0.236
gb-eng,gh,0.7437
gb-eng,gi,0.5749
gb-eng,gl,0.5194
gb-eng,gm,0.6906
gb-eng,gn,0.7158
gb-eng,gp,0.8653
gb-eng,gq,0.7211
gb-eng,gr,0.5764
gb-eng,gs,0.79
gb-eng,gt,0.5957
gb-eng,gu,0.8423
gb-eng,gw,0.7174
gb-eng,gy,0.6909
gb-eng,hk,0.7732
gb-eng,hm,0.8321
gb-eng,hn,0.6925
gb-eng,hr,0.7402
gb-eng,ht,0.7318
gb-eng,hu,0.6715
gb-eng,id,0.6132
gb-eng,ie,0.6096
gb-eng,il,0.5524
gb-eng,im,0.7403
gb-eng,in,0.6994
gb-eng,io,0.5842
gb-eng,iq,0.7859
gb-eng,ir,0.6936
gb-eng,is,0.7166
gb-eng,it,0.6693
gb-eng,je,0.4503
gb-eng,jm,0.7873
gb-eng,jo,0.7956
gb-eng,jp,0.365
gb-eng,ke,0.8083
gb-eng,kg,0.8469
gb-eng,kh,0.7568
gb-eng,ki,0.6857
gb-eng,km,0.668
gb-eng,kn,0.7793
gb-eng,kp,0.6966
gb-eng,kr,0.4282
gb-eng,kw,0.7591
gb-eng,ky,0.7891
gb-eng,kz,0.7625
gb-eng,la,0.7727
gb-eng,lb,0.5997
gb-eng,lc,0.6601
gb-eng,li,0.7654
gb-eng,lk,0.66
gb-eng,lr,0.5625
gb-eng,ls,0.7205
gb-eng,lt,0.7207
gb-eng,lu,0.6683
gb-eng,lv,0.7859
gb-eng,ly,0.8539
gb-eng,ma,0.778
gb-eng,mc,0.5311
gb-eng,md,0.7121
gb-eng,me,0.794
gb-eng,mf,0.6941
gb-eng,mg,0.5975
gb-eng,mh,0.7735
gb-eng,mk,0.7148
gb-eng,ml,0.714
gb-eng,mm,0.6903
gb-eng,mn,0.7434
gb-eng,mo,0.8183
gb-eng,mp,0.8112
gb-eng,mq,0.803
gb-eng,mr,0.7797
gb-eng,ms,0.8022
gb-eng,mt,0.5273
gb-eng,mu,0.7273
gb-eng,mv,0.7439
gb-eng,mw,0.7815
gb-eng,mx,0.6667
gb-eng,my,0.6205
gb-eng,mz,0.7064
gb-eng,na,0.7272
gb-eng,nc,0.7425
gb-eng,ne,0.7011
gb-eng,nf,0.7185
gb-eng,ng,0.7307
gb-eng,ni,0.7247
gb-eng,nl,0.7057
gb-eng,no,0.7289
gb-eng,np,0.6512
gb-eng,nr,0.8784
gb-eng,nu,0.6985
gb-eng,nz,0.8235
gb-eng,om,0.6079
gb-eng,pa,0.6024
gb-eng,pe,0.6554
gb-eng,pf,0.5938
gb-eng,pg,0.8299
gb-eng,ph,0.6802
gb-eng,pk,0.7544
gb-eng,pl,0.5114
gb-eng,pm,0.6672
gb-eng,pn,0.785
gb-eng,pr,0.6751
gb-eng,ps,0.8006
gb-eng,pt,0.836
gb-eng,pw,0.786
gb-eng,py,0.7134
gb-eng,qa,0.6231
gb-eng,re,0.7215
gb-eng,ro,0.7361
gb-eng,rs,0.5499
gb-eng,ru,0.6038
gb-eng,rw,0.7416
gb-eng,sa,0.8827
gb-eng,sb,0.7648
gb-eng,sc,0.6747
gb-eng,sd,0.7915
gb-eng,se,0.7788
gb-eng,sg,0.5084
gb-eng,sh,0.8087
gb-eng,si,0.6797
gb-eng,sj,0.7289
gb-eng,sk,0.5811
gb-eng,sl,0.6994
gb-eng,sm,0.4535
gb-eng,sn,0.7353
gb-eng,so,0.7328
gb-eng,sr,0.6207
gb-eng,ss,0.7722
gb-eng,st,0.7588
gb-eng,sv,0.7509
gb-eng,sx,0.7108
gb-eng,sy,0.8145
gb-eng,sz,0.6846
gb-eng,tc,0.8068
gb-eng,td,0.7503
gb-eng,tf,0.7246
gb-eng,tg,0.7127
gb-eng,th,0.5868
gb-eng,tj,0.7443
gb-eng,tk,0.817
gb-eng,tl,0.7837
gb-eng,tm,0.816
gb-eng,tn,0.8216
gb-eng,to,0.775
gb-eng,tr,0.8046
gb-eng,tt,0.7156
gb-eng,tv,0.7253
gb-eng,tw,0.824
gb-eng,tz,0.8022
gb-eng,ua,0.7476
gb-eng,ug,0.7831
gb-eng,um,0.5942
gb-eng,us,0.5942
gb-eng,uy,0.5379
gb-eng,uz,0.6584
gb-eng,va,0.5429
gb-eng,vc,0.7408
gb-eng,ve,0.713
gb-eng,vg,0.789
gb-eng,vi,0.3698
gb-eng,vn,0.8665
gb-eng,vu,0.7655
gb-eng,wf,0.695
gb-eng,ws,0.7435
gb-eng,xk,0.7702
gb-eng,ye,0.7895
gb-eng,yt,0.3542
gb-eng,za,0.7195
gb-eng,zm,0.8547
gb-eng,zw,0.7138
gb-nir,ad,0.7492
gb-nir,ae,0.7926
gb-nir,af,0.818
gb-nir,ag,0.814
gb-nir,ai,0.8156
gb-nir,al,0.8637
gb-nir,am,0.758
gb-nir,ao,0.8724
gb-nir,aq,0.6821
gb-nir,ar,0.5737
gb-nir,as,0.754
gb-nir,at,0.7386
gb-nir,au,0.8214
gb-nir,aw,0.7036
gb-nir,ax,0.7161
gb-nir,az,0.6763
gb-nir,ba,0.7972
gb-nir,bb,0.8058
gb-nir,bd,0.8324
gb-nir,be,0.7857
gb-nir,bf,0.7729
gb-nir,bg,0.6161
gb-nir,bh,0.6233
gb-nir,bi,0.5955
gb-nir,bj,0.7361
gb-nir,bl,0.3828
gb-nir,bm,0.7102
gb-nir,bn,0.6472
gb-nir,bo,0.7716
gb-nir,bq,0.6646
gb-nir,br,0.7957
gb-nir,bs,0.7952
gb-nir,bt,0.6341
gb-nir,bv,0.7365
gb-nir,bw,0.6025
gb-nir,by,0.7635
gb-nir,bz,0.7848
gb-nir,ca,0.6559
gb-nir,cc,0.9094
gb-nir,cd,0.7622
gb-nir,cf,0.6655
gb-nir,cg,0.7022
gb-nir,ch,0.8356
gb-nir,ci,0.6413
gb-nir,ck,0.8005
gb-nir,cl,0.6271
gb-nir,cm,0.7216
gb-nir,cn,0.7963
gb-nir,co,0.7377
gb-nir,cr,0.601
gb-nir,cu,0.654
gb-nir,cv,0.7966
gb-nir,cw,0.8394
gb-nir,cx,0.8221
gb-nir,cy,0.3903
gb-nir,cz,0.5938
gb-nir,de,0.8029
gb-nir,dj,0.6129
gb-nir,dk,0.7565
gb-nir,dm,0.7996
gb-nir,do,0.7981
gb-nir,dz,0.6251
gb-nir,ec,0.7127
gb-nir,ee,0.6381
gb-nir,eg,0.8154
gb-nir,eh,0.8081
gb-nir,er,0.6877
gb-nir,es,0.7514
gb-nir,et,0.7507
gb-nir,fi,0.4882
gb-nir,fj,0.621
gb-nir,fk,0.7944
gb-nir,fm,0.6802
gb-nir,fo,0.3754
gb-nir,fr,0.699
gb-nir,ga,0.703
gb-nir,gb-eng,0.1792
gb-nir,gb-nir,0.0
gb-nir,gb-sct,0.5873
gb-nir,gb-wls,0.6039
gb-nir,gb,0.5627
gb-nir,gd,0.7147
gb-nir,ge,0.2806
gb-nir,gf,0.7622
gb-nir,gg,0.2424
gb-nir,gh,0.7716
gb-nir,gi,0.5858
gb-nir,gl,0.5618
gb-nir,gm,0.7216
gb-nir,gn,0.7345
gb-nir,gp,0.8657
gb-nir,gq,0.7263
gb-nir,gr,0.5793
gb-nir,gs,0.8023
gb-nir,gt,0.5948
gb-nir,gu,0.8438
gb-nir,gw,0.7362
gb-nir,gy,0.694
gb-nir,hk,0.7684
gb-nir,hm,0.8442
gb-nir,hn,0.6922
gb-nir,hr,0.7553
gb-nir,ht,0.7619
gb-nir,hu,0.6763
gb-nir,id,0.6187
gb-nir,ie,0.5947
gb-nir,il,0.5628
gb-nir,im,0.798
gb-nir,in,0.7106
gb-nir,io,0.594
gb-nir,iq,0.8119
gb-nir,ir,0.6859
gb-nir,is,0.7258
gb-nir,it,0.6537
gb-nir,je,0.4879
gb-nir,jm,0.7867
gb-nir,jo,0.8102
gb-nir,jp,0.4018
gb-nir,ke,0.8151
gb-nir,kg,0.8492
gb-nir,kh,0.7631
gb-nir,ki,0.6674
gb-nir,km,0.6714
gb-nir,kn,0.8067
gb-nir,kp,0.7057
gb-nir,kr,0.4518
gb-nir,kw,0.7731
gb-nir,ky,0.8018
gb-nir,kz,0.7678
gb-nir,la,0.7928
gb-nir,lb,0.6487
gb-nir,lc,0.6768
gb-nir,li,0.8034
gb-nir,lk,0.6689
gb-nir,lr,0.5786
gb-nir,ls,0.7348
gb-nir,lt,0.7284
gb-nir,lu,0.6728
gb-nir,lv,0.7957
gb-nir,ly,0.8603
gb-nir,ma,0.7862
gb-nir,mc,0.5762
gb-nir,md,0.7389
gb-nir,me,0.7965
gb-nir,mf,0.699
gb-nir,mg,0.6137
gb-nir,mh,0.7833
gb-nir,mk,0.7193
gb-nir,ml,0.7322
gb-nir,mm,0.6812
gb-nir,mn,0.7454
gb-nir,mo,0.8167
gb-nir,mp,0.8155
gb-nir,mq,0.809
gb-nir,mr,0.7686
gb-nir,ms,0.8156
gb-nir,mt,0.5708
gb-nir,mu,0.7344
gb-nir,mv,0.7838
gb-nir,mw,0.8102
gb-nir,mx,0.6831
gb-nir,my,0.6177
gb-nir,mz,0.723
gb-nir,na,0.7509
gb-nir,nc,0.7462
gb-nir,ne,0.7207
gb-nir,nf,0.7198
gb-nir,ng,0.7187
gb-nir,ni,0.7293
gb-nir,nl,0.7113
gb-nir,no,0.7365
gb-nir,np,0.6775
gb-nir,nr,0.8878
gb-nir,nu,0.6987
gb-nir,nz,0.8354
gb-nir,om,0.6474
gb-nir,pa,0.5948
gb-nir,pe,0.6796
gb-nir,pf,0.6437
gb-nir,pg,0.8634
gb-nir,ph,0.7186
gb-nir,pk,0.7574
gb-nir,pl,0.554
gb-nir,pm,0.6762
gb-nir,pn,0.7976
gb-nir,pr,0.6774
gb-nir,ps,0.8006
gb-nir,pt,0.8403
gb-nir,pw,0.793
gb-nir,py,0.7226
gb-nir,qa,0.6429
gb-nir,re,0.7336
gb-nir,ro,0.7542
gb-nir,rs,0.5561
gb-nir,ru,0.6125
gb-nir,rw,0.7445
gb-nir,sa,0.8881
gb-nir,sb,0.7733
gb-nir,sc,0.6872
gb-nir,sd,0.8091
gb-nir,se,0.7813
gb-nir,sg,0.5134
gb-nir,sh,0.8213
gb-nir,si,0.6915
gb-nir,sj,0.7365
gb-nir,sk,0.5876
gb-nir,sl,0.7008
gb-nir,sm,0.4676
gb-nir,sn,0.7319
gb-nir,so,0.7344
gb-nir,sr,0.6238
gb-nir,ss,0.7835
gb-nir,st,0.7609
gb-nir,sv,0.7601
gb-nir,sx,0.7281
gb-nir,sy,0.8204
gb-nir,sz,0.6867
gb-nir,tc,0.8182
gb-nir,td,0.7688
gb-nir,tf,0.7377
gb-nir,tg,0.7275
gb-nir,th,0.5942
gb-nir,tj,0.7365
gb-nir,tk,0.8223
gb-nir,tl,0.7921
gb-nir,tm,0.8211
gb-nir,tn,0.8196
gb-nir,to,0.7542
gb-nir,tr,0.8124
gb-nir,tt,0.7638
gb-nir,tv,0.7339
gb-nir,tw,0.8334
gb-nir,tz,0.8164
gb-nir,ua,0.7514
gb-nir,ug,0.7636
gb-nir,um,0.5976
gb-nir,us,0.5976
gb-nir,uy,0.5449
gb-nir,uz,0.6611
gb-nir,va,0.5343
gb-nir,vc,0.7447
gb-nir,ve,0.7424
gb-nir,vg,0.8015
gb-nir,vi,0.387
gb-nir,vn,0.8672
gb-nir,vu,0.7918
gb-nir,wf,0.757
gb-nir,ws,0.7971
gb-nir,xk,0.7775
gb-nir,ye,0.8136
gb-nir,yt,0.3814
gb-nir,za,0.7232
gb-nir,zm,0.8587
gb-nir,zw,0.7214
gb-sct,ad,0.7173
gb-sct,ae,0.6498
gb-sct,af,0.6921
gb-sct,ag,0.7422
gb-sct,ai,0.6676
gb-sct,al,0.9022
gb-sct,am,0.7172
gb-sct,ao,0.7852
gb-sct,aq,0.5195
gb-sct,ar,0.5435
gb-sct,as,0.5866
gb-sct,at,0.6999
gb-sct,au,0.6661
gb-sct,aw,0.5509
gb-sct,ax,0.662
gb-sct,az,0.6177
gb-sct,ba,0.6712
gb-sct,bb,0.7038
gb-sct,bd,0.6849
gb-sct,be,0.7592
gb-sct,bf,0.7055
gb-sct,bg,0.6238
gb-sct,bh,0.7062
gb-sct,bi,0.5038
gb-sct,bj,0.7063
gb-sct,bl,0.5832
gb-sct,bm,0.6917
gb-sct,bn,0.7143
gb-sct,bo,0.7149
gb-sct,bq,0.6117
gb-sct,br,0.6764
gb-sct,bs,0.6548
gb-sct,bt,0.7162
gb-sct,bv,0.6798
gb-sct,bw,0.5823
gb-sct,by,0.7275
gb-sct,bz,0.6298
gb-sct,ca,0.7716
gb-sct,cc,0.7823
gb-sct,cd,0.5951
gb-sct,cf,0.6363
gb-sct,cg,0.6553
gb-sct,ch,0.831
gb-sct,ci,0.64
gb-sct,ck,0.6471
gb-sct,cl,0.6574
gb-sct,cm,0.6991
gb-sct,cn,0.8338
gb-sct,co,0.7322
gb-sct,cr,0.6098
gb-sct,cu,0.5969
gb-sct,cv,0.6327
gb-sct,cw,0.681
gb-sct,cx,0.6566
gb-sct,cy,0.6203
gb-sct,cz,0.6389
gb-sct,de,0.8096
gb-sct,dj,0.5392
gb-sct,dk,0.7295
gb-sct,dm,0.6882
gb-sct,do,0.6777
gb-sct,dz,0.6127
gb-sct,ec,0.6985
gb-sct,ee,0.6321
gb-sct,eg,0.7115
gb-sct,eh,0.6718
gb-sct,er,0.6494
gb-sct,es,0.7622
gb-sct,et,0.7061
gb-sct,fi,0.564
gb-sct,fj,0.5371
gb-sct,fk,0.6369
gb-sct,fm,0.597
gb-sct,fo,0.5389
gb-sct,fr,0.6572
gb-sct,ga,0.6282
gb-sct,gb-eng,0.5887
gb-sct,gb-nir,0.5873
gb-sct,gb-sct,0.0
gb-sct,gb-wls,0.6128
gb-sct,gb,0.5186
gb-sct,gd,0.6737
gb-sct,ge,0.6535
gb-sct,gf,0.7354
gb-sct,gg,0.594
gb-sct,gh,0.727
gb-sct,gi,0.6862
gb-sct,gl,0.648
gb-sct,gm,0.6439
gb-sct,gn,0.7058
gb-sct,gp,0.7163
gb-sct,gq,0.6328
gb-sct,gr,0.4347
gb-sct,gs,0.6484
gb-sct,gt,0.5239
gb-sct,gu,0.6723
gb-sct,gw,0.7044
gb-sct,gy,0.6239
gb-sct,hk,0.7864
gb-sct,hm,0.6837
gb-sct,hn,0.5756
gb-sct,hr,0.6772
gb-sct,ht,0.6373
gb-sct,hu,0.61
gb-sct,id,0.7264
gb-sct,ie,0.6042
gb-sct,il,0.5786
gb-sct,im,0.7929
gb-sct,in,0.6531
gb-sct,io,0.5358
gb-sct,iq,0.7121
gb-sct,ir,0.6459
gb-sct,is,0.6142
gb-sct,it,0.6252
gb-sct,je,0.6762
gb-sct,jm,0.5908
gb-sct,jo,0.6802
gb-sct,jp,0.6471
gb-sct,ke,0.7426
gb-sct,kg,0.8876
gb-sct,kh,0.6585
gb-sct,ki,0.6532
gb-sct,km,0.6294
gb-sct,kn,0.7464
gb-sct,kp,0.629
gb-sct,kr,0.6277
gb-sct,kw,0.6415
gb-sct,ky,0.6493
gb-sct,kz,0.584
gb-sct,la,0.6685
gb-sct,lb,0.6714
gb-sct,lc,0.6112
gb-sct,li,0.7089
gb-sct,lk,0.6747
gb-sct,lr,0.6034
gb-sct,ls,0.6132
gb-sct,lt,0.6969
gb-sct,lu,0.6058
gb-sct,lv,0.7043
gb-sct,ly,0.7617
gb-sct,ma,0.7822
gb-sct,mc,0.6655
gb-sct,md,0.6644
gb-sct,me,0.8319
gb-sct,mf,0.6572
gb-sct,mg,0.6337
gb-sct,mh,0.6139
gb-sct,mk,0.7242
gb-sct,ml,0.7147
gb-sct,mm,0.6674
gb-sct,mn,0.6786
gb-sct,mo,0.6342
gb-sct,mp,0.6188
gb-sct,mq,0.7019
gb-sct,mr,0.6773
gb-sct,ms,0.6527
gb-sct,mt,0.6592
gb-sct,mu,0.6769
gb-sct,mv,0.74
gb-sct,mw,0.7304
gb-sct,mx,0.6544
gb-sct,my,0.6344
gb-sct,mz,0.7049
gb-sct,na,0.6126
gb-sct,nc,0.6478
gb-sct,ne,0.6759
gb-sct,nf,0.6357
gb-sct,ng,0.6242
gb-sct,ni,0.5814
gb-sct,nl,0.6116
gb-sct,no,0.6798
gb-sct,np,0.611
gb-sct,nr,0.7175
gb-sct,nu,0.7717
gb-sct,nz,0.6792
gb-sct,om,0.6848
gb-sct,pa,0.637
gb-sct,pe,0.7179
gb-sct,pf,0.666
gb-sct,pg,0.7781
gb-sct,ph,0.6621
gb-sct,pk,0.6663
gb-sct,pl,0.6556
gb-sct,pm,0.5715
gb-sct,pn,0.6446
gb-sct,pr,0.6909
gb-sct,ps,0.6676
gb-sct,pt,0.8043
gb-sct,pw,0.6276
gb-sct,py,0.6304
gb-sct,qa,0.6617
gb-sct,re,0.6304
gb-sct,ro,0.7148
gb-sct,rs,0.5657
gb-sct,ru,0.617
gb-sct,rw,0.6213
gb-sct,sa,0.7165
gb-sct,sb,0.5336
gb-sct,sc,0.6479
gb-sct,sd,0.6691
gb-sct,se,0.6774
gb-sct,sg,0.6374
gb-sct,sh,0.6693
gb-sct,si,0.6869
gb-sct,sj,0.6798
gb-sct,sk,0.59
gb-sct,sl,0.5708
gb-sct,sm,0.5261
gb-sct,sn,0.7108
gb-sct,so,0.551
gb-sct,sr,0.6172
gb-sct,ss,0.6503
gb-sct,st,0.7035
gb-sct,sv,0.5112
gb-sct,sx,0.6598
gb-sct,sy,0.6752
gb-sct,sz,0.63
gb-sct,tc,0.673
gb-sct,td,0.7297
gb-sct,tf,0.6027
gb-sct,tg,0.6852
gb-sct,th,0.6013
gb-sct,tj,0.6827
gb-sct,tk,0.6738
gb-sct,tl,0.7602
gb-sct,tm,0.6797
gb-sct,tn,0.8231
gb-sct,to,0.812
gb-sct,tr,0.8306
gb-sct,tt,0.7602
gb-sct,tv,0.5723
gb-sct,tw,0.8277
gb-sct,tz,0.7118
gb-sct,ua,0.6442
gb-sct,ug,0.7526
gb-sct,um,0.5704
gb-sct,us,0.5704
gb-sct,uy,0.538
gb-sct,uz,0.5511
gb-sct,va,0.6837
gb-sct,vc,0.689
gb-sct,ve,0.7061
gb-sct,vg,0.649
gb-sct,vi,0.5808
gb-sct,vn,0.904
gb-sct,vu,0.7002
gb-sct,wf,0.7553
gb-sct,ws,0.7551
gb-sct,xk,0.6077
gb-sct,ye,0.7079
gb-sct,yt,0.5824
gb-sct,za,0.6565
gb-sct,zm,0.7592
gb-sct,zw,0.7296
gb-wls,ad,0.6199
gb-wls,ae,0.6262
gb-wls,af,0.6119
gb-wls,ag,0.7142
gb-wls,ai,0.6003
gb-wls,al,0.7487
gb-wls,am,0.6478
gb-wls,ao,0.5914
gb-wls,aq,0.6384
gb-wls,ar,0.582
gb-wls,as,0.652
gb-wls,at,0.6536
gb-wls,au,0.6124
gb-wls,aw,0.6113
gb-wls,ax,0.5812
gb-wls,az,0.5251
gb-wls,ba,0.6249
gb-wls,bb,0.6326
gb-wls,bd,0.6191
gb-wls,be,0.6504
gb-wls,bf,0.5469
gb-wls,bg,0.5132
gb-wls,bh,0.6028
gb-wls,bi,0.5778
gb-wls,bj,0.5774
gb-wls,bl,0.5754
gb-wls,bm,0.5771
gb-wls,bn,0.573
gb-wls,bo,0.5425
gb-wls,bq,0.5516
gb-wls,br,0.5859
gb-wls,bs,0.6192
gb-wls,bt,0.6088
gb-wls,bv,0.5852
gb-wls,bw,0.5906
gb-wls,by,0.5413
gb-wls,bz,0.6458
gb-wls,ca,0.6818
gb-wls,cc,0.6808
gb-wls,cd,0.6099
gb-wls,cf,0.5518
gb-wls,cg,0.6114
gb-wls,ch,0.7535
gb-wls,ci,0.6095
gb-wls,ck,0.59
gb-wls,cl,0.5559
gb-wls,cm,0.5668
gb-wls,cn,0.6987
gb-wls,co,0.5736
gb-wls,cr,0.5991
gb-wls,cu,0.6356
gb-wls,cv,0.6695
gb-wls,cw,0.6752
gb-wls,cx,0.6042
gb-wls,cy,0.6136
gb-wls,cz,0.5137
gb-wls,de,0.7344
gb-wls,dj,0.4937
gb-wls,dk,0.648
gb-wls,dm,0.5905
gb-wls,do,0.6012
gb-wls,dz,0.5987
gb-wls,ec,0.5764
gb-wls,ee,0.7013
gb-wls,eg,0.5913
gb-wls,eh,0.6629
gb-wls,er,0.5706
gb-wls,es,0.6252
gb-wls,et,0.637
gb-wls,fi,0.5919
gb-wls,fj,0.5589
gb-wls,fk,0.5817
gb-wls,fm,0.6364
gb-wls,fo,0.5533
gb-wls,fr,0.6378
gb-wls,ga,0.5965
gb-wls,gb-eng,0.5872
gb-wls,gb-nir,0.6039
gb-wls,gb-sct,0.6128
gb-wls,gb-wls,0.0
gb-wls,gb,0.5393
gb-wls,gd,0.5987
gb-wls,ge,0.5945
gb-wls,gf,0.6596
gb-wls,gg,0.582
gb-wls,gh,0.5449
gb-wls,gi,0.533
gb-wls,gl,0.5181
gb-wls,gm,0.5442
gb-wls,gn,0.5943
gb-wls,gp,0.6351
gb-wls,gq,0.6375
gb-wls,gr,0.5775
gb-wls,gs,0.5792
gb-wls,gt,0.5865
gb-wls,gu,0.6615
gb-wls,gw,0.5448
gb-wls,gy,0.535
gb-wls,hk,0.6953
gb-wls,hm,0.6483
gb-wls,hn,0.6455
gb-wls,hr,0.6067
gb-wls,ht,0.6653
gb-wls,hu,0.5544
gb-wls,id,0.7501
gb-wls,ie,0.5866
gb-wls,il,0.6017
gb-wls,im,0.6751
gb-wls,in,0.5249
gb-wls,io,0.52
gb-wls,iq,0.5904
gb-wls,ir,0.6325
gb-wls,is,0.5857
gb-wls,it,0.6074
gb-wls,je,0.5941
gb-wls,jm,0.6272
gb-wls,jo,0.652
gb-wls,jp,0.583
gb-wls,ke,0.6347
gb-wls,kg,0.7521
gb-wls,kh,0.6198
gb-wls,ki,0.6179
gb-wls,km,0.5105
gb-wls,kn,0.6351
gb-wls,kp,0.5869
gb-wls,kr,0.5737
gb-wls,kw,0.6742
gb-wls,ky,0.5899
gb-wls,kz,0.6307
gb-wls,la,0.6454
gb-wls,lb,0.6341
gb-wls,lc,0.6353
gb-wls,li,0.6686
gb-wls,lk,0.5304
gb-wls,lr,0.5761
gb-wls,ls,0.6022
gb-wls,lt,0.5722
gb-wls,lu,0.5948
gb-wls,lv,0.6297
gb-wls,ly,0.637
gb-wls,ma,0.6583
gb-wls,mc,0.7139
gb-wls,md,0.5968
gb-wls,me,0.6735
gb-wls,mf,0.6378
gb-wls,mg,0.5148
gb-wls,mh,0.6068
gb-wls,mk,0.6008
gb-wls,ml,0.592
gb-wls,mm,0.5975
gb-wls,mn,0.6255
gb-wls,mo,0.6435
gb-wls,mp,0.6513
gb-wls,mq,0.5775
gb-wls,mr,0.5938
gb-wls,ms,0.5924
gb-wls,mt,0.6071
gb-wls,mu,0.5441
gb-wls,mv,0.6522
gb-wls,mw,0.6218
gb-wls,mx,0.6013
gb-wls,my,0.6307
gb-wls,mz,0.6382
gb-wls,na,0.5502
gb-wls,nc,0.5518
gb-wls,ne,0.5376
gb-wls,nf,0.6127
gb-wls,ng,0.6323
gb-wls,ni,0.6383
gb-wls,nl,0.5717
gb-wls,no,0.5852
gb-wls,np,0.5494
gb-wls,nr,0.6917
gb-wls,nu,0.6479
gb-wls,nz,0.6144
gb-wls,om,0.4802
gb-wls,pa,0.5607
gb-wls,pe,0.6666
gb-wls,pf,0.626
gb-wls,pg,0.6283
gb-wls,ph,0.6184
gb-wls,pk,0.6288
gb-wls,pl,0.5129
gb-wls,pm,0.5354
gb-wls,pn,0.5711
gb-wls,pr,0.6755
gb-wls,ps,0.6629
gb-wls,pt,0.6766
gb-wls,pw,0.6864
gb-wls,py,0.5859
gb-wls,qa,0.5918
gb-wls,re,0.6143
gb-wls,ro,0.6157
gb-wls,rs,0.6248
gb-wls,ru,0.5173
gb-wls,rw,0.5828
gb-wls,sa,0.6745
gb-wls,sb,0.5684
gb-wls,sc,0.5444
gb-wls,sd,0.5897
gb-wls,se,0.6149
gb-wls,sg,0.6801
gb-wls,sh,0.599
gb-wls,si,0.5988
gb-wls,sj,0.5852
gb-wls,sk,0.5066
gb-wls,sl,0.6078
gb-wls,sm,0.4633
gb-wls,sn,0.6048
gb-wls,so,0.6535
gb-wls,sr,0.5256
gb-wls,ss,0.6213
gb-wls,st,0.5932
gb-wls,sv,0.6392
gb-wls,sx,0.5698
gb-wls,sy,0.617
gb-wls,sz,0.5498
gb-wls,tc,0.5958
gb-wls,td,0.6212
gb-wls,tf,0.5881
gb-wls,tg,0.5788
gb-wls,th,0.5734
gb-wls,tj,0.613
gb-wls,tk,0.668
gb-wls,tl,0.6544
gb-wls,tm,0.6147
gb-wls,tn,0.7338
gb-wls,to,0.648
gb-wls,tr,0.7121
gb-wls,tt,0.6297
gb-wls,tv,0.6023
gb-wls,tw,0.732
gb-wls,tz,0.6056
gb-wls,ua,0.6889
gb-wls,ug,0.6812
gb-wls,um,0.5707
gb-wls,us,0.5707
gb-wls,uy,0.559
gb-wls,uz,0.5278
gb-wls,va,0.6146
gb-wls,vc,0.5886
gb-wls,ve,0.5923
gb-wls,vg,0.5825
gb-wls,vi,0.5481
gb-wls,vn,0.7715
gb-wls,vu,0.5565
gb-wls,wf,0.6353
gb-wls,ws,0.6577
gb-wls,xk,0.624
gb-wls,ye,0.6023
gb-wls,yt,0.5643
gb-wls,za,0.5648
gb-wls,zm,0.6589
gb-wls,zw,0.5806
gb,ad,0.5546
gb,ae,0.5612
gb,af,0.5811
gb,ag,0.5621
gb,ai,0.5476
gb,al,0.6961
gb,am,0.6253
gb,ao,0.596
gb,aq,0.6228
gb,ar,0.5621
gb,as,0.5835
gb,at,0.5442
gb,au,0.5604
gb,aw,0.6041
gb,ax,0.5357
gb,az,0.5263
gb,ba,0.6193
gb,bb,0.5756
gb,bd,0.6125
gb,be,0.6178
gb,bf,0.6005
gb,bg,0.624
gb,bh,0.593
gb,bi,0.4853
gb,bj,0.5767
gb,bl,0.6085
gb,bm,0.4679
gb,bn,0.6227
gb,bo,0.5553
gb,bq,0.6091
gb,br,0.5947
gb,bs,0.5865
gb,bt,0.5821
gb,bv,0.5438
gb,bw,0.5417
gb,by,0.5053
gb,bz,0.5822
gb,ca,0.6258
gb,cc,0.7055
gb,cd,0.5976
gb,cf,0.531
gb,cg,0.5755
gb,ch,0.7026
gb,ci,0.6125
gb,ck,0.5423
gb,cl,0.5878
gb,cm,0.5443
gb,cn,0.6477
gb,co,0.5913
gb,cr,0.5301
gb,cu,0.5334
gb,cv,0.6128
gb,cw,0.583
gb,cx,0.5819
gb,cy,0.6569
gb,cz,0.586
gb,de,0.6311
gb,dj,0.5681
gb,dk,0.5687
gb,dm,0.5557
gb,do,0.5678
gb,dz,0.6123
gb,ec,0.6034
gb,ee,0.6443
gb,eg,0.573
gb,eh,0.5857
gb,er,0.51
gb,es,0.5758
gb,et,0.5593
gb,fi,0.5986
gb,fj,0.5338
gb,fk,0.5258
gb,fm,0.6321
gb,fo,0.5698
gb,fr,0.579
gb,ga,0.5337
gb,gb-eng,0.5307
gb,gb-nir,0.5627
gb,gb-sct,0.5186
gb,gb-wls,0.5393
gb,gb,0.0
gb,gd,0.5265
gb,ge,0.5465
gb,gf,0.6381
gb,gg,0.5714
gb,gh,0.5238
gb,gi,0.6068
gb,gl,0.5583
gb,gm,0.4845
gb,gn,0.5563
gb,gp,0.6211
gb,gq,0.5678
gb,gr,0.5421
gb,gs,0.5332
gb,gt,0.5887
gb,gu,0.5865
gb,gw,0.5642
gb,gy,0.5187
gb,hk,0.6313
gb,hm,0.6295
gb,hn,0.6343
gb,hr,0.5726
gb,ht,0.5164
gb,hu,0.5414
gb,id,0.6483
gb,ie,0.5855
gb,il,0.5975
gb,im,0.5474
gb,in,0.5669
gb,io,0.4907
gb,iq,0.5712
gb,ir,0.5607
gb,is,0.5471
gb,it,0.5946
gb,je,0.6284
gb,jm,0.5532
gb,jo,0.5637
gb,jp,0.6548
gb,ke,0.5665
gb,kg,0.6895
gb,kh,0.5338
gb,ki,0.5492
gb,km,0.5554
gb,kn,0.5783
gb,kp,0.5244
gb,kr,0.6446
gb,kw,0.5632
gb,ky,0.5335
gb,kz,0.6414
gb,la,0.5505
gb,lb,0.536
gb,lc,0.6445
gb,li,0.5123
gb,lk,0.531
gb,lr,0.5093
gb,ls,0.5636
gb,lt,0.6061
gb,lu,0.5816
gb,lv,0.6299
gb,ly,0.6616
gb,ma,0.6135
gb,mc,0.5709
gb,md,0.5434
gb,me,0.6415
gb,mf,0.579
gb,mg,0.5782
gb,mh,0.592
gb,mk,0.5699
gb,ml,0.5608
gb,mm,0.606
gb,mn,0.5703
gb,mo,0.6349
gb,mp,0.6087
gb,mq,0.5868
gb,mr,0.609
gb,ms,0.5466
gb,mt,0.5603
gb,mu,0.5484
gb,mv,0.5597
gb,mw,0.5252
gb,mx,0.5522
gb,my,0.5424
gb,mz,0.5755
gb,na,0.5327
gb,nc,0.5249
gb,ne,0.5689
gb,nf,0.6303
gb,ng,0.6455
gb,ni,0.5975
gb,nl,0.5439
gb,no,0.5438
gb,np,0.4616
gb,nr,0.6019
gb,nu,0.6469
gb,nz,0.5675
gb,om,0.5189
gb,pa,0.5986
gb,pe,0.5698
gb,pf,0.5239
gb,pg,0.5908
gb,ph,0.5325
gb,pk,0.6287
gb,pl,0.5646
gb,pm,0.5134
gb,pn,0.5273
gb,pr,0.5865
gb,ps,0.5957
gb,pt,0.6367
gb,pw,0.6841
gb,py,0.5622
gb,qa,0.5786
gb,re,0.5839
gb,ro,0.5352
gb,rs,0.566
gb,ru,0.6197
gb,rw,0.5881
gb,sa,0.6619
gb,sb,0.5647
gb,sc,0.5101
gb,sd,0.5742
gb,se,0.6002
gb,sg,0.5932
gb,sh,0.5499
gb,si,0.6779
gb,sj,0.5438
gb,sk,0.5965
gb,sl,0.575
gb,sm,0.5732
gb,sn,0.5903
gb,so,0.6416
gb,sr,0.5168
gb,ss,0.5605
gb,st,0.5757
gb,sv,0.5878
gb,sx,0.5646
gb,sy,0.5859
gb,sz,0.5259
gb,tc,0.5512
gb,td,0.5423
gb,tf,0.5673
gb,tg,0.5467
gb,th,0.5526
gb,tj,0.6017
gb,tk,0.5684
gb,tl,0.6068
gb,tm,0.6261
gb,tn,0.6584
gb,to,0.6522
gb,tr,0.6489
gb,tt,0.5381
gb,tv,0.603
gb,tw,0.6527
gb,tz,0.6366
gb,ua,0.6374
gb,ug,0.6288
gb,um,0.5091
gb,us,0.5091
gb,uy,0.6177
gb,uz,0.5506
gb,va,0.6455
gb,vc,0.5857
gb,ve,0.5752
gb,vg,0.5323
gb,vi,0.6
gb,vn,0.7139
gb,vu,0.5478
gb,wf,0.5119
gb,ws,0.5191
gb,xk,0.5904
gb,ye,0.5857
gb,yt,0.6092
gb,za,0.5629
gb,zm,0.6582
gb,zw,0.5837
gd,ad,0.4394
gd,ae,0.5997
gd,af,0.4879
gd,ag,0.4553
gd,ai,0.6268
gd,al,0.6111
gd,am,0.4691
gd,ao,0.5117
gd,aq,0.7221
gd,ar,0.698
gd,as,0.6376
gd,at,0.5415
gd,au,0.6175
gd,aw,0.6454
gd,ax,0.5918
gd,az,0.608
gd,ba,0.5716
gd,bb,0.5485
gd,bd,0.5454
gd,be,0.5053
gd,bf,0.5493
gd,bg,0.5619
gd,bh,0.6111
gd,bi,0.4873
gd,bj,0.4929
gd,bl,0.7183
gd,bm,0.429
gd,bn,0.5706
gd,bo,0.5368
gd,bq,0.6388
gd,br,0.5861
gd,bs,0.6203
gd,bt,0.4729
gd,bv,0.5167
gd,bw,0.6429
gd,by,0.4894
gd,bz,0.5433
gd,ca,0.6113
gd,cc,0.6337
gd,cd,0.669
gd,cf,0.5115
gd,cg,0.5011
gd,ch,0.6034
gd,ci,0.5823
gd,ck,0.5939
gd,cl,0.5973
gd,cm,0.4374
gd,cn,0.5885
gd,co,0.4413
gd,cr,0.6056
gd,cu,0.6136
gd,cv,0.6545
gd,cw,0.6425
gd,cx,0.5799
gd,cy,0.7693
gd,cz,0.5835
gd,de,0.5569
gd,dj,0.6513
gd,dk,0.5036
gd,dm,0.5711
gd,do,0.5566
gd,dz,0.6643
gd,ec,0.4561
gd,ee,0.6697
gd,eg,0.5892
gd,eh,0.6247
gd,er,0.551
gd,es,0.4962
gd,et,0.5338
gd,fi,0.6892
gd,fj,0.6171
gd,fk,0.5997
gd,fm,0.701
gd,fo,0.6741
gd,fr,0.5469
gd,ga,0.5935
gd,gb-eng,0.6892
gd,gb-nir,0.7147
gd,gb-sct,0.6737
gd,gb-wls,0.5987
gd,gb,0.5265
gd,gd,0.0
gd,ge,0.6929
gd,gf,0.5302
gd,gg,0.6789
gd,gh,0.4942
gd,gi,0.6594
gd,gl,0.601
gd,gm,0.4551
gd,gn,0.416
gd,gp,0.534
gd,gq,0.5616
gd,gr,0.6487
gd,gs,0.5853
gd,gt,0.6391
gd,gu,0.6007
gd,gw,0.458
gd,gy,0.5174
gd,hk,0.572
gd,hm,0.6535
gd,hn,0.7898
gd,hr,0.6162
gd,ht,0.511
gd,hu,0.5778
gd,id,0.6748
gd,ie,0.5843
gd,il,0.7405
gd,im,0.474
gd,in,0.5958
gd,io,0.5456
gd,iq,0.5832
gd,ir,0.5912
gd,is,0.6207
gd,it,0.5689
gd,je,0.6936
gd,jm,0.5042
gd,jo,0.6014
gd,jp,0.7709
gd,ke,0.577
gd,kg,0.5949
gd,kh,0.614
gd,ki,0.5349
gd,km,0.5413
gd,kn,0.4972
gd,kp,0.5894
gd,kr,0.7348
gd,kw,0.5573
gd,ky,0.5975
gd,kz,0.6845
gd,la,0.4403
gd,lb,0.5522
gd,lc,0.7133
gd,li,0.5152
gd,lk,0.4569
gd,lr,0.5387
gd,ls,0.684
gd,lt,0.4081
gd,lu,0.6672
gd,lv,0.5688
gd,ly,0.5526
gd,ma,0.5448
gd,mc,0.6134
gd,md,0.4437
gd,me,0.5494
gd,mf,0.5469
gd,mg,0.6124
gd,mh,0.6459
gd,mk,0.4863
gd,ml,0.4172
gd,mm,0.4329
gd,mn,0.5636
gd,mo,0.6214
gd,mp,0.6282
gd,mq,0.577
gd,mr,0.4751
gd,ms,0.6001
gd,mt,0.6017
gd,mu,0.5063
gd,mv,0.4038
gd,mw,0.5164
gd,mx,0.4917
gd,my,0.5528
gd,mz,0.511
gd,na,0.5191
gd,nc,0.5803
gd,ne,0.5904
gd,nf,0.5966
gd,ng,0.6236
gd,ni,0.7474
gd,nl,0.6138
gd,no,0.5167
gd,np,0.4683
gd,nr,0.6668
gd,nu,0.5292
gd,nz,0.6205
gd,om,0.5408
gd,pa,0.6415
gd,pe,0.533
gd,pf,0.5481
gd,pg,0.5136
gd,ph,0.5783
gd,pk,0.6494
gd,pl,0.6153
gd,pm,0.5609
gd,pn,0.5792
gd,pr,0.5759
gd,ps,0.638
gd,pt,0.555
gd,pw,0.75
gd,py,0.6304
gd,qa,0.6197
gd,re,0.5851
gd,ro,0.426
gd,rs,0.5405
gd,ru,0.5753
gd,rw,0.6165
gd,sa,0.6208
gd,sb,0.5645
gd,sc,0.5364
gd,sd,0.5626
gd,se,0.6053
gd,sg,0.6484
gd,sh,0.6175
gd,si,0.6405
gd,sj,0.5167
gd,sk,0.5713
gd,sl,0.6888
gd,sm,0.6758
gd,sn,0.4962
gd,so,0.7102
gd,sr,0.538
gd,ss,0.5988
gd,st,0.5781
gd,sv,0.7251
gd,sx,0.5806
gd,sy,0.652
gd,sz,0.5162
gd,tc,0.6193
gd,td,0.4203
gd,tf,0.6176
gd,tg,0.4507
gd,th,0.4955
gd,tj,0.6315
gd,tk,0.5423
gd,tl,0.5179
gd,tm,0.5925
gd,tn,0.5915
gd,to,0.6096
gd,tr,0.5893
gd,tt,0.4906
gd,tv,0.6634
gd,tw,0.6059
gd,tz,0.6018
gd,ua,0.5845
gd,ug,0.467
gd,um,0.5316
gd,us,0.5316
gd,uy,0.6795
gd,uz,0.6656
gd,va,0.6472
gd,vc,0.4835
gd,ve,0.3989
gd,vg,0.5888
gd,vi,0.6796
gd,vn,0.6244
gd,vu,0.487
gd,wf,0.4726
gd,ws,0.4813
gd,xk,0.6194
gd,ye,0.6029
gd,yt,0.7136
gd,za,0.511
gd,zm,0.5738
gd,zw,0.5153
ge,ad,0.7185
ge,ae,0.7819
ge,af,0.7882
ge,ag,0.792
ge,ai,0.7993
ge,al,0.7435
ge,am,0.7447
ge,ao,0.8294
ge,aq,0.7263
ge,ar,0.6044
ge,as,0.7606
ge,at,0.7181
ge,au,0.812
ge,aw,0.7206
ge,ax,0.6994
ge,az,0.6704
ge,ba,0.7871
ge,bb,0.7853
ge,bd,0.8094
ge,be,0.755
ge,bf,0.7468
ge,bg,0.6376
ge,bh,0.5947
ge,bi,0.6247
ge,bj,0.7059
ge,bl,0.4459
ge,bm,0.6689
ge,bn,0.6355
ge,bo,0.7333
ge,bq,0.686
ge,br,0.7814
ge,bs,0.7874
ge,bt,0.6117
ge,bv,0.7126
ge,bw,0.6248
ge,by,0.7172
ge,bz,0.7843
ge,ca,0.5567
ge,cc,0.8941
ge,cd,0.7606
ge,cf,0.6354
ge,cg,0.6891
ge,ch,0.7571
ge,ci,0.6653
ge,ck,0.7912
ge,cl,0.6288
ge,cm,0.6852
ge,cn,0.7418
ge,co,0.709
ge,cr,0.6113
ge,cu,0.6793
ge,cv,0.7922
ge,cw,0.8306
ge,cx,0.8136
ge,cy,0.4675
ge,cz,0.6224
ge,de,0.7678
ge,dj,0.6436
ge,dk,0.7212
ge,dm,0.7716
ge,do,0.7912
ge,dz,0.6464
ge,ec,0.6858
ge,ee,0.6658
ge,eg,0.7859
ge,eh,0.7962
ge,er,0.6492
ge,es,0.7037
ge,et,0.7357
ge,fi,0.5605
ge,fj,0.6398
ge,fk,0.7816
ge,fm,0.7064
ge,fo,0.4536
ge,fr,0.7115
ge,ga,0.693
ge,gb-eng,0.2607
ge,gb-nir,0.2806
ge,gb-sct,0.6535
ge,gb-wls,0.5945
ge,gb,0.5465
ge,gd,0.6929
ge,ge,0.0
ge,gf,0.7437
ge,gg,0.2951
ge,gh,0.7296
ge,gi,0.5853
ge,gl,0.572
ge,gm,0.7007
ge,gn,0.7093
ge,gp,0.8443
ge,gq,0.7116
ge,gr,0.6291
ge,gs,0.7864
ge,gt,0.6337
ge,gu,0.8394
ge,gw,0.7146
ge,gy,0.6743
ge,hk,0.7346
ge,hm,0.8312
ge,hn,0.7335
ge,hr,0.7046
ge,ht,0.7414
ge,hu,0.6696
ge,id,0.568
ge,ie,0.6238
ge,il,0.5907
ge,im,0.7553
ge,in,0.696
ge,io,0.6023
ge,iq,0.7876
ge,ir,0.6864
ge,is,0.7234
ge,it,0.675
ge,je,0.4979
ge,jm,0.7782
ge,jo,0.7924
ge,jp,0.4513
ge,ke,0.7724
ge,kg,0.7278
ge,kh,0.7439
ge,ki,0.6675
ge,km,0.6664
ge,kn,0.7683
ge,kp,0.6706
ge,kr,0.4801
ge,kw,0.7668
ge,ky,0.7891
ge,kz,0.7898
ge,la,0.7823
ge,lb,0.6311
ge,lc,0.6953
ge,li,0.7718
ge,lk,0.6241
ge,lr,0.5706
ge,ls,0.7298
ge,lt,0.7073
ge,lu,0.6811
ge,lv,0.7695
ge,ly,0.8188
ge,ma,0.7417
ge,mc,0.5849
ge,md,0.7085
ge,me,0.6843
ge,mf,0.7115
ge,mg,0.6098
ge,mh,0.7815
ge,mk,0.682
ge,ml,0.7061
ge,mm,0.677
ge,mn,0.7288
ge,mo,0.8229
ge,mp,0.817
ge,mq,0.7855
ge,mr,0.7708
ge,ms,0.8015
ge,mt,0.5797
ge,mu,0.7083
ge,mv,0.7577
ge,mw,0.7671
ge,mx,0.6834
ge,my,0.6157
ge,mz,0.701
ge,na,0.7304
ge,nc,0.7249
ge,ne,0.6922
ge,nf,0.7283
ge,ng,0.7487
ge,ni,0.7487
ge,nl,0.7046
ge,no,0.7126
ge,np,0.6531
ge,nr,0.8706
ge,nu,0.6761
ge,nz,0.822
ge,om,0.6304
ge,pa,0.6135
ge,pe,0.6825
ge,pf,0.6204
ge,pg,0.8191
ge,ph,0.6957
ge,pk,0.7648
ge,pl,0.5689
ge,pm,0.6689
ge,pn,0.7818
ge,pr,0.6375
ge,ps,0.7896
ge,pt,0.7532
ge,pw,0.8097
ge,py,0.7124
ge,qa,0.6259
ge,re,0.7013
ge,ro,0.726
ge,rs,0.5753
ge,ru,0.633
ge,rw,0.7462
ge,sa,0.8753
ge,sb,0.768
ge,sc,0.6585
ge,sd,0.7907
ge,se,0.765
ge,sg,0.5293
ge,sh,0.8056
ge,si,0.6734
ge,sj,0.7126
ge,sk,0.5993
ge,sl,0.7199
ge,sm,0.5194
ge,sn,0.7119
ge,so,0.7621
ge,sr,0.6192
ge,ss,0.7577
ge,st,0.739
ge,sv,0.7655
ge,sx,0.6987
ge,sy,0.8057
ge,sz,0.6724
ge,tc,0.8024
ge,td,0.7367
ge,tf,0.7389
ge,tg,0.712
ge,th,0.6136
ge,tj,0.7342
ge,tk,0.8056
ge,tl,0.7472
ge,tm,0.8141
ge,tn,0.7128
ge,to,0.7309
ge,tr,0.6863
ge,tt,0.7237
ge,tv,0.7538
ge,tw,0.731
ge,tz,0.7973
ge,ua,0.7439
ge,ug,0.7596
ge,um,0.5948
ge,us,0.5948
ge,uy,0.5766
ge,uz,0.6798
ge,va,0.5608
ge,vc,0.7264
ge,ve,0.7199
ge,vg,0.7868
ge,vi,0.4367
ge,vn,0.7444
ge,vu,0.7609
ge,wf,0.712
ge,ws,0.7546
ge,xk,0.7743
ge,ye,0.7924
ge,yt,0.4394
ge,za,0.7129
ge,zm,0.8353
ge,zw,0.6952
gf,ad,0.6597
gf,ae,0.6267
gf,af,0.6078
gf,ag,0.6121
gf,ai,0.7118
gf,al,0.7324
gf,am,0.6132
gf,ao,0.7174
gf,aq,0.7613
gf,ar,0.7191
gf,as,0.7516
gf,at,0.7114
gf,au,0.6984
gf,aw,0.6792
gf,ax,0.6144
gf,az,0.5879
gf,ba,0.7137
gf,bb,0.6654
gf,bd,0.6438
gf,be,0.6848
gf,bf,0.6711
gf,bg,0.6862
gf,bh,0.678
gf,bi,0.626
gf,bj,0.6317
gf,bl,0.7415
gf,bm,0.6422
gf,bn,0.6401
gf,bo,0.6229
gf,bq,0.6994
gf,br,0.5675
gf,bs,0.6799
gf,bt,0.5208
gf,bv,0.6532
gf,bw,0.6914
gf,by,0.6496
gf,bz,0.6833
gf,ca,0.7239
gf,cc,0.6257
gf,cd,0.7109
gf,cf,0.5267
gf,cg,0.5988
gf,ch,0.7495
gf,ci,0.5925
gf,ck,0.6888
gf,cl,0.7224
gf,cm,0.6135
gf,cn,0.716
gf,co,0.5888
gf,cr,0.6847
gf,cu,0.6831
gf,cv,0.6904
gf,cw,0.6889
gf,cx,0.651
gf,cy,0.7997
gf,cz,0.7633
gf,de,0.5101
gf,dj,0.6244
gf,dk,0.6963
gf,dm,0.5933
gf,do,0.6733
gf,dz,0.7577
gf,ec,0.5621
gf,ee,0.6662
gf,eg,0.7345
gf,eh,0.6423
gf,er,0.5857
gf,es,0.6031
gf,et,0.4541
gf,fi,0.7512
gf,fj,0.6715
gf,fk,0.6915
gf,fm,0.7416
gf,fo,0.7273
gf,fr,0.7359
gf,ga,0.5415
gf,gb-eng,0.7586
gf,gb-nir,0.7622
gf,gb-sct,0.7354
gf,gb-wls,0.6596
gf,gb,0.6381
gf,gd,0.5302
gf,ge,0.7437
gf,gf,0.0
gf,gg,0.7313
gf,gh,0.5933
gf,gi,0.7366
gf,gl,0.7344
gf,gm,0.638
gf,gn,0.4954
gf,gp,0.6137
gf,gq,0.6321
gf,gr,0.7081
gf,gs,0.6755
gf,gt,0.7108
gf,gu,0.7015
gf,gw,0.5949
gf,gy,0.5484
gf,hk,0.7074
gf,hm,0.7479
gf,hn,0.77
gf,hr,0.7457
gf,ht,0.6345
gf,hu,0.6736
gf,id,0.7494
gf,ie,0.6989
gf,il,0.7538
gf,im,0.7041
gf,in,0.6967
gf,io,0.6292
gf,iq,0.7321
gf,ir,0.6198
gf,is,0.6755
gf,it,0.6963
gf,je,0.7503
gf,jm,0.6056
gf,jo,0.6393
gf,jp,0.7982
gf,ke,0.6176
gf,kg,0.7373
gf,kh,0.6802
gf,ki,0.647
gf,km,0.6756
gf,kn,0.5542
gf,kp,0.6527
gf,kr,0.7662
gf,kw,0.6543
gf,ky,0.6874
gf,kz,0.6991
gf,la,0.6689
gf,lb,0.6973
gf,lc,0.7362
gf,li,0.6135
gf,lk,0.5572
gf,lr,0.6662
gf,ls,0.6784
gf,lt,0.6101
gf,lu,0.7581
gf,lv,0.676
gf,ly,0.6804
gf,ma,0.6757
gf,mc,0.7135
gf,md,0.6403
gf,me,0.6596
gf,mf,0.7359
gf,mg,0.6688
gf,mh,0.7036
gf,mk,0.606
gf,ml,0.5638
gf,mm,0.5523
gf,mn,0.6392
gf,mo,0.6589
gf,mp,0.7204
gf,mq,0.5613
gf,mr,0.5947
gf,ms,0.6876
gf,mt,0.7053
gf,mu,0.579
gf,mv,0.6441
gf,mw,0.5915
gf,mx,0.6903
gf,my,0.6557
gf,mz,0.4832
gf,na,0.5956
gf,nc,0.5856
gf,ne,0.6634
gf,nf,0.655
gf,ng,0.6844
gf,ni,0.7542
gf,nl,0.7073
gf,no,0.6532
gf,np,0.5457
gf,nr,0.717
gf,nu,0.5061
gf,nz,0.7051
gf,om,0.6914
gf,pa,0.7573
gf,pe,0.7173
gf,pf,0.6984
gf,pg,0.7518
gf,ph,0.578
gf,pk,0.6271
gf,pl,0.7576
gf,pm,0.5631
gf,pn,0.6694
gf,pr,0.7845
gf,ps,0.598
gf,pt,0.7008
gf,pw,0.7741
gf,py,0.7396
gf,qa,0.6582
gf,re,0.6715
gf,ro,0.6296
gf,rs,0.6193
gf,ru,0.7152
gf,rw,0.5882
gf,sa,0.6685
gf,sb,0.6193
gf,sc,0.6453
gf,sd,0.7426
gf,se,0.6132
gf,sg,0.713
gf,sh,0.7013
gf,si,0.7826
gf,sj,0.6532
gf,sk,0.6851
gf,sl,0.6967
gf,sm,0.7471
gf,sn,0.5932
gf,so,0.758
gf,sr,0.5991
gf,ss,0.6557
gf,st,0.4362
gf,sv,0.7424
gf,sx,0.6543
gf,sy,0.6757
gf,sz,0.599
gf,tc,0.698
gf,td,0.6239
gf,tf,0.7045
gf,tg,0.5435
gf,th,0.6471
gf,tj,0.7191
gf,tk,0.6142
gf,tl,0.6793
gf,tm,0.4719
gf,tn,0.7347
gf,to,0.7117
gf,tr,0.723
gf,tt,0.6631
gf,tv,0.7074
gf,tw,0.7364
gf,tz,0.6224
gf,ua,0.4956
gf,ug,0.5538
gf,um,0.6377
gf,us,0.6377
gf,uy,0.7097
gf,uz,0.6707
gf,va,0.6593
gf,vc,0.5924
gf,ve,0.6018
gf,vg,0.6763
gf,vi,0.7102
gf,vn,0.76
gf,vu,0.6399
gf,wf,0.6913
gf,ws,0.6789
gf,xk,0.6973
gf,ye,0.7462
gf,yt,0.7467
gf,za,0.6681
gf,zm,0.6181
gf,zw,0.5483
gg,ad,0.7151
gg,ae,0.7761
gg,af,0.7881
gg,ag,0.7926
gg,ai,0.7963
gg,al,0.8229
gg,am,0.7439
gg,ao,0.8372
gg,aq,0.6854
gg,ar,0.5702
gg,as,0.734
gg,at,0.7206
gg,au,0.8021
gg,aw,0.6974
gg,ax,0.6933
gg,az,0.648
gg,ba,0.7718
gg,bb,0.7802
gg,bd,0.8042
gg,be,0.752
gg,bf,0.7343
gg,bg,0.6057
gg,bh,0.5771
gg,bi,0.5786
gg,bj,0.6891
gg,bl,0.3733
gg,bm,0.6761
gg,bn,0.6248
gg,bo,0.739
gg,bq,0.6588
gg,br,0.7723
gg,bs,0.7748
gg,bt,0.5988
gg,bv,0.7364
gg,bw,0.6253
gg,by,0.725
gg,bz,0.7715
gg,ca,0.6295
gg,cc,0.8855
gg,cd,0.7487
gg,cf,0.6297
gg,cg,0.6727
gg,ch,0.8034
gg,ci,0.6456
gg,ck,0.7838
gg,cl,0.6099
gg,cm,0.6764
gg,cn,0.722
gg,co,0.7026
gg,cr,0.5706
gg,cu,0.6658
gg,cv,0.7693
gg,cw,0.8237
gg,cx,0.7996
gg,cy,0.3911
gg,cz,0.599
gg,de,0.7727
gg,dj,0.6067
gg,dk,0.7132
gg,dm,0.7819
gg,do,0.7633
gg,dz,0.6151
gg,ec,0.67
gg,ee,0.6233
gg,eg,0.7935
gg,eh,0.7969
gg,er,0.6408
gg,es,0.7069
gg,et,0.7381
gg,fi,0.4841
gg,fj,0.6165
gg,fk,0.7743
gg,fm,0.6735
gg,fo,0.3764
gg,fr,0.7016
gg,ga,0.6723
gg,gb-eng,0.236
gg,gb-nir,0.2424
gg,gb-sct,0.594
gg,gb-wls,0.582
gg,gb,0.5714
gg,gd,0.6789
gg,ge,0.2951
gg,gf,0.7313
gg,gg,0.0
gg,gh,0.7349
gg,gi,0.5727
gg,gl,0.544
gg,gm,0.713
gg,gn,0.6991
gg,gp,0.8335
gg,gq,0.7082
gg,gr,0.5935
gg,gs,0.7834
gg,gt,0.5969
gg,gu,0.8275
gg,gw,0.7049
gg,gy,0.6629
gg,hk,0.7101
gg,hm,0.8272
gg,hn,0.6963
gg,hr,0.733
gg,ht,0.7402
gg,hu,0.6616
gg,id,0.5945
gg,ie,0.5994
gg,il,0.5661
gg,im,0.7621
gg,in,0.6939
gg,io,0.5745
gg,iq,0.7959
gg,ir,0.6859
gg,is,0.726
gg,it,0.6581
gg,je,0.4755
gg,jm,0.7621
gg,jo,0.792
gg,jp,0.3876
gg,ke,0.7797
gg,kg,0.8051
gg,kh,0.7252
gg,ki,0.6519
gg,km,0.6491
gg,kn,0.7754
gg,kp,0.6533
gg,kr,0.4498
gg,kw,0.7575
gg,ky,0.7824
gg,kz,0.7598
gg,la,0.775
gg,lb,0.6294
gg,lc,0.6629
gg,li,0.7752
gg,lk,0.6278
gg,lr,0.5333
gg,ls,0.7215
gg,lt,0.6981
gg,lu,0.6579
gg,lv,0.7516
gg,ly,0.8315
gg,ma,0.7498
gg,mc,0.557
gg,md,0.7037
gg,me,0.7514
gg,mf,0.7016
gg,mg,0.5759
gg,mh,0.7667
gg,mk,0.6636
gg,ml,0.6965
gg,mm,0.6545
gg,mn,0.7301
gg,mo,0.8034
gg,mp,0.8011
gg,mq,0.7754
gg,mr,0.7605
gg,ms,0.796
gg,mt,0.5535
gg,mu,0.6976
gg,mv,0.7552
gg,mw,0.7735
gg,mx,0.6794
gg,my,0.6048
gg,mz,0.6941
gg,na,0.7277
gg,nc,0.7138
gg,ne,0.6954
gg,nf,0.7167
gg,ng,0.7257
gg,ni,0.7262
gg,nl,0.6976
gg,no,0.7364
gg,np,0.6498
gg,nr,0.8587
gg,nu,0.6594
gg,nz,0.8178
gg,om,0.6193
gg,pa,0.5942
gg,pe,0.6785
gg,pf,0.6215
gg,pg,0.8286
gg,ph,0.6912
gg,pk,0.7407
gg,pl,0.5386
gg,pm,0.6579
gg,pn,0.7776
gg,pr,0.6731
gg,ps,0.7832
gg,pt,0.8003
gg,pw,0.7756
gg,py,0.7076
gg,qa,0.6085
gg,re,0.7112
gg,ro,0.7191
gg,rs,0.5386
gg,ru,0.6042
gg,rw,0.7271
gg,sa,0.869
gg,sb,0.7532
gg,sc,0.6598
gg,sd,0.7921
gg,se,0.7521
gg,sg,0.4866
gg,sh,0.8028
gg,si,0.6868
gg,sj,0.7364
gg,sk,0.5592
gg,sl,0.6965
gg,sm,0.4645
gg,sn,0.6964
gg,so,0.7317
gg,sr,0.5873
gg,ss,0.7546
gg,st,0.7285
gg,sv,0.7521
gg,sx,0.6933
gg,sy,0.8122
gg,sz,0.6571
gg,tc,0.7986
gg,td,0.7313
gg,tf,0.7172
gg,tg,0.7019
gg,th,0.5719
gg,tj,0.7341
gg,tk,0.7925
gg,tl,0.7516
gg,tm,0.8016
gg,tn,0.7883
gg,to,0.748
gg,tr,0.772
gg,tt,0.7277
gg,tv,0.7309
gg,tw,0.7964
gg,tz,0.7946
gg,ua,0.7258
gg,ug,0.7431
gg,um,0.5845
gg,us,0.5845
gg,uy,0.526
gg,uz,0.6549
gg,va,0.5175
gg,vc,0.7161
gg,ve,0.714
gg,vg,0.7824
gg,vi,0.3787
gg,vn,0.8229
gg,vu,0.7606
gg,wf,0.7184
gg,ws,0.7627
gg,xk,0.7579
gg,ye,0.7964
gg,yt,0.3722
gg,za,0.7081
gg,zm,0.8316
gg,zw,0.6885
gh,ad,0.531
gh,ae,0.5299
gh,af,0.502
gh,ag,0.5556
gh,ai,0.5857
gh,al,0.6405
gh,am,0.6186
gh,ao,0.4577
gh,aq,0.7349
gh,ar,0.6614
gh,as,0.6106
gh,at,0.5173
gh,au,0.6132
gh,aw,0.6951
gh,ax,0.5208
gh,az,0.5892
gh,ba,0.5987
gh,bb,0.6257
gh,bd,0.6052
gh,be,0.5778
gh,bf,0.4706
gh,bg,0.7073
gh,bh,0.635
gh,bi,0.5763
gh,bj,0.5444
gh,bl,0.7485
gh,bm,0.4838
gh,bn,0.6327
gh,bo,0.2706
gh,bq,0.6414
gh,br,0.5459
gh,bs,0.5604
gh,bt,0.5316
gh,bv,0.5582
gh,bw,0.6754
gh,by,0.316
gh,bz,0.6088
gh,ca,0.6677
gh,cc,0.6152
gh,cd,0.6597
gh,cf,0.5595
gh,cg,0.5979
gh,ch,0.6506
gh,ci,0.6476
gh,ck,0.5926
gh,cl,0.6805
gh,cm,0.4819
gh,cn,0.6245
gh,co,0.5032
gh,cr,0.62
gh,cu,0.6302
gh,cv,0.6394
gh,cw,0.6608
gh,cx,0.5824
gh,cy,0.798
gh,cz,0.6858
gh,de,0.6027
gh,dj,0.6299
gh,dk,0.5195
gh,dm,0.4531
gh,do,0.5371
gh,dz,0.6429
gh,ec,0.5394
gh,ee,0.7902
gh,eg,0.4326
gh,eh,0.4742
gh,er,0.5276
gh,es,0.4823
gh,et,0.5334
gh,fi,0.7885
gh,fj,0.6103
gh,fk,0.5755
gh,fm,0.7258
gh,fo,0.7445
gh,fr,0.6198
gh,ga,0.4891
gh,gb-eng,0.7437
gh,gb-nir,0.7716
gh,gb-sct,0.727
gh,gb-wls,0.5449
gh,gb,0.5238
gh,gd,0.4942
gh,ge,0.7296
gh,gf,0.5933
gh,gg,0.7349
gh,gh,0.0
gh,gi,0.6868
gh,gl,0.6539
gh,gm,0.446
gh,gn,0.4953
gh,gp,0.5954
gh,gq,0.6176
gh,gr,0.6618
gh,gs,0.5713
gh,gt,0.7051
gh,gu,0.6374
gh,gw,0.4228
gh,gy,0.5069
gh,hk,0.6114
gh,hm,0.6519
gh,hn,0.7143
gh,hr,0.4796
gh,ht,0.5995
gh,hu,0.4814
gh,id,0.6744
gh,ie,0.6411
gh,il,0.6965
gh,im,0.5068
gh,in,0.4215
gh,io,0.5693
gh,iq,0.4345
gh,ir,0.629
gh,is,0.5802
gh,it,0.6382
gh,je,0.7121
gh,jm,0.591
gh,jo,0.4527
gh,jp,0.7964
gh,ke,0.5078
gh,kg,0.6319
gh,kh,0.5387
gh,ki,0.5131
gh,km,0.5194
gh,kn,0.5482
gh,kp,0.548
gh,kr,0.7505
gh,kw,0.5784
gh,ky,0.5814
gh,kz,0.6964
gh,la,0.5699
gh,lb,0.5588
gh,lc,0.7541
gh,li,0.6028
gh,lk,0.487
gh,lr,0.6011
gh,ls,0.5551
gh,lt,0.5905
gh,lu,0.5257
gh,lv,0.562
gh,ly,0.557
gh,ma,0.5828
gh,mc,0.6262
gh,md,0.5175
gh,me,0.5719
gh,mf,0.6198
gh,mg,0.5347
gh,mh,0.6178
gh,mk,0.5283
gh,ml,0.487
gh,mm,0.5709
gh,mn,0.5544
gh,mo,0.6374
gh,mp,0.663
gh,mq,0.5702
gh,mr,0.5656
gh,ms,0.5848
gh,mt,0.638
gh,mu,0.4435
gh,mv,0.4677
gh,mw,0.4409
gh,mx,0.5838
gh,my,0.6193
gh,mz,0.6292
gh,na,0.5167
gh,nc,0.4878
gh,ne,0.4579
gh,nf,0.5861
gh,ng,0.6903
gh,ni,0.6462
gh,nl,0.4876
gh,no,0.5582
gh,np,0.5049
gh,nr,0.6399
gh,nu,0.5658
gh,nz,0.6126
gh,om,0.4932
gh,pa,0.6361
gh,pe,0.598
gh,pf,0.5521
gh,pg,0.47
gh,ph,0.6156
gh,pk,0.6549
gh,pl,0.6773
gh,pm,0.5481
gh,pn,0.5553
gh,pr,0.6736
gh,ps,0.5202
gh,pt,0.5741
gh,pw,0.763
gh,py,0.4824
gh,qa,0.6305
gh,re,0.6981
gh,ro,0.5077
gh,rs,0.6463
gh,ru,0.7397
gh,rw,0.6108
gh,sa,0.623
gh,sb,0.5925
gh,sc,0.4952
gh,sd,0.4396
gh,se,0.5391
gh,sg,0.6649
gh,sh,0.5878
gh,si,0.8195
gh,sj,0.5582
gh,sk,0.7076
gh,sl,0.598
gh,sm,0.6771
gh,sn,0.5604
gh,so,0.7352
gh,sr,0.5707
gh,ss,0.5422
gh,st,0.4731
gh,sv,0.6118
gh,sx,0.5073
gh,sy,0.5209
gh,sz,0.5224
gh,tc,0.5786
gh,td,0.5034
gh,tf,0.6219
gh,tg,0.475
gh,th,0.6426
gh,tj,0.515
gh,tk,0.6189
gh,tl,0.5717
gh,tm,0.591
gh,tn,0.629
gh,to,0.6348
gh,tr,0.6236
gh,tt,0.4871
gh,tv,0.651
gh,tw,0.673
gh,tz,0.5814
gh,ua,0.6666
gh,ug,0.6102
gh,um,0.5941
gh,us,0.5941
gh,uy,0.7147
gh,uz,0.5937
gh,va,0.6954
gh,vc,0.5398
gh,ve,0.5821
gh,vg,0.5696
gh,vi,0.7209
gh,vn,0.6572
gh,vu,0.4172
gh,wf,0.5095
gh,ws,0.5412
gh,xk,0.644
gh,ye,0.4545
gh,yt,0.7494
gh,za,0.5095
gh,zm,0.5879
gh,zw,0.553
gi,ad,0.7058
gi,ae,0.6367
gi,af,0.7521
gi,ag,0.7575
gi,ai,0.7267
gi,al,0.7597
gi,am,0.6939
gi,ao,0.7649
gi,aq,0.7368
gi,ar,0.5869
gi,as,0.7064
gi,at,0.5642
gi,au,0.7614
gi,aw,0.6958
gi,ax,0.7048
gi,az,0.6569
gi,ba,0.762
gi,bb,0.7649
gi,bd,0.7845
gi,be,0.7466
gi,bf,0.7482
gi,bg,0.4866
gi,bh,0.5834
gi,bi,0.6263
gi,bj,0.663
gi,bl,0.4971
gi,bm,0.5904
gi,bn,0.5969
gi,bo,0.6703
gi,bq,0.6435
gi,br,0.7485
gi,bs,0.7826
gi,bt,0.6055
gi,bv,0.6398
gi,bw,0.7138
gi,by,0.7181
gi,bz,0.7262
gi,ca,0.663
gi,cc,0.8473
gi,cd,0.7379
gi,cf,0.5837
gi,cg,0.673
gi,ch,0.7378
gi,ci,0.6944
gi,ck,0.7408
gi,cl,0.5287
gi,cm,0.6578
gi,cn,0.7173
gi,co,0.6348
gi,cr,0.6712
gi,cu,0.6785
gi,cv,0.7613
gi,cw,0.7981
gi,cx,0.7598
gi,cy,0.544
gi,cz,0.46
gi,de,0.7944
gi,dj,0.5898
gi,dk,0.6363
gi,dm,0.7223
gi,do,0.6384
gi,dz,0.6492
gi,ec,0.6106
gi,ee,0.8238
gi,eg,0.5925
gi,eh,0.73
gi,er,0.6883
gi,es,0.6478
gi,et,0.6032
gi,fi,0.6644
gi,fj,0.6778
gi,fk,0.7089
gi,fm,0.7099
gi,fo,0.5882
gi,fr,0.7311
gi,ga,0.7083
gi,gb-eng,0.5749
gi,gb-nir,0.5858
gi,gb-sct,0.6862
gi,gb-wls,0.533
gi,gb,0.6068
gi,gd,0.6594
gi,ge,0.5853
gi,gf,0.7366
gi,gg,0.5727
gi,gh,0.6868
gi,gi,0.0
gi,gl,0.4464
gi,gm,0.6753
gi,gn,0.7022
gi,gp,0.7917
gi,gq,0.575
gi,gr,0.6244
gi,gs,0.7277
gi,gt,0.6649
gi,gu,0.7958
gi,gw,0.6889
gi,gy,0.6737
gi,hk,0.7148
gi,hm,0.7849
gi,hn,0.7132
gi,hr,0.6217
gi,ht,0.6818
gi,hu,0.5644
gi,id,0.7692
gi,ie,0.6574
gi,il,0.5681
gi,im,0.7283
gi,in,0.5633
gi,io,0.6065
gi,iq,0.5973
gi,ir,0.4542
gi,is,0.6998
gi,it,0.6999
gi,je,0.5114
gi,jm,0.7859
gi,jo,0.7413
gi,jp,0.5193
gi,ke,0.7828
gi,kg,0.7665
gi,kh,0.7466
gi,ki,0.6837
gi,km,0.6223
gi,kn,0.7031
gi,kp,0.6839
gi,kr,0.5201
gi,kw,0.6524
gi,ky,0.7327
gi,kz,0.7777
gi,la,0.7365
gi,lb,0.5058
gi,lc,0.6994
gi,li,0.7092
gi,lk,0.6059
gi,lr,0.5838
gi,ls,0.639
gi,lt,0.6333
gi,lu,0.6728
gi,lv,0.6235
gi,ly,0.8397
gi,ma,0.7091
gi,mc,0.7323
gi,md,0.6887
gi,me,0.7212
gi,mf,0.7311
gi,mg,0.5975
gi,mh,0.7276
gi,mk,0.6314
gi,ml,0.6998
gi,mm,0.615
gi,mn,0.6941
gi,mo,0.797
gi,mp,0.7914
gi,mq,0.7089
gi,mr,0.6704
gi,ms,0.7321
gi,mt,0.5961
gi,mu,0.7131
gi,mv,0.7047
gi,mw,0.7927
gi,mx,0.7008
gi,my,0.6431
gi,mz,0.7222
gi,na,0.6999
gi,nc,0.7153
gi,ne,0.6011
gi,nf,0.7351
gi,ng,0.7686
gi,ni,0.6799
gi,nl,0.6102
gi,no,0.6398
gi,np,0.63
gi,nr,0.8198
gi,nu,0.6809
gi,nz,0.7666
gi,om,0.6066
gi,pa,0.5993
gi,pe,0.708
gi,pf,0.5003
gi,pg,0.7506
gi,ph,0.6092
gi,pk,0.734
gi,pl,0.4225
gi,pm,0.6224
gi,pn,0.7196
gi,pr,0.6705
gi,ps,0.7426
gi,pt,0.759
gi,pw,0.8144
gi,py,0.6223
gi,qa,0.5987
gi,re,0.6211
gi,ro,0.7164
gi,rs,0.7155
gi,ru,0.5046
gi,rw,0.6671
gi,sa,0.83
gi,sb,0.7082
gi,sc,0.6396
gi,sd,0.6554
gi,se,0.7435
gi,sg,0.6796
gi,sh,0.7431
gi,si,0.541
gi,sj,0.6398
gi,sk,0.4681
gi,sl,0.6608
gi,sm,0.5173
gi,sn,0.7081
gi,so,0.7575
gi,sr,0.6722
gi,ss,0.765
gi,st,0.7226
gi,sv,0.6711
gi,sx,0.6733
gi,sy,0.629
gi,sz,0.6754
gi,tc,0.7423
gi,td,0.7238
gi,tf,0.6959
gi,tg,0.7008
gi,th,0.6488
gi,tj,0.5957
gi,tk,0.7856
gi,tl,0.7075
gi,tm,0.7744
gi,tn,0.7522
gi,to,0.5783
gi,tr,0.7247
gi,tt,0.6854
gi,tv,0.7534
gi,tw,0.7288
gi,tz,0.7661
gi,ua,0.723
gi,ug,0.7405
gi,um,0.5999
gi,us,0.5999
gi,uy,0.599
gi,uz,0.5404
gi,va,0.6174
gi,vc,0.7101
gi,ve,0.6386
gi,vg,0.7285
gi,vi,0.5268
gi,vn,0.7863
gi,vu,0.7606
gi,wf,0.6528
gi,ws,0.7049
gi,xk,0.7497
gi,ye,0.6024
gi,yt,0.5036
gi,za,0.701
gi,zm,0.7906
gi,zw,0.6675
gl,ad,0.6297
gl,ae,0.6272
gl,af,0.7225
gl,ag,0.6587
gl,ai,0.7283
gl,al,0.7626
gl,am,0.7179
gl,ao,0.6912
gl,aq,0.7005
gl,ar,0.5984
gl,as,0.6907
gl,at,0.5221
gl,au,0.7461
gl,aw,0.689
gl,ax,0.696
gl,az,0.6287
gl,ba,0.7379
gl,bb,0.7402
gl,bd,0.7673
gl,be,0.6995
gl,bf,0.7269
gl,bg,0.5086
gl,bh,0.6122
gl,bi,0.5557
gl,bj,0.6439
gl,bl,0.5402
gl,bm,0.5131
gl,bn,0.6353
gl,bo,0.6838
gl,bq,0.6319
gl,br,0.7431
gl,bs,0.7458
gl,bt,0.5716
gl,bv,0.6423
gl,bw,0.6803
gl,by,0.6256
gl,bz,0.7021
gl,ca,0.6385
gl,cc,0.8402
gl,cd,0.7271
gl,cf,0.5957
gl,cg,0.6295
gl,ch,0.7008
gl,ci,0.6233
gl,ck,0.7263
gl,cl,0.5092
gl,cm,0.6309
gl,cn,0.7086
gl,co,0.6045
gl,cr,0.6278
gl,cu,0.6597
gl,cv,0.74
gl,cw,0.7872
gl,cx,0.7473
gl,cy,0.5559
gl,cz,0.4898
gl,de,0.797
gl,dj,0.588
gl,dk,0.5347
gl,dm,0.7285
gl,do,0.5972
gl,dz,0.6446
gl,ec,0.6121
gl,ee,0.7655
gl,eg,0.6124
gl,eh,0.7399
gl,er,0.667
gl,es,0.6567
gl,et,0.6493
gl,fi,0.6262
gl,fj,0.6323
gl,fk,0.7092
gl,fm,0.6938
gl,fo,0.5521
gl,fr,0.5992
gl,ga,0.6883
gl,gb-eng,0.5194
gl,gb-nir,0.5618
gl,gb-sct,0.648
gl,gb-wls,0.5181
gl,gb,0.5583
gl,gd,0.601
gl,ge,0.572
gl,gf,0.7344
gl,gg,0.544
gl,gh,0.6539
gl,gi,0.4464
gl,gl,0.0
gl,gm,0.6337
gl,gn,0.6293
gl,gp,0.7439
gl,gq,0.6176
gl,gr,0.6157
gl,gs,0.7203
gl,gt,0.6226
gl,gu,0.7682
gl,gw,0.6267
gl,gy,0.6479
gl,hk,0.6778
gl,hm,0.767
gl,hn,0.7111
gl,hr,0.6576
gl,ht,0.6201
gl,hu,0.594
gl,id,0.741
gl,ie,0.5886
gl,il,0.598
gl,im,0.5837
gl,in,0.61
gl,io,0.5768
gl,iq,0.6169
gl,ir,0.5659
gl,is,0.6734
gl,it,0.6196
gl,je,0.5155
gl,jm,0.74
gl,jo,0.7101
gl,jp,0.5705
gl,ke,0.7653
gl,kg,0.7454
gl,kh,0.675
gl,ki,0.6849
gl,km,0.6039
gl,kn,0.6778
gl,kp,0.6536
gl,kr,0.5549
gl,kw,0.6238
gl,ky,0.7296
gl,kz,0.7617
gl,la,0.6392
gl,lb,0.517
gl,lc,0.7104
gl,li,0.6469
gl,lk,0.6043
gl,lr,0.5482
gl,ls,0.6933
gl,lt,0.6324
gl,lu,0.6702
gl,lv,0.6463
gl,ly,0.811
gl,ma,0.6985
gl,mc,0.6465
gl,md,0.6279
gl,me,0.6987
gl,mf,0.5992
gl,mg,0.621
gl,mh,0.7083
gl,mk,0.6229
gl,ml,0.6282
gl,mm,0.5838
gl,mn,0.6673
gl,mo,0.7581
gl,mp,0.7536
gl,mq,0.6996
gl,mr,0.7074
gl,ms,0.7246
gl,mt,0.5138
gl,mu,0.6953
gl,mv,0.6142
gl,mw,0.7286
gl,mx,0.5865
gl,my,0.6425
gl,mz,0.692
gl,na,0.6616
gl,nc,0.6954
gl,ne,0.6531
gl,nf,0.6981
gl,ng,0.6981
gl,ni,0.6949
gl,nl,0.6329
gl,no,0.6423
gl,np,0.5895
gl,nr,0.8036
gl,nu,0.674
gl,nz,0.7539
gl,om,0.4925
gl,pa,0.6599
gl,pe,0.5281
gl,pf,0.5047
gl,pg,0.7009
gl,ph,0.5887
gl,pk,0.732
gl,pl,0.3356
gl,pm,0.6343
gl,pn,0.7151
gl,pr,0.6585
gl,ps,0.738
gl,pt,0.7421
gl,pw,0.7997
gl,py,0.6461
gl,qa,0.6296
gl,re,0.6536
gl,ro,0.6369
gl,rs,0.6768
gl,ru,0.5138
gl,rw,0.6674
gl,sa,0.8201
gl,sb,0.7004
gl,sc,0.6578
gl,sd,0.6342
gl,se,0.7289
gl,sg,0.6571
gl,sh,0.7377
gl,si,0.562
gl,sj,0.6423
gl,sk,0.469
gl,sl,0.6706
gl,sm,0.5212
gl,sn,0.6672
gl,so,0.7317
gl,sr,0.6175
gl,ss,0.7608
gl,st,0.7123
gl,sv,0.6996
gl,sx,0.6842
gl,sy,0.6763
gl,sz,0.6376
gl,tc,0.7355
gl,td,0.6477
gl,tf,0.7051
gl,tg,0.6639
gl,th,0.6085
gl,tj,0.6663
gl,tk,0.759
gl,tl,0.6967
gl,tm,0.7645
gl,tn,0.7154
gl,to,0.6867
gl,tr,0.7179
gl,tt,0.595
gl,tv,0.7214
gl,tw,0.7416
gl,tz,0.7908
gl,ua,0.7231
gl,ug,0.7185
gl,um,0.5673
gl,us,0.5673
gl,uy,0.5835
gl,uz,0.5734
gl,va,0.5997
gl,vc,0.6919
gl,ve,0.5956
gl,vg,0.7233
gl,vi,0.537
gl,vn,0.7665
gl,vu,0.6999
gl,wf,0.5539
gl,ws,0.6114
gl,xk,0.7278
gl,ye,0.6124
gl,yt,0.5428
gl,za,0.6775
gl,zm,0.7822
gl,zw,0.6842
gm,ad,0.4905
gm,ae,0.5406
gm,af,0.5057
gm,ag,0.4979
gm,ai,0.545
gm,al,0.646
gm,am,0.4598
gm,ao,0.458
gm,aq,0.6926
gm,ar,0.6662
gm,as,0.6054
gm,at,0.4993
gm,au,0.5507
gm,aw,0.6148
gm,ax,0.6045
gm,az,0.6147
gm,ba,0.5734
gm,bb,0.5702
gm,bd,0.5832
gm,be,0.5761
gm,bf,0.4863
gm,bg,0.6224
gm,bh,0.636
gm,bi,0.5409
gm,bj,0.5735
gm,bl,0.7232
gm,bm,0.4557
gm,bn,0.6087
gm,bo,0.4654
gm,bq,0.6054
gm,br,0.576
gm,bs,0.6013
gm,bt,0.6051
gm,bv,0.4941
gm,bw,0.6001
gm,by,0.4143
gm,bz,0.4896
gm,ca,0.675
gm,cc,0.626
gm,cd,0.6079
gm,cf,0.5484
gm,cg,0.5881
gm,ch,0.6612
gm,ci,0.6299
gm,ck,0.5293
gm,cl,0.6502
gm,cm,0.5227
gm,cn,0.6358
gm,co,0.5446
gm,cr,0.6204
gm,cu,0.5627
gm,cv,0.6204
gm,cw,0.5747
gm,cx,0.5625
gm,cy,0.7836
gm,cz,0.6351
gm,de,0.6314
gm,dj,0.6061
gm,dk,0.5391
gm,dm,0.5477
gm,do,0.5666
gm,dz,0.6516
gm,ec,0.5681
gm,ee,0.7207
gm,eg,0.465
gm,eh,0.5251
gm,er,0.5497
gm,es,0.557
gm,et,0.596
gm,fi,0.6757
gm,fj,0.5643
gm,fk,0.5235
gm,fm,0.6797
gm,fo,0.6735
gm,fr,0.5713
gm,ga,0.6322
gm,gb-eng,0.6906
gm,gb-nir,0.7216
gm,gb-sct,0.6439
gm,gb-wls,0.5442
gm,gb,0.4845
gm,gd,0.4551
gm,ge,0.7007
gm,gf,0.638
gm,gg,0.713
gm,gh,0.446
gm,gi,0.6753
gm,gl,0.6337
gm,gm,0.0
gm,gn,0.5237
gm,gp,0.5775
gm,gq,0.5718
gm,gr,0.6008
gm,gs,0.5138
gm,gt,0.6461
gm,gu,0.5595
gm,gw,0.4851
gm,gy,0.5492
gm,hk,0.6112
gm,hm,0.5306
gm,hn,0.7274
gm,hr,0.4938
gm,ht,0.536
gm,hu,0.4875
gm,id,0.6705
gm,ie,0.6185
gm,il,0.6789
gm,im,0.4979
gm,in,0.483
gm,io,0.51
gm,iq,0.4502
gm,ir,0.6086
gm,is,0.5958
gm,it,0.6033
gm,je,0.6977
gm,jm,0.5594
gm,jo,0.5014
gm,jp,0.7765
gm,ke,0.5113
gm,kg,0.6609
gm,kh,0.5607
gm,ki,0.5406
gm,km,0.5389
gm,kn,0.535
gm,kp,0.5792
gm,kr,0.7286
gm,kw,0.5724
gm,ky,0.5284
gm,kz,0.6498
gm,la,0.4585
gm,lb,0.5312
gm,lc,0.7067
gm,li,0.5403
gm,lk,0.5031
gm,lr,0.5658
gm,ls,0.5535
gm,lt,0.5118
gm,lu,0.5509
gm,lv,0.5967
gm,ly,0.5097
gm,ma,0.5786
gm,mc,0.6047
gm,md,0.5029
gm,me,0.5989
gm,mf,0.5713
gm,mg,0.5666
gm,mh,0.5785
gm,mk,0.5739
gm,ml,0.5276
gm,mm,0.5622
gm,mn,0.5401
gm,mo,0.5943
gm,mp,0.5863
gm,mq,0.5668
gm,mr,0.5247
gm,ms,0.5274
gm,mt,0.619
gm,mu,0.4806
gm,mv,0.4518
gm,mw,0.4716
gm,mx,0.5489
gm,my,0.567
gm,mz,0.5644
gm,na,0.4716
gm,nc,0.5599
gm,ne,0.4873
gm,nf,0.6073
gm,ng,0.6418
gm,ni,0.6677
gm,nl,0.5065
gm,no,0.4941
gm,np,0.4638
gm,nr,0.6274
gm,nu,0.6619
gm,nz,0.5508
gm,om,0.5451
gm,pa,0.6152
gm,pe,0.5774
gm,pf,0.5334
gm,pg,0.4764
gm,ph,0.5808
gm,pk,0.6168
gm,pl,0.6585
gm,pm,0.5412
gm,pn,0.5072
gm,pr,0.5872
gm,ps,0.5373
gm,pt,0.5889
gm,pw,0.7372
gm,py,0.5137
gm,qa,0.6093
gm,re,0.6202
gm,ro,0.5197
gm,rs,0.5544
gm,ru,0.6124
gm,rw,0.5957
gm,sa,0.5864
gm,sb,0.5397
gm,sc,0.519
gm,sd,0.4535
gm,se,0.6407
gm,sg,0.6478
gm,sh,0.5367
gm,si,0.6576
gm,sj,0.4941
gm,sk,0.6154
gm,sl,0.6204
gm,sm,0.6497
gm,sn,0.5572
gm,so,0.6702
gm,sr,0.5348
gm,ss,0.5274
gm,st,0.5868
gm,sv,0.6367
gm,sx,0.5053
gm,sy,0.5736
gm,sz,0.5265
gm,tc,0.5439
gm,td,0.519
gm,tf,0.5637
gm,tg,0.482
gm,th,0.5577
gm,tj,0.5209
gm,tk,0.5893
gm,tl,0.5742
gm,tm,0.5609
gm,tn,0.6281
gm,to,0.6393
gm,tr,0.6289
gm,tt,0.4859
gm,tv,0.5846
gm,tw,0.6444
gm,tz,0.5666
gm,ua,0.665
gm,ug,0.5902
gm,um,0.572
gm,us,0.572
gm,uy,0.6736
gm,uz,0.6027
gm,va,0.7148
gm,vc,0.5422
gm,ve,0.4865
gm,vg,0.5164
gm,vi,0.6918
gm,vn,0.6848
gm,vu,0.4119
gm,wf,0.5032
gm,ws,0.5084
gm,xk,0.5891
gm,ye,0.4782
gm,yt,0.7193
gm,za,0.4364
gm,zm,0.5919
gm,zw,0.5513
gn,ad,0.5032
gn,ae,0.5531
gn,af,0.4598
gn,ag,0.5211
gn,ai,0.6386
gn,al,0.6808
gn,am,0.5771
gn,ao,0.5536
gn,aq,0.7029
gn,ar,0.6908
gn,as,0.6659
gn,at,0.5843
gn,au,0.6343
gn,aw,0.6625
gn,ax,0.5555
gn,az,0.5823
gn,ba,0.586
gn,bb,0.5186
gn,bd,0.5911
gn,be,0.5564
gn,bf,0.5801
gn,bg,0.603
gn,bh,0.6973
gn,bi,0.5553
gn,bj,0.5979
gn,bl,0.7422
gn,bm,0.4999
gn,bn,0.604
gn,bo,0.5529
gn,bq,0.6354
gn,br,0.5775
gn,bs,0.5992
gn,bt,0.5223
gn,bv,0.5933
gn,bw,0.6603
gn,by,0.5058
gn,bz,0.5763
gn,ca,0.6487
gn,cc,0.6397
gn,cd,0.6646
gn,cf,0.5491
gn,cg,0.6076
gn,ch,0.6603
gn,ci,0.4462
gn,ck,0.6141
gn,cl,0.6273
gn,cm,0.5705
gn,cn,0.6439
gn,co,0.4974
gn,cr,0.6383
gn,cu,0.6149
gn,cv,0.6591
gn,cw,0.6681
gn,cx,0.5828
gn,cy,0.7796
gn,cz,0.6583
gn,de,0.5685
gn,dj,0.6313
gn,dk,0.5406
gn,dm,0.562
gn,do,0.5637
gn,dz,0.7011
gn,ec,0.5173
gn,ee,0.6967
gn,eg,0.6107
gn,eh,0.5881
gn,er,0.4916
gn,es,0.5482
gn,et,0.563
gn,fi,0.7377
gn,fj,0.6147
gn,fk,0.6181
gn,fm,0.7101
gn,fo,0.7015
gn,fr,0.6008
gn,ga,0.5143
gn,gb-eng,0.7158
gn,gb-nir,0.7345
gn,gb-sct,0.7058
gn,gb-wls,0.5943
gn,gb,0.5563
gn,gd,0.416
gn,ge,0.7093
gn,gf,0.4954
gn,gg,0.6991
gn,gh,0.4953
gn,gi,0.7022
gn,gl,0.6293
gn,gm,0.5237
gn,gn,0.0
gn,gp,0.5467
gn,gq,0.6005
gn,gr,0.6723
gn,gs,0.608
gn,gt,0.6186
gn,gu,0.6389
gn,gw,0.4018
gn,gy,0.4565
gn,hk,0.6201
gn,hm,0.6732
gn,hn,0.7587
gn,hr,0.6455
gn,ht,0.5408
gn,hu,0.6007
gn,id,0.7062
gn,ie,0.6234
gn,il,0.7309
gn,im,0.5249
gn,in,0.6167
gn,io,0.5646
gn,iq,0.6119
gn,ir,0.6152
gn,is,0.6061
gn,it,0.6417
gn,je,0.7026
gn,jm,0.5722
gn,jo,0.552
gn,jp,0.792
gn,ke,0.5807
gn,kg,0.6464
gn,kh,0.5948
gn,ki,0.5593
gn,km,0.5943
gn,kn,0.586
gn,kp,0.5938
gn,kr,0.7464
gn,kw,0.5723
gn,ky,0.62
gn,kz,0.6787
gn,la,0.5226
gn,lb,0.6177
gn,lc,0.719
gn,li,0.5548
gn,lk,0.5128
gn,lr,0.5908
gn,ls,0.6708
gn,lt,0.5426
gn,lu,0.6718
gn,lv,0.6118
gn,ly,0.6077
gn,ma,0.6077
gn,mc,0.6411
gn,md,0.5254
gn,me,0.5822
gn,mf,0.6008
gn,mg,0.6617
gn,mh,0.667
gn,mk,0.5469
gn,ml,0.5066
gn,mm,0.498
gn,mn,0.6434
gn,mo,0.625
gn,mp,0.634
gn,mq,0.5299
gn,mr,0.5618
gn,ms,0.6152
gn,mt,0.6751
gn,mu,0.5299
gn,mv,0.5173
gn,mw,0.5122
gn,mx,0.5939
gn,my,0.6179
gn,mz,0.5208
gn,na,0.5274
gn,nc,0.5606
gn,ne,0.6066
gn,nf,0.5771
gn,ng,0.593
gn,ni,0.7233
gn,nl,0.6252
gn,no,0.5933
gn,np,0.4693
gn,nr,0.6815
gn,nu,0.5455
gn,nz,0.6364
gn,om,0.5029
gn,pa,0.6955
gn,pe,0.5394
gn,pf,0.6074
gn,pg,0.5989
gn,ph,0.612
gn,pk,0.6703
gn,pl,0.6434
gn,pm,0.5341
gn,pn,0.5972
gn,pr,0.6964
gn,ps,0.5956
gn,pt,0.6738
gn,pw,0.723
gn,py,0.6437
gn,qa,0.6936
gn,re,0.6455
gn,ro,0.4874
gn,rs,0.5923
gn,ru,0.6496
gn,rw,0.6096
gn,sa,0.6397
gn,sb,0.6081
gn,sc,0.555
gn,sd,0.6031
gn,se,0.5682
gn,sg,0.6823
gn,sh,0.6307
gn,si,0.7133
gn,sj,0.5933
gn,sk,0.6199
gn,sl,0.6649
gn,sm,0.6913
gn,sn,0.5849
gn,so,0.716
gn,sr,0.547
gn,ss,0.6467
gn,st,0.5254
gn,sv,0.7072
gn,sx,0.6217
gn,sy,0.6404
gn,sz,0.5364
gn,tc,0.6298
gn,td,0.4756
gn,tf,0.6409
gn,tg,0.4771
gn,th,0.5942
gn,tj,0.6505
gn,tk,0.5771
gn,tl,0.6051
gn,tm,0.5791
gn,tn,0.6406
gn,to,0.6721
gn,tr,0.653
gn,tt,0.5279
gn,tv,0.6501
gn,tw,0.7019
gn,tz,0.5965
gn,ua,0.5935
gn,ug,0.5413
gn,um,0.5823
gn,us,0.5823
gn,uy,0.6796
gn,uz,0.6473
gn,va,0.6436
gn,vc,0.4772
gn,ve,0.4956
gn,vg,0.6088
gn,vi,0.6955
gn,vn,0.6709
gn,vu,0.5191
gn,wf,0.5432
gn,ws,0.5712
gn,xk,0.6295
gn,ye,0.6224
gn,yt,0.7374
gn,za,0.5849
gn,zm,0.6381
gn,zw,0.5724
gp,ad,0.5482
gp,ae,0.5927
gp,af,0.3867
gp,ag,0.5414
gp,ai,0.5898
gp,al,0.698
gp,am,0.6099
gp,ao,0.4567
gp,aq,0.7287
gp,ar,0.7896
gp,as,0.6413
gp,at,0.7492
gp,au,0.5772
gp,aw,0.672
gp,ax,0.5689
gp,az,0.5532
gp,ba,0.543
gp,bb,0.5112
gp,bd,0.5294
gp,be,0.5106
gp,bf,0.6023
gp,bg,0.6635
gp,bh,0.7565
gp,bi,0.6561
gp,bj,0.5864
gp,bl,0.888
gp,bm,0.6047
gp,bn,0.7241
gp,bo,0.6084
gp,bq,0.6858
gp,br,0.5501
gp,bs,0.4997
gp,bt,0.7046
gp,bv,0.6127
gp,bw,0.6663
gp,by,0.5868
gp,bz,0.5336
gp,ca,0.7576
gp,cc,0.5734
gp,cd,0.6584
gp,cf,0.6321
gp,cg,0.5824
gp,ch,0.7425
gp,ci,0.6816
gp,ck,0.5533
gp,cl,0.6854
gp,cm,0.5972
gp,cn,0.7046
gp,co,0.6478
gp,cr,0.6523
gp,cu,0.6286
gp,cv,0.5464
gp,cw,0.5573
gp,cx,0.5141
gp,cy,0.9368
gp,cz,0.6819
gp,de,0.556
gp,dj,0.6971
gp,dk,0.6936
gp,dm,0.5179
gp,do,0.6355
gp,dz,0.7383
gp,ec,0.6598
gp,ee,0.6372
gp,eg,0.6511
gp,eh,0.5816
gp,er,0.5985
gp,es,0.6255
gp,et,0.5869
gp,fi,0.7921
gp,fj,0.6859
gp,fk,0.5677
gp,fm,0.7661
gp,fo,0.8089
gp,fr,0.6146
gp,ga,0.6011
gp,gb-eng,0.8653
gp,gb-nir,0.8657
gp,gb-sct,0.7163
gp,gb-wls,0.6351
gp,gb,0.6211
gp,gd,0.534
gp,ge,0.8443
gp,gf,0.6137
gp,gg,0.8335
gp,gh,0.5954
gp,gi,0.7917
gp,gl,0.7439
gp,gm,0.5775
gp,gn,0.5467
gp,gp,0.0
gp,gq,0.66
gp,gr,0.7091
gp,gs,0.5393
gp,gt,0.708
gp,gu,0.5362
gp,gw,0.6139
gp,gy,0.5484
gp,hk,0.695
gp,hm,0.6152
gp,hn,0.7993
gp,hr,0.7296
gp,ht,0.5197
gp,hu,0.7044
gp,id,0.8542
gp,ie,0.6878
gp,il,0.8368
gp,im,0.6565
gp,in,0.7209
gp,io,0.6291
gp,iq,0.6485
gp,ir,0.7019
gp,is,0.6088
gp,it,0.635
gp,je,0.872
gp,jm,0.4549
gp,jo,0.579
gp,jp,0.9347
gp,ke,0.4723
gp,kg,0.7122
gp,kh,0.5419
gp,ki,0.642
gp,km,0.6498
gp,kn,0.4855
gp,kp,0.598
gp,kr,0.8904
gp,kw,0.5891
gp,ky,0.5594
gp,kz,0.6581
gp,la,0.5461
gp,lb,0.7792
gp,lc,0.7773
gp,li,0.5259
gp,lk,0.5874
gp,lr,0.6784
gp,ls,0.6963
gp,lt,0.591
gp,lu,0.7829
gp,lv,0.6644
gp,ly,0.4486
gp,ma,0.6367
gp,mc,0.8175
gp,md,0.542
gp,me,0.6563
gp,mf,0.6146
gp,mg,0.7402
gp,mh,0.5509
gp,mk,0.6374
gp,ml,0.5556
gp,mm,0.6351
gp,mn,0.627
gp,mo,0.5559
gp,mp,0.5512
gp,mq,0.5208
gp,mr,0.553
gp,ms,0.5546
gp,mt,0.787
gp,mu,0.5382
gp,mv,0.5824
gp,mw,0.4797
gp,mx,0.5996
gp,my,0.6588
gp,mz,0.5386
gp,na,0.4977
gp,nc,0.5176
gp,ne,0.7175
gp,nf,0.6147
gp,ng,0.6288
gp,ni,0.7408
gp,nl,0.7072
gp,no,0.6127
gp,np,0.5406
gp,nr,0.5722
gp,nu,0.7244
gp,nz,0.5671
gp,om,0.6425
gp,pa,0.7477
gp,pe,0.7037
gp,pf,0.7724
gp,pg,0.4927
gp,ph,0.6267
gp,pk,0.6526
gp,pl,0.7837
gp,pm,0.5828
gp,pn,0.5374
gp,pr,0.7157
gp,ps,0.6079
gp,pt,0.5915
gp,pw,0.7208
gp,py,0.7304
gp,qa,0.7217
gp,re,0.6341
gp,ro,0.5279
gp,rs,0.7006
gp,ru,0.6712
gp,rw,0.5628
gp,sa,0.5405
gp,sb,0.5069
gp,sc,0.6148
gp,sd,0.5832
gp,se,0.5712
gp,sg,0.83
gp,sh,0.5696
gp,si,0.7334
gp,sj,0.6127
gp,sk,0.6768
gp,sl,0.7296
gp,sm,0.7987
gp,sn,0.5724
gp,so,0.7167
gp,sr,0.5679
gp,ss,0.5409
gp,st,0.5818
gp,sv,0.715
gp,sx,0.6271
gp,sy,0.5913
gp,sz,0.5422
gp,tc,0.5731
gp,td,0.5174
gp,tf,0.6214
gp,tg,0.5788
gp,th,0.6212
gp,tj,0.738
gp,tk,0.4886
gp,tl,0.5921
gp,tm,0.5477
gp,tn,0.6938
gp,to,0.6859
gp,tr,0.6961
gp,tt,0.6045
gp,tv,0.67
gp,tw,0.6553
gp,tz,0.5422
gp,ua,0.6201
gp,ug,0.5411
gp,um,0.6372
gp,us,0.6372
gp,uy,0.7806
gp,uz,0.6818
gp,va,0.8321
gp,vc,0.5534
gp,ve,0.6072
gp,vg,0.5477
gp,vi,0.8431
gp,vn,0.7311
gp,vu,0.4826
gp,wf,0.6401
gp,ws,0.5809
gp,xk,0.5621
gp,ye,0.663
gp,yt,0.8856
gp,za,0.5555
gp,zm,0.5359
gp,zw,0.5907
gq,ad,0.5667
gq,ae,0.4597
gq,af,0.5621
gq,ag,0.5664
gq,ai,0.6471
gq,al,0.7248
gq,am,0.6087
gq,ao,0.699
gq,aq,0.6366
gq,ar,0.5884
gq,as,0.5498
gq,at,0.4816
gq,au,0.6794
gq,aw,0.6324
gq,ax,0.6249
gq,az,0.6001
gq,ba,0.6402
gq,bb,0.6329
gq,bd,0.6375
gq,be,0.5875
gq,bf,0.6818
gq,bg,0.6284
gq,bh,0.6372
gq,bi,0.5554
gq,bj,0.5432
gq,bl,0.6646
gq,bm,0.5605
gq,bn,0.587
gq,bo,0.5862
gq,bq,0.6929
gq,br,0.5974
gq,bs,0.6243
gq,bt,0.5622
gq,bv,0.5561
gq,bw,0.684
gq,by,0.67
gq,bz,0.584
gq,ca,0.7035
gq,cc,0.6975
gq,cd,0.6767
gq,cf,0.5249
gq,cg,0.514
gq,ch,0.646
gq,ci,0.6372
gq,ck,0.6582
gq,cl,0.5755
gq,cm,0.5481
gq,cn,0.683
gq,co,0.5908
gq,cr,0.6721
gq,cu,0.655
gq,cv,0.6326
gq,cw,0.6744
gq,cx,0.5911
gq,cy,0.7134
gq,cz,0.5787
gq,de,0.6477
gq,dj,0.6299
gq,dk,0.5775
gq,dm,0.5832
gq,do,0.5393
gq,dz,0.6124
gq,ec,0.5612
gq,ee,0.7543
gq,eg,0.5225
gq,eh,0.5187
gq,er,0.6093
gq,es,0.5715
gq,et,0.4895
gq,fi,0.7421
gq,fj,0.6116
gq,fk,0.632
gq,fm,0.6725
gq,fo,0.6903
gq,fr,0.5956
gq,ga,0.5731
gq,gb-eng,0.7211
gq,gb-nir,0.7263
gq,gb-sct,0.6328
gq,gb-wls,0.6375
gq,gb,0.5678
gq,gd,0.5616
gq,ge,0.7116
gq,gf,0.6321
gq,gg,0.7082
gq,gh,0.6176
gq,gi,0.575
gq,gl,0.6176
gq,gm,0.5718
gq,gn,0.6005
gq,gp,0.66
gq,gq,0.0
gq,gr,0.5933
gq,gs,0.6416
gq,gt,0.6232
gq,gu,0.6531
gq,gw,0.6271
gq,gy,0.5776
gq,hk,0.6382
gq,hm,0.7109
gq,hn,0.6518
gq,hr,0.5503
gq,ht,0.5441
gq,hu,0.4805
gq,id,0.7083
gq,ie,0.5609
gq,il,0.615
gq,im,0.6556
gq,in,0.5265
gq,io,0.5588
gq,iq,0.5276
gq,ir,0.3611
gq,is,0.5993
gq,it,0.5768
gq,je,0.641
gq,jm,0.6387
gq,jo,0.5393
gq,jp,0.732
gq,ke,0.6329
gq,kg,0.7043
gq,kh,0.6336
gq,ki,0.6063
gq,km,0.5596
gq,kn,0.5594
gq,kp,0.6247
gq,kr,0.6786
gq,kw,0.3667
gq,ky,0.6469
gq,kz,0.6803
gq,la,0.577
gq,lb,0.5143
gq,lc,0.6875
gq,li,0.5885
gq,lk,0.517
gq,lr,0.5496
gq,ls,0.542
gq,lt,0.582
gq,lu,0.6038
gq,lv,0.528
gq,ly,0.7339
gq,ma,0.6456
gq,mc,0.6652
gq,md,0.5628
gq,me,0.6505
gq,mf,0.5956
gq,mg,0.669
gq,mh,0.6129
gq,mk,0.5798
gq,ml,0.5616
gq,mm,0.5196
gq,mn,0.6245
gq,mo,0.629
gq,mp,0.6509
gq,mq,0.6198
gq,mr,0.5709
gq,ms,0.6485
gq,mt,0.6433
gq,mu,0.6316
gq,mv,0.6222
gq,mw,0.6191
gq,mx,0.586
gq,my,0.5751
gq,mz,0.6373
gq,na,0.5811
gq,nc,0.6134
gq,ne,0.5443
gq,nf,0.623
gq,ng,0.6359
gq,ni,0.5719
gq,nl,0.4976
gq,no,0.5561
gq,np,0.5295
gq,nr,0.6856
gq,nu,0.6333
gq,nz,0.6834
gq,om,0.6955
gq,pa,0.6306
gq,pe,0.6452
gq,pf,0.5093
gq,pg,0.6558
gq,ph,0.574
gq,pk,0.6826
gq,pl,0.6215
gq,pm,0.5798
gq,pn,0.6301
gq,pr,0.5964
gq,ps,0.5264
gq,pt,0.6113
gq,pw,0.7347
gq,py,0.5375
gq,qa,0.6418
gq,re,0.5669
gq,ro,0.5652
gq,rs,0.6192
gq,ru,0.6421
gq,rw,0.5922
gq,sa,0.6676
gq,sb,0.596
gq,sc,0.5386
gq,sd,0.5021
gq,se,0.6305
gq,sg,0.6539
gq,sh,0.6586
gq,si,0.6613
gq,sj,0.5561
gq,sk,0.612
gq,sl,0.4958
gq,sm,0.6605
gq,sn,0.561
gq,so,0.6802
gq,sr,0.6195
gq,ss,0.583
gq,st,0.6018
gq,sv,0.5707
gq,sx,0.6308
gq,sy,0.4702
gq,sz,0.5951
gq,tc,0.6578
gq,td,0.5709
gq,tf,0.6384
gq,tg,0.6178
gq,th,0.6399
gq,tj,0.5416
gq,tk,0.6209
gq,tl,0.6034
gq,tm,0.6372
gq,tn,0.6662
gq,to,0.674
gq,tr,0.6794
gq,tt,0.6283
gq,tv,0.6739
gq,tw,0.6693
gq,tz,0.6412
gq,ua,0.6208
gq,ug,0.6176
gq,um,0.5248
gq,us,0.5248
gq,uy,0.6572
gq,uz,0.517
gq,va,0.6697
gq,vc,0.5645
gq,ve,0.5788
gq,vg,0.6394
gq,vi,0.6453
gq,vn,0.7278
gq,vu,0.6729
gq,wf,0.6082
gq,ws,0.609
gq,xk,0.642
gq,ye,0.5248
gq,yt,0.6744
gq,za,0.5996
gq,zm,0.6279
gq,zw,0.6245
gr,ad,0.6811
gr,ae,0.6125
gr,af,0.6739
gr,ag,0.6913
gr,ai,0.6515
gr,al,0.8621
gr,am,0.7099
gr,ao,0.7726
gr,aq,0.5223
gr,ar,0.4604
gr,as,0.5992
gr,at,0.6388
gr,au,0.6629
gr,aw,0.5316
gr,ax,0.6063
gr,az,0.5821
gr,ba,0.6546
gr,bb,0.671
gr,bd,0.6819
gr,be,0.7255
gr,bf,0.6861
gr,bg,0.6172
gr,bh,0.6749
gr,bi,0.5832
gr,bj,0.6715
gr,bl,0.5342
gr,bm,0.6646
gr,bn,0.6687
gr,bo,0.6517
gr,bq,0.5859
gr,br,0.6441
gr,bs,0.6293
gr,bt,0.6831
gr,bv,0.6149
gr,bw,0.524
gr,by,0.6955
gr,bz,0.6555
gr,ca,0.7292
gr,cc,0.7633
gr,cd,0.5913
gr,cf,0.5967
gr,cg,0.6554
gr,ch,0.8018
gr,ci,0.604
gr,ck,0.6383
gr,cl,0.6198
gr,cm,0.6708
gr,cn,0.802
gr,co,0.7048
gr,cr,0.5775
gr,cu,0.5833
gr,cv,0.6268
gr,cw,0.6803
gr,cx,0.6391
gr,cy,0.568
gr,cz,0.6117
gr,de,0.7845
gr,dj,0.523
gr,dk,0.7027
gr,dm,0.6217
gr,do,0.6122
gr,dz,0.5799
gr,ec,0.6707
gr,ee,0.6511
gr,eg,0.6396
gr,eh,0.6208
gr,er,0.6238
gr,es,0.7206
gr,et,0.6409
gr,fi,0.5774
gr,fj,0.5059
gr,fk,0.6345
gr,fm,0.5494
gr,fo,0.5408
gr,fr,0.6235
gr,ga,0.5745
gr,gb-eng,0.5764
gr,gb-nir,0.5793
gr,gb-sct,0.4347
gr,gb-wls,0.5775
gr,gb,0.5421
gr,gd,0.6487
gr,ge,0.6291
gr,gf,0.7081
gr,gg,0.5935
gr,gh,0.6618
gr,gi,0.6244
gr,gl,0.6157
gr,gm,0.6008
gr,gn,0.6723
gr,gp,0.7091
gr,gq,0.5933
gr,gr,0.0
gr,gs,0.6413
gr,gt,0.4872
gr,gu,0.6729
gr,gw,0.6796
gr,gy,0.6004
gr,hk,0.7633
gr,hm,0.6821
gr,hn,0.5113
gr,hr,0.6074
gr,ht,0.6315
gr,hu,0.5404
gr,id,0.6884
gr,ie,0.564
gr,il,0.5812
gr,im,0.7678
gr,in,0.5762
gr,io,0.4931
gr,iq,0.634
gr,ir,0.5825
gr,is,0.5619
gr,it,0.5891
gr,je,0.5724
gr,jm,0.6961
gr,jo,0.6252
gr,jp,0.5828
gr,ke,0.7102
gr,kg,0.8614
gr,kh,0.6431
gr,ki,0.6328
gr,km,0.5947
gr,kn,0.6993
gr,kp,0.5894
gr,kr,0.5426
gr,kw,0.6218
gr,ky,0.6475
gr,kz,0.5753
gr,la,0.6713
gr,lb,0.615
gr,lc,0.5697
gr,li,0.6847
gr,lk,0.6652
gr,lr,0.5657
gr,ls,0.5431
gr,lt,0.6865
gr,lu,0.5403
gr,lv,0.6682
gr,ly,0.754
gr,ma,0.7505
gr,mc,0.6268
gr,md,0.6262
gr,me,0.8095
gr,mf,0.6235
gr,mg,0.6071
gr,mh,0.5904
gr,mk,0.7076
gr,ml,0.6798
gr,mm,0.6641
gr,mn,0.6544
gr,mo,0.6367
gr,mp,0.6066
gr,mq,0.6791
gr,mr,0.655
gr,ms,0.6473
gr,mt,0.6258
gr,mu,0.6488
gr,mv,0.7014
gr,mw,0.6919
gr,mx,0.6119
gr,my,0.6007
gr,mz,0.6912
gr,na,0.5994
gr,nc,0.6105
gr,ne,0.6001
gr,nf,0.6035
gr,ng,0.5952
gr,ni,0.51
gr,nl,0.5406
gr,no,0.6149
gr,np,0.5838
gr,nr,0.7202
gr,nu,0.7342
gr,nz,0.6719
gr,om,0.6565
gr,pa,0.6071
gr,pe,0.6812
gr,pf,0.6156
gr,pg,0.757
gr,ph,0.6224
gr,pk,0.6523
gr,pl,0.625
gr,pm,0.539
gr,pn,0.6339
gr,pr,0.6542
gr,ps,0.614
gr,pt,0.7837
gr,pw,0.633
gr,py,0.5559
gr,qa,0.6363
gr,re,0.6188
gr,ro,0.6815
gr,rs,0.5804
gr,ru,0.6171
gr,rw,0.5962
gr,sa,0.7154
gr,sb,0.5633
gr,sc,0.5972
gr,sd,0.6382
gr,se,0.6463
gr,sg,0.5949
gr,sh,0.6569
gr,si,0.6855
gr,sj,0.6149
gr,sk,0.591
gr,sl,0.5
gr,sm,0.4851
gr,sn,0.6672
gr,so,0.5508
gr,sr,0.6115
gr,ss,0.6253
gr,st,0.6625
gr,sv,0.4345
gr,sx,0.6285
gr,sy,0.6041
gr,sz,0.596
gr,tc,0.66
gr,td,0.6971
gr,tf,0.5884
gr,tg,0.658
gr,th,0.5942
gr,tj,0.6293
gr,tk,0.6754
gr,tl,0.7573
gr,tm,0.6593
gr,tn,0.8038
gr,to,0.7932
gr,tr,0.8031
gr,tt,0.7153
gr,tv,0.5558
gr,tw,0.8015
gr,tz,0.6479
gr,ua,0.6171
gr,ug,0.7474
gr,um,0.5296
gr,us,0.5296
gr,uy,0.6441
gr,uz,0.4812
gr,va,0.6468
gr,vc,0.6553
gr,ve,0.7009
gr,vg,0.6422
gr,vi,0.529
gr,vn,0.8797
gr,vu,0.6929
gr,wf,0.7202
gr,ws,0.7267
gr,xk,0.6003
gr,ye,0.6402
gr,yt,0.5357
gr,za,0.5986
gr,zm,0.7356
gr,zw,0.6556
gs,ad,0.6128
gs,ae,0.5894
gs,af,0.5258
gs,ag,0.6059
gs,ai,0.165
gs,al,0.7228
gs,am,0.6058
gs,ao,0.5387
gs,aq,0.6805
gs,ar,0.6989
gs,as,0.6266
gs,at,0.6893
gs,au,0.1613
gs,aw,0.6123
gs,ax,0.5731
gs,az,0.5776
gs,ba,0.5592
gs,bb,0.4218
gs,bd,0.5581
gs,be,0.6589
gs,bf,0.5667
gs,bg,0.6414
gs,bh,0.7047
gs,bi,0.6381
gs,bj,0.6316
gs,bl,0.7949
gs,bm,0.5439
gs,bn,0.7147
gs,bo,0.5717
gs,bq,0.6067
gs,br,0.5554
gs,bs,0.5615
gs,bt,0.7144
gs,bv,0.569
gs,bw,0.6204
gs,by,0.558
gs,bz,0.5384
gs,ca,0.7511
gs,cc,0.6083
gs,cd,0.6047
gs,cf,0.6088
gs,cg,0.6583
gs,ch,0.7581
gs,ci,0.6788
gs,ck,0.1559
gs,cl,0.7013
gs,cm,0.6251
gs,cn,0.7144
gs,co,0.6119
gs,cr,0.6258
gs,cu,0.6049
gs,cv,0.5831
gs,cw,0.3565
gs,cx,0.4081
gs,cy,0.857
gs,cz,0.6718
gs,de,0.6892
gs,dj,0.6197
gs,dk,0.6627
gs,dm,0.542
gs,do,0.5807
gs,dz,0.7254
gs,ec,0.6349
gs,ee,0.6804
gs,eg,0.6157
gs,eh,0.5894
gs,er,0.5626
gs,es,0.6446
gs,et,0.5909
gs,fi,0.6729
gs,fj,0.5566
gs,fk,0.1351
gs,fm,0.6884
gs,fo,0.7466
gs,fr,0.6548
gs,ga,0.5983
gs,gb-eng,0.79
gs,gb-nir,0.8023
gs,gb-sct,0.6484
gs,gb-wls,0.5792
gs,gb,0.5332
gs,gd,0.5853
gs,ge,0.7864
gs,gf,0.6755
gs,gg,0.7834
gs,gh,0.5713
gs,gi,0.7277
gs,gl,0.7203
gs,gm,0.5138
gs,gn,0.608
gs,gp,0.5393
gs,gq,0.6416
gs,gr,0.6413
gs,gs,0.0
gs,gt,0.6678
gs,gu,0.3156
gs,gw,0.5992
gs,gy,0.5553
gs,hk,0.7057
gs,hm,0.4622
gs,hn,0.713
gs,hr,0.629
gs,ht,0.5636
gs,hu,0.6241
gs,id,0.8112
gs,ie,0.6958
gs,il,0.7239
gs,im,0.6596
gs,in,0.6213
gs,io,0.4723
gs,iq,0.6064
gs,ir,0.6668
gs,is,0.5491
gs,it,0.6651
gs,je,0.7962
gs,jm,0.5647
gs,jo,0.5849
gs,jp,0.8368
gs,ke,0.5413
gs,kg,0.754
gs,kh,0.5433
gs,ki,0.5886
gs,km,0.6056
gs,kn,0.5545
gs,kp,0.5762
gs,kr,0.7876
gs,kw,0.6265
gs,ky,0.1128
gs,kz,0.6072
gs,la,0.4774
gs,lb,0.6929
gs,lc,0.7132
gs,li,0.4582
gs,lk,0.5851
gs,lr,0.6397
gs,ls,0.6133
gs,lt,0.5773
gs,lu,0.6652
gs,lv,0.6357
gs,ly,0.5505
gs,ma,0.6408
gs,mc,0.7717
gs,md,0.594
gs,me,0.6932
gs,mf,0.6548
gs,mg,0.6417
gs,mh,0.5633
gs,mk,0.6553
gs,ml,0.6388
gs,mm,0.6493
gs,mn,0.5718
gs,mo,0.5726
gs,mp,0.541
gs,mq,0.5161
gs,mr,0.5785
gs,ms,0.1136
gs,mt,0.7175
gs,mu,0.5406
gs,mv,0.5793
gs,mw,0.5413
gs,mx,0.6312
gs,my,0.663
gs,mz,0.6005
gs,na,0.5272
gs,nc,0.5359
gs,ne,0.642
gs,nf,0.6152
gs,ng,0.6578
gs,ni,0.654
gs,nl,0.6101
gs,no,0.569
gs,np,0.5067
gs,nr,0.3382
gs,nu,0.7593
gs,nz,0.1248
gs,om,0.6292
gs,pa,0.6436
gs,pe,0.7125
gs,pf,0.6926
gs,pg,0.5655
gs,ph,0.5951
gs,pk,0.6034
gs,pl,0.7244
gs,pm,0.5363
gs,pn,0.1104
gs,pr,0.693
gs,ps,0.6086
gs,pt,0.6626
gs,pw,0.6909
gs,py,0.6154
gs,qa,0.6415
gs,re,0.608
gs,ro,0.5546
gs,rs,0.6424
gs,ru,0.6313
gs,rw,0.6018
gs,sa,0.5486
gs,sb,0.5075
gs,sc,0.5748
gs,sd,0.5905
gs,se,0.5725
gs,sg,0.7729
gs,sh,0.1228
gs,si,0.6846
gs,sj,0.569
gs,sk,0.6342
gs,sl,0.6379
gs,sm,0.6827
gs,sn,0.6388
gs,so,0.6462
gs,sr,0.5806
gs,ss,0.5533
gs,st,0.6093
gs,sv,0.6279
gs,sx,0.5572
gs,sy,0.5959
gs,sz,0.5329
gs,tc,0.1407
gs,td,0.5553
gs,tf,0.5139
gs,tg,0.5786
gs,th,0.5942
gs,tj,0.666
gs,tk,0.4303
gs,tl,0.6489
gs,tm,0.5379
gs,tn,0.7162
gs,to,0.6646
gs,tr,0.7092
gs,tt,0.6202
gs,tv,0.5135
gs,tw,0.7206
gs,tz,0.5456
gs,ua,0.701
gs,ug,0.6344
gs,um,0.6204
gs,us,0.6204
gs,uy,0.6714
gs,uz,0.6277
gs,va,0.816
gs,vc,0.5362
gs,ve,0.5308
gs,vg,0.105
gs,vi,0.7614
gs,vn,0.7718
gs,vu,0.521
gs,wf,0.6392
gs,ws,0.5922
gs,xk,0.551
gs,ye,0.6278
gs,yt,0.7897
gs,za,0.5327
gs,zm,0.5984
gs,zw,0.6097
gt,ad,0.63
gt,ae,0.6862
gt,af,0.6389
gt,ag,0.7047
gt,ai,0.6828
gt,al,0.8955
gt,am,0.7077
gt,ao,0.789
gt,aq,0.4794
gt,ar,0.4939
gt,as,0.6442
gt,at,0.6846
gt,au,0.6901
gt,aw,0.3503
gt,ax,0.6246
gt,az,0.6005
gt,ba,0.6333
gt,bb,0.5956
gt,bd,0.6768
gt,be,0.6743
gt,bf,0.6954
gt,bg,0.6037
gt,bh,0.7065
gt,bi,0.5721
gt,bj,0.6635
gt,bl,0.5599
gt,bm,0.6815
gt,bn,0.6658
gt,bo,0.6928
gt,bq,0.5865
gt,br,0.6577
gt,bs,0.6536
gt,bt,0.6774
gt,bv,0.676
gt,bw,0.5653
gt,by,0.7245
gt,bz,0.6178
gt,ca,0.7034
gt,cc,0.7935
gt,cd,0.609
gt,cf,0.6187
gt,cg,0.6513
gt,ch,0.8041
gt,ci,0.5292
gt,ck,0.6644
gt,cl,0.6097
gt,cm,0.6817
gt,cn,0.8169
gt,co,0.7074
gt,cr,0.6036
gt,cu,0.6045
gt,cv,0.6329
gt,cw,0.6994
gt,cx,0.6679
gt,cy,0.5725
gt,cz,0.5979
gt,de,0.8
gt,dj,0.551
gt,dk,0.6897
gt,dm,0.6573
gt,do,0.6051
gt,dz,0.5957
gt,ec,0.6886
gt,ee,0.6259
gt,eg,0.7058
gt,eh,0.6897
gt,er,0.5982
gt,es,0.738
gt,et,0.6985
gt,fi,0.5851
gt,fj,0.5075
gt,fk,0.6604
gt,fm,0.5524
gt,fo,0.5381
gt,fr,0.5391
gt,ga,0.6025
gt,gb-eng,0.5957
gt,gb-nir,0.5948
gt,gb-sct,0.5239
gt,gb-wls,0.5865
gt,gb,0.5887
gt,gd,0.6391
gt,ge,0.6337
gt,gf,0.7108
gt,gg,0.5969
gt,gh,0.7051
gt,gi,0.6649
gt,gl,0.6226
gt,gm,0.6461
gt,gn,0.6186
gt,gp,0.708
gt,gq,0.6232
gt,gr,0.4872
gt,gs,0.6678
gt,gt,0.0
gt,gu,0.6823
gt,gw,0.6822
gt,gy,0.6031
gt,hk,0.7695
gt,hm,0.7105
gt,hn,0.5512
gt,hr,0.6576
gt,ht,0.6393
gt,hu,0.592
gt,id,0.7006
gt,ie,0.4904
gt,il,0.5305
gt,im,0.7832
gt,in,0.6281
gt,io,0.5105
gt,iq,0.7078
gt,ir,0.6249
gt,is,0.5879
gt,it,0.504
gt,je,0.563
gt,jm,0.7148
gt,jo,0.7029
gt,jp,0.6156
gt,ke,0.7421
gt,kg,0.8708
gt,kh,0.6662
gt,ki,0.6357
gt,km,0.5935
gt,kn,0.7128
gt,kp,0.6644
gt,kr,0.5458
gt,kw,0.6497
gt,ky,0.6722
gt,kz,0.5701
gt,la,0.6806
gt,lb,0.6471
gt,lc,0.5492
gt,li,0.7188
gt,lk,0.6498
gt,lr,0.5645
gt,ls,0.6027
gt,lt,0.6799
gt,lu,0.5831
gt,lv,0.6901
gt,ly,0.7719
gt,ma,0.7693
gt,mc,0.6412
gt,md,0.6173
gt,me,0.8117
gt,mf,0.5391
gt,mg,0.6527
gt,mh,0.6397
gt,mk,0.7112
gt,ml,0.6308
gt,mm,0.6411
gt,mn,0.721
gt,mo,0.639
gt,mp,0.5925
gt,mq,0.7165
gt,mr,0.6658
gt,ms,0.6704
gt,mt,0.629
gt,mu,0.6622
gt,mv,0.7266
gt,mw,0.7166
gt,mx,0.5286
gt,my,0.6258
gt,mz,0.686
gt,na,0.6304
gt,nc,0.6413
gt,ne,0.6441
gt,nf,0.5171
gt,ng,0.4827
gt,ni,0.5586
gt,nl,0.6014
gt,no,0.676
gt,np,0.6109
gt,nr,0.7356
gt,nu,0.7297
gt,nz,0.6955
gt,om,0.6623
gt,pa,0.6041
gt,pe,0.6311
gt,pf,0.6411
gt,pg,0.7888
gt,ph,0.6663
gt,pk,0.7111
gt,pl,0.6267
gt,pm,0.5613
gt,pn,0.6606
gt,pr,0.653
gt,ps,0.6841
gt,pt,0.7852
gt,pw,0.5986
gt,py,0.6158
gt,qa,0.6892
gt,re,0.6132
gt,ro,0.6264
gt,rs,0.5506
gt,ru,0.6021
gt,rw,0.6095
gt,sa,0.7301
gt,sb,0.6259
gt,sc,0.5935
gt,sd,0.6855
gt,se,0.6374
gt,sg,0.6075
gt,sh,0.6858
gt,si,0.6678
gt,sj,0.676
gt,sk,0.5966
gt,sl,0.5571
gt,sm,0.4818
gt,sn,0.6118
gt,so,0.3153
gt,sr,0.6075
gt,ss,0.6566
gt,st,0.6918
gt,sv,0.5841
gt,sx,0.6692
gt,sy,0.6799
gt,sz,0.6221
gt,tc,0.6873
gt,td,0.6445
gt,tf,0.6103
gt,tg,0.682
gt,th,0.5948
gt,tj,0.6718
gt,tk,0.6814
gt,tl,0.7562
gt,tm,0.6932
gt,tn,0.8099
gt,to,0.8019
gt,tr,0.8219
gt,tt,0.7332
gt,tv,0.564
gt,tw,0.8331
gt,tz,0.6551
gt,ua,0.6791
gt,ug,0.7588
gt,um,0.5351
gt,us,0.5351
gt,uy,0.5099
gt,uz,0.5343
gt,va,0.6284
gt,vc,0.5958
gt,ve,0.6934
gt,vg,0.668
gt,vi,0.521
gt,vn,0.8918
gt,vu,0.7005
gt,wf,0.7485
gt,ws,0.7509
gt,xk,0.602
gt,ye,0.7073
gt,yt,0.5323
gt,za,0.6268
gt,zm,0.7659
gt,zw,0.7199
gu,ad,0.6219
gu,ae,0.6127
gu,af,0.5269
gu,ag,0.5978
gu,ai,0.3455
gu,al,0.7579
gu,am,0.62
gu,ao,0.5911
gu,aq,0.6968
gu,ar,0.7312
gu,as,0.6204
gu,at,0.7196
gu,au,0.3192
gu,aw,0.6348
gu,ax,0.6065
gu,az,0.5994
gu,ba,0.5838
gu,bb,0.3972
gu,bd,0.5736
gu,be,0.654
gu,bf,0.6196
gu,bg,0.6897
gu,bh,0.7585
gu,bi,0.6622
gu,bj,0.6381
gu,bl,0.8425
gu,bm,0.6215
gu,bn,0.7538
gu,bo,0.6313
gu,bq,0.664
gu,br,0.5992
gu,bs,0.5654
gu,bt,0.7546
gu,bv,0.5935
gu,bw,0.6509
gu,by,0.6156
gu,bz,0.4922
gu,ca,0.793
gu,cc,0.6445
gu,cd,0.6253
gu,cf,0.6548
gu,cg,0.6418
gu,ch,0.7736
gu,ci,0.7099
gu,ck,0.3119
gu,cl,0.7107
gu,cm,0.6439
gu,cn,0.7498
gu,co,0.6728
gu,cr,0.6809
gu,cu,0.6423
gu,cv,0.5731
gu,cw,0.3213
gu,cx,0.3949
gu,cy,0.9017
gu,cz,0.6968
gu,de,0.6869
gu,dj,0.6754
gu,dk,0.7002
gu,dm,0.5638
gu,do,0.5567
gu,dz,0.7204
gu,ec,0.6857
gu,ee,0.6723
gu,eg,0.6681
gu,eh,0.6003
gu,er,0.613
gu,es,0.6833
gu,et,0.6115
gu,fi,0.6828
gu,fj,0.619
gu,fk,0.3391
gu,fm,0.7082
gu,fo,0.7762
gu,fr,0.6503
gu,ga,0.6202
gu,gb-eng,0.8423
gu,gb-nir,0.8438
gu,gb-sct,0.6723
gu,gb-wls,0.6615
gu,gb,0.5865
gu,gd,0.6007
gu,ge,0.8394
gu,gf,0.7015
gu,gg,0.8275
gu,gh,0.6374
gu,gi,0.7958
gu,gl,0.7682
gu,gm,0.5595
gu,gn,0.6389
gu,gp,0.5362
gu,gq,0.6531
gu,gr,0.6729
gu,gs,0.3156
gu,gt,0.6823
gu,gu,0.0
gu,gw,0.6453
gu,gy,0.5991
gu,hk,0.7277
gu,hm,0.5691
gu,hn,0.7303
gu,hr,0.674
gu,ht,0.561
gu,hu,0.6566
gu,id,0.8272
gu,ie,0.7027
gu,il,0.7433
gu,im,0.6895
gu,in,0.6859
gu,io,0.5362
gu,iq,0.6586
gu,ir,0.6905
gu,is,0.5793
gu,it,0.6591
gu,je,0.8391
gu,jm,0.5928
gu,jo,0.5993
gu,jp,0.8903
gu,ke,0.5712
gu,kg,0.7812
gu,kh,0.5653
gu,ki,0.6111
gu,km,0.6436
gu,kn,0.5783
gu,kp,0.6422
gu,kr,0.834
gu,kw,0.6175
gu,ky,0.3244
gu,kz,0.6112
gu,la,0.4303
gu,lb,0.7438
gu,lc,0.7396
gu,li,0.4438
gu,lk,0.6065
gu,lr,0.6547
gu,ls,0.6528
gu,lt,0.6148
gu,lu,0.7055
gu,lv,0.6549
gu,ly,0.5662
gu,ma,0.6566
gu,mc,0.7848
gu,md,0.6118
gu,me,0.7179
gu,mf,0.6503
gu,mg,0.7088
gu,mh,0.5749
gu,mk,0.6802
gu,ml,0.6535
gu,mm,0.6732
gu,mn,0.5952
gu,mo,0.5633
gu,mp,0.5376
gu,mq,0.5587
gu,mr,0.5722
gu,ms,0.3133
gu,mt,0.7745
gu,mu,0.5572
gu,mv,0.5923
gu,mw,0.5633
gu,mx,0.6442
gu,my,0.6533
gu,mz,0.6235
gu,na,0.5389
gu,nc,0.5742
gu,ne,0.7028
gu,nf,0.6419
gu,ng,0.6574
gu,ni,0.671
gu,nl,0.6441
gu,no,0.5935
gu,np,0.5636
gu,nr,0.2811
gu,nu,0.8033
gu,nz,0.2957
gu,om,0.6851
gu,pa,0.7192
gu,pe,0.7357
gu,pf,0.7397
gu,pg,0.5993
gu,ph,0.6277
gu,pk,0.6417
gu,pl,0.7869
gu,pm,0.5776
gu,pn,0.3244
gu,pr,0.6945
gu,ps,0.6187
gu,pt,0.6685
gu,pw,0.6959
gu,py,0.6618
gu,qa,0.6992
gu,re,0.6188
gu,ro,0.5455
gu,rs,0.6529
gu,ru,0.6767
gu,rw,0.6143
gu,sa,0.5609
gu,sb,0.5224
gu,sc,0.6029
gu,sd,0.616
gu,se,0.6026
gu,sg,0.7947
gu,sh,0.3144
gu,si,0.7188
gu,sj,0.5935
gu,sk,0.6874
gu,sl,0.6605
gu,sm,0.7459
gu,sn,0.6488
gu,so,0.6475
gu,sr,0.6144
gu,ss,0.5697
gu,st,0.6485
gu,sv,0.6478
gu,sx,0.6092
gu,sy,0.6216
gu,sz,0.5796
gu,tc,0.3295
gu,td,0.5458
gu,tf,0.5782
gu,tg,0.6395
gu,th,0.6281
gu,tj,0.7117
gu,tk,0.4109
gu,tl,0.6719
gu,tm,0.5691
gu,tn,0.736
gu,to,0.7337
gu,tr,0.7367
gu,tt,0.6451
gu,tv,0.5948
gu,tw,0.7171
gu,tz,0.5735
gu,ua,0.691
gu,ug,0.661
gu,um,0.6099
gu,us,0.6099
gu,uy,0.7062
gu,uz,0.656
gu,va,0.8478
gu,vc,0.5697
gu,ve,0.5678
gu,vg,0.3239
gu,vi,0.803
gu,vn,0.796
gu,vu,0.5562
gu,wf,0.681
gu,ws,0.5807
gu,xk,0.5491
gu,ye,0.6739
gu,yt,0.8384
gu,za,0.551
gu,zm,0.612
gu,zw,0.6819
gw,ad,0.5296
gw,ae,0.5519
gw,af,0.5348
gw,ag,0.5672
gw,ai,0.616
gw,al,0.6627
gw,am,0.5875
gw,ao,0.49
gw,aq,0.7436
gw,ar,0.6994
gw,as,0.6526
gw,at,0.5962
gw,au,0.6302
gw,aw,0.6847
gw,ax,0.5961
gw,az,0.6134
gw,ba,0.5767
gw,bb,0.619
gw,bd,0.6315
gw,be,0.5675
gw,bf,0.4303
gw,bg,0.6214
gw,bh,0.6992
gw,bi,0.5763
gw,bj,0.5058
gw,bl,0.7351
gw,bm,0.5034
gw,bn,0.5654
gw,bo,0.4839
gw,bq,0.6162
gw,br,0.5149
gw,bs,0.5895
gw,bt,0.5166
gw,bv,0.5797
gw,bw,0.6609
gw,by,0.4514
gw,bz,0.6116
gw,ca,0.6499
gw,cc,0.6348
gw,cd,0.6435
gw,cf,0.5809
gw,cg,0.5686
gw,ch,0.6605
gw,ci,0.5854
gw,ck,0.6101
gw,cl,0.6157
gw,cm,0.5255
gw,cn,0.6443
gw,co,0.394
gw,cr,0.6424
gw,cu,0.6259
gw,cv,0.7046
gw,cw,0.6922
gw,cx,0.5528
gw,cy,0.7832
gw,cz,0.6367
gw,de,0.6382
gw,dj,0.6291
gw,dk,0.5579
gw,dm,0.5767
gw,do,0.5555
gw,dz,0.6688
gw,ec,0.4477
gw,ee,0.7518
gw,eg,0.5656
gw,eh,0.5908
gw,er,0.5051
gw,es,0.5376
gw,et,0.5659
gw,fi,0.7187
gw,fj,0.6083
gw,fk,0.6028
gw,fm,0.7178
gw,fo,0.6986
gw,fr,0.6147
gw,ga,0.5604
gw,gb-eng,0.7174
gw,gb-nir,0.7362
gw,gb-sct,0.7044
gw,gb-wls,0.5448
gw,gb,0.5642
gw,gd,0.458
gw,ge,0.7146
gw,gf,0.5949
gw,gg,0.7049
gw,gh,0.4228
gw,gi,0.6889
gw,gl,0.6267
gw,gm,0.4851
gw,gn,0.4018
gw,gp,0.6139
gw,gq,0.6271
gw,gr,0.6796
gw,gs,0.5992
gw,gt,0.6822
gw,gu,0.6453
gw,gw,0.0
gw,gy,0.4871
gw,hk,0.6222
gw,hm,0.6721
gw,hn,0.7654
gw,hr,0.5961
gw,ht,0.6196
gw,hu,0.5745
gw,id,0.7102
gw,ie,0.6401
gw,il,0.7293
gw,im,0.5345
gw,in,0.5472
gw,io,0.5683
gw,iq,0.5594
gw,ir,0.6544
gw,is,0.635
gw,it,0.6233
gw,je,0.7118
gw,jm,0.5603
gw,jo,0.5572
gw,jp,0.7893
gw,ke,0.582
gw,kg,0.6495
gw,kh,0.5984
gw,ki,0.537
gw,km,0.5122
gw,kn,0.5977
gw,kp,0.5977
gw,kr,0.7335
gw,kw,0.6181
gw,ky,0.6083
gw,kz,0.6915
gw,la,0.551
gw,lb,0.6053
gw,lc,0.7518
gw,li,0.6392
gw,lk,0.506
gw,lr,0.5958
gw,ls,0.6479
gw,lt,0.5061
gw,lu,0.6225
gw,lv,0.6162
gw,ly,0.5685
gw,ma,0.6015
gw,mc,0.6676
gw,md,0.5454
gw,me,0.5794
gw,mf,0.6147
gw,mg,0.5805
gw,mh,0.6437
gw,mk,0.5451
gw,ml,0.5386
gw,mm,0.4876
gw,mn,0.5646
gw,mo,0.6468
gw,mp,0.6733
gw,mq,0.5417
gw,mr,0.5749
gw,ms,0.6109
gw,mt,0.6904
gw,mu,0.5388
gw,mv,0.5037
gw,mw,0.5319
gw,mx,0.6022
gw,my,0.6123
gw,mz,0.5962
gw,na,0.4646
gw,nc,0.5545
gw,ne,0.5568
gw,nf,0.6234
gw,ng,0.6109
gw,ni,0.7313
gw,nl,0.5943
gw,no,0.5797
gw,np,0.5048
gw,nr,0.6827
gw,nu,0.5351
gw,nz,0.6329
gw,om,0.4352
gw,pa,0.6677
gw,pe,0.5617
gw,pf,0.605
gw,pg,0.5149
gw,ph,0.6966
gw,pk,0.6847
gw,pl,0.6385
gw,pm,0.5495
gw,pn,0.583
gw,pr,0.684
gw,ps,0.6017
gw,pt,0.6548
gw,pw,0.7716
gw,py,0.5909
gw,qa,0.6986
gw,re,0.6991
gw,ro,0.5194
gw,rs,0.6162
gw,ru,0.6399
gw,rw,0.6598
gw,sa,0.6331
gw,sb,0.5986
gw,sc,0.5307
gw,sd,0.5483
gw,se,0.6016
gw,sg,0.6945
gw,sh,0.6152
gw,si,0.7153
gw,sj,0.5797
gw,sk,0.6232
gw,sl,0.6549
gw,sm,0.6481
gw,sn,0.5931
gw,so,0.7287
gw,sr,0.5511
gw,ss,0.6227
gw,st,0.5192
gw,sv,0.7117
gw,sx,0.5619
gw,sy,0.6401
gw,sz,0.5245
gw,tc,0.6073
gw,td,0.5157
gw,tf,0.6456
gw,tg,0.4778
gw,th,0.5926
gw,tj,0.6178
gw,tk,0.6415
gw,tl,0.602
gw,tm,0.574
gw,tn,0.6429
gw,to,0.6713
gw,tr,0.6543
gw,tt,0.5111
gw,tv,0.6512
gw,tw,0.6974
gw,tz,0.5883
gw,ua,0.6998
gw,ug,0.5482
gw,um,0.5835
gw,us,0.5835
gw,uy,0.6871
gw,uz,0.6636
gw,va,0.6629
gw,vc,0.5302
gw,ve,0.4637
gw,vg,0.5986
gw,vi,0.6953
gw,vn,0.6728
gw,vu,0.4101
gw,wf,0.5507
gw,ws,0.5743
gw,xk,0.6627
gw,ye,0.579
gw,yt,0.7353
gw,za,0.5146
gw,zm,0.6141
gw,zw,0.5687
gy,ad,0.5746
gy,ae,0.5246
gy,af,0.4997
gy,ag,0.5693
gy,ai,0.5698
gy,al,0.7009
gy,am,0.6119
gy,ao,0.5898
gy,aq,0.6318
gy,ar,0.6092
gy,as,0.5929
gy,at,0.6447
gy,au,0.5903
gy,aw,0.5986
gy,ax,0.496
gy,az,0.4856
gy,ba,0.573
gy,bb,0.5676
gy,bd,0.5474
gy,be,0.5741
gy,bf,0.5572
gy,bg,0.6364
gy,bh,0.6711
gy,bi,0.5823
gy,bj,0.5737
gy,bl,0.6943
gy,bm,0.5527
gy,bn,0.6042
gy,bo,0.5148
gy,bq,0.6279
gy,br,0.5165
gy,bs,0.4833
gy,bt,0.5653
gy,bv,0.537
gy,bw,0.5947
gy,by,0.5368
gy,bz,0.5755
gy,ca,0.6407
gy,cc,0.6053
gy,cd,0.5799
gy,cf,0.5511
gy,cg,0.5632
gy,ch,0.6917
gy,ci,0.543
gy,ck,0.5711
gy,cl,0.6118
gy,cm,0.5649
gy,cn,0.6583
gy,co,0.5732
gy,cr,0.5564
gy,cu,0.5466
gy,cv,0.5803
gy,cw,0.6084
gy,cx,0.5162
gy,cy,0.7322
gy,cz,0.6209
gy,de,0.5724
gy,dj,0.5877
gy,dk,0.6206
gy,dm,0.5136
gy,do,0.5718
gy,dz,0.6279
gy,ec,0.5715
gy,ee,0.6434
gy,eg,0.6135
gy,eh,0.5187
gy,er,0.4408
gy,es,0.5376
gy,et,0.5198
gy,fi,0.6994
gy,fj,0.5454
gy,fk,0.5548
gy,fm,0.648
gy,fo,0.6589
gy,fr,0.6175
gy,ga,0.4675
gy,gb-eng,0.6909
gy,gb-nir,0.694
gy,gb-sct,0.6239
gy,gb-wls,0.535
gy,gb,0.5187
gy,gd,0.5174
gy,ge,0.6743
gy,gf,0.5484
gy,gg,0.6629
gy,gh,0.5069
gy,gi,0.6737
gy,gl,0.6479
gy,gm,0.5492
gy,gn,0.4565
gy,gp,0.5484
gy,gq,0.5776
gy,gr,0.6004
gy,gs,0.5553
gy,gt,0.6031
gy,gu,0.5991
gy,gw,0.4871
gy,gy,0.0
gy,hk,0.6409
gy,hm,0.627
gy,hn,0.648
gy,hr,0.607
gy,ht,0.5545
gy,hu,0.5672
gy,id,0.6971
gy,ie,0.6078
gy,il,0.658
gy,im,0.6289
gy,in,0.5805
gy,io,0.5133
gy,iq,0.6128
gy,ir,0.5834
gy,is,0.5337
gy,it,0.61
gy,je,0.6831
gy,jm,0.5211
gy,jo,0.5014
gy,jp,0.7342
gy,ke,0.52
gy,kg,0.682
gy,kh,0.5172
gy,ki,0.538
gy,km,0.5424
gy,kn,0.5704
gy,kp,0.5208
gy,kr,0.7038
gy,kw,0.5585
gy,ky,0.562
gy,kz,0.5956
gy,la,0.6016
gy,lb,0.6488
gy,lc,0.6655
gy,li,0.5712
gy,lk,0.4978
gy,lr,0.56
gy,ls,0.5799
gy,lt,0.5711
gy,lu,0.617
gy,lv,0.5978
gy,ly,0.6069
gy,ma,0.6092
gy,mc,0.6638
gy,md,0.5774
gy,me,0.6158
gy,mf,0.6175
gy,mg,0.6198
gy,mh,0.5691
gy,mk,0.5425
gy,ml,0.5612
gy,mm,0.5611
gy,mn,0.5672
gy,mo,0.5705
gy,mp,0.5853
gy,mq,0.4963
gy,mr,0.5763
gy,ms,0.5661
gy,mt,0.6897
gy,mu,0.5112
gy,mv,0.5989
gy,mw,0.4985
gy,mx,0.5973
gy,my,0.5667
gy,mz,0.5222
gy,na,0.4903
gy,nc,0.4616
gy,ne,0.5674
gy,nf,0.5796
gy,ng,0.6018
gy,ni,0.6203
gy,nl,0.5561
gy,no,0.537
gy,np,0.4757
gy,nr,0.6154
gy,nu,0.5948
gy,nz,0.5958
gy,om,0.5362
gy,pa,0.6469
gy,pe,0.6249
gy,pf,0.6389
gy,pg,0.597
gy,ph,0.6179
gy,pk,0.6258
gy,pl,0.6648
gy,pm,0.4655
gy,pn,0.5441
gy,pr,0.6804
gy,ps,0.529
gy,pt,0.6525
gy,pw,0.6505
gy,py,0.5947
gy,qa,0.649
gy,re,0.6233
gy,ro,0.5612
gy,rs,0.5987
gy,ru,0.6493
gy,rw,0.5374
gy,sa,0.5927
gy,sb,0.5436
gy,sc,0.4986
gy,sd,0.5993
gy,se,0.5173
gy,sg,0.6594
gy,sh,0.5748
gy,si,0.7242
gy,sj,0.537
gy,sk,0.6289
gy,sl,0.5726
gy,sm,0.6271
gy,sn,0.5761
gy,so,0.6462
gy,sr,0.457
gy,ss,0.5685
gy,st,0.464
gy,sv,0.609
gy,sx,0.6016
gy,sy,0.5737
gy,sz,0.4698
gy,tc,0.5671
gy,td,0.5589
gy,tf,0.5832
gy,tg,0.4906
gy,th,0.5619
gy,tj,0.6213
gy,tk,0.5453
gy,tl,0.6184
gy,tm,0.5398
gy,tn,0.6636
gy,to,0.672
gy,tr,0.6686
gy,tt,0.5918
gy,tv,0.5885
gy,tw,0.6838
gy,tz,0.5374
gy,ua,0.5895
gy,ug,0.5691
gy,um,0.5384
gy,us,0.5384
gy,uy,0.6277
gy,uz,0.5606
gy,va,0.6378
gy,vc,0.5125
gy,ve,0.5896
gy,vg,0.5535
gy,vi,0.6542
gy,vn,0.7055
gy,vu,0.5274
gy,wf,0.6098
gy,ws,0.6121
gy,xk,0.5707
gy,ye,0.6268
gy,yt,0.6915
gy,za,0.5307
gy,zm,0.5872
gy,zw,0.5627
hk,ad,0.5964
hk,ae,0.6567
hk,af,0.6339
hk,ag,0.5832
hk,ai,0.7317
hk,al,0.5953
hk,am,0.6038
hk,ao,0.6305
hk,aq,0.8433
hk,ar,0.771
hk,as,0.6899
hk,at,0.6051
hk,au,0.728
hk,aw,0.7782
hk,ax,0.7
hk,az,0.6921
hk,ba,0.7273
hk,bb,0.7152
hk,bd,0.7439
hk,be,0.5974
hk,bf,0.6572
hk,bg,0.7049
hk,bh,0.6539
hk,bi,0.6258
hk,bj,0.5689
hk,bl,0.7967
hk,bm,0.5596
hk,bn,0.6752
hk,bo,0.6098
hk,bq,0.7474
hk,br,0.7365
hk,bs,0.7308
hk,bt,0.5611
hk,bv,0.5822
hk,bw,0.7696
hk,by,0.6063
hk,bz,0.6513
hk,ca,0.6467
hk,cc,0.7954
hk,cd,0.7908
hk,cf,0.6606
hk,cg,0.616
hk,ch,0.5545
hk,ci,0.6788
hk,ck,0.7187
hk,cl,0.6497
hk,cm,0.6385
hk,cn,0.202
hk,co,0.6168
hk,cr,0.6878
hk,cu,0.7007
hk,cv,0.751
hk,cw,0.7675
hk,cx,0.7402
hk,cy,0.8371
hk,cz,0.677
hk,de,0.6353
hk,dj,0.7605
hk,dk,0.5912
hk,dm,0.7102
hk,do,0.6372
hk,dz,0.7731
hk,ec,0.5481
hk,ee,0.8114
hk,eg,0.6489
hk,eh,0.6706
hk,er,0.5294
hk,es,0.5437
hk,et,0.6119
hk,fi,0.8051
hk,fj,0.7206
hk,fk,0.7151
hk,fm,0.8111
hk,fo,0.7534
hk,fr,0.6391
hk,ga,0.7074
hk,gb-eng,0.7732
hk,gb-nir,0.7684
hk,gb-sct,0.7864
hk,gb-wls,0.6953
hk,gb,0.6313
hk,gd,0.572
hk,ge,0.7346
hk,gf,0.7074
hk,gg,0.7101
hk,gh,0.6114
hk,gi,0.7148
hk,gl,0.6778
hk,gm,0.6112
hk,gn,0.6201
hk,gp,0.695
hk,gq,0.6382
hk,gr,0.7633
hk,gs,0.7057
hk,gt,0.7695
hk,gu,0.7277
hk,gw,0.6222
hk,gy,0.6409
hk,hk,0.0
hk,hm,0.7525
hk,hn,0.8769
hk,hr,0.644
hk,ht,0.6244
hk,hu,0.6227
hk,id,0.6934
hk,ie,0.6675
hk,il,0.7884
hk,im,0.5724
hk,in,0.6581
hk,io,0.6567
hk,iq,0.6486
hk,ir,0.6438
hk,is,0.7214
hk,it,0.6582
hk,je,0.7604
hk,jm,0.6725
hk,jo,0.6617
hk,jp,0.8462
hk,ke,0.6567
hk,kg,0.5632
hk,kh,0.5554
hk,ki,0.594
hk,km,0.6674
hk,kn,0.6598
hk,kp,0.4874
hk,kr,0.8106
hk,kw,0.6469
hk,ky,0.7155
hk,kz,0.8536
hk,la,0.5944
hk,lb,0.6436
hk,lc,0.8569
hk,li,0.642
hk,lk,0.5413
hk,lr,0.6123
hk,ls,0.7559
hk,lt,0.6081
hk,lu,0.7119
hk,lv,0.6066
hk,ly,0.6894
hk,ma,0.5877
hk,mc,0.6914
hk,md,0.6216
hk,me,0.5353
hk,mf,0.6391
hk,mg,0.7029
hk,mh,0.7479
hk,mk,0.5364
hk,ml,0.6161
hk,mm,0.5632
hk,mn,0.5951
hk,mo,0.7654
hk,mp,0.7638
hk,mq,0.6153
hk,mr,0.6661
hk,ms,0.7231
hk,mt,0.6786
hk,mu,0.6302
hk,mv,0.5917
hk,mw,0.6303
hk,mx,0.6406
hk,my,0.625
hk,mz,0.6575
hk,na,0.663
hk,nc,0.6759
hk,ne,0.6771
hk,nf,0.7525
hk,ng,0.768
hk,ni,0.8139
hk,nl,0.6502
hk,no,0.5822
hk,np,0.5949
hk,nr,0.7738
hk,nu,0.6678
hk,nz,0.7401
hk,om,0.6412
hk,pa,0.7017
hk,pe,0.5849
hk,pf,0.6345
hk,pg,0.6394
hk,ph,0.6736
hk,pk,0.7641
hk,pl,0.6848
hk,pm,0.6907
hk,pn,0.7015
hk,pr,0.6681
hk,ps,0.6787
hk,pt,0.6068
hk,pw,0.9074
hk,py,0.669
hk,qa,0.6849
hk,re,0.716
hk,ro,0.6054
hk,rs,0.6587
hk,ru,0.7051
hk,rw,0.7502
hk,sa,0.7709
hk,sb,0.721
hk,sc,0.6342
hk,sd,0.6414
hk,se,0.7317
hk,sg,0.6831
hk,sh,0.7284
hk,si,0.7335
hk,sj,0.5822
hk,sk,0.5854
hk,sl,0.7707
hk,sm,0.7902
hk,sn,0.5274
hk,so,0.8274
hk,sr,0.6264
hk,ss,0.7177
hk,st,0.6864
hk,sv,0.7875
hk,sx,0.6497
hk,sy,0.7152
hk,sz,0.595
hk,tc,0.7272
hk,td,0.6036
hk,tf,0.7422
hk,tg,0.644
hk,th,0.6472
hk,tj,0.6736
hk,tk,0.7125
hk,tl,0.5765
hk,tm,0.7461
hk,tn,0.5441
hk,to,0.6294
hk,tr,0.5821
hk,tt,0.5791
hk,tv,0.8044
hk,tw,0.6177
hk,tz,0.7653
hk,ua,0.7323
hk,ug,0.5945
hk,um,0.6057
hk,us,0.6057
hk,uy,0.7584
hk,uz,0.7312
hk,va,0.7253
hk,vc,0.6684
hk,ve,0.6087
hk,vg,0.7098
hk,vi,0.7659
hk,vn,0.5864
hk,vu,0.6398
hk,wf,0.5836
hk,ws,0.6039
hk,xk,0.7496
hk,ye,0.6543
hk,yt,0.7941
hk,za,0.652
hk,zm,0.721
hk,zw,0.6575
hm,ad,0.62
hm,ae,0.6552
hm,af,0.6016
hm,ag,0.6644
hm,ai,0.504
hm,al,0.7662
hm,am,0.6619
hm,ao,0.6013
hm,aq,0.7329
hm,ar,0.7445
hm,as,0.6916
hm,at,0.7442
hm,au,0.4626
hm,aw,0.6595
hm,ax,0.6335
hm,az,0.6525
hm,ba,0.6253
hm,bb,0.6273
hm,bd,0.6195
hm,be,0.7366
hm,bf,0.6289
hm,bg,0.7047
hm,bh,0.7532
hm,bi,0.6972
hm,bj,0.7131
hm,bl,0.8405
hm,bm,0.6183
hm,bn,0.7811
hm,bo,0.652
hm,bq,0.6363
hm,br,0.6445
hm,bs,0.6362
hm,bt,0.7805
hm,bv,0.6275
hm,bw,0.6677
hm,by,0.6276
hm,bz,0.4213
hm,ca,0.7931
hm,cc,0.689
hm,cd,0.6429
hm,cf,0.6861
hm,cg,0.7304
hm,ch,0.8013
hm,ci,0.7281
hm,ck,0.4739
hm,cl,0.7608
hm,cm,0.7181
hm,cn,0.7619
hm,co,0.6797
hm,cr,0.6042
hm,cu,0.6491
hm,cv,0.6306
hm,cw,0.6098
hm,cx,0.5984
hm,cy,0.9007
hm,cz,0.7306
hm,de,0.7579
hm,dj,0.676
hm,dk,0.7186
hm,dm,0.6182
hm,do,0.6943
hm,dz,0.7904
hm,ec,0.6978
hm,ee,0.7221
hm,eg,0.6786
hm,eh,0.654
hm,er,0.613
hm,es,0.7211
hm,et,0.6732
hm,fi,0.7759
hm,fj,0.6061
hm,fk,0.4819
hm,fm,0.7289
hm,fo,0.7894
hm,fr,0.7198
hm,ga,0.6702
hm,gb-eng,0.8321
hm,gb-nir,0.8442
hm,gb-sct,0.6837
hm,gb-wls,0.6483
hm,gb,0.6295
hm,gd,0.6535
hm,ge,0.8312
hm,gf,0.7479
hm,gg,0.8272
hm,gh,0.6519
hm,gi,0.7849
hm,gl,0.767
hm,gm,0.5306
hm,gn,0.6732
hm,gp,0.6152
hm,gq,0.7109
hm,gr,0.6821
hm,gs,0.4622
hm,gt,0.7105
hm,gu,0.5691
hm,gw,0.6721
hm,gy,0.627
hm,hk,0.7525
hm,hm,0.0
hm,hn,0.7605
hm,hr,0.6023
hm,ht,0.6169
hm,hu,0.6824
hm,id,0.8434
hm,ie,0.7686
hm,il,0.7701
hm,im,0.7149
hm,in,0.685
hm,io,0.5733
hm,iq,0.6699
hm,ir,0.7332
hm,is,0.5964
hm,it,0.7308
hm,je,0.8448
hm,jm,0.6358
hm,jo,0.6493
hm,jp,0.8771
hm,ke,0.6173
hm,kg,0.7977
hm,kh,0.5898
hm,ki,0.658
hm,km,0.6726
hm,kn,0.6408
hm,kp,0.6258
hm,kr,0.8378
hm,kw,0.6952
hm,ky,0.4794
hm,kz,0.6605
hm,la,0.6182
hm,lb,0.7517
hm,lc,0.7547
hm,li,0.6238
hm,lk,0.6608
hm,lr,0.7057
hm,ls,0.6171
hm,lt,0.6455
hm,lu,0.704
hm,lv,0.6894
hm,ly,0.6076
hm,ma,0.6945
hm,mc,0.813
hm,md,0.6702
hm,me,0.7462
hm,mf,0.7198
hm,mg,0.6867
hm,mh,0.6083
hm,mk,0.7191
hm,ml,0.7205
hm,mm,0.7149
hm,mn,0.6255
hm,mo,0.6364
hm,mp,0.5792
hm,mq,0.5823
hm,mr,0.6515
hm,ms,0.4709
hm,mt,0.7639
hm,mu,0.657
hm,mv,0.641
hm,mw,0.6152
hm,mx,0.7006
hm,my,0.7175
hm,mz,0.6745
hm,na,0.5982
hm,nc,0.6033
hm,ne,0.712
hm,nf,0.685
hm,ng,0.7178
hm,ni,0.699
hm,nl,0.6599
hm,no,0.6275
hm,np,0.555
hm,nr,0.5994
hm,nu,0.8498
hm,nz,0.482
hm,om,0.6874
hm,pa,0.7125
hm,pe,0.7648
hm,pf,0.7499
hm,pg,0.6392
hm,ph,0.6491
hm,pk,0.6621
hm,pl,0.7774
hm,pm,0.6052
hm,pn,0.4627
hm,pr,0.7487
hm,ps,0.6727
hm,pt,0.7306
hm,pw,0.7249
hm,py,0.6598
hm,qa,0.6803
hm,re,0.651
hm,ro,0.6959
hm,rs,0.6823
hm,ru,0.6817
hm,rw,0.6842
hm,sa,0.6203
hm,sb,0.5769
hm,sc,0.6732
hm,sd,0.6585
hm,se,0.6364
hm,sg,0.8101
hm,sh,0.4877
hm,si,0.7181
hm,sj,0.6275
hm,sk,0.6825
hm,sl,0.6931
hm,sm,0.7272
hm,sn,0.7191
hm,so,0.6806
hm,sr,0.6431
hm,ss,0.6259
hm,st,0.6923
hm,sv,0.6744
hm,sx,0.5999
hm,sy,0.6655
hm,sz,0.5925
hm,tc,0.499
hm,td,0.6965
hm,tf,0.5607
hm,tg,0.6577
hm,th,0.6445
hm,tj,0.7292
hm,tk,0.6606
hm,tl,0.7073
hm,tm,0.6085
hm,tn,0.7537
hm,to,0.7224
hm,tr,0.7469
hm,tt,0.6783
hm,tv,0.5602
hm,tw,0.7439
hm,tz,0.6173
hm,ua,0.7785
hm,ug,0.6999
hm,um,0.685
hm,us,0.685
hm,uy,0.7113
hm,uz,0.6923
hm,va,0.8702
hm,vc,0.6667
hm,ve,0.6466
hm,vg,0.4724
hm,vi,0.8077
hm,vn,0.8129
hm,vu,0.5964
hm,wf,0.7023
hm,ws,0.6958
hm,xk,0.5961
hm,ye,0.6891
hm,yt,0.8304
hm,za,0.5456
hm,zm,0.6837
hm,zw,0.6828
hn,ad,0.7837
hn,ae,0.6309
hn,af,0.7547
hn,ag,0.7962
hn,ai,0.7064
hn,al,0.9964
hn,am,0.865
hn,ao,0.8689
hn,aq,0.502
hn,ar,0.4548
hn,as,0.6362
hn,at,0.7164
hn,au,0.7383
hn,aw,0.6066
hn,ax,0.6329
hn,az,0.5155
hn,ba,0.7231
hn,bb,0.7507
hn,bd,0.7259
hn,be,0.8239
hn,bf,0.7627
hn,bg,0.7665
hn,bh,0.7784
hn,bi,0.6842
hn,bj,0.758
hn,bl,0.6112
hn,bm,0.778
hn,bn,0.7742
hn,bo,0.6996
hn,bq,0.6515
hn,br,0.6689
hn,bs,0.6473
hn,bt,0.7791
hn,bv,0.7598
hn,bw,0.6359
hn,by,0.7712
hn,bz,0.7168
hn,ca,0.8419
hn,cc,0.8128
hn,cd,0.6383
hn,cf,0.6746
hn,cg,0.7423
hn,ch,0.9086
hn,ci,0.675
hn,ck,0.7148
hn,cl,0.7259
hn,cm,0.7585
hn,cn,0.9225
hn,co,0.8174
hn,cr,0.6569
hn,cu,0.6521
hn,cv,0.6304
hn,cw,0.7341
hn,cx,0.6856
hn,cy,0.6358
hn,cz,0.7246
hn,de,0.8619
hn,dj,0.5401
hn,dk,0.7794
hn,dm,0.6701
hn,do,0.6554
hn,dz,0.6458
hn,ec,0.8013
hn,ee,0.7543
hn,eg,0.6787
hn,eh,0.6296
hn,er,0.699
hn,es,0.8052
hn,et,0.6991
hn,fi,0.7168
hn,fj,0.5579
hn,fk,0.6938
hn,fm,0.594
hn,fo,0.6554
hn,fr,0.7153
hn,ga,0.5462
hn,gb-eng,0.6925
hn,gb-nir,0.6922
hn,gb-sct,0.5756
hn,gb-wls,0.6455
hn,gb,0.6343
hn,gd,0.7898
hn,ge,0.7335
hn,gf,0.77
hn,gg,0.6963
hn,gh,0.7143
hn,gi,0.7132
hn,gl,0.7111
hn,gm,0.7274
hn,gn,0.7587
hn,gp,0.7993
hn,gq,0.6518
hn,gr,0.5113
hn,gs,0.713
hn,gt,0.5512
hn,gu,0.7303
hn,gw,0.7654
hn,gy,0.648
hn,hk,0.8769
hn,hm,0.7605
hn,hn,0.0
hn,hr,0.6535
hn,ht,0.7197
hn,hu,0.5798
hn,id,0.7936
hn,ie,0.6384
hn,il,0.5051
hn,im,0.8818
hn,in,0.6161
hn,io,0.5838
hn,iq,0.681
hn,ir,0.6131
hn,is,0.5807
hn,it,0.6689
hn,je,0.6434
hn,jm,0.7896
hn,jo,0.6517
hn,jp,0.6726
hn,ke,0.7533
hn,kg,0.9833
hn,kh,0.6764
hn,ki,0.7188
hn,km,0.6518
hn,kn,0.7792
hn,kp,0.708
hn,kr,0.6137
hn,kw,0.6691
hn,ky,0.7118
hn,kz,0.5674
hn,la,0.8029
hn,lb,0.6937
hn,lc,0.5971
hn,li,0.7905
hn,lk,0.7481
hn,lr,0.6679
hn,ls,0.4903
hn,lt,0.838
hn,lu,0.5508
hn,lv,0.7271
hn,ly,0.8733
hn,ma,0.8653
hn,mc,0.7287
hn,md,0.7627
hn,me,0.9218
hn,mf,0.7153
hn,mg,0.686
hn,mh,0.6368
hn,mk,0.8072
hn,ml,0.7665
hn,mm,0.7874
hn,mn,0.7532
hn,mo,0.6649
hn,mp,0.6602
hn,mq,0.7405
hn,mr,0.7585
hn,ms,0.7114
hn,mt,0.7195
hn,mu,0.7243
hn,mv,0.8295
hn,mw,0.7399
hn,mx,0.7051
hn,my,0.7235
hn,mz,0.79
hn,na,0.6843
hn,nc,0.614
hn,ne,0.6313
hn,nf,0.6637
hn,ng,0.6416
hn,ni,0.4275
hn,nl,0.5615
hn,no,0.7598
hn,np,0.682
hn,nr,0.7408
hn,nu,0.8189
hn,nz,0.7431
hn,om,0.7432
hn,pa,0.6794
hn,pe,0.7892
hn,pf,0.6864
hn,pg,0.8587
hn,ph,0.6936
hn,pk,0.713
hn,pl,0.7184
hn,pm,0.5742
hn,pn,0.7018
hn,pr,0.7637
hn,ps,0.6124
hn,pt,0.8802
hn,pw,0.6081
hn,py,0.582
hn,qa,0.731
hn,re,0.6956
hn,ro,0.777
hn,rs,0.7154
hn,ru,0.7749
hn,rw,0.5149
hn,sa,0.7627
hn,sb,0.661
hn,sc,0.6703
hn,sd,0.699
hn,se,0.6417
hn,sg,0.6979
hn,sh,0.7202
hn,si,0.8351
hn,sj,0.7598
hn,sk,0.759
hn,sl,0.4229
hn,sm,0.5373
hn,sn,0.7601
hn,so,0.5874
hn,sr,0.6847
hn,ss,0.6074
hn,st,0.6723
hn,sv,0.4662
hn,sx,0.7076
hn,sy,0.5839
hn,sz,0.696
hn,tc,0.718
hn,td,0.7943
hn,tf,0.6516
hn,tg,0.7366
hn,th,0.7501
hn,tj,0.6472
hn,tk,0.7561
hn,tl,0.8702
hn,tm,0.7191
hn,tn,0.9194
hn,to,0.8914
hn,tr,0.9207
hn,tt,0.8213
hn,tv,0.5886
hn,tw,0.9284
hn,tz,0.6926
hn,ua,0.7361
hn,ug,0.8673
hn,um,0.6358
hn,us,0.6358
hn,uy,0.5981
hn,uz,0.4372
hn,va,0.7215
hn,vc,0.7364
hn,ve,0.8569
hn,vg,0.7091
hn,vi,0.6139
hn,vn,1.0
hn,vu,0.7808
hn,wf,0.8391
hn,ws,0.8374
hn,xk,0.6506
hn,ye,0.6761
hn,yt,0.6122
hn,za,0.7027
hn,zm,0.8029
hn,zw,0.7857
hr,ad,0.609
hr,ae,0.5217
hr,af,0.6287
hr,ag,0.6545
hr,ai,0.6252
hr,al,0.6681
hr,am,0.6645
hr,ao,0.6283
hr,aq,0.6814
hr,ar,0.5791
hr,as,0.5777
hr,at,0.4535
hr,au,0.6595
hr,aw,0.6937
hr,ax,0.6412
hr,az,0.7042
hr,ba,0.6547
hr,bb,0.6884
hr,bd,0.6899
hr,be,0.6669
hr,bf,0.5742
hr,bg,0.7281
hr,bh,0.6381
hr,bi,0.6052
hr,bj,0.6432
hr,bl,0.6735
hr,bm,0.5902
hr,bn,0.6787
hr,bo,0.452
hr,bq,0.623
hr,br,0.6759
hr,bs,0.6671
hr,bt,0.6212
hr,bv,0.5596
hr,bw,0.7147
hr,by,0.5678
hr,bz,0.5503
hr,ca,0.6542
hr,cc,0.7594
hr,cd,0.6666
hr,cf,0.634
hr,cg,0.6725
hr,ch,0.5812
hr,ci,0.6611
hr,ck,0.6423
hr,cl,0.687
hr,cm,0.6338
hr,cn,0.6849
hr,co,0.6184
hr,cr,0.6353
hr,cu,0.6352
hr,cv,0.6539
hr,cw,0.7181
hr,cx,0.6598
hr,cy,0.7106
hr,cz,0.6811
hr,de,0.7694
hr,dj,0.6381
hr,dk,0.565
hr,dm,0.6238
hr,do,0.5214
hr,dz,0.6736
hr,ec,0.6121
hr,ee,0.8703
hr,eg,0.3637
hr,eh,0.511
hr,er,0.5931
hr,es,0.579
hr,et,0.6344
hr,fi,0.7819
hr,fj,0.5991
hr,fk,0.6177
hr,fm,0.698
hr,fo,0.7162
hr,fr,0.6474
hr,ga,0.604
hr,gb-eng,0.7402
hr,gb-nir,0.7553
hr,gb-sct,0.6772
hr,gb-wls,0.6067
hr,gb,0.5726
hr,gd,0.6162
hr,ge,0.7046
hr,gf,0.7457
hr,gg,0.733
hr,gh,0.4796
hr,gi,0.6217
hr,gl,0.6576
hr,gm,0.4938
hr,gn,0.6455
hr,gp,0.7296
hr,gq,0.5503
hr,gr,0.6074
hr,gs,0.629
hr,gt,0.6576
hr,gu,0.674
hr,gw,0.5961
hr,gy,0.607
hr,hk,0.644
hr,hm,0.6023
hr,hn,0.6535
hr,hr,0.0
hr,ht,0.6731
hr,hu,0.3526
hr,id,0.5854
hr,ie,0.6363
hr,il,0.5929
hr,im,0.6601
hr,in,0.366
hr,io,0.5615
hr,iq,0.3752
hr,ir,0.5417
hr,is,0.6032
hr,it,0.642
hr,je,0.631
hr,jm,0.7134
hr,jo,0.5275
hr,jp,0.7294
hr,ke,0.6447
hr,kg,0.642
hr,kh,0.6134
hr,ki,0.5316
hr,km,0.5289
hr,kn,0.6844
hr,kp,0.6184
hr,kr,0.6754
hr,kw,0.6032
hr,ky,0.6342
hr,kz,0.7157
hr,la,0.6247
hr,lb,0.4986
hr,lc,0.7329
hr,li,0.7138
hr,lk,0.5846
hr,lr,0.5892
hr,ls,0.4829
hr,lt,0.6495
hr,lu,0.3738
hr,lv,0.5181
hr,ly,0.6777
hr,ma,0.6565
hr,mc,0.6158
hr,md,0.6382
hr,me,0.6185
hr,mf,0.6474
hr,mg,0.5811
hr,mh,0.6191
hr,mk,0.6013
hr,ml,0.6494
hr,mm,0.6051
hr,mn,0.6155
hr,mo,0.6875
hr,mp,0.6758
hr,mq,0.6749
hr,mr,0.6278
hr,ms,0.634
hr,mt,0.6384
hr,mu,0.5756
hr,mv,0.6369
hr,mw,0.6283
hr,mx,0.641
hr,my,0.6411
hr,mz,0.7699
hr,na,0.609
hr,nc,0.6286
hr,ne,0.4051
hr,nf,0.6901
hr,ng,0.7022
hr,ni,0.5658
hr,nl,0.3258
hr,no,0.5596
hr,np,0.5761
hr,nr,0.6979
hr,nu,0.7273
hr,nz,0.6645
hr,om,0.6534
hr,pa,0.5967
hr,pe,0.6522
hr,pf,0.4814
hr,pg,0.6356
hr,ph,0.6679
hr,pk,0.6905
hr,pl,0.6747
hr,pm,0.5849
hr,pn,0.6163
hr,pr,0.603
hr,ps,0.5127
hr,pt,0.6339
hr,pw,0.7631
hr,py,0.3106
hr,qa,0.6281
hr,re,0.6611
hr,ro,0.6417
hr,rs,0.6368
hr,ru,0.7386
hr,rw,0.6953
hr,sa,0.7224
hr,sb,0.6649
hr,sc,0.5406
hr,sd,0.457
hr,se,0.6463
hr,sg,0.5973
hr,sh,0.6378
hr,si,0.7592
hr,sj,0.5596
hr,sk,0.7048
hr,sl,0.4944
hr,sm,0.6125
hr,sn,0.6525
hr,so,0.7014
hr,sr,0.6559
hr,ss,0.5983
hr,st,0.6408
hr,sv,0.533
hr,sx,0.5176
hr,sy,0.5182
hr,sz,0.6256
hr,tc,0.6381
hr,td,0.6473
hr,tf,0.6333
hr,tg,0.6334
hr,th,0.6741
hr,tj,0.4078
hr,tk,0.711
hr,tl,0.6498
hr,tm,0.6985
hr,tn,0.5939
hr,to,0.6901
hr,tr,0.6006
hr,tt,0.6301
hr,tv,0.6535
hr,tw,0.6763
hr,tz,0.656
hr,ua,0.7908
hr,ug,0.7379
hr,um,0.5843
hr,us,0.5843
hr,uy,0.6549
hr,uz,0.5452
hr,va,0.7097
hr,vc,0.6658
hr,ve,0.6614
hr,vg,0.6288
hr,vi,0.6605
hr,vn,0.6609
hr,vu,0.6053
hr,wf,0.6399
hr,ws,0.683
hr,xk,0.6581
hr,ye,0.3719
hr,yt,0.6725
hr,za,0.5454
hr,zm,0.7303
hr,zw,0.6747
ht,ad,0.5065
ht,ae,0.5263
ht,af,0.5229
ht,ag,0.427
ht,ai,0.6009
ht,al,0.6811
ht,am,0.5757
ht,ao,0.5847
ht,aq,0.6746
ht,ar,0.6705
ht,as,0.5702
ht,at,0.5423
ht,au,0.602
ht,aw,0.6097
ht,ax,0.5857
ht,az,0.5272
ht,ba,0.5375
ht,bb,0.5697
ht,bd,0.5987
ht,be,0.5848
ht,bf,0.6897
ht,bg,0.6233
ht,bh,0.6792
ht,bi,0.5513
ht,bj,0.6021
ht,bl,0.7719
ht,bm,0.4354
ht,bn,0.6894
ht,bo,0.6381
ht,bq,0.6212
ht,br,0.6091
ht,bs,0.5782
ht,bt,0.65
ht,bv,0.5512
ht,bw,0.6394
ht,by,0.5556
ht,bz,0.4983
ht,ca,0.6869
ht,cc,0.6965
ht,cd,0.6215
ht,cf,0.5126
ht,cg,0.5557
ht,ch,0.6658
ht,ci,0.6429
ht,ck,0.5798
ht,cl,0.5545
ht,cm,0.5768
ht,cn,0.6597
ht,co,0.633
ht,cr,0.6065
ht,cu,0.5306
ht,cv,0.4676
ht,cw,0.5782
ht,cx,0.5906
ht,cy,0.8287
ht,cz,0.6009
ht,de,0.5793
ht,dj,0.6397
ht,dk,0.5087
ht,dm,0.5823
ht,do,0.5395
ht,dz,0.685
ht,ec,0.6749
ht,ee,0.6346
ht,eg,0.6095
ht,eh,0.5761
ht,er,0.5835
ht,es,0.594
ht,et,0.5082
ht,fi,0.7341
ht,fj,0.6203
ht,fk,0.5736
ht,fm,0.6874
ht,fo,0.7191
ht,fr,0.5366
ht,ga,0.5937
ht,gb-eng,0.7318
ht,gb-nir,0.7619
ht,gb-sct,0.6373
ht,gb-wls,0.6653
ht,gb,0.5164
ht,gd,0.511
ht,ge,0.7414
ht,gf,0.6345
ht,gg,0.7402
ht,gh,0.5995
ht,gi,0.6818
ht,gl,0.6201
ht,gm,0.536
ht,gn,0.5408
ht,gp,0.5197
ht,gq,0.5441
ht,gr,0.6315
ht,gs,0.5636
ht,gt,0.6393
ht,gu,0.561
ht,gw,0.6196
ht,gy,0.5545
ht,hk,0.6244
ht,hm,0.6169
ht,hn,0.7197
ht,hr,0.6731
ht,ht,0.0
ht,hu,0.6266
ht,id,0.7887
ht,ie,0.6295
ht,il,0.6882
ht,im,0.4935
ht,in,0.6813
ht,io,0.5637
ht,iq,0.6101
ht,ir,0.5435
ht,is,0.5605
ht,it,0.5993
ht,je,0.7418
ht,jm,0.577
ht,jo,0.5533
ht,jp,0.8321
ht,ke,0.5605
ht,kg,0.6764
ht,kh,0.5023
ht,ki,0.6345
ht,km,0.6446
ht,kn,0.4874
ht,kp,0.5642
ht,kr,0.7714
ht,kw,0.4648
ht,ky,0.5804
ht,kz,0.6573
ht,la,0.4798
ht,lb,0.5795
ht,lc,0.7073
ht,li,0.3649
ht,lk,0.5493
ht,lr,0.5527
ht,ls,0.5995
ht,lt,0.6074
ht,lu,0.7257
ht,lv,0.5882
ht,ly,0.6564
ht,ma,0.6065
ht,mc,0.6871
ht,md,0.5113
ht,me,0.6322
ht,mf,0.5366
ht,mg,0.7125
ht,mh,0.5296
ht,mk,0.6009
ht,ml,0.5538
ht,mm,0.6243
ht,mn,0.5599
ht,mo,0.6069
ht,mp,0.5483
ht,mq,0.5391
ht,mr,0.575
ht,ms,0.5733
ht,mt,0.6345
ht,mu,0.5985
ht,mv,0.4775
ht,mw,0.5058
ht,mx,0.529
ht,my,0.569
ht,mz,0.5153
ht,na,0.4814
ht,nc,0.5418
ht,ne,0.6931
ht,nf,0.6054
ht,ng,0.6404
ht,ni,0.6503
ht,nl,0.6335
ht,no,0.5512
ht,np,0.4582
ht,nr,0.6055
ht,nu,0.6995
ht,nz,0.5991
ht,om,0.5801
ht,pa,0.6956
ht,pe,0.5432
ht,pf,0.5768
ht,pg,0.5555
ht,ph,0.4438
ht,pk,0.6696
ht,pl,0.6017
ht,pm,0.5553
ht,pn,0.5651
ht,pr,0.6328
ht,ps,0.5955
ht,pt,0.615
ht,pw,0.7154
ht,py,0.669
ht,qa,0.6507
ht,re,0.5489
ht,ro,0.5161
ht,rs,0.6286
ht,ru,0.614
ht,rw,0.5303
ht,sa,0.6066
ht,sb,0.534
ht,sc,0.6052
ht,sd,0.5759
ht,se,0.5963
ht,sg,0.7405
ht,sh,0.5948
ht,si,0.6397
ht,sj,0.5512
ht,sk,0.6074
ht,sl,0.6624
ht,sm,0.7438
ht,sn,0.583
ht,so,0.6644
ht,sr,0.5689
ht,ss,0.5861
ht,st,0.6097
ht,sv,0.6228
ht,sx,0.6007
ht,sy,0.5768
ht,sz,0.5305
ht,tc,0.601
ht,td,0.5183
ht,tf,0.6071
ht,tg,0.5801
ht,th,0.5859
ht,tj,0.6821
ht,tk,0.553
ht,tl,0.5998
ht,tm,0.6055
ht,tn,0.6262
ht,to,0.6432
ht,tr,0.6535
ht,tt,0.4954
ht,tv,0.6573
ht,tw,0.5929
ht,tz,0.634
ht,ua,0.5405
ht,ug,0.5995
ht,um,0.5298
ht,us,0.5298
ht,uy,0.686
ht,uz,0.5851
ht,va,0.7642
ht,vc,0.5803
ht,ve,0.5669
ht,vg,0.5712
ht,vi,0.7446
ht,vn,0.7016
ht,vu,0.5773
ht,wf,0.4771
ht,ws,0.4101
ht,xk,0.574
ht,ye,0.6196
ht,yt,0.7591
ht,za,0.5925
ht,zm,0.619
ht,zw,0.6365
hu,ad,0.6113
hu,ae,0.4711
hu,af,0.6014
hu,ag,0.624
hu,ai,0.6237
hu,al,0.7351
hu,am,0.6132
hu,ao,0.6469
hu,aq,0.6125
hu,ar,0.5082
hu,as,0.537
hu,at,0.4024
hu,au,0.6566
hu,aw,0.6307
hu,ax,0.6156
hu,az,0.6261
hu,ba,0.645
hu,bb,0.6655
hu,bd,0.6651
hu,be,0.6354
hu,bf,0.5609
hu,bg,0.6637
hu,bh,0.5992
hu,bi,0.5409
hu,bj,0.6158
hu,bl,0.5937
hu,bm,0.5708
hu,bn,0.6085
hu,bo,0.442
hu,bq,0.5947
hu,br,0.6237
hu,bs,0.6406
hu,bt,0.5601
hu,bv,0.5414
hu,bw,0.6727
hu,by,0.5645
hu,bz,0.5978
hu,ca,0.6715
hu,cc,0.7274
hu,cd,0.6524
hu,cf,0.5455
hu,cg,0.6142
hu,ch,0.6237
hu,ci,0.5844
hu,ck,0.6362
hu,cl,0.6179
hu,cm,0.5946
hu,cn,0.6806
hu,co,0.6108
hu,cr,0.637
hu,cu,0.6024
hu,cv,0.6239
hu,cw,0.6967
hu,cx,0.6442
hu,cy,0.6302
hu,cz,0.622
hu,de,0.7132
hu,dj,0.5427
hu,dk,0.5394
hu,dm,0.595
hu,do,0.4882
hu,dz,0.6112
hu,ec,0.5912
hu,ee,0.8186
hu,eg,0.3511
hu,eh,0.465
hu,er,0.5917
hu,es,0.5558
hu,et,0.588
hu,fi,0.723
hu,fj,0.5516
hu,fk,0.6116
hu,fm,0.6411
hu,fo,0.6471
hu,fr,0.5995
hu,ga,0.5759
hu,gb-eng,0.6715
hu,gb-nir,0.6763
hu,gb-sct,0.61
hu,gb-wls,0.5544
hu,gb,0.5414
hu,gd,0.5778
hu,ge,0.6696
hu,gf,0.6736
hu,gg,0.6616
hu,gh,0.4814
hu,gi,0.5644
hu,gl,0.594
hu,gm,0.4875
hu,gn,0.6007
hu,gp,0.7044
hu,gq,0.4805
hu,gr,0.5404
hu,gs,0.6241
hu,gt,0.592
hu,gu,0.6566
hu,gw,0.5745
hu,gy,0.5672
hu,hk,0.6227
hu,hm,0.6824
hu,hn,0.5798
hu,hr,0.3526
hu,ht,0.6266
hu,hu,0.0
hu,id,0.5962
hu,ie,0.5563
hu,il,0.527
hu,im,0.6474
hu,in,0.3253
hu,io,0.5135
hu,iq,0.3581
hu,ir,0.4599
hu,is,0.5718
hu,it,0.5425
hu,je,0.5636
hu,jm,0.6793
hu,jo,0.4835
hu,jp,0.6583
hu,ke,0.6192
hu,kg,0.7058
hu,kh,0.6027
hu,ki,0.5213
hu,km,0.5181
hu,kn,0.6641
hu,kp,0.5985
hu,kr,0.5948
hu,kw,0.5384
hu,ky,0.6289
hu,kz,0.6669
hu,la,0.5949
hu,lb,0.4428
hu,lc,0.6757
hu,li,0.6839
hu,lk,0.5442
hu,lr,0.5365
hu,ls,0.441
hu,lt,0.6016
hu,lu,0.355
hu,lv,0.4863
hu,ly,0.694
hu,ma,0.5578
hu,mc,0.5704
hu,md,0.6095
hu,me,0.6579
hu,mf,0.5995
hu,mg,0.5395
hu,mh,0.6051
hu,mk,0.503
hu,ml,0.6002
hu,mm,0.5638
hu,mn,0.544
hu,mo,0.6425
hu,mp,0.6549
hu,mq,0.6533
hu,mr,0.5951
hu,ms,0.6301
hu,mt,0.5832
hu,mu,0.5423
hu,mv,0.6214
hu,mw,0.6008
hu,mx,0.5983
hu,my,0.5949
hu,mz,0.7024
hu,na,0.5817
hu,nc,0.5775
hu,ne,0.3597
hu,nf,0.632
hu,ng,0.633
hu,ni,0.5146
hu,nl,0.2999
hu,no,0.5414
hu,np,0.5088
hu,nr,0.693
hu,nu,0.6433
hu,nz,0.6635
hu,om,0.6248
hu,pa,0.5523
hu,pe,0.6078
hu,pf,0.4378
hu,pg,0.6472
hu,ph,0.6188
hu,pk,0.649
hu,pl,0.6114
hu,pm,0.5362
hu,pn,0.6105
hu,pr,0.6095
hu,ps,0.4476
hu,pt,0.6595
hu,pw,0.7259
hu,py,0.3279
hu,qa,0.5968
hu,re,0.6372
hu,ro,0.6075
hu,rs,0.5628
hu,ru,0.6794
hu,rw,0.6239
hu,sa,0.6996
hu,sb,0.6227
hu,sc,0.4772
hu,sd,0.4279
hu,se,0.619
hu,sg,0.5446
hu,sh,0.6373
hu,si,0.7236
hu,sj,0.5414
hu,sk,0.6471
hu,sl,0.4448
hu,sm,0.5532
hu,sn,0.6053
hu,so,0.6547
hu,sr,0.6152
hu,ss,0.5734
hu,st,0.5984
hu,sv,0.4946
hu,sx,0.5285
hu,sy,0.4702
hu,sz,0.587
hu,tc,0.6351
hu,td,0.6188
hu,tf,0.6131
hu,tg,0.5913
hu,th,0.6443
hu,tj,0.3491
hu,tk,0.6744
hu,tl,0.6378
hu,tm,0.6613
hu,tn,0.6568
hu,to,0.6764
hu,tr,0.6703
hu,tt,0.6214
hu,tv,0.6196
hu,tw,0.7279
hu,tz,0.649
hu,ua,0.6915
hu,ug,0.6852
hu,um,0.5286
hu,us,0.5286
hu,uy,0.5959
hu,uz,0.4322
hu,va,0.619
hu,vc,0.6152
hu,ve,0.6475
hu,vg,0.6228
hu,vi,0.5831
hu,vn,0.726
hu,vu,0.5972
hu,wf,0.6238
hu,ws,0.6668
hu,xk,0.6407
hu,ye,0.3453
hu,yt,0.5987
hu,za,0.5643
hu,zm,0.695
hu,zw,0.6342
id,ad,0.706
id,ae,0.778
id,af,0.7627
id,ag,0.6988
id,ai,0.8261
id,al,0.6647
id,am,0.6671
id,ao,0.8174
id,aq,0.7805
id,ar,0.6753
id,as,0.7317
id,at,0.65
id,au,0.8303
id,aw,0.7795
id,ax,0.7487
id,az,0.7859
id,ba,0.7979
id,bb,0.7914
id,bd,0.8197
id,be,0.7269
id,bf,0.6769
id,bg,0.8193
id,bh,0.6431
id,bi,0.6441
id,bj,0.7611
id,bl,0.5844
id,bm,0.7123
id,bn,0.7249
id,bo,0.6709
id,bq,0.7656
id,br,0.7965
id,bs,0.802
id,bt,0.6358
id,bv,0.6827
id,bw,0.749
id,by,0.6848
id,bz,0.7572
id,ca,0.5746
id,cc,0.8919
id,cd,0.7914
id,cf,0.7286
id,cg,0.7192
id,ch,0.6076
id,ci,0.6749
id,ck,0.8181
id,cl,0.8103
id,cm,0.7035
id,cn,0.7237
id,co,0.7416
id,cr,0.6823
id,cu,0.7206
id,cv,0.7634
id,cw,0.8377
id,cx,0.8315
id,cy,0.6062
id,cz,0.8181
id,de,0.6995
id,dj,0.7702
id,dk,0.6666
id,dm,0.7592
id,do,0.6867
id,dz,0.7093
id,ec,0.7177
id,ee,0.7206
id,eg,0.7356
id,eh,0.7072
id,er,0.6462
id,es,0.6737
id,et,0.7504
id,fi,0.6947
id,fj,0.6519
id,fk,0.8115
id,fm,0.7666
id,fo,0.6196
id,fr,0.6917
id,ga,0.7133
id,gb-eng,0.6132
id,gb-nir,0.6187
id,gb-sct,0.7264
id,gb-wls,0.7501
id,gb,0.6483
id,gd,0.6748
id,ge,0.568
id,gf,0.7494
id,gg,0.5945
id,gh,0.6744
id,gi,0.7692
id,gl,0.741
id,gm,0.6705
id,gn,0.7062
id,gp,0.8542
id,gq,0.7083
id,gr,0.6884
id,gs,0.8112
id,gt,0.7006
id,gu,0.8272
id,gw,0.7102
id,gy,0.6971
id,hk,0.6934
id,hm,0.8434
id,hn,0.7936
id,hr,0.5854
id,ht,0.7887
id,hu,0.5962
id,id,0.0
id,ie,0.645
id,il,0.6738
id,im,0.7215
id,in,0.6592
id,io,0.6277
id,iq,0.7403
id,ir,0.7257
id,is,0.7502
id,it,0.6746
id,je,0.5869
id,jm,0.7815
id,jo,0.7044
id,jp,0.6319
id,ke,0.7589
id,kg,0.6339
id,kh,0.7259
id,ki,0.4964
id,km,0.7396
id,kn,0.7932
id,kp,0.6942
id,kr,0.6176
id,kw,0.757
id,ky,0.8078
id,kz,0.8391
id,la,0.7361
id,lb,0.6292
id,lc,0.8002
id,li,0.8093
id,lk,0.6323
id,lr,0.5979
id,ls,0.7269
id,lt,0.7388
id,lu,0.575
id,lv,0.6835
id,ly,0.7509
id,ma,0.7213
id,mc,0.3104
id,md,0.7087
id,me,0.611
id,mf,0.6917
id,mg,0.6413
id,mh,0.7923
id,mk,0.6418
id,ml,0.7023
id,mm,0.6777
id,mn,0.7035
id,mo,0.817
id,mp,0.8217
id,mq,0.8383
id,mr,0.7555
id,ms,0.8295
id,mt,0.6223
id,mu,0.656
id,mv,0.7274
id,mw,0.6957
id,mx,0.6804
id,my,0.606
id,mz,0.7285
id,na,0.7304
id,nc,0.7499
id,ne,0.6341
id,nf,0.7655
id,ng,0.764
id,ni,0.7724
id,nl,0.6155
id,no,0.6827
id,np,0.6676
id,nr,0.8558
id,nu,0.7029
id,nz,0.8452
id,om,0.7453
id,pa,0.6403
id,pe,0.6507
id,pf,0.6138
id,pg,0.8061
id,ph,0.7727
id,pk,0.7782
id,pl,0.8202
id,pm,0.7041
id,pn,0.8028
id,pr,0.6502
id,ps,0.6924
id,pt,0.6961
id,pw,0.8743
id,py,0.629
id,qa,0.6744
id,re,0.7902
id,ro,0.7126
id,rs,0.481
id,ru,0.8169
id,rw,0.8548
id,sa,0.8786
id,sb,0.8125
id,sc,0.6175
id,sd,0.754
id,se,0.7848
id,sg,0.3095
id,sh,0.829
id,si,0.8395
id,sj,0.6827
id,sk,0.781
id,sl,0.7093
id,sm,0.6909
id,sn,0.7041
id,so,0.8085
id,sr,0.6653
id,ss,0.7276
id,st,0.7552
id,sv,0.7725
id,sx,0.6393
id,sy,0.8259
id,sz,0.684
id,tc,0.826
id,td,0.7202
id,tf,0.7729
id,tg,0.7141
id,th,0.6611
id,tj,0.6697
id,tk,0.795
id,tl,0.7156
id,tm,0.8215
id,tn,0.6113
id,to,0.8069
id,tr,0.6091
id,tt,0.7041
id,tv,0.7705
id,tw,0.7177
id,tz,0.7834
id,ua,0.794
id,ug,0.7365
id,um,0.5926
id,us,0.5926
id,uy,0.6673
id,uz,0.7463
id,va,0.6365
id,vc,0.7371
id,ve,0.7526
id,vg,0.8087
id,vi,0.5686
id,vn,0.6495
id,vu,0.7149
id,wf,0.7272
id,ws,0.7649
id,xk,0.7989
id,ye,0.7361
id,yt,0.6068
id,za,0.7226
id,zm,0.8352
id,zw,0.713
ie,ad,0.5341
ie,ae,0.6716
ie,af,0.6176
ie,ag,0.6345
ie,ai,0.7137
ie,al,0.7976
ie,am,0.6562
ie,ao,0.7366
ie,aq,0.5751
ie,ar,0.5601
ie,as,0.5983
ie,at,0.627
ie,au,0.7352
ie,aw,0.6272
ie,ax,0.6452
ie,az,0.5958
ie,ba,0.6471
ie,bb,0.6432
ie,bd,0.6917
ie,be,0.522
ie,bf,0.654
ie,bg,0.5597
ie,bh,0.6688
ie,bi,0.5331
ie,bj,0.5266
ie,bl,0.5984
ie,bm,0.6269
ie,bn,0.6015
ie,bo,0.6262
ie,bq,0.6529
ie,br,0.6413
ie,bs,0.6277
ie,bt,0.5543
ie,bv,0.627
ie,bw,0.6182
ie,by,0.6779
ie,bz,0.6341
ie,ca,0.6103
ie,cc,0.7641
ie,cd,0.6745
ie,cf,0.5996
ie,cg,0.5213
ie,ch,0.6842
ie,ci,0.5118
ie,ck,0.7029
ie,cl,0.5359
ie,cm,0.5503
ie,cn,0.7299
ie,co,0.6374
ie,cr,0.6038
ie,cu,0.6318
ie,cv,0.6748
ie,cw,0.7286
ie,cx,0.6654
ie,cy,0.6012
ie,cz,0.5302
ie,de,0.7174
ie,dj,0.6233
ie,dk,0.6175
ie,dm,0.6456
ie,do,0.5725
ie,dz,0.5316
ie,ec,0.6144
ie,ee,0.6671
ie,eg,0.6653
ie,eh,0.6643
ie,er,0.6501
ie,es,0.633
ie,et,0.6212
ie,fi,0.6178
ie,fj,0.5629
ie,fk,0.6934
ie,fm,0.6267
ie,fo,0.5617
ie,fr,0.3622
ie,ga,0.5628
ie,gb-eng,0.6096
ie,gb-nir,0.5947
ie,gb-sct,0.6042
ie,gb-wls,0.5866
ie,gb,0.5855
ie,gd,0.5843
ie,ge,0.6238
ie,gf,0.6989
ie,gg,0.5994
ie,gh,0.6411
ie,gi,0.6574
ie,gl,0.5886
ie,gm,0.6185
ie,gn,0.6234
ie,gp,0.6878
ie,gq,0.5609
ie,gr,0.564
ie,gs,0.6958
ie,gt,0.4904
ie,gu,0.7027
ie,gw,0.6401
ie,gy,0.6078
ie,hk,0.6675
ie,hm,0.7686
ie,hn,0.6384
ie,hr,0.6363
ie,ht,0.6295
ie,hu,0.5563
ie,id,0.645
ie,ie,0.0
ie,il,0.5866
ie,im,0.7026
ie,in,0.5929
ie,io,0.5379
ie,iq,0.667
ie,ir,0.5867
ie,is,0.6372
ie,it,0.3127
ie,je,0.5657
ie,jm,0.6578
ie,jo,0.6812
ie,jp,0.6532
ie,ke,0.6958
ie,kg,0.7611
ie,kh,0.646
ie,ki,0.5906
ie,km,0.5286
ie,kn,0.6366
ie,kp,0.631
ie,kr,0.5787
ie,kw,0.5808
ie,ky,0.7007
ie,kz,0.6666
ie,la,0.6356
ie,lb,0.6166
ie,lc,0.6605
ie,li,0.6994
ie,lk,0.5593
ie,lr,0.5178
ie,ls,0.6339
ie,lt,0.6201
ie,lu,0.5911
ie,lv,0.639
ie,ly,0.7321
ie,ma,0.6996
ie,mc,0.6038
ie,md,0.5319
ie,me,0.7014
ie,mf,0.3622
ie,mg,0.6752
ie,mh,0.6654
ie,mk,0.6086
ie,ml,0.4957
ie,mm,0.539
ie,mn,0.6386
ie,mo,0.6524
ie,mp,0.6615
ie,mq,0.7274
ie,mr,0.6399
ie,ms,0.71
ie,mt,0.5914
ie,mu,0.6171
ie,mv,0.6698
ie,mw,0.6688
ie,mx,0.3551
ie,my,0.5605
ie,mz,0.6668
ie,na,0.6283
ie,nc,0.6337
ie,ne,0.6099
ie,nf,0.5082
ie,ng,0.4802
ie,ni,0.6421
ie,nl,0.5864
ie,no,0.627
ie,np,0.6255
ie,nr,0.7586
ie,nu,0.6141
ie,nz,0.7361
ie,om,0.6319
ie,pa,0.5447
ie,pe,0.5004
ie,pf,0.6097
ie,pg,0.6991
ie,ph,0.6886
ie,pk,0.7542
ie,pl,0.5954
ie,pm,0.6101
ie,pn,0.687
ie,pr,0.5888
ie,ps,0.6621
ie,pt,0.6265
ie,pw,0.7284
ie,py,0.6086
ie,qa,0.703
ie,re,0.6638
ie,ro,0.515
ie,rs,0.5521
ie,ru,0.6073
ie,rw,0.6221
ie,sa,0.7261
ie,sb,0.6438
ie,sc,0.5485
ie,sd,0.6122
ie,se,0.6589
ie,sg,0.5739
ie,sh,0.7184
ie,si,0.6769
ie,sj,0.627
ie,sk,0.5971
ie,sl,0.5886
ie,sm,0.5557
ie,sn,0.4558
ie,so,0.6556
ie,sr,0.5755
ie,ss,0.6401
ie,st,0.6522
ie,sv,0.6544
ie,sx,0.6768
ie,sy,0.6627
ie,sz,0.5798
ie,tc,0.7117
ie,td,0.5372
ie,tf,0.6755
ie,tg,0.6565
ie,th,0.585
ie,tj,0.6307
ie,tk,0.6678
ie,tl,0.65
ie,tm,0.7119
ie,tn,0.7057
ie,to,0.7326
ie,tr,0.7359
ie,tt,0.6731
ie,tv,0.6629
ie,tw,0.7306
ie,tz,0.6801
ie,ua,0.6577
ie,ug,0.6635
ie,um,0.4893
ie,us,0.4893
ie,uy,0.5723
ie,uz,0.5643
ie,va,0.5793
ie,vc,0.5804
ie,ve,0.6391
ie,vg,0.6952
ie,vi,0.5446
ie,vn,0.7842
ie,vu,0.6519
ie,wf,0.6785
ie,ws,0.6696
ie,xk,0.6606
ie,ye,0.6621
ie,yt,0.5726
ie,za,0.6013
ie,zm,0.6842
ie,zw,0.6741
il,ad,0.7411
il,ae,0.6496
il,af,0.7635
il,ag,0.7539
il,ai,0.7143
il,al,0.8992
il,am,0.7638
il,ao,0.8441
il,aq,0.5607
il,ar,0.4402
il,as,0.6529
il,at,0.62
il,au,0.7522
il,aw,0.6156
il,ax,0.6724
il,az,0.6381
il,ba,0.7369
il,bb,0.7527
il,bd,0.7642
il,be,0.7876
il,bf,0.743
il,bg,0.6612
il,bh,0.6681
il,bi,0.6106
il,bj,0.7288
il,bl,0.457
il,bm,0.7015
il,bn,0.688
il,bo,0.68
il,bq,0.6191
il,br,0.714
il,bs,0.7166
il,bt,0.6865
il,bv,0.6915
il,bw,0.6302
il,by,0.747
il,bz,0.6844
il,ca,0.7321
il,cc,0.8574
il,cd,0.6645
il,cf,0.6142
il,cg,0.7141
il,ch,0.8132
il,ci,0.6329
il,ck,0.7344
il,cl,0.6382
il,cm,0.717
il,cn,0.833
il,co,0.7563
il,cr,0.6384
il,cu,0.6124
il,cv,0.6411
il,cw,0.7367
il,cx,0.7416
il,cy,0.4834
il,cz,0.6371
il,de,0.8341
il,dj,0.5425
il,dk,0.693
il,dm,0.7092
il,do,0.624
il,dz,0.6023
il,ec,0.7353
il,ee,0.7195
il,eg,0.6457
il,eh,0.6691
il,er,0.6749
il,es,0.7195
il,et,0.6797
il,fi,0.6108
il,fj,0.5503
il,fk,0.7005
il,fm,0.595
il,fo,0.5293
il,fr,0.6752
il,ga,0.6095
il,gb-eng,0.5524
il,gb-nir,0.5628
il,gb-sct,0.5786
il,gb-wls,0.6017
il,gb,0.5975
il,gd,0.7405
il,ge,0.5907
il,gf,0.7538
il,gg,0.5661
il,gh,0.6965
il,gi,0.5681
il,gl,0.598
il,gm,0.6789
il,gn,0.7309
il,gp,0.8368
il,gq,0.615
il,gr,0.5812
il,gs,0.7239
il,gt,0.5305
il,gu,0.7433
il,gw,0.7293
il,gy,0.658
il,hk,0.7884
il,hm,0.7701
il,hn,0.5051
il,hr,0.5929
il,ht,0.6882
il,hu,0.527
il,id,0.6738
il,ie,0.5866
il,il,0.0
il,im,0.8074
il,in,0.5705
il,io,0.5483
il,iq,0.6479
il,ir,0.548
il,is,0.6223
il,it,0.6325
il,je,0.4896
il,jm,0.8018
il,jo,0.6813
il,jp,0.5259
il,ke,0.7521
il,kg,0.8901
il,kh,0.6521
il,ki,0.6685
il,km,0.5966
il,kn,0.7517
il,kp,0.7025
il,kr,0.4661
il,kw,0.6623
il,ky,0.7218
il,kz,0.6506
il,la,0.7827
il,lb,0.5228
il,lc,0.6041
il,li,0.7622
il,lk,0.6529
il,lr,0.5944
il,ls,0.5044
il,lt,0.7549
il,lu,0.5223
il,lv,0.6712
il,ly,0.8751
il,ma,0.793
il,mc,0.615
il,md,0.7236
il,me,0.8246
il,mf,0.6752
il,mg,0.6139
il,mh,0.6655
il,mk,0.7243
il,ml,0.7356
il,mm,0.7027
il,mn,0.7034
il,mo,0.7216
il,mp,0.6661
il,mq,0.7538
il,mr,0.7346
il,ms,0.7224
il,mt,0.6051
il,mu,0.6978
il,mv,0.776
il,mw,0.7614
il,mx,0.6607
il,my,0.6423
il,mz,0.7437
il,na,0.6931
il,nc,0.6495
il,ne,0.5949
il,nf,0.6674
il,ng,0.661
il,ni,0.5132
il,nl,0.5336
il,no,0.6915
il,np,0.6496
il,nr,0.7776
il,nu,0.7493
il,nz,0.7597
il,om,0.6911
il,pa,0.5979
il,pe,0.7007
il,pf,0.5211
il,pg,0.83
il,ph,0.6325
il,pk,0.7056
il,pl,0.5986
il,pm,0.5861
il,pn,0.7129
il,pr,0.6753
il,ps,0.6533
il,pt,0.8364
il,pw,0.6853
il,py,0.5292
il,qa,0.6463
il,re,0.6625
il,ro,0.7458
il,rs,0.6176
il,ru,0.6512
il,rw,0.6266
il,sa,0.8003
il,sb,0.6923
il,sc,0.6328
il,sd,0.684
il,se,0.6892
il,sg,0.572
il,sh,0.7318
il,si,0.7224
il,sj,0.6915
il,sk,0.6488
il,sl,0.502
il,sm,0.4575
il,sn,0.7271
il,so,0.6278
il,sr,0.6626
il,ss,0.6694
il,st,0.6928
il,sv,0.5356
il,sx,0.6677
il,sy,0.6384
il,sz,0.6956
il,tc,0.7298
il,td,0.7634
il,tf,0.6529
il,tg,0.7007
il,th,0.6708
il,tj,0.5769
il,tk,0.7817
il,tl,0.8019
il,tm,0.7516
il,tn,0.831
il,to,0.8089
il,tr,0.8298
il,tt,0.7533
il,tv,0.6292
il,tw,0.8556
il,tz,0.7179
il,ua,0.7197
il,ug,0.8318
il,um,0.5802
il,us,0.5802
il,uy,0.3788
il,uz,0.4739
il,va,0.6236
il,vc,0.7176
il,ve,0.7714
il,vg,0.7189
il,vi,0.4696
il,vn,0.91
il,vu,0.7688
il,wf,0.7631
il,ws,0.7847
il,xk,0.6867
il,ye,0.6442
il,yt,0.4434
il,za,0.6856
il,zm,0.8202
il,zw,0.778
im,ad,0.4931
im,ae,0.6019
im,af,0.6108
im,ag,0.4254
im,ai,0.6894
im,al,0.5833
im,am,0.5933
im,ao,0.4536
im,aq,0.8508
im,ar,0.7926
im,as,0.6961
im,at,0.4361
im,au,0.6975
im,aw,0.7685
im,ax,0.6782
im,az,0.6767
im,ba,0.7035
im,bb,0.689
im,bd,0.7084
im,be,0.6009
im,bf,0.6422
im,bg,0.7087
im,bh,0.662
im,bi,0.5855
im,bj,0.6277
im,bl,0.8146
im,bm,0.3031
im,bn,0.6888
im,bo,0.6041
im,bq,0.7441
im,br,0.7108
im,bs,0.7025
im,bt,0.6039
im,bv,0.5788
im,bw,0.7591
im,by,0.3752
im,bz,0.6355
im,ca,0.6579
im,cc,0.7622
im,cd,0.7331
im,cf,0.628
im,cg,0.6206
im,ch,0.604
im,ci,0.7116
im,ck,0.676
im,cl,0.669
im,cm,0.5362
im,cn,0.5867
im,co,0.5546
im,cr,0.6873
im,cu,0.701
im,cv,0.7249
im,cw,0.731
im,cx,0.7032
im,cy,0.8699
im,cz,0.6869
im,de,0.6157
im,dj,0.7643
im,dk,0.3475
im,dm,0.6687
im,do,0.5636
im,dz,0.7721
im,ec,0.6179
im,ee,0.7855
im,eg,0.5718
im,eh,0.6697
im,er,0.5943
im,es,0.5547
im,et,0.6046
im,fi,0.809
im,fj,0.7116
im,fk,0.6725
im,fm,0.8144
im,fo,0.7733
im,fr,0.5766
im,ga,0.6965
im,gb-eng,0.7403
im,gb-nir,0.798
im,gb-sct,0.7929
im,gb-wls,0.6751
im,gb,0.5474
im,gd,0.474
im,ge,0.7553
im,gf,0.7041
im,gg,0.7621
im,gh,0.5068
im,gi,0.7283
im,gl,0.5837
im,gm,0.4979
im,gn,0.5249
im,gp,0.6565
im,gq,0.6556
im,gr,0.7678
im,gs,0.6596
im,gt,0.7832
im,gu,0.6895
im,gw,0.5345
im,gy,0.6289
im,hk,0.5724
im,hm,0.7149
im,hn,0.8818
im,hr,0.6601
im,ht,0.4935
im,hu,0.6474
im,id,0.7215
im,ie,0.7026
im,il,0.8074
im,im,0.0
im,in,0.6769
im,io,0.6478
im,iq,0.5689
im,ir,0.6725
im,is,0.6806
im,it,0.6845
im,je,0.7508
im,jm,0.649
im,jo,0.5883
im,jp,0.8549
im,ke,0.6196
im,kg,0.5776
im,kh,0.5911
im,ki,0.5966
im,km,0.6695
im,kn,0.5433
im,kp,0.6084
im,kr,0.8277
im,kw,0.5808
im,ky,0.6707
im,kz,0.8323
im,la,0.4421
im,lb,0.5511
im,lc,0.8561
im,li,0.4569
im,lk,0.5399
im,lr,0.598
im,ls,0.7565
im,lt,0.5958
im,lu,0.7353
im,lv,0.6146
im,ly,0.6418
im,ma,0.572
im,mc,0.5905
im,md,0.5115
im,me,0.5407
im,mf,0.5766
im,mg,0.7035
im,mh,0.7248
im,mk,0.5424
im,ml,0.524
im,mm,0.6034
im,mn,0.586
im,mo,0.7432
im,mp,0.7357
im,mq,0.6392
im,mr,0.6503
im,ms,0.6782
im,mt,0.5774
im,mu,0.6166
im,mv,0.3446
im,mw,0.4903
im,mx,0.569
im,my,0.6271
im,mz,0.5987
im,na,0.5773
im,nc,0.6513
im,ne,0.6896
im,nf,0.7504
im,ng,0.7786
im,ni,0.8155
im,nl,0.6676
im,no,0.5788
im,np,0.5075
im,nr,0.7314
im,nu,0.6885
im,nz,0.694
im,om,0.4914
im,pa,0.7146
im,pe,0.4278
im,pf,0.5392
im,pg,0.4746
im,ph,0.5572
im,pk,0.7438
im,pl,0.5908
im,pm,0.6743
im,pn,0.6561
im,pr,0.6832
im,ps,0.6831
im,pt,0.598
im,pw,0.8875
im,py,0.6849
im,qa,0.6772
im,re,0.7015
im,ro,0.5036
im,rs,0.6636
im,ru,0.7044
im,rw,0.7368
im,sa,0.7339
im,sb,0.6878
im,sc,0.6283
im,sd,0.5695
im,se,0.7091
im,sg,0.7172
im,sh,0.6832
im,si,0.7342
im,sj,0.5788
im,sk,0.6745
im,sl,0.7778
im,sm,0.7975
im,sn,0.6242
im,so,0.818
im,sr,0.6147
im,ss,0.6934
im,st,0.6764
im,sv,0.7852
im,sx,0.6356
im,sy,0.7107
im,sz,0.5866
im,tc,0.684
im,td,0.4976
im,tf,0.7171
im,tg,0.5885
im,th,0.6433
im,tj,0.6989
im,tk,0.6844
im,tl,0.5711
im,tm,0.714
im,tn,0.5769
im,to,0.6241
im,tr,0.585
im,tt,0.3263
im,tv,0.7791
im,tw,0.6034
im,tz,0.7265
im,ua,0.7268
im,ug,0.5931
im,um,0.6186
im,us,0.6186
im,uy,0.7721
im,uz,0.7429
im,va,0.7646
im,vc,0.6566
im,ve,0.5012
im,vg,0.6647
im,vi,0.7872
im,vn,0.5987
im,vu,0.5147
im,wf,0.2575
im,ws,0.2957
im,xk,0.7218
im,ye,0.5816
im,yt,0.818
im,za,0.6382
im,zm,0.6889
im,zw,0.6374
in,ad,0.6331
in,ae,0.4989
in,af,0.592
in,ag,0.6691
in,ai,0.6187
in,al,0.7469
in,am,0.6363
in,ao,0.6298
in,aq,0.6518
in,ar,0.552
in,as,0.59
in,at,0.4727
in,au,0.6555
in,aw,0.659
in,ax,0.6338
in,az,0.6476
in,ba,0.6449
in,bb,0.6773
in,bd,0.6735
in,be,0.6522
in,bf,0.5446
in,bg,0.6568
in,bh,0.6256
in,bi,0.5806
in,bj,0.6125
in,bl,0.6256
in,bm,0.591
in,bn,0.5958
in,bo,0.3736
in,bq,0.5798
in,br,0.6157
in,bs,0.6591
in,bt,0.5647
in,bv,0.5698
in,bw,0.6866
in,by,0.5215
in,bz,0.6331
in,ca,0.6953
in,cc,0.7115
in,cd,0.6705
in,cf,0.5869
in,cg,0.6419
in,ch,0.6664
in,ci,0.6162
in,ck,0.6345
in,cl,0.6445
in,cm,0.604
in,cn,0.6998
in,co,0.5818
in,cr,0.6637
in,cu,0.6292
in,cv,0.668
in,cw,0.7172
in,cx,0.6395
in,cy,0.6675
in,cz,0.6311
in,de,0.7635
in,dj,0.5537
in,dk,0.5816
in,dm,0.5367
in,do,0.5326
in,dz,0.5917
in,ec,0.5721
in,ee,0.8678
in,eg,0.3526
in,eh,0.4762
in,er,0.599
in,es,0.5781
in,et,0.6189
in,fi,0.7413
in,fj,0.5758
in,fk,0.608
in,fm,0.6651
in,fo,0.6766
in,fr,0.6436
in,ga,0.6025
in,gb-eng,0.6994
in,gb-nir,0.7106
in,gb-sct,0.6531
in,gb-wls,0.5249
in,gb,0.5669
in,gd,0.5958
in,ge,0.696
in,gf,0.6967
in,gg,0.6939
in,gh,0.4215
in,gi,0.5633
in,gl,0.61
in,gm,0.483
in,gn,0.6167
in,gp,0.7209
in,gq,0.5265
in,gr,0.5762
in,gs,0.6213
in,gt,0.6281
in,gu,0.6859
in,gw,0.5472
in,gy,0.5805
in,hk,0.6581
in,hm,0.685
in,hn,0.6161
in,hr,0.366
in,ht,0.6813
in,hu,0.3253
in,id,0.6592
in,ie,0.5929
in,il,0.5705
in,im,0.6769
in,in,0.0
in,io,0.541
in,iq,0.3575
in,ir,0.5139
in,is,0.5995
in,it,0.6147
in,je,0.6032
in,jm,0.6867
in,jo,0.4972
in,jp,0.6865
in,ke,0.6346
in,kg,0.7304
in,kh,0.6382
in,ki,0.5568
in,km,0.4883
in,kn,0.671
in,kp,0.6232
in,kr,0.6259
in,kw,0.5705
in,ky,0.6271
in,kz,0.6809
in,la,0.6373
in,lb,0.4885
in,lc,0.694
in,li,0.7236
in,lk,0.5537
in,lr,0.5848
in,ls,0.484
in,lt,0.6093
in,lu,0.3832
in,lv,0.5309
in,ly,0.6838
in,ma,0.6651
in,mc,0.6426
in,md,0.6229
in,me,0.6767
in,mf,0.6436
in,mg,0.4971
in,mh,0.6255
in,mk,0.5861
in,ml,0.613
in,mm,0.5716
in,mn,0.6153
in,mo,0.6612
in,mp,0.6809
in,mq,0.6485
in,mr,0.6143
in,ms,0.6265
in,mt,0.6239
in,mu,0.5496
in,mv,0.615
in,mw,0.6213
in,mx,0.6254
in,my,0.6458
in,mz,0.7316
in,na,0.5987
in,nc,0.6007
in,ne,0.3287
in,nf,0.5849
in,ng,0.6621
in,ni,0.5631
in,nl,0.3495
in,no,0.5698
in,np,0.5767
in,nr,0.7112
in,nu,0.6602
in,nz,0.6602
in,om,0.5838
in,pa,0.5761
in,pe,0.6537
in,pf,0.4846
in,pg,0.6324
in,ph,0.666
in,pk,0.6667
in,pl,0.6238
in,pm,0.5603
in,pn,0.6069
in,pr,0.6393
in,ps,0.501
in,pt,0.674
in,pw,0.7513
in,py,0.3413
in,qa,0.6195
in,re,0.6694
in,ro,0.6335
in,rs,0.6418
in,ru,0.6705
in,rw,0.6451
in,sa,0.6978
in,sb,0.636
in,sc,0.507
in,sd,0.4165
in,se,0.6386
in,sg,0.6123
in,sh,0.6328
in,si,0.7224
in,sj,0.5698
in,sk,0.6462
in,sl,0.4694
in,sm,0.5504
in,sn,0.6129
in,so,0.6867
in,sr,0.63
in,ss,0.595
in,st,0.5956
in,sv,0.5419
in,sx,0.5281
in,sy,0.443
in,sz,0.6042
in,tc,0.6296
in,td,0.6396
in,tf,0.6204
in,tg,0.5901
in,th,0.6606
in,tj,0.369
in,tk,0.7106
in,tl,0.6536
in,tm,0.6571
in,tn,0.6889
in,to,0.6854
in,tr,0.6948
in,tt,0.6376
in,tv,0.6257
in,tw,0.7592
in,tz,0.6379
in,ua,0.746
in,ug,0.7105
in,um,0.5783
in,us,0.5783
in,uy,0.6224
in,uz,0.4823
in,va,0.6407
in,vc,0.5908
in,ve,0.6224
in,vg,0.6198
in,vi,0.614
in,vn,0.753
in,vu,0.5842
in,wf,0.6492
in,ws,0.6982
in,xk,0.6675
in,ye,0.3567
in,yt,0.6251
in,za,0.5526
in,zm,0.6869
in,zw,0.6259
io,ad,0.5861
io,ae,0.5764
io,af,0.5719
io,ag,0.5951
io,ai,0.4946
io,al,0.7362
io,am,0.5854
io,ao,0.6493
io,aq,0.5632
io,ar,0.5188
io,as,0.5755
io,at,0.5902
io,au,0.4963
io,aw,0.5314
io,ax,0.5688
io,az,0.5428
io,ba,0.5839
io,bb,0.5466
io,bd,0.6045
io,be,0.6262
io,bf,0.5797
io,bg,0.5671
io,bh,0.6134
io,bi,0.5218
io,bj,0.5912
io,bl,0.5581
io,bm,0.5357
io,bn,0.6084
io,bo,0.5621
io,bq,0.5404
io,br,0.5761
io,bs,0.5801
io,bt,0.592
io,bv,0.5703
io,bw,0.5507
io,by,0.579
io,bz,0.559
io,ca,0.648
io,cc,0.6848
io,cd,0.5684
io,cf,0.5555
io,cg,0.5825
io,ch,0.7023
io,ci,0.5497
io,ck,0.4691
io,cl,0.5889
io,cm,0.5803
io,cn,0.6906
io,co,0.5981
io,cr,0.5472
io,cu,0.5531
io,cv,0.5514
io,cw,0.547
io,cx,0.542
io,cy,0.6131
io,cz,0.5778
io,de,0.6754
io,dj,0.523
io,dk,0.5939
io,dm,0.587
io,do,0.5407
io,dz,0.5743
io,ec,0.5884
io,ee,0.5979
io,eg,0.5969
io,eh,0.5804
io,er,0.5244
io,es,0.6082
io,et,0.573
io,fi,0.5319
io,fj,0.419
io,fk,0.4715
io,fm,0.5646
io,fo,0.5277
io,fr,0.5678
io,ga,0.5389
io,gb-eng,0.5842
io,gb-nir,0.594
io,gb-sct,0.5358
io,gb-wls,0.52
io,gb,0.4907
io,gd,0.5456
io,ge,0.6023
io,gf,0.6292
io,gg,0.5745
io,gh,0.5693
io,gi,0.6065
io,gl,0.5768
io,gm,0.51
io,gn,0.5646
io,gp,0.6291
io,gq,0.5588
io,gr,0.4931
io,gs,0.4723
io,gt,0.5105
io,gu,0.5362
io,gw,0.5683
io,gy,0.5133
io,hk,0.6567
io,hm,0.5733
io,hn,0.5838
io,hr,0.5615
io,ht,0.5637
io,hu,0.5135
io,id,0.6277
io,ie,0.5379
io,il,0.5483
io,im,0.6478
io,in,0.541
io,io,0.0
io,iq,0.596
io,ir,0.5613
io,is,0.5487
io,it,0.5517
io,je,0.577
io,jm,0.6044
io,jo,0.5795
io,jp,0.6157
io,ke,0.5975
io,kg,0.7389
io,kh,0.5534
io,ki,0.5209
io,km,0.5368
io,kn,0.6067
io,kp,0.5413
io,kr,0.5656
io,kw,0.5805
io,ky,0.4776
io,kz,0.5693
io,la,0.5497
io,lb,0.5692
io,lc,0.5847
io,li,0.5657
io,lk,0.5359
io,lr,0.4656
io,ls,0.5362
io,lt,0.567
io,lu,0.5327
io,lv,0.5885
io,ly,0.6368
io,ma,0.6376
io,mc,0.5766
io,md,0.573
io,me,0.6719
io,mf,0.5678
io,mg,0.564
io,mh,0.5637
io,mk,0.5876
io,ml,0.593
io,mm,0.5621
io,mn,0.5612
io,mo,0.587
io,mp,0.5675
io,mq,0.5837
io,mr,0.5796
io,ms,0.479
io,mt,0.5956
io,mu,0.5301
io,mv,0.5912
io,mw,0.5844
io,mx,0.5503
io,my,0.5276
io,mz,0.5732
io,na,0.5337
io,nc,0.5475
io,ne,0.558
io,nf,0.5599
io,ng,0.5721
io,ni,0.565
io,nl,0.5167
io,no,0.5703
io,np,0.4898
io,nr,0.5691
io,nu,0.6335
io,nz,0.5054
io,om,0.5656
io,pa,0.5721
io,pe,0.6006
io,pf,0.5663
io,pg,0.6409
io,ph,0.5671
io,pk,0.6126
io,pl,0.6032
io,pm,0.4846
io,pn,0.4655
io,pr,0.6193
io,ps,0.5807
io,pt,0.6789
io,pw,0.6338
io,py,0.5335
io,qa,0.5859
io,re,0.566
io,ro,0.568
io,rs,0.4946
io,ru,0.564
io,rw,0.5629
io,sa,0.6397
io,sb,0.5437
io,sc,0.5213
io,sd,0.5885
io,se,0.5823
io,sg,0.5617
io,sh,0.4924
io,si,0.6283
io,sj,0.5703
io,sk,0.5492
io,sl,0.5333
io,sm,0.5046
io,sn,0.5866
io,so,0.5727
io,sr,0.5486
io,ss,0.5612
io,st,0.5883
io,sv,0.5648
io,sx,0.5476
io,sy,0.5999
io,sz,0.5097
io,tc,0.4921
io,td,0.5793
io,tf,0.5301
io,tg,0.568
io,th,0.5251
io,tj,0.5774
io,tk,0.5656
io,tl,0.641
io,tm,0.5866
io,tn,0.6928
io,to,0.6913
io,tr,0.6918
io,tt,0.606
io,tv,0.48
io,tw,0.7184
io,tz,0.5843
io,ua,0.6264
io,ug,0.6383
io,um,0.5231
io,us,0.5231
io,uy,0.522
io,uz,0.5201
io,va,0.6077
io,vc,0.5476
io,ve,0.5611
io,vg,0.4747
io,vi,0.5274
io,vn,0.76
io,vu,0.5678
io,wf,0.6297
io,ws,0.6204
io,xk,0.557
io,ye,0.6027
io,yt,0.5583
io,za,0.5391
io,zm,0.6503
io,zw,0.5995
iq,ad,0.6108
iq,ae,0.3936
iq,af,0.5735
iq,ag,0.577
iq,ai,0.606
iq,al,0.7172
iq,am,0.6519
iq,ao,0.4919
iq,aq,0.7145
iq,ar,0.634
iq,as,0.5766
iq,at,0.3483
iq,au,0.6467
iq,aw,0.7046
iq,ax,0.6482
iq,az,0.6731
iq,ba,0.6577
iq,bb,0.6847
iq,bd,0.6733
iq,be,0.6307
iq,bf,0.5777
iq,bg,0.6946
iq,bh,0.6672
iq,bi,0.6048
iq,bj,0.634
iq,bl,0.7449
iq,bm,0.5164
iq,bn,0.6593
iq,bo,0.4379
iq,bq,0.6368
iq,br,0.6437
iq,bs,0.6398
iq,bt,0.6364
iq,bv,0.5504
iq,bw,0.7317
iq,by,0.5044
iq,bz,0.6147
iq,ca,0.7397
iq,cc,0.7157
iq,cd,0.6903
iq,cf,0.5939
iq,cg,0.6663
iq,ch,0.6502
iq,ci,0.6819
iq,ck,0.6243
iq,cl,0.6591
iq,cm,0.6014
iq,cn,0.6931
iq,co,0.5955
iq,cr,0.7105
iq,cu,0.6514
iq,cv,0.6758
iq,cw,0.7049
iq,cx,0.6378
iq,cy,0.7865
iq,cz,0.656
iq,de,0.7351
iq,dj,0.6218
iq,dk,0.5026
iq,dm,0.5935
iq,do,0.4942
iq,dz,0.6951
iq,ec,0.6169
iq,ee,0.8982
iq,eg,0.0895
iq,eh,0.4482
iq,er,0.6365
iq,es,0.5707
iq,et,0.5998
iq,fi,0.8332
iq,fj,0.6483
iq,fk,0.599
iq,fm,0.7384
iq,fo,0.78
iq,fr,0.6381
iq,ga,0.6364
iq,gb-eng,0.7859
iq,gb-nir,0.8119
iq,gb-sct,0.7121
iq,gb-wls,0.5904
iq,gb,0.5712
iq,gd,0.5832
iq,ge,0.7876
iq,gf,0.7321
iq,gg,0.7959
iq,gh,0.4345
iq,gi,0.5973
iq,gl,0.6169
iq,gm,0.4502
iq,gn,0.6119
iq,gp,0.6485
iq,gq,0.5276
iq,gr,0.634
iq,gs,0.6064
iq,gt,0.7078
iq,gu,0.6586
iq,gw,0.5594
iq,gy,0.6128
iq,hk,0.6486
iq,hm,0.6699
iq,hn,0.681
iq,hr,0.3752
iq,ht,0.6101
iq,hu,0.3581
iq,id,0.7403
iq,ie,0.667
iq,il,0.6479
iq,im,0.5689
iq,in,0.3575
iq,io,0.596
iq,iq,0.0
iq,ir,0.5047
iq,is,0.6009
iq,it,0.6631
iq,je,0.6889
iq,jm,0.6698
iq,jo,0.4348
iq,jp,0.7961
iq,ke,0.5873
iq,kg,0.7057
iq,kh,0.6109
iq,ki,0.6039
iq,km,0.5502
iq,kn,0.6049
iq,kp,0.6337
iq,kr,0.7368
iq,kw,0.5193
iq,ky,0.6165
iq,kz,0.727
iq,la,0.5587
iq,lb,0.4653
iq,lc,0.7726
iq,li,0.6461
iq,lk,0.5863
iq,lr,0.6191
iq,ls,0.4978
iq,lt,0.6412
iq,lu,0.4692
iq,lv,0.5137
iq,ly,0.6391
iq,ma,0.6553
iq,mc,0.6826
iq,md,0.6098
iq,me,0.6654
iq,mf,0.6381
iq,mg,0.6036
iq,mh,0.6286
iq,mk,0.6065
iq,ml,0.6137
iq,mm,0.6152
iq,mn,0.6184
iq,mo,0.6734
iq,mp,0.6785
iq,mq,0.6349
iq,mr,0.6152
iq,ms,0.6121
iq,mt,0.6396
iq,mu,0.5835
iq,mv,0.5594
iq,mw,0.5588
iq,mx,0.6367
iq,my,0.6803
iq,mz,0.7318
iq,na,0.5872
iq,nc,0.6018
iq,ne,0.4113
iq,nf,0.6951
iq,ng,0.7122
iq,ni,0.5831
iq,nl,0.3616
iq,no,0.5504
iq,np,0.5617
iq,nr,0.6843
iq,nu,0.721
iq,nz,0.6441
iq,om,0.6034
iq,pa,0.6352
iq,pe,0.6244
iq,pf,0.4565
iq,pg,0.511
iq,ph,0.6202
iq,pk,0.6824
iq,pl,0.6187
iq,pm,0.5926
iq,pn,0.5945
iq,pr,0.6589
iq,ps,0.4506
iq,pt,0.6539
iq,pw,0.7924
iq,py,0.3734
iq,qa,0.6505
iq,re,0.6689
iq,ro,0.6108
iq,rs,0.7228
iq,ru,0.7125
iq,rw,0.6595
iq,sa,0.6854
iq,sb,0.6348
iq,sc,0.5677
iq,sd,0.2938
iq,se,0.6463
iq,sg,0.7074
iq,sh,0.6174
iq,si,0.7456
iq,sj,0.5504
iq,sk,0.6861
iq,sl,0.5271
iq,sm,0.6674
iq,sn,0.6502
iq,so,0.729
iq,sr,0.677
iq,ss,0.5806
iq,st,0.6239
iq,sv,0.5402
iq,sx,0.5577
iq,sy,0.387
iq,sz,0.6233
iq,tc,0.618
iq,td,0.6115
iq,tf,0.6418
iq,tg,0.6017
iq,th,0.7102
iq,tj,0.3883
iq,tk,0.6974
iq,tl,0.6357
iq,tm,0.6698
iq,tn,0.6668
iq,to,0.6691
iq,tr,0.6758
iq,tt,0.5516
iq,tv,0.6769
iq,tw,0.7267
iq,tz,0.6412
iq,ua,0.7615
iq,ug,0.6875
iq,um,0.6243
iq,us,0.6243
iq,uy,0.7179
iq,uz,0.504
iq,va,0.7472
iq,vc,0.6516
iq,ve,0.626
iq,vg,0.6075
iq,vi,0.7369
iq,vn,0.724
iq,vu,0.5427
iq,wf,0.5591
iq,ws,0.6018
iq,xk,0.6711
iq,ye,0.0946
iq,yt,0.7499
iq,za,0.5611
iq,zm,0.6832
iq,zw,0.6506
ir,ad,0.6306
ir,ae,0.4559
ir,af,0.6214
ir,ag,0.5888
ir,ai,0.668
ir,al,0.7424
ir,am,0.6383
ir,ao,0.7337
ir,aq,0.6414
ir,ar,0.5414
ir,as,0.5688
ir,at,0.4477
ir,au,0.704
ir,aw,0.6385
ir,ax,0.6259
ir,az,0.58
ir,ba,0.6919
ir,bb,0.6835
ir,bd,0.6778
ir,be,0.6516
ir,bf,0.7185
ir,bg,0.6148
ir,bh,0.6192
ir,bi,0.5644
ir,bj,0.5972
ir,bl,0.6252
ir,bm,0.5635
ir,bn,0.6147
ir,bo,0.5992
ir,bq,0.6542
ir,br,0.6329
ir,bs,0.6638
ir,bt,0.5501
ir,bv,0.5706
ir,bw,0.6922
ir,by,0.6859
ir,bz,0.6093
ir,ca,0.6945
ir,cc,0.736
ir,cd,0.6851
ir,cf,0.5016
ir,cg,0.5666
ir,ch,0.6491
ir,ci,0.6113
ir,ck,0.6826
ir,cl,0.5533
ir,cm,0.608
ir,cn,0.6936
ir,co,0.6163
ir,cr,0.6432
ir,cu,0.5974
ir,cv,0.636
ir,cw,0.6985
ir,cx,0.6426
ir,cy,0.6649
ir,cz,0.5491
ir,de,0.6514
ir,dj,0.5786
ir,dk,0.5735
ir,dm,0.6095
ir,do,0.5251
ir,dz,0.6353
ir,ec,0.5837
ir,ee,0.7937
ir,eg,0.4985
ir,eh,0.5228
ir,er,0.6183
ir,es,0.5614
ir,et,0.4335
ir,fi,0.7448
ir,fj,0.6229
ir,fk,0.6533
ir,fm,0.6694
ir,fo,0.6723
ir,fr,0.6347
ir,ga,0.57
ir,gb-eng,0.6936
ir,gb-nir,0.6859
ir,gb-sct,0.6459
ir,gb-wls,0.6325
ir,gb,0.5607
ir,gd,0.5912
ir,ge,0.6864
ir,gf,0.6198
ir,gg,0.6859
ir,gh,0.629
ir,gi,0.4542
ir,gl,0.5659
ir,gm,0.6086
ir,gn,0.6152
ir,gp,0.7019
ir,gq,0.3611
ir,gr,0.5825
ir,gs,0.6668
ir,gt,0.6249
ir,gu,0.6905
ir,gw,0.6544
ir,gy,0.5834
ir,hk,0.6438
ir,hm,0.7332
ir,hn,0.6131
ir,hr,0.5417
ir,ht,0.5435
ir,hu,0.4599
ir,id,0.7257
ir,ie,0.5867
ir,il,0.548
ir,im,0.6725
ir,in,0.5139
ir,io,0.5613
ir,iq,0.5047
ir,ir,0.0
ir,is,0.6024
ir,it,0.6081
ir,je,0.5986
ir,jm,0.6946
ir,jo,0.5526
ir,jp,0.6913
ir,ke,0.6391
ir,kg,0.7206
ir,kh,0.6372
ir,ki,0.601
ir,km,0.5809
ir,kn,0.5957
ir,kp,0.6234
ir,kr,0.6413
ir,kw,0.4343
ir,ky,0.6721
ir,kz,0.6892
ir,la,0.6288
ir,lb,0.4434
ir,lc,0.6819
ir,li,0.6045
ir,lk,0.5612
ir,lr,0.5283
ir,ls,0.487
ir,lt,0.6289
ir,lu,0.6011
ir,lv,0.5261
ir,ly,0.796
ir,ma,0.6668
ir,mc,0.6785
ir,md,0.6277
ir,me,0.6752
ir,mf,0.6347
ir,mg,0.6511
ir,mh,0.6339
ir,mk,0.5894
ir,ml,0.6124
ir,mm,0.5483
ir,mn,0.6241
ir,mo,0.6639
ir,mp,0.6825
ir,mq,0.6144
ir,mr,0.5809
ir,ms,0.6725
ir,mt,0.6145
ir,mu,0.6647
ir,mv,0.6462
ir,mw,0.6563
ir,mx,0.6245
ir,my,0.5829
ir,mz,0.6362
ir,na,0.6163
ir,nc,0.6121
ir,ne,0.5371
ir,nf,0.6545
ir,ng,0.6601
ir,ni,0.5546
ir,nl,0.484
ir,no,0.5706
ir,np,0.5399
ir,nr,0.7139
ir,nu,0.6395
ir,nz,0.7083
ir,om,0.6707
ir,pa,0.6185
ir,pe,0.6412
ir,pf,0.4342
ir,pg,0.7089
ir,ph,0.5321
ir,pk,0.6651
ir,pl,0.558
ir,pm,0.5465
ir,pn,0.6571
ir,pr,0.6138
ir,ps,0.5338
ir,pt,0.6726
ir,pw,0.7503
ir,py,0.5298
ir,qa,0.6204
ir,re,0.5698
ir,ro,0.6295
ir,rs,0.6738
ir,ru,0.635
ir,rw,0.5729
ir,sa,0.7097
ir,sb,0.6274
ir,sc,0.578
ir,sd,0.5512
ir,se,0.6421
ir,sg,0.6553
ir,sh,0.6825
ir,si,0.6507
ir,sj,0.5706
ir,sk,0.5964
ir,sl,0.4895
ir,sm,0.6332
ir,sn,0.6189
ir,so,0.6879
ir,sr,0.6305
ir,ss,0.611
ir,st,0.5967
ir,sv,0.5325
ir,sx,0.6406
ir,sy,0.4298
ir,sz,0.6219
ir,tc,0.6816
ir,td,0.636
ir,tf,0.6587
ir,tg,0.6245
ir,th,0.6491
ir,tj,0.4629
ir,tk,0.6671
ir,tl,0.6548
ir,tm,0.6727
ir,tn,0.6759
ir,to,0.6028
ir,tr,0.6859
ir,tt,0.6396
ir,tv,0.6923
ir,tw,0.6873
ir,tz,0.674
ir,ua,0.6157
ir,ug,0.6217
ir,um,0.5325
ir,us,0.5325
ir,uy,0.6319
ir,uz,0.4526
ir,va,0.6378
ir,vc,0.6297
ir,ve,0.6294
ir,vg,0.6656
ir,vi,0.6265
ir,vn,0.744
ir,vu,0.7169
ir,wf,0.6214
ir,ws,0.6361
ir,xk,0.6663
ir,ye,0.5007
ir,yt,0.6342
ir,za,0.6472
ir,zm,0.6798
ir,zw,0.6248
is,ad,0.6132
is,ae,0.5701
is,af,0.5616
is,ag,0.6279
is,ai,0.5634
is,al,0.7889
is,am,0.6908
is,ao,0.6447
is,aq,0.5982
is,ar,0.5804
is,as,0.5973
is,at,0.6425
is,au,0.5786
is,aw,0.5946
is,ax,0.4824
is,az,0.5225
is,ba,0.6023
is,bb,0.5886
is,bd,0.5759
is,be,0.6704
is,bf,0.6263
is,bg,0.6898
is,bh,0.6956
is,bi,0.6189
is,bj,0.6536
is,bl,0.7018
is,bm,0.6022
is,bn,0.708
is,bo,0.5872
is,bq,0.622
is,br,0.5625
is,bs,0.544
is,bt,0.6995
is,bv,0.5918
is,bw,0.5892
is,by,0.5927
is,bz,0.5666
is,ca,0.7322
is,cc,0.6865
is,cd,0.5903
is,cf,0.6068
is,cg,0.6365
is,ch,0.7702
is,ci,0.6388
is,ck,0.5615
is,cl,0.6627
is,cm,0.627
is,cn,0.7475
is,co,0.6773
is,cr,0.5976
is,cu,0.6041
is,cv,0.5575
is,cw,0.6162
is,cx,0.5651
is,cy,0.7528
is,cz,0.6521
is,de,0.6885
is,dj,0.5856
is,dk,0.6664
is,dm,0.5245
is,do,0.5708
is,dz,0.673
is,ec,0.6822
is,ee,0.6639
is,eg,0.6021
is,eh,0.5577
is,er,0.5564
is,es,0.6631
is,et,0.5817
is,fi,0.7655
is,fj,0.5497
is,fk,0.5504
is,fm,0.6331
is,fo,0.6974
is,fr,0.6249
is,ga,0.5173
is,gb-eng,0.7166
is,gb-nir,0.7258
is,gb-sct,0.6142
is,gb-wls,0.5857
is,gb,0.5471
is,gd,0.6207
is,ge,0.7234
is,gf,0.6755
is,gg,0.726
is,gh,0.5802
is,gi,0.6998
is,gl,0.6734
is,gm,0.5958
is,gn,0.6061
is,gp,0.6088
is,gq,0.5993
is,gr,0.5619
is,gs,0.5491
is,gt,0.5879
is,gu,0.5793
is,gw,0.635
is,gy,0.5337
is,hk,0.7214
is,hm,0.5964
is,hn,0.5807
is,hr,0.6032
is,ht,0.5605
is,hu,0.5718
is,id,0.7502
is,ie,0.6372
is,il,0.6223
is,im,0.6806
is,in,0.5995
is,io,0.5487
is,iq,0.6009
is,ir,0.6024
is,is,0.0
is,it,0.6237
is,je,0.7025
is,jm,0.6331
is,jo,0.5556
is,jp,0.7502
is,ke,0.5876
is,kg,0.7928
is,kh,0.54
is,ki,0.591
is,km,0.5944
is,kn,0.6015
is,kp,0.5818
is,kr,0.7005
is,kw,0.5781
is,ky,0.5582
is,kz,0.5816
is,la,0.6171
is,lb,0.6532
is,lc,0.6538
is,li,0.5949
is,lk,0.5965
is,lr,0.6261
is,ls,0.5403
is,lt,0.6752
is,lu,0.5952
is,lv,0.6223
is,ly,0.6635
is,ma,0.6862
is,mc,0.6904
is,md,0.6008
is,me,0.7346
is,mf,0.6249
is,mg,0.6353
is,mh,0.5466
is,mk,0.6718
is,ml,0.6298
is,mm,0.68
is,mn,0.627
is,mo,0.5808
is,mp,0.5504
is,mq,0.5831
is,mr,0.6218
is,ms,0.5557
is,mt,0.6708
is,mu,0.5949
is,mv,0.6372
is,mw,0.5491
is,mx,0.609
is,my,0.6344
is,mz,0.643
is,na,0.5491
is,nc,0.4955
is,ne,0.6113
is,nf,0.5922
is,ng,0.6127
is,ni,0.5367
is,nl,0.5536
is,no,0.5918
is,np,0.5154
is,nr,0.5942
is,nu,0.7556
is,nz,0.5805
is,om,0.6256
is,pa,0.6643
is,pe,0.685
is,pf,0.6441
is,pg,0.6437
is,ph,0.5886
is,pk,0.6558
is,pl,0.688
is,pm,0.5428
is,pn,0.5428
is,pr,0.6768
is,ps,0.5676
is,pt,0.711
is,pw,0.6232
is,py,0.571
is,qa,0.6428
is,re,0.6042
is,ro,0.6174
is,rs,0.6394
is,ru,0.6864
is,rw,0.567
is,sa,0.6172
is,sb,0.545
is,sc,0.5634
is,sd,0.5916
is,se,0.3037
is,sg,0.6953
is,sh,0.5668
is,si,0.7405
is,sj,0.5918
is,sk,0.6686
is,sl,0.5298
is,sm,0.6257
is,sn,0.6392
is,so,0.6018
is,sr,0.5719
is,ss,0.546
is,st,0.5947
is,sv,0.5282
is,sx,0.5967
is,sy,0.5453
is,sz,0.5608
is,tc,0.567
is,td,0.6238
is,tf,0.545
is,tg,0.6265
is,th,0.634
is,tj,0.6367
is,tk,0.6091
is,tl,0.6847
is,tm,0.5994
is,tn,0.7454
is,to,0.7302
is,tr,0.7417
is,tt,0.6367
is,tv,0.5624
is,tw,0.7474
is,tz,0.5788
is,ua,0.6632
is,ug,0.6957
is,um,0.5527
is,us,0.5527
is,uy,0.638
is,uz,0.525
is,va,0.7447
is,vc,0.5835
is,ve,0.6809
is,vg,0.5518
is,vi,0.6861
is,vn,0.8105
is,vu,0.5951
is,wf,0.6491
is,ws,0.641
is,xk,0.5542
is,ye,0.6099
is,yt,0.7071
is,za,0.5798
is,zm,0.6561
is,zw,0.6638
it,ad,0.5076
it,ae,0.6663
it,af,0.5807
it,ag,0.601
it,ai,0.6904
it,al,0.782
it,am,0.6445
it,ao,0.6951
it,aq,0.589
it,ar,0.6075
it,as,0.6062
it,at,0.6396
it,au,0.7021
it,aw,0.638
it,ax,0.6339
it,az,0.5961
it,ba,0.6244
it,bb,0.5982
it,bd,0.6635
it,be,0.4967
it,bf,0.5943
it,bg,0.6102
it,bh,0.6793
it,bi,0.5552
it,bj,0.4872
it,bl,0.6733
it,bm,0.622
it,bn,0.6318
it,bo,0.6266
it,bq,0.643
it,br,0.5686
it,bs,0.6155
it,bt,0.5799
it,bv,0.6142
it,bw,0.6298
it,by,0.6612
it,bz,0.5947
it,ca,0.6158
it,cc,0.741
it,cd,0.6685
it,cf,0.6166
it,cg,0.4814
it,ch,0.6745
it,ci,0.5408
it,ck,0.6718
it,cl,0.5607
it,cm,0.583
it,cn,0.7212
it,co,0.642
it,cr,0.6103
it,cu,0.6301
it,cv,0.6528
it,cw,0.7005
it,cx,0.6527
it,cy,0.6776
it,cz,0.552
it,de,0.7012
it,dj,0.6454
it,dk,0.6123
it,dm,0.6251
it,do,0.5606
it,dz,0.5821
it,ec,0.624
it,ee,0.6652
it,eg,0.6622
it,eh,0.653
it,er,0.6514
it,es,0.6367
it,et,0.6219
it,fi,0.6595
it,fj,0.5861
it,fk,0.671
it,fm,0.6538
it,fo,0.6194
it,fr,0.3132
it,ga,0.6037
it,gb-eng,0.6693
it,gb-nir,0.6537
it,gb-sct,0.6252
it,gb-wls,0.6074
it,gb,0.5946
it,gd,0.5689
it,ge,0.675
it,gf,0.6963
it,gg,0.6581
it,gh,0.6382
it,gi,0.6999
it,gl,0.6196
it,gm,0.6033
it,gn,0.6417
it,gp,0.635
it,gq,0.5768
it,gr,0.5891
it,gs,0.6651
it,gt,0.504
it,gu,0.6591
it,gw,0.6233
it,gy,0.61
it,hk,0.6582
it,hm,0.7308
it,hn,0.6689
it,hr,0.642
it,ht,0.5993
it,hu,0.5425
it,id,0.6746
it,ie,0.3127
it,il,0.6325
it,im,0.6845
it,in,0.6147
it,io,0.5517
it,iq,0.6631
it,ir,0.6081
it,is,0.6237
it,it,0.0
it,je,0.6252
it,jm,0.633
it,jo,0.6713
it,jp,0.7246
it,ke,0.6585
it,kg,0.7457
it,kh,0.6163
it,ki,0.5881
it,km,0.5394
it,kn,0.6066
it,kp,0.6207
it,kr,0.6395
it,kw,0.5771
it,ky,0.6742
it,kz,0.6662
it,la,0.601
it,lb,0.6395
it,lc,0.6932
it,li,0.6701
it,lk,0.5626
it,lr,0.5406
it,ls,0.6184
it,lt,0.5849
it,lu,0.6171
it,lv,0.6365
it,ly,0.6941
it,ma,0.6003
it,mc,0.6348
it,md,0.5061
it,me,0.6886
it,mf,0.3132
it,mg,0.6895
it,mh,0.6545
it,mk,0.5668
it,ml,0.4642
it,mm,0.552
it,mn,0.5758
it,mo,0.6297
it,mp,0.6245
it,mq,0.7035
it,mr,0.6271
it,ms,0.6801
it,mt,0.5988
it,mu,0.6086
it,mv,0.6498
it,mw,0.6376
it,mx,0.3063
it,my,0.5735
it,mz,0.6594
it,na,0.5885
it,nc,0.5876
it,ne,0.633
it,nf,0.4815
it,ng,0.3588
it,ni,0.655
it,nl,0.5962
it,no,0.6142
it,np,0.616
it,nr,0.7247
it,nu,0.659
it,nz,0.7002
it,om,0.6404
it,pa,0.5672
it,pe,0.48
it,pf,0.6401
it,pg,0.6688
it,ph,0.6756
it,pk,0.7415
it,pl,0.6298
it,pm,0.6134
it,pn,0.6593
it,pr,0.6047
it,ps,0.6558
it,pt,0.5949
it,pw,0.728
it,py,0.6196
it,qa,0.7008
it,re,0.6638
it,ro,0.4856
it,rs,0.5374
it,ru,0.6183
it,rw,0.6264
it,sa,0.6919
it,sb,0.6276
it,sc,0.52
it,sd,0.5986
it,se,0.6426
it,sg,0.6161
it,sh,0.6889
it,si,0.6817
it,sj,0.6142
it,sk,0.6123
it,sl,0.6088
it,sm,0.6119
it,sn,0.4267
it,so,0.6619
it,sr,0.5739
it,ss,0.5987
it,st,0.6555
it,sv,0.6594
it,sx,0.6615
it,sy,0.6525
it,sz,0.568
it,tc,0.6851
it,td,0.5035
it,tf,0.6635
it,tg,0.6579
it,th,0.5881
it,tj,0.6453
it,tk,0.6424
it,tl,0.6337
it,tm,0.6912
it,tn,0.6865
it,to,0.7144
it,tr,0.7221
it,tt,0.6583
it,tv,0.6648
it,tw,0.715
it,tz,0.6592
it,ua,0.6663
it,ug,0.6471
it,um,0.5131
it,us,0.5131
it,uy,0.6051
it,uz,0.5876
it,va,0.6329
it,vc,0.5711
it,ve,0.6314
it,vg,0.668
it,vi,0.6148
it,vn,0.7691
it,vu,0.5981
it,wf,0.6654
it,ws,0.649
it,xk,0.638
it,ye,0.6589
it,yt,0.6468
it,za,0.5791
it,zm,0.6586
it,zw,0.6697
je,ad,0.7147
je,ae,0.7244
je,af,0.8039
je,ag,0.7494
je,ai,0.7995
je,al,0.8567
je,am,0.7441
je,ao,0.8487
je,aq,0.6609
je,ar,0.5078
je,as,0.7334
je,at,0.5863
je,au,0.8226
je,aw,0.6853
je,ax,0.7379
je,az,0.7061
je,ba,0.7859
je,bb,0.7856
je,bd,0.8222
je,be,0.7674
je,bf,0.761
je,bg,0.6325
je,bh,0.6194
je,bi,0.6732
je,bj,0.7275
je,bl,0.3466
je,bm,0.6685
je,bn,0.6384
je,bo,0.715
je,bq,0.6573
je,br,0.7804
je,bs,0.8053
je,bt,0.6375
je,bv,0.6936
je,bw,0.682
je,by,0.7288
je,bz,0.776
je,ca,0.6388
je,cc,0.9035
je,cd,0.7069
je,cf,0.623
je,cg,0.7168
je,ch,0.7697
je,ci,0.6138
je,ck,0.8002
je,cl,0.6258
je,cm,0.703
je,cn,0.7881
je,co,0.7122
je,cr,0.6428
je,cu,0.6932
je,cv,0.758
je,cw,0.8373
je,cx,0.8133
je,cy,0.353
je,cz,0.6209
je,de,0.8197
je,dj,0.6165
je,dk,0.6307
je,dm,0.7681
je,do,0.6256
je,dz,0.6085
je,ec,0.6936
je,ee,0.7202
je,eg,0.683
je,eh,0.7551
je,er,0.6784
je,es,0.7194
je,et,0.7226
je,fi,0.5793
je,fj,0.6093
je,fk,0.7849
je,fm,0.6587
je,fo,0.4776
je,fr,0.6532
je,ga,0.6908
je,gb-eng,0.4503
je,gb-nir,0.4879
je,gb-sct,0.6762
je,gb-wls,0.5941
je,gb,0.6284
je,gd,0.6936
je,ge,0.4979
je,gf,0.7503
je,gg,0.4755
je,gh,0.7121
je,gi,0.5114
je,gl,0.5155
je,gm,0.6977
je,gn,0.7026
je,gp,0.872
je,gq,0.641
je,gr,0.5724
je,gs,0.7962
je,gt,0.563
je,gu,0.8391
je,gw,0.7118
je,gy,0.6831
je,hk,0.7604
je,hm,0.8448
je,hn,0.6434
je,hr,0.631
je,ht,0.7418
je,hu,0.5636
je,id,0.5869
je,ie,0.5657
je,il,0.4896
je,im,0.7508
je,in,0.6032
je,io,0.577
je,iq,0.6889
je,ir,0.5986
je,is,0.7025
je,it,0.6252
je,je,0.0
je,jm,0.846
je,jo,0.7439
je,jp,0.377
je,ke,0.8265
je,kg,0.841
je,kh,0.7718
je,ki,0.6555
je,km,0.6462
je,kn,0.7802
je,kp,0.7198
je,kr,0.3655
je,kw,0.7129
je,ky,0.7988
je,kz,0.7552
je,la,0.7617
je,lb,0.5164
je,lc,0.6599
je,li,0.7774
je,lk,0.6555
je,lr,0.5495
je,ls,0.6433
je,lt,0.7237
je,lu,0.576
je,lv,0.6801
je,ly,0.872
je,ma,0.7775
je,mc,0.5124
je,md,0.705
je,me,0.7888
je,mf,0.6532
je,mg,0.6052
je,mh,0.7486
je,mk,0.7001
je,ml,0.7007
je,mm,0.6564
je,mn,0.7301
je,mo,0.8066
je,mp,0.7997
je,mq,0.8077
je,mr,0.7588
je,ms,0.8041
je,mt,0.5202
je,mu,0.7195
je,mv,0.7473
je,mw,0.7853
je,mx,0.6333
je,my,0.6332
je,mz,0.7409
je,na,0.7089
je,nc,0.7462
je,ne,0.6089
je,nf,0.6991
je,ng,0.6933
je,ni,0.6559
je,nl,0.5996
je,no,0.6936
je,np,0.6687
je,nr,0.8702
je,nu,0.6935
je,nz,0.8318
je,om,0.6467
je,pa,0.572
je,pe,0.6159
je,pf,0.5102
je,pg,0.8394
je,ph,0.6666
je,pk,0.7562
je,pl,0.5209
je,pm,0.6312
je,pn,0.7887
je,pr,0.6873
je,ps,0.7392
je,pt,0.832
je,pw,0.7798
je,py,0.6122
je,qa,0.6388
je,re,0.7115
je,ro,0.7215
je,rs,0.5651
je,ru,0.6384
je,rw,0.7305
je,sa,0.8836
je,sb,0.774
je,sc,0.6262
je,sd,0.732
je,se,0.7664
je,sg,0.4836
je,sh,0.8116
je,si,0.6928
je,sj,0.6936
je,sk,0.6065
je,sl,0.6181
je,sm,0.4515
je,sn,0.7111
je,so,0.7228
je,sr,0.6648
je,ss,0.759
je,st,0.7563
je,sv,0.6753
je,sx,0.6855
je,sy,0.7406
je,sz,0.6991
je,tc,0.8092
je,td,0.7373
je,tf,0.7287
je,tg,0.7248
je,th,0.6382
je,tj,0.6469
je,tk,0.82
je,tl,0.7859
je,tm,0.8156
je,tn,0.8101
je,to,0.7748
je,tr,0.8023
je,tt,0.7226
je,tv,0.7233
je,tw,0.8371
je,tz,0.7638
je,ua,0.7429
je,ug,0.8029
je,um,0.5707
je,us,0.5707
je,uy,0.5072
je,uz,0.5818
je,va,0.5309
je,vc,0.7301
je,ve,0.7205
je,vg,0.7947
je,vi,0.3405
je,vn,0.8623
je,vu,0.7753
je,wf,0.7111
je,ws,0.7567
je,xk,0.7682
je,ye,0.685
je,yt,0.359
je,za,0.7285
je,zm,0.8545
je,zw,0.7144
jm,ad,0.588
jm,ae,0.5962
jm,af,0.4848
jm,ag,0.582
jm,ai,0.6123
jm,al,0.6957
jm,am,0.5604
jm,ao,0.5218
jm,aq,0.7302
jm,ar,0.7598
jm,as,0.6414
jm,at,0.7367
jm,au,0.5955
jm,aw,0.676
jm,ax,0.6098
jm,az,0.5699
jm,ba,0.6091
jm,bb,0.6043
jm,bd,0.4805
jm,be,0.5481
jm,bf,0.5772
jm,bg,0.6651
jm,bh,0.7177
jm,bi,0.5864
jm,bj,0.5829
jm,bl,0.823
jm,bm,0.5989
jm,bn,0.6654
jm,bo,0.5892
jm,bq,0.6861
jm,br,0.5642
jm,bs,0.5205
jm,bt,0.6412
jm,bv,0.6038
jm,bw,0.6434
jm,by,0.5695
jm,bz,0.5805
jm,ca,0.702
jm,cc,0.5835
jm,cd,0.6319
jm,cf,0.6327
jm,cg,0.5389
jm,ch,0.7281
jm,ci,0.6553
jm,ck,0.5814
jm,cl,0.6835
jm,cm,0.5586
jm,cn,0.6845
jm,co,0.6122
jm,cr,0.6572
jm,cu,0.6456
jm,cv,0.646
jm,cw,0.6162
jm,cx,0.5304
jm,cy,0.8733
jm,cz,0.6828
jm,de,0.5611
jm,dj,0.6698
jm,dk,0.685
jm,dm,0.5593
jm,do,0.6722
jm,dz,0.7069
jm,ec,0.6134
jm,ee,0.6305
jm,eg,0.6733
jm,eh,0.5885
jm,er,0.5467
jm,es,0.5687
jm,et,0.5899
jm,fi,0.7396
jm,fj,0.6461
jm,fk,0.5845
jm,fm,0.7469
jm,fo,0.7484
jm,fr,0.6343
jm,ga,0.5928
jm,gb-eng,0.7873
jm,gb-nir,0.7867
jm,gb-sct,0.5908
jm,gb-wls,0.6272
jm,gb,0.5532
jm,gd,0.5042
jm,ge,0.7782
jm,gf,0.6056
jm,gg,0.7621
jm,gh,0.591
jm,gi,0.7859
jm,gl,0.74
jm,gm,0.5594
jm,gn,0.5722
jm,gp,0.4549
jm,gq,0.6387
jm,gr,0.6961
jm,gs,0.5647
jm,gt,0.7148
jm,gu,0.5928
jm,gw,0.5603
jm,gy,0.5211
jm,hk,0.6725
jm,hm,0.6358
jm,hn,0.7896
jm,hr,0.7134
jm,ht,0.577
jm,hu,0.6793
jm,id,0.7815
jm,ie,0.6578
jm,il,0.8018
jm,im,0.649
jm,in,0.6867
jm,io,0.6044
jm,iq,0.6698
jm,ir,0.6946
jm,is,0.6331
jm,it,0.633
jm,je,0.846
jm,jm,0.0
jm,jo,0.5795
jm,jp,0.8721
jm,ke,0.5192
jm,kg,0.6944
jm,kh,0.5763
jm,ki,0.6027
jm,km,0.6234
jm,kn,0.5366
jm,kp,0.5899
jm,kr,0.8419
jm,kw,0.5969
jm,ky,0.5779
jm,kz,0.6634
jm,la,0.5691
jm,lb,0.7593
jm,lc,0.777
jm,li,0.5767
jm,lk,0.5319
jm,lr,0.6605
jm,ls,0.7056
jm,lt,0.4864
jm,lu,0.7397
jm,lv,0.6695
jm,ly,0.484
jm,ma,0.6297
jm,mc,0.7535
jm,md,0.5859
jm,me,0.6285
jm,mf,0.6343
jm,mg,0.6813
jm,mh,0.6205
jm,mk,0.5917
jm,ml,0.5696
jm,mm,0.5915
jm,mn,0.5747
jm,mo,0.5851
jm,mp,0.623
jm,mq,0.5286
jm,mr,0.5767
jm,ms,0.5819
jm,mt,0.7451
jm,mu,0.5538
jm,mv,0.5997
jm,mw,0.5004
jm,mx,0.5803
jm,my,0.6199
jm,mz,0.5316
jm,na,0.5129
jm,nc,0.5419
jm,ne,0.6749
jm,nf,0.6179
jm,ng,0.6579
jm,ni,0.7533
jm,nl,0.6897
jm,no,0.6038
jm,np,0.5343
jm,nr,0.6278
jm,nu,0.6818
jm,nz,0.5986
jm,om,0.6139
jm,pa,0.7175
jm,pe,0.6783
jm,pf,0.7527
jm,pg,0.5213
jm,ph,0.6681
jm,pk,0.6537
jm,pl,0.7604
jm,pm,0.5687
jm,pn,0.5603
jm,pr,0.7373
jm,ps,0.609
jm,pt,0.6053
jm,pw,0.7404
jm,py,0.7073
jm,qa,0.6916
jm,re,0.6741
jm,ro,0.5762
jm,rs,0.626
jm,ru,0.6715
jm,rw,0.6161
jm,sa,0.5682
jm,sb,0.5119
jm,sc,0.5974
jm,sd,0.6073
jm,se,0.6159
jm,sg,0.7611
jm,sh,0.5957
jm,si,0.7472
jm,sj,0.6038
jm,sk,0.6702
jm,sl,0.7007
jm,sm,0.7537
jm,sn,0.5782
jm,so,0.7185
jm,sr,0.5491
jm,ss,0.5656
jm,st,0.5603
jm,sv,0.7358
jm,sx,0.6322
jm,sy,0.6304
jm,sz,0.518
jm,tc,0.5955
jm,td,0.5709
jm,tf,0.6293
jm,tg,0.5163
jm,th,0.6175
jm,tj,0.7252
jm,tk,0.5503
jm,tl,0.5737
jm,tm,0.55
jm,tn,0.6826
jm,to,0.6848
jm,tr,0.685
jm,tt,0.6138
jm,tv,0.6592
jm,tw,0.6691
jm,tz,0.5721
jm,ua,0.655
jm,ug,0.5385
jm,um,0.6192
jm,us,0.6192
jm,uy,0.7365
jm,uz,0.6952
jm,va,0.7548
jm,vc,0.5631
jm,ve,0.578
jm,vg,0.5694
jm,vi,0.7799
jm,vn,0.7169
jm,vu,0.4859
jm,wf,0.6408
jm,ws,0.6085
jm,xk,0.6107
jm,ye,0.6843
jm,yt,0.8239
jm,za,0.5413
jm,zm,0.5365
jm,zw,0.5871
jo,ad,0.6235
jo,ae,0.3432
jo,af,0.4764
jo,ag,0.5045
jo,ai,0.5855
jo,al,0.7195
jo,am,0.6406
jo,ao,0.5384
jo,aq,0.6877
jo,ar,0.6519
jo,as,0.5435
jo,at,0.5179
jo,au,0.6211
jo,aw,0.6691
jo,ax,0.5811
jo,az,0.5785
jo,ba,0.6437
jo,bb,0.6455
jo,bd,0.6006
jo,be,0.6099
jo,bf,0.5896
jo,bg,0.778
jo,bh,0.7342
jo,bi,0.6295
jo,bj,0.6605
jo,bl,0.7747
jo,bm,0.5544
jo,bn,0.6658
jo,bo,0.4617
jo,bq,0.7065
jo,br,0.5735
jo,bs,0.4979
jo,bt,0.6648
jo,bv,0.5758
jo,bw,0.6912
jo,by,0.4798
jo,bz,0.5887
jo,ca,0.7402
jo,cc,0.6445
jo,cd,0.6392
jo,cf,0.5868
jo,cg,0.6514
jo,ch,0.6858
jo,ci,0.6362
jo,ck,0.6037
jo,cl,0.6991
jo,cm,0.6117
jo,cn,0.7016
jo,co,0.6632
jo,cr,0.6615
jo,cu,0.5849
jo,cv,0.5877
jo,cw,0.6254
jo,cx,0.5679
jo,cy,0.8209
jo,cz,0.7429
jo,de,0.5755
jo,dj,0.644
jo,dk,0.5744
jo,dm,0.4769
jo,do,0.529
jo,dz,0.6281
jo,ec,0.6744
jo,ee,0.7541
jo,eg,0.4362
jo,eh,0.2084
jo,er,0.5394
jo,es,0.5785
jo,et,0.5457
jo,fi,0.8136
jo,fj,0.6197
jo,fk,0.5777
jo,fm,0.7252
jo,fo,0.7732
jo,fr,0.6435
jo,ga,0.5411
jo,gb-eng,0.7956
jo,gb-nir,0.8102
jo,gb-sct,0.6802
jo,gb-wls,0.652
jo,gb,0.5637
jo,gd,0.6014
jo,ge,0.7924
jo,gf,0.6393
jo,gg,0.792
jo,gh,0.4527
jo,gi,0.7413
jo,gl,0.7101
jo,gm,0.5014
jo,gn,0.552
jo,gp,0.579
jo,gq,0.5393
jo,gr,0.6252
jo,gs,0.5849
jo,gt,0.7029
jo,gu,0.5993
jo,gw,0.5572
jo,gy,0.5014
jo,hk,0.6617
jo,hm,0.6493
jo,hn,0.6517
jo,hr,0.5275
jo,ht,0.5533
jo,hu,0.4835
jo,id,0.7044
jo,ie,0.6812
jo,il,0.6813
jo,im,0.5883
jo,in,0.4972
jo,io,0.5795
jo,iq,0.4348
jo,ir,0.5526
jo,is,0.5556
jo,it,0.6713
jo,je,0.7439
jo,jm,0.5795
jo,jo,0.0
jo,jp,0.8365
jo,ke,0.4773
jo,kg,0.7155
jo,kh,0.521
jo,ki,0.5641
jo,km,0.6195
jo,kn,0.5732
jo,kp,0.5913
jo,kr,0.7806
jo,kw,0.4234
jo,ky,0.5908
jo,kz,0.6635
jo,la,0.5696
jo,lb,0.5972
jo,lc,0.7663
jo,li,0.5736
jo,lk,0.5827
jo,lr,0.6263
jo,ls,0.4962
jo,lt,0.682
jo,lu,0.5541
jo,lv,0.5583
jo,ly,0.5973
jo,ma,0.6477
jo,mc,0.6429
jo,md,0.6322
jo,me,0.6609
jo,mf,0.6435
jo,mg,0.6601
jo,mh,0.5749
jo,mk,0.6137
jo,ml,0.6341
jo,mm,0.6588
jo,mn,0.5851
jo,mo,0.596
jo,mp,0.6214
jo,mq,0.5373
jo,mr,0.6177
jo,ms,0.589
jo,mt,0.7335
jo,mu,0.5568
jo,mv,0.5547
jo,mw,0.4275
jo,mx,0.6506
jo,my,0.612
jo,mz,0.6194
jo,na,0.5227
jo,nc,0.5121
jo,ne,0.5192
jo,nf,0.622
jo,ng,0.6753
jo,ni,0.5752
jo,nl,0.4718
jo,no,0.5758
jo,np,0.5234
jo,nr,0.6137
jo,nu,0.7154
jo,nz,0.6228
jo,om,0.6172
jo,pa,0.6782
jo,pe,0.6375
jo,pf,0.5852
jo,pg,0.5503
jo,ph,0.6237
jo,pk,0.6488
jo,pl,0.7359
jo,pm,0.5575
jo,pn,0.5709
jo,pr,0.7277
jo,ps,0.273
jo,pt,0.6729
jo,pw,0.7441
jo,py,0.5078
jo,qa,0.7014
jo,re,0.6921
jo,ro,0.62
jo,rs,0.6726
jo,ru,0.7832
jo,rw,0.6137
jo,sa,0.6129
jo,sb,0.6005
jo,sc,0.5318
jo,sd,0.4118
jo,se,0.5855
jo,sg,0.6859
jo,sh,0.5961
jo,si,0.8263
jo,sj,0.5758
jo,sk,0.7611
jo,sl,0.5194
jo,sm,0.7364
jo,sn,0.6577
jo,so,0.6962
jo,sr,0.597
jo,ss,0.5228
jo,st,0.522
jo,sv,0.5426
jo,sx,0.5978
jo,sy,0.3992
jo,sz,0.546
jo,tc,0.5963
jo,td,0.615
jo,tf,0.6352
jo,tg,0.5574
jo,th,0.691
jo,tj,0.5192
jo,tk,0.6077
jo,tl,0.6571
jo,tm,0.5953
jo,tn,0.6718
jo,to,0.7252
jo,tr,0.6963
jo,tt,0.5542
jo,tv,0.6385
jo,tw,0.7177
jo,tz,0.5635
jo,ua,0.6712
jo,ug,0.6164
jo,um,0.6022
jo,us,0.6022
jo,uy,0.7304
jo,uz,0.539
jo,va,0.7496
jo,vc,0.6073
jo,ve,0.6763
jo,vg,0.5815
jo,vi,0.7566
jo,vn,0.7344
jo,vu,0.5202
jo,wf,0.5891
jo,ws,0.5936
jo,xk,0.6191
jo,ye,0.4385
jo,yt,0.7905
jo,za,0.5547
jo,zm,0.6205
jo,zw,0.6433
jp,ad,0.8108
jp,ae,0.8196
jp,af,0.8778
jp,ag,0.8787
jp,ai,0.8386
jp,al,0.9102
jp,am,0.8045
jp,ao,0.9277
jp,aq,0.7055
jp,ar,0.5433
jp,as,0.7979
jp,at,0.7215
jp,au,0.8561
jp,aw,0.715
jp,ax,0.7703
jp,az,0.7311
jp,ba,0.8424
jp,bb,0.8496
jp,bd,0.8666
jp,be,0.8588
jp,bf,0.8138
jp,bg,0.6422
jp,bh,0.6215
jp,bi,0.6862
jp,bj,0.7773
jp,bl,0.2582
jp,bm,0.7444
jp,bn,0.6691
jp,bo,0.7908
jp,bq,0.6799
jp,br,0.8255
jp,bs,0.8518
jp,bt,0.6969
jp,bv,0.7431
jp,bw,0.6855
jp,by,0.803
jp,bz,0.859
jp,ca,0.6958
jp,cc,0.9511
jp,cd,0.7595
jp,cf,0.6719
jp,cg,0.772
jp,ch,0.8915
jp,ci,0.7048
jp,ck,0.8396
jp,cl,0.6646
jp,cm,0.7441
jp,cn,0.8444
jp,co,0.7766
jp,cr,0.6726
jp,cu,0.7428
jp,cv,0.8112
jp,cw,0.88
jp,cx,0.8606
jp,cy,0.2703
jp,cz,0.6428
jp,de,0.8711
jp,dj,0.6258
jp,dk,0.7595
jp,dm,0.8171
jp,do,0.7444
jp,dz,0.6203
jp,ec,0.7495
jp,ee,0.6963
jp,eg,0.7959
jp,eh,0.8447
jp,er,0.7206
jp,es,0.7991
jp,et,0.7928
jp,fi,0.52
jp,fj,0.6434
jp,fk,0.8206
jp,fm,0.686
jp,fo,0.4149
jp,fr,0.779
jp,ga,0.7376
jp,gb-eng,0.365
jp,gb-nir,0.4018
jp,gb-sct,0.6471
jp,gb-wls,0.583
jp,gb,0.6548
jp,gd,0.7709
jp,ge,0.4513
jp,gf,0.7982
jp,gg,0.3876
jp,gh,0.7964
jp,gi,0.5193
jp,gl,0.5705
jp,gm,0.7765
jp,gn,0.792
jp,gp,0.9347
jp,gq,0.732
jp,gr,0.5828
jp,gs,0.8368
jp,gt,0.6156
jp,gu,0.8903
jp,gw,0.7893
jp,gy,0.7342
jp,hk,0.8462
jp,hm,0.8771
jp,hn,0.6726
jp,hr,0.7294
jp,ht,0.8321
jp,hu,0.6583
jp,id,0.6319
jp,ie,0.6532
jp,il,0.5259
jp,im,0.8549
jp,in,0.6865
jp,io,0.6157
jp,iq,0.7961
jp,ir,0.6913
jp,is,0.7502
jp,it,0.7246
jp,je,0.377
jp,jm,0.8721
jp,jo,0.8365
jp,jp,0.0
jp,ke,0.8875
jp,kg,0.9171
jp,kh,0.8331
jp,ki,0.7224
jp,km,0.701
jp,kn,0.8396
jp,kp,0.752
jp,kr,0.312
jp,kw,0.8104
jp,ky,0.8337
jp,kz,0.7831
jp,la,0.8565
jp,lb,0.6336
jp,lc,0.6596
jp,li,0.844
jp,lk,0.7116
jp,lr,0.5943
jp,ls,0.7102
jp,lt,0.7718
jp,lu,0.6524
jp,lv,0.765
jp,ly,0.9118
jp,ma,0.8336
jp,mc,0.583
jp,md,0.7846
jp,me,0.86
jp,mf,0.779
jp,mg,0.6032
jp,mh,0.7991
jp,mk,0.7445
jp,ml,0.7901
jp,mm,0.7427
jp,mn,0.7971
jp,mo,0.8652
jp,mp,0.8615
jp,mq,0.8548
jp,mr,0.8259
jp,ms,0.8446
jp,mt,0.5801
jp,mu,0.7743
jp,mv,0.8361
jp,mw,0.8576
jp,mx,0.7487
jp,my,0.6685
jp,mz,0.7807
jp,na,0.7834
jp,nc,0.7916
jp,ne,0.6878
jp,nf,0.7677
jp,ng,0.7753
jp,ni,0.7088
jp,nl,0.6796
jp,no,0.7431
jp,np,0.7178
jp,nr,0.9136
jp,nu,0.737
jp,nz,0.8706
jp,om,0.6971
jp,pa,0.6162
jp,pe,0.7649
jp,pf,0.6275
jp,pg,0.9101
jp,ph,0.724
jp,pk,0.7774
jp,pl,0.5617
jp,pm,0.678
jp,pn,0.8299
jp,pr,0.7534
jp,ps,0.8291
jp,pt,0.8979
jp,pw,0.7997
jp,py,0.7013
jp,qa,0.6356
jp,re,0.7438
jp,ro,0.8176
jp,rs,0.5933
jp,ru,0.6406
jp,rw,0.7723
jp,sa,0.9365
jp,sb,0.8059
jp,sc,0.6957
jp,sd,0.8362
jp,se,0.8146
jp,sg,0.5164
jp,sh,0.851
jp,si,0.7086
jp,sj,0.7431
jp,sk,0.6133
jp,sl,0.6835
jp,sm,0.4122
jp,sn,0.7963
jp,so,0.7524
jp,sr,0.6832
jp,ss,0.8193
jp,st,0.8106
jp,sv,0.7376
jp,sx,0.7365
jp,sy,0.8247
jp,sz,0.7434
jp,tc,0.8495
jp,td,0.8323
jp,tf,0.7538
jp,tg,0.7857
jp,th,0.6553
jp,tj,0.749
jp,tk,0.8745
jp,tl,0.8407
jp,tm,0.8587
jp,tn,0.9023
jp,to,0.8271
jp,tr,0.8579
jp,tt,0.8058
jp,tv,0.7507
jp,tw,0.8832
jp,tz,0.8157
jp,ua,0.7824
jp,ug,0.8658
jp,um,0.6198
jp,us,0.6198
jp,uy,0.5297
jp,uz,0.637
jp,va,0.5544
jp,vc,0.7937
jp,ve,0.7852
jp,vg,0.8333
jp,vi,0.298
jp,vn,0.9309
jp,vu,0.843
jp,wf,0.7981
jp,ws,0.8391
jp,xk,0.8108
jp,ye,0.7986
jp,yt,0.2651
jp,za,0.7921
jp,zm,0.9062
jp,zw,0.7522
ke,ad,0.5814
ke,ae,0.5518
ke,af,0.4525
ke,ag,0.5213
ke,ai,0.5694
ke,al,0.6532
ke,am,0.6144
ke,ao,0.4766
ke,aq,0.7459
ke,ar,0.7481
ke,as,0.6141
ke,at,0.6946
ke,au,0.5823
ke,aw,0.7005
ke,ax,0.5348
ke,az,0.5257
ke,ba,0.6141
ke,bb,0.5889
ke,bd,0.5387
ke,be,0.556
ke,bf,0.5565
ke,bg,0.7603
ke,bh,0.6974
ke,bi,0.6642
ke,bj,0.5943
ke,bl,0.8463
ke,bm,0.5757
ke,bn,0.6944
ke,bo,0.5128
ke,bq,0.7038
ke,br,0.527
ke,bs,0.5085
ke,bt,0.6659
ke,bv,0.602
ke,bw,0.668
ke,by,0.4994
ke,bz,0.5762
ke,ca,0.7175
ke,cc,0.582
ke,cd,0.6778
ke,cf,0.5904
ke,cg,0.596
ke,ch,0.7151
ke,ci,0.693
ke,ck,0.5691
ke,cl,0.7029
ke,cm,0.5746
ke,cn,0.6566
ke,co,0.6575
ke,cr,0.589
ke,cu,0.5933
ke,cv,0.5792
ke,cw,0.5718
ke,cx,0.5408
ke,cy,0.8984
ke,cz,0.725
ke,de,0.4802
ke,dj,0.68
ke,dk,0.6678
ke,dm,0.4966
ke,do,0.6356
ke,dz,0.7168
ke,ec,0.6668
ke,ee,0.6776
ke,eg,0.5928
ke,eh,0.4817
ke,er,0.5268
ke,es,0.5175
ke,et,0.541
ke,fi,0.7985
ke,fj,0.6627
ke,fk,0.557
ke,fm,0.7703
ke,fo,0.785
ke,fr,0.6543
ke,ga,0.5507
ke,gb-eng,0.8083
ke,gb-nir,0.8151
ke,gb-sct,0.7426
ke,gb-wls,0.6347
ke,gb,0.5665
ke,gd,0.577
ke,ge,0.7724
ke,gf,0.6176
ke,gg,0.7797
ke,gh,0.5078
ke,gi,0.7828
ke,gl,0.7653
ke,gm,0.5113
ke,gn,0.5807
ke,gp,0.4723
ke,gq,0.6329
ke,gr,0.7102
ke,gs,0.5413
ke,gt,0.7421
ke,gu,0.5712
ke,gw,0.582
ke,gy,0.52
ke,hk,0.6567
ke,hm,0.6173
ke,hn,0.7533
ke,hr,0.6447
ke,ht,0.5605
ke,hu,0.6192
ke,id,0.7589
ke,ie,0.6958
ke,il,0.7521
ke,im,0.6196
ke,in,0.6346
ke,io,0.5975
ke,iq,0.5873
ke,ir,0.6391
ke,is,0.5876
ke,it,0.6585
ke,je,0.8265
ke,jm,0.5192
ke,jo,0.4773
ke,jp,0.8875
ke,ke,0.0
ke,kg,0.6704
ke,kh,0.4955
ke,ki,0.58
ke,km,0.612
ke,kn,0.4843
ke,kp,0.5441
ke,kr,0.8483
ke,kw,0.5941
ke,ky,0.5552
ke,kz,0.6873
ke,la,0.6162
ke,lb,0.6827
ke,lc,0.7999
ke,li,0.5504
ke,lk,0.5417
ke,lr,0.6177
ke,ls,0.5619
ke,lt,0.633
ke,lu,0.6918
ke,lv,0.6375
ke,ly,0.5146
ke,ma,0.5825
ke,mc,0.7346
ke,md,0.5739
ke,me,0.6094
ke,mf,0.6543
ke,mg,0.6741
ke,mh,0.5975
ke,mk,0.5937
ke,ml,0.5819
ke,mm,0.6804
ke,mn,0.5607
ke,mo,0.5946
ke,mp,0.6026
ke,mq,0.5076
ke,mr,0.6002
ke,ms,0.5599
ke,mt,0.7483
ke,mu,0.5243
ke,mv,0.5981
ke,mw,0.3566
ke,mx,0.6312
ke,my,0.6089
ke,mz,0.5117
ke,na,0.5233
ke,nc,0.4531
ke,ne,0.6089
ke,nf,0.6544
ke,ng,0.6894
ke,ni,0.6903
ke,nl,0.6227
ke,no,0.602
ke,np,0.5037
ke,nr,0.5787
ke,nu,0.7019
ke,nz,0.5804
ke,om,0.6167
ke,pa,0.7135
ke,pe,0.7
ke,pf,0.6719
ke,pg,0.4788
ke,ph,0.6131
ke,pk,0.6319
ke,pl,0.7881
ke,pm,0.5739
ke,pn,0.5345
ke,pr,0.6772
ke,ps,0.5016
ke,pt,0.5398
ke,pw,0.7651
ke,py,0.6447
ke,qa,0.6716
ke,re,0.6835
ke,ro,0.5751
ke,rs,0.6743
ke,ru,0.7568
ke,rw,0.6022
ke,sa,0.5518
ke,sb,0.552
ke,sc,0.5484
ke,sd,0.5692
ke,se,0.5716
ke,sg,0.7503
ke,sh,0.5619
ke,si,0.809
ke,sj,0.602
ke,sk,0.748
ke,sl,0.6524
ke,sm,0.7869
ke,sn,0.5913
ke,so,0.7398
ke,sr,0.5334
ke,ss,0.413
ke,st,0.49
ke,sv,0.6575
ke,sx,0.5477
ke,sy,0.5423
ke,sz,0.524
ke,tc,0.5614
ke,td,0.5656
ke,tf,0.6238
ke,tg,0.5182
ke,th,0.6191
ke,tj,0.5739
ke,tk,0.5623
ke,tl,0.586
ke,tm,0.5557
ke,tn,0.6559
ke,to,0.6594
ke,tr,0.6452
ke,tt,0.5637
ke,tv,0.6711
ke,tw,0.6393
ke,tz,0.5417
ke,ua,0.6545
ke,ug,0.5288
ke,um,0.6352
ke,us,0.6352
ke,uy,0.7616
ke,uz,0.6549
ke,va,0.8009
ke,vc,0.5736
ke,ve,0.657
ke,vg,0.5458
ke,vi,0.8177
ke,vn,0.691
ke,vu,0.4709
ke,wf,0.61
ke,ws,0.574
ke,xk,0.6109
ke,ye,0.6077
ke,yt,0.8456
ke,za,0.5456
ke,zm,0.5333
ke,zw,0.5184
kg,ad,0.6223
kg,ae,0.7224
kg,af,0.6685
kg,ag,0.6237
kg,ai,0.7825
kg,al,0.2183
kg,am,0.6321
kg,ao,0.6261
kg,aq,0.9502
kg,ar,0.8745
kg,as,0.7678
kg,at,0.6709
kg,au,0.7837
kg,aw,0.8661
kg,ax,0.742
kg,az,0.7519
kg,ba,0.777
kg,bb,0.7519
kg,bd,0.7836
kg,be,0.6111
kg,bf,0.6891
kg,bg,0.7665
kg,bh,0.6864
kg,bi,0.7082
kg,bj,0.6688
kg,bl,0.8833
kg,bm,0.5861
kg,bn,0.7223
kg,bo,0.6381
kg,bq,0.8255
kg,br,0.7896
kg,bs,0.7765
kg,bt,0.5985
kg,bv,0.627
kg,bw,0.8459
kg,by,0.6196
kg,bz,0.7098
kg,ca,0.5202
kg,cc,0.8158
kg,cd,0.8597
kg,cf,0.7158
kg,cg,0.6541
kg,ch,0.3214
kg,ci,0.7627
kg,ck,0.7717
kg,cl,0.7127
kg,cm,0.6636
kg,cn,0.5724
kg,co,0.6421
kg,cr,0.7468
kg,cu,0.7753
kg,cv,0.8184
kg,cw,0.817
kg,cx,0.7835
kg,cy,0.9226
kg,cz,0.7413
kg,de,0.626
kg,dj,0.8487
kg,dk,0.6335
kg,dm,0.7477
kg,do,0.7075
kg,dz,0.8462
kg,ec,0.6405
kg,ee,0.8674
kg,eg,0.7043
kg,eh,0.7326
kg,er,0.6576
kg,es,0.5392
kg,et,0.6543
kg,fi,0.8858
kg,fj,0.8123
kg,fk,0.7679
kg,fm,0.9069
kg,fo,0.8398
kg,fr,0.7191
kg,ga,0.7623
kg,gb-eng,0.8469
kg,gb-nir,0.8492
kg,gb-sct,0.8876
kg,gb-wls,0.7521
kg,gb,0.6895
kg,gd,0.5949
kg,ge,0.7278
kg,gf,0.7373
kg,gg,0.8051
kg,gh,0.6319
kg,gi,0.7665
kg,gl,0.7454
kg,gm,0.6609
kg,gn,0.6464
kg,gp,0.7122
kg,gq,0.7043
kg,gr,0.8614
kg,gs,0.754
kg,gt,0.8708
kg,gu,0.7812
kg,gw,0.6495
kg,gy,0.682
kg,hk,0.5632
kg,hm,0.7977
kg,hn,0.9833
kg,hr,0.642
kg,ht,0.6764
kg,hu,0.7058
kg,id,0.6339
kg,ie,0.7611
kg,il,0.8901
kg,im,0.5776
kg,in,0.7304
kg,io,0.7389
kg,iq,0.7057
kg,ir,0.7206
kg,is,0.7928
kg,it,0.7457
kg,je,0.841
kg,jm,0.6944
kg,jo,0.7155
kg,jp,0.9171
kg,ke,0.6704
kg,kg,0.0
kg,kh,0.6845
kg,ki,0.6371
kg,km,0.7318
kg,kn,0.6724
kg,kp,0.6562
kg,kr,0.8962
kg,kw,0.7146
kg,ky,0.7648
kg,kz,0.9361
kg,la,0.6459
kg,lb,0.7107
kg,lc,0.9444
kg,li,0.6691
kg,lk,0.5637
kg,lr,0.6805
kg,ls,0.8367
kg,lt,0.6298
kg,lu,0.8064
kg,lv,0.6557
kg,ly,0.6431
kg,ma,0.5902
kg,mc,0.7546
kg,md,0.648
kg,me,0.1929
kg,mf,0.7191
kg,mg,0.7568
kg,mh,0.8134
kg,mk,0.5465
kg,ml,0.6402
kg,mm,0.6279
kg,mn,0.642
kg,mo,0.8324
kg,mp,0.8353
kg,mq,0.701
kg,mr,0.7041
kg,ms,0.774
kg,mt,0.7466
kg,mu,0.6639
kg,mv,0.6123
kg,mw,0.6449
kg,mx,0.7109
kg,my,0.6805
kg,mz,0.6825
kg,na,0.7118
kg,nc,0.7158
kg,ne,0.7314
kg,nf,0.8253
kg,ng,0.8594
kg,ni,0.9117
kg,nl,0.734
kg,no,0.627
kg,np,0.6398
kg,nr,0.8157
kg,nu,0.6926
kg,nz,0.7876
kg,om,0.6773
kg,pa,0.7728
kg,pe,0.6541
kg,pf,0.6998
kg,pg,0.6348
kg,ph,0.7272
kg,pk,0.8157
kg,pl,0.7573
kg,pm,0.751
kg,pn,0.7495
kg,pr,0.639
kg,ps,0.7474
kg,pt,0.439
kg,pw,0.9782
kg,py,0.7495
kg,qa,0.7288
kg,re,0.7315
kg,ro,0.6271
kg,rs,0.7291
kg,ru,0.7722
kg,rw,0.8173
kg,sa,0.811
kg,sb,0.7763
kg,sc,0.6812
kg,sd,0.7025
kg,se,0.78
kg,sg,0.7571
kg,sh,0.7767
kg,si,0.7366
kg,sj,0.627
kg,sk,0.7326
kg,sl,0.8669
kg,sm,0.8806
kg,sn,0.6515
kg,so,0.9226
kg,sr,0.6709
kg,ss,0.7692
kg,st,0.7156
kg,sv,0.8774
kg,sx,0.6955
kg,sy,0.7823
kg,sz,0.6417
kg,tc,0.7753
kg,td,0.6166
kg,tf,0.8095
kg,tg,0.6725
kg,th,0.7036
kg,tj,0.7453
kg,tk,0.745
kg,tl,0.5747
kg,tm,0.789
kg,tn,0.1979
kg,to,0.6294
kg,tr,0.22
kg,tt,0.5951
kg,tv,0.8912
kg,tw,0.3692
kg,tz,0.8053
kg,ua,0.782
kg,ug,0.606
kg,um,0.682
kg,us,0.682
kg,uy,0.8557
kg,uz,0.8281
kg,va,0.7908
kg,vc,0.7057
kg,ve,0.6389
kg,vg,0.7587
kg,vi,0.8484
kg,vn,0.0992
kg,vu,0.6578
kg,wf,0.5929
kg,ws,0.6148
kg,xk,0.8127
kg,ye,0.7164
kg,yt,0.8825
kg,za,0.7067
kg,zm,0.7344
kg,zw,0.6718
kh,ad,0.5703
kh,ae,0.5513
kh,af,0.5382
kh,ag,0.5263
kh,ai,0.5699
kh,al,0.6922
kh,am,0.6364
kh,ao,0.5561
kh,aq,0.6664
kh,ar,0.6622
kh,as,0.5561
kh,at,0.6462
kh,au,0.5755
kh,aw,0.6386
kh,ax,0.5261
kh,az,0.5098
kh,ba,0.5852
kh,bb,0.6012
kh,bd,0.5767
kh,be,0.6033
kh,bf,0.5939
kh,bg,0.7232
kh,bh,0.6913
kh,bi,0.6356
kh,bj,0.595
kh,bl,0.7895
kh,bm,0.5578
kh,bn,0.7436
kh,bo,0.5606
kh,bq,0.6567
kh,br,0.5814
kh,bs,0.5175
kh,bt,0.6707
kh,bv,0.5822
kh,bw,0.6354
kh,by,0.5244
kh,bz,0.5535
kh,ca,0.6904
kh,cc,0.6753
kh,cd,0.6145
kh,cf,0.639
kh,cg,0.6042
kh,ch,0.6898
kh,ci,0.6583
kh,ck,0.5586
kh,cl,0.6495
kh,cm,0.6107
kh,cn,0.582
kh,co,0.6752
kh,cr,0.5488
kh,cu,0.5432
kh,cv,0.5241
kh,cw,0.5646
kh,cx,0.5685
kh,cy,0.8272
kh,cz,0.688
kh,de,0.6102
kh,dj,0.6496
kh,dk,0.6069
kh,dm,0.5505
kh,do,0.5792
kh,dz,0.6935
kh,ec,0.6772
kh,ee,0.6772
kh,eg,0.6127
kh,eh,0.5323
kh,er,0.4753
kh,es,0.586
kh,et,0.5556
kh,fi,0.7588
kh,fj,0.5846
kh,fk,0.551
kh,fm,0.6966
kh,fo,0.731
kh,fr,0.5856
kh,ga,0.5198
kh,gb-eng,0.7568
kh,gb-nir,0.7631
kh,gb-sct,0.6585
kh,gb-wls,0.6198
kh,gb,0.5338
kh,gd,0.614
kh,ge,0.7439
kh,gf,0.6802
kh,gg,0.7252
kh,gh,0.5387
kh,gi,0.7466
kh,gl,0.675
kh,gm,0.5607
kh,gn,0.5948
kh,gp,0.5419
kh,gq,0.6336
kh,gr,0.6431
kh,gs,0.5433
kh,gt,0.6662
kh,gu,0.5653
kh,gw,0.5984
kh,gy,0.5172
kh,hk,0.5554
kh,hm,0.5898
kh,hn,0.6764
kh,hr,0.6134
kh,ht,0.5023
kh,hu,0.6027
kh,id,0.7259
kh,ie,0.646
kh,il,0.6521
kh,im,0.5911
kh,in,0.6382
kh,io,0.5534
kh,iq,0.6109
kh,ir,0.6372
kh,is,0.54
kh,it,0.6163
kh,je,0.7718
kh,jm,0.5763
kh,jo,0.521
kh,jp,0.8331
kh,ke,0.4955
kh,kg,0.6845
kh,kh,0.0
kh,ki,0.5557
kh,km,0.5913
kh,kn,0.5634
kh,kp,0.401
kh,kr,0.7866
kh,kw,0.578
kh,ky,0.551
kh,kz,0.6517
kh,la,0.6195
kh,lb,0.7028
kh,lc,0.7405
kh,li,0.5418
kh,lk,0.5698
kh,lr,0.5997
kh,ls,0.5915
kh,lt,0.6612
kh,lu,0.64
kh,lv,0.6054
kh,ly,0.6301
kh,ma,0.6121
kh,mc,0.682
kh,md,0.5749
kh,me,0.6338
kh,mf,0.5856
kh,mg,0.6689
kh,mh,0.5486
kh,mk,0.6067
kh,ml,0.6056
kh,mm,0.6669
kh,mn,0.5421
kh,mo,0.5927
kh,mp,0.434
kh,mq,0.5154
kh,mr,0.6671
kh,ms,0.5575
kh,mt,0.6885
kh,mu,0.5605
kh,mv,0.6053
kh,mw,0.4752
kh,mx,0.5832
kh,my,0.594
kh,mz,0.6022
kh,na,0.5274
kh,nc,0.4101
kh,ne,0.6542
kh,nf,0.6449
kh,ng,0.661
kh,ni,0.6121
kh,nl,0.5829
kh,no,0.5822
kh,np,0.5013
kh,nr,0.582
kh,nu,0.7375
kh,nz,0.5783
kh,om,0.584
kh,pa,0.6694
kh,pe,0.6158
kh,pf,0.689
kh,pg,0.5704
kh,ph,0.5337
kh,pk,0.6533
kh,pl,0.7151
kh,pm,0.5368
kh,pn,0.5345
kh,pr,0.7029
kh,ps,0.5476
kh,pt,0.6178
kh,pw,0.6989
kh,py,0.5551
kh,qa,0.6569
kh,re,0.6579
kh,ro,0.5722
kh,rs,0.651
kh,ru,0.677
kh,rw,0.5764
kh,sa,0.6117
kh,sb,0.5593
kh,sc,0.5694
kh,sd,0.5877
kh,se,0.5585
kh,sg,0.7
kh,sh,0.5624
kh,si,0.763
kh,sj,0.5822
kh,sk,0.6662
kh,sl,0.6075
kh,sm,0.7143
kh,sn,0.5775
kh,so,0.6622
kh,sr,0.5134
kh,ss,0.5437
kh,st,0.5294
kh,sv,0.5914
kh,sx,0.5629
kh,sy,0.5802
kh,sz,0.4619
kh,tc,0.5628
kh,td,0.5746
kh,tf,0.5887
kh,tg,0.5392
kh,th,0.635
kh,tj,0.6599
kh,tk,0.5831
kh,tl,0.6228
kh,tm,0.6049
kh,tn,0.6431
kh,to,0.6713
kh,tr,0.6609
kh,tt,0.5606
kh,tv,0.623
kh,tw,0.6526
kh,tz,0.6086
kh,ua,0.6745
kh,ug,0.6124
kh,um,0.579
kh,us,0.579
kh,uy,0.6573
kh,uz,0.5864
kh,va,0.7756
kh,vc,0.6149
kh,ve,0.6646
kh,vg,0.5443
kh,vi,0.7538
kh,vn,0.703
kh,vu,0.5398
kh,wf,0.5859
kh,ws,0.559
kh,xk,0.5645
kh,ye,0.6192
kh,yt,0.7863
kh,za,0.5536
kh,zm,0.6272
kh,zw,0.6111
ki,ad,0.5559
ki,ae,0.6216
ki,af,0.5676
ki,ag,0.5705
ki,ai,0.6095
ki,al,0.6523
ki,am,0.515
ki,ao,0.6033
ki,aq,0.6884
ki,ar,0.6393
ki,as,0.5976
ki,at,0.5927
ki,au,0.6127
ki,aw,0.6667
ki,ax,0.575
ki,az,0.6326
ki,ba,0.6094
ki,bb,0.598
ki,bd,0.6388
ki,be,0.5765
ki,bf,0.5172
ki,bg,0.7014
ki,bh,0.6038
ki,bi,0.5643
ki,bj,0.5944
ki,bl,0.6671
ki,bm,0.5755
ki,bn,0.6501
ki,bo,0.51
ki,bq,0.6328
ki,br,0.6233
ki,bs,0.6193
ki,bt,0.5624
ki,bv,0.5517
ki,bw,0.6568
ki,by,0.5243
ki,bz,0.5538
ki,ca,0.628
ki,cc,0.701
ki,cd,0.6533
ki,cf,0.6354
ki,cg,0.586
ki,ch,0.6247
ki,ci,0.6096
ki,ck,0.5992
ki,cl,0.6962
ki,cm,0.5729
ki,cn,0.6239
ki,co,0.5779
ki,cr,0.5909
ki,cu,0.5966
ki,cv,0.5973
ki,cw,0.6445
ki,cx,0.6033
ki,cy,0.7088
ki,cz,0.6587
ki,de,0.5631
ki,dj,0.6613
ki,dk,0.5757
ki,dm,0.5781
ki,do,0.5448
ki,dz,0.657
ki,ec,0.579
ki,ee,0.6711
ki,eg,0.5992
ki,eh,0.55
ki,er,0.5128
ki,es,0.5345
ki,et,0.5656
ki,fi,0.6793
ki,fj,0.559
ki,fk,0.5949
ki,fm,0.6836
ki,fo,0.6462
ki,fr,0.5899
ki,ga,0.5673
ki,gb-eng,0.6857
ki,gb-nir,0.6674
ki,gb-sct,0.6532
ki,gb-wls,0.6179
ki,gb,0.5492
ki,gd,0.5349
ki,ge,0.6675
ki,gf,0.647
ki,gg,0.6519
ki,gh,0.5131
ki,gi,0.6837
ki,gl,0.6849
ki,gm,0.5406
ki,gn,0.5593
ki,gp,0.642
ki,gq,0.6063
ki,gr,0.6328
ki,gs,0.5886
ki,gt,0.6357
ki,gu,0.6111
ki,gw,0.537
ki,gy,0.538
ki,hk,0.594
ki,hm,0.658
ki,hn,0.7188
ki,hr,0.5316
ki,ht,0.6345
ki,hu,0.5213
ki,id,0.4964
ki,ie,0.5906
ki,il,0.6685
ki,im,0.5966
ki,in,0.5568
ki,io,0.5209
ki,iq,0.6039
ki,ir,0.601
ki,is,0.591
ki,it,0.5881
ki,je,0.6555
ki,jm,0.6027
ki,jo,0.5641
ki,jp,0.7224
ki,ke,0.58
ki,kg,0.6371
ki,kh,0.5557
ki,ki,0.0
ki,km,0.5791
ki,kn,0.6202
ki,kp,0.5644
ki,kr,0.6804
ki,kw,0.6298
ki,ky,0.5899
ki,kz,0.6872
ki,la,0.5617
ki,lb,0.585
ki,lc,0.7247
ki,li,0.6372
ki,lk,0.5178
ki,lr,0.5204
ki,ls,0.6247
ki,lt,0.5785
ki,lu,0.5329
ki,lv,0.5581
ki,ly,0.5918
ki,ma,0.589
ki,mc,0.4923
ki,md,0.5601
ki,me,0.5932
ki,mf,0.5899
ki,mg,0.5748
ki,mh,0.6299
ki,mk,0.5317
ki,ml,0.5607
ki,mm,0.5613
ki,mn,0.5596
ki,mo,0.6406
ki,mp,0.6432
ki,mq,0.6314
ki,mr,0.5483
ki,ms,0.6069
ki,mt,0.6204
ki,mu,0.5093
ki,mv,0.574
ki,mw,0.5289
ki,mx,0.5767
ki,my,0.5579
ki,mz,0.6146
ki,na,0.5636
ki,nc,0.5747
ki,ne,0.5523
ki,nf,0.6432
ki,ng,0.6571
ki,ni,0.6741
ki,nl,0.5224
ki,no,0.5517
ki,np,0.5183
ki,nr,0.635
ki,nu,0.6446
ki,nz,0.6218
ki,om,0.6135
ki,pa,0.5644
ki,pe,0.5924
ki,pf,0.5704
ki,pg,0.6005
ki,ph,0.6561
ki,pk,0.652
ki,pl,0.7382
ki,pm,0.5582
ki,pn,0.5804
ki,pr,0.6288
ki,ps,0.5702
ki,pt,0.6097
ki,pw,0.7432
ki,py,0.5309
ki,qa,0.6107
ki,re,0.6773
ki,ro,0.5431
ki,rs,0.4909
ki,ru,0.702
ki,rw,0.692
ki,sa,0.6731
ki,sb,0.6268
ki,sc,0.5
ki,sd,0.5927
ki,se,0.6047
ki,sg,0.4985
ki,sh,0.6082
ki,si,0.7652
ki,sj,0.5517
ki,sk,0.6748
ki,sl,0.6107
ki,sm,0.6481
ki,sn,0.5681
ki,so,0.6897
ki,sr,0.529
ki,ss,0.5755
ki,st,0.5938
ki,sv,0.6597
ki,sx,0.5035
ki,sy,0.6643
ki,sz,0.5368
ki,tc,0.6055
ki,td,0.5455
ki,tf,0.6132
ki,tg,0.5706
ki,th,0.5688
ki,tj,0.5403
ki,tk,0.6051
ki,tl,0.5801
ki,tm,0.6359
ki,tn,0.6142
ki,to,0.5844
ki,tr,0.6205
ki,tt,0.5705
ki,tv,0.6311
ki,tw,0.68
ki,tz,0.6139
ki,ua,0.707
ki,ug,0.5562
ki,um,0.4583
ki,us,0.4583
ki,uy,0.6232
ki,uz,0.6469
ki,va,0.6535
ki,vc,0.5757
ki,ve,0.5843
ki,vg,0.5892
ki,vi,0.6338
ki,vn,0.6592
ki,vu,0.5303
ki,wf,0.6052
ki,ws,0.6152
ki,xk,0.6309
ki,ye,0.6063
ki,yt,0.679
ki,za,0.5592
ki,zm,0.6491
ki,zw,0.5747
km,ad,0.5609
km,ae,0.5785
km,af,0.5761
km,ag,0.6584
km,ai,0.6096
km,al,0.7465
km,am,0.6407
km,ao,0.615
km,aq,0.6301
km,ar,0.5962
km,as,0.5995
km,at,0.6129
km,au,0.6417
km,aw,0.6286
km,ax,0.583
km,az,0.5942
km,ba,0.5523
km,bb,0.6208
km,bd,0.6218
km,be,0.5606
km,bf,0.5711
km,bg,0.5943
km,bh,0.6498
km,bi,0.5566
km,bj,0.4554
km,bl,0.6501
km,bm,0.5793
km,bn,0.5635
km,bo,0.5167
km,bq,0.5687
km,br,0.5698
km,bs,0.5812
km,bt,0.5251
km,bv,0.5859
km,bw,0.621
km,by,0.5775
km,bz,0.6075
km,ca,0.6819
km,cc,0.6804
km,cd,0.6438
km,cf,0.5915
km,cg,0.549
km,ch,0.7039
km,ci,0.6271
km,ck,0.6149
km,cl,0.5425
km,cm,0.5136
km,cn,0.6946
km,co,0.5219
km,cr,0.5975
km,cu,0.6028
km,cv,0.6359
km,cw,0.6657
km,cx,0.5637
km,cy,0.698
km,cz,0.494
km,de,0.7336
km,dj,0.6115
km,dk,0.6311
km,dm,0.5862
km,do,0.5805
km,dz,0.5697
km,ec,0.5265
km,ee,0.7581
km,eg,0.5544
km,eh,0.6168
km,er,0.5699
km,es,0.5818
km,et,0.576
km,fi,0.6699
km,fj,0.5683
km,fk,0.5909
km,fm,0.6487
km,fo,0.6304
km,fr,0.5763
km,ga,0.536
km,gb-eng,0.668
km,gb-nir,0.6714
km,gb-sct,0.6294
km,gb-wls,0.5105
km,gb,0.5554
km,gd,0.5413
km,ge,0.6664
km,gf,0.6756
km,gg,0.6491
km,gh,0.5194
km,gi,0.6223
km,gl,0.6039
km,gm,0.5389
km,gn,0.5943
km,gp,0.6498
km,gq,0.5596
km,gr,0.5947
km,gs,0.6056
km,gt,0.5935
km,gu,0.6436
km,gw,0.5122
km,gy,0.5424
km,hk,0.6674
km,hm,0.6726
km,hn,0.6518
km,hr,0.5289
km,ht,0.6446
km,hu,0.5181
km,id,0.7396
km,ie,0.5286
km,il,0.5966
km,im,0.6695
km,in,0.4883
km,io,0.5368
km,iq,0.5502
km,ir,0.5809
km,is,0.5944
km,it,0.5394
km,je,0.6462
km,jm,0.6234
km,jo,0.6195
km,jp,0.701
km,ke,0.612
km,kg,0.7318
km,kh,0.5913
km,ki,0.5791
km,km,0.0
km,kn,0.5823
km,kp,0.6034
km,kr,0.6651
km,kw,0.6013
km,ky,0.6127
km,kz,0.6371
km,la,0.6224
km,lb,0.5875
km,lc,0.6722
km,li,0.6758
km,lk,0.5304
km,lr,0.5566
km,ls,0.6027
km,lt,0.5397
km,lu,0.541
km,lv,0.6065
km,ly,0.6471
km,ma,0.6546
km,mc,0.7132
km,md,0.5463
km,me,0.6671
km,mf,0.5763
km,mg,0.6015
km,mh,0.5952
km,mk,0.5905
km,ml,0.5175
km,mm,0.503
km,mn,0.615
km,mo,0.6228
km,mp,0.5944
km,mq,0.6291
km,mr,0.5934
km,ms,0.6065
km,mt,0.6565
km,mu,0.5283
km,mv,0.6315
km,mw,0.62
km,mx,0.5532
km,my,0.5965
km,mz,0.7127
km,na,0.5787
km,nc,0.5699
km,ne,0.5226
km,nf,0.5973
km,ng,0.6031
km,ni,0.6284
km,nl,0.5207
km,no,0.5859
km,np,0.5787
km,nr,0.6862
km,nu,0.6158
km,nz,0.6441
km,om,0.5675
km,pa,0.6146
km,pe,0.6462
km,pf,0.5822
km,pg,0.5697
km,ph,0.6602
km,pk,0.6806
km,pl,0.5789
km,pm,0.5538
km,pn,0.5961
km,pr,0.5965
km,ps,0.6163
km,pt,0.6212
km,pw,0.7077
km,py,0.4878
km,qa,0.6534
km,re,0.647
km,ro,0.5417
km,rs,0.6316
km,ru,0.587
km,rw,0.5773
km,sa,0.6473
km,sb,0.603
km,sc,0.5307
km,sd,0.5174
km,se,0.5975
km,sg,0.6856
km,sh,0.6211
km,si,0.6791
km,sj,0.5859
km,sk,0.6118
km,sl,0.5355
km,sm,0.5445
km,sn,0.5216
km,so,0.6577
km,sr,0.5492
km,ss,0.5728
km,st,0.549
km,sv,0.6187
km,sx,0.5907
km,sy,0.5747
km,sz,0.5512
km,tc,0.6166
km,td,0.5471
km,tf,0.6074
km,tg,0.5635
km,th,0.5808
km,tj,0.5478
km,tk,0.6524
km,tl,0.62
km,tm,0.5981
km,tn,0.6962
km,to,0.6929
km,tr,0.6987
km,tt,0.64
km,tv,0.6197
km,tw,0.7209
km,tz,0.5964
km,ua,0.7057
km,ug,0.645
km,um,0.5297
km,us,0.5297
km,uy,0.5942
km,uz,0.5847
km,va,0.6314
km,vc,0.5696
km,ve,0.5328
km,vg,0.6069
km,vi,0.6219
km,vn,0.752
km,vu,0.5686
km,wf,0.6362
km,ws,0.6514
km,xk,0.6198
km,ye,0.5625
km,yt,0.6338
km,za,0.4969
km,zm,0.6239
km,zw,0.5963
kn,ad,0.495
kn,ae,0.5682
kn,af,0.484
kn,ag,0.4537
kn,ai,0.5876
kn,al,0.6333
kn,am,0.5802
kn,ao,0.5016
kn,aq,0.7467
kn,ar,0.74
kn,as,0.6455
kn,at,0.631
kn,au,0.6061
kn,aw,0.6679
kn,ax,0.5762
kn,az,0.5618
kn,ba,0.597
kn,bb,0.5698
kn,bd,0.5768
kn,be,0.5115
kn,bf,0.6315
kn,bg,0.6428
kn,bh,0.6639
kn,bi,0.6213
kn,bj,0.4943
kn,bl,0.7983
kn,bm,0.4844
kn,bn,0.6518
kn,bo,0.5823
kn,bq,0.7091
kn,br,0.5335
kn,bs,0.5464
kn,bt,0.6128
kn,bv,0.557
kn,bw,0.6522
kn,by,0.5377
kn,bz,0.5784
kn,ca,0.686
kn,cc,0.5962
kn,cd,0.666
kn,cf,0.5656
kn,cg,0.5108
kn,ch,0.71
kn,ci,0.7143
kn,ck,0.5858
kn,cl,0.6448
kn,cm,0.4899
kn,cn,0.6493
kn,co,0.5655
kn,cr,0.6349
kn,cu,0.6415
kn,cv,0.6052
kn,cw,0.5873
kn,cx,0.5406
kn,cy,0.8628
kn,cz,0.6381
kn,de,0.5223
kn,dj,0.7078
kn,dk,0.5839
kn,dm,0.5158
kn,do,0.5958
kn,dz,0.6751
kn,ec,0.5833
kn,ee,0.6312
kn,eg,0.614
kn,eh,0.5914
kn,er,0.5763
kn,es,0.5571
kn,et,0.4365
kn,fi,0.761
kn,fj,0.6666
kn,fk,0.5693
kn,fm,0.7423
kn,fo,0.7633
kn,fr,0.5872
kn,ga,0.5637
kn,gb-eng,0.7793
kn,gb-nir,0.8067
kn,gb-sct,0.7464
kn,gb-wls,0.6351
kn,gb,0.5783
kn,gd,0.4972
kn,ge,0.7683
kn,gf,0.5542
kn,gg,0.7754
kn,gh,0.5482
kn,gi,0.7031
kn,gl,0.6778
kn,gm,0.535
kn,gn,0.586
kn,gp,0.4855
kn,gq,0.5594
kn,gr,0.6993
kn,gs,0.5545
kn,gt,0.7128
kn,gu,0.5783
kn,gw,0.5977
kn,gy,0.5704
kn,hk,0.6598
kn,hm,0.6408
kn,hn,0.7792
kn,hr,0.6844
kn,ht,0.4874
kn,hu,0.6641
kn,id,0.7932
kn,ie,0.6366
kn,il,0.7517
kn,im,0.5433
kn,in,0.671
kn,io,0.6067
kn,iq,0.6049
kn,ir,0.5957
kn,is,0.6015
kn,it,0.6066
kn,je,0.7802
kn,jm,0.5366
kn,jo,0.5732
kn,jp,0.8396
kn,ke,0.4843
kn,kg,0.6724
kn,kh,0.5634
kn,ki,0.6202
kn,km,0.5823
kn,kn,0.0
kn,kp,0.5785
kn,kr,0.792
kn,kw,0.5177
kn,ky,0.5693
kn,kz,0.6812
kn,la,0.5501
kn,lb,0.6332
kn,lc,0.7528
kn,li,0.4512
kn,lk,0.4998
kn,lr,0.6115
kn,ls,0.6531
kn,lt,0.5344
kn,lu,0.7532
kn,lv,0.6227
kn,ly,0.5441
kn,ma,0.5905
kn,mc,0.7253
kn,md,0.4638
kn,me,0.6058
kn,mf,0.5872
kn,mg,0.6961
kn,mh,0.6164
kn,mk,0.5868
kn,ml,0.4707
kn,mm,0.5928
kn,mn,0.5644
kn,mo,0.6104
kn,mp,0.6176
kn,mq,0.5333
kn,mr,0.5477
kn,ms,0.5715
kn,mt,0.6751
kn,mu,0.5766
kn,mv,0.4937
kn,mw,0.4527
kn,mx,0.5341
kn,my,0.5921
kn,mz,0.4954
kn,na,0.5495
kn,nc,0.551
kn,ne,0.6666
kn,nf,0.6173
kn,ng,0.6777
kn,ni,0.7216
kn,nl,0.668
kn,no,0.557
kn,np,0.4939
kn,nr,0.6011
kn,nu,0.6698
kn,nz,0.5968
kn,om,0.627
kn,pa,0.6752
kn,pe,0.6445
kn,pf,0.6359
kn,pg,0.4531
kn,ph,0.539
kn,pk,0.6587
kn,pl,0.6898
kn,pm,0.5724
kn,pn,0.553
kn,pr,0.6474
kn,ps,0.5955
kn,pt,0.5174
kn,pw,0.7645
kn,py,0.6876
kn,qa,0.6477
kn,re,0.618
kn,ro,0.4857
kn,rs,0.6555
kn,ru,0.6517
kn,rw,0.5793
kn,sa,0.5648
kn,sb,0.5505
kn,sc,0.5835
kn,sd,0.5789
kn,se,0.5895
kn,sg,0.7653
kn,sh,0.5815
kn,si,0.7026
kn,sj,0.557
kn,sk,0.6445
kn,sl,0.6775
kn,sm,0.7575
kn,sn,0.4764
kn,so,0.7297
kn,sr,0.555
kn,ss,0.5228
kn,st,0.5146
kn,sv,0.689
kn,sx,0.6143
kn,sy,0.5695
kn,sz,0.5307
kn,tc,0.5813
kn,td,0.4788
kn,tf,0.6216
kn,tg,0.555
kn,th,0.593
kn,tj,0.7041
kn,tk,0.5601
kn,tl,0.5539
kn,tm,0.4942
kn,tn,0.6675
kn,to,0.6229
kn,tr,0.6436
kn,tt,0.5004
kn,tv,0.6883
kn,tw,0.5949
kn,tz,0.4762
kn,ua,0.6078
kn,ug,0.5249
kn,um,0.5835
kn,us,0.5835
kn,uy,0.7278
kn,uz,0.6719
kn,va,0.7687
kn,vc,0.5378
kn,ve,0.5201
kn,vg,0.5599
kn,vi,0.77
kn,vn,0.6959
kn,vu,0.505
kn,wf,0.5125
kn,ws,0.4513
kn,xk,0.613
kn,ye,0.6323
kn,yt,0.7982
kn,za,0.5523
kn,zm,0.4958
kn,zw,0.5442
kp,ad,0.5756
kp,ae,0.5981
kp,af,0.5719
kp,ag,0.5773
kp,ai,0.6056
kp,al,0.6669
kp,am,0.6462
kp,ao,0.5989
kp,aq,0.688
kp,ar,0.6505
kp,as,0.6068
kp,at,0.6463
kp,au,0.6044
kp,aw,0.6389
kp,ax,0.554
kp,az,0.5288
kp,ba,0.6293
kp,bb,0.6255
kp,bd,0.6031
kp,be,0.6027
kp,bf,0.598
kp,bg,0.6852
kp,bh,0.6267
kp,bi,0.6319
kp,bj,0.5518
kp,bl,0.726
kp,bm,0.5442
kp,bn,0.6822
kp,bo,0.5591
kp,bq,0.6603
kp,br,0.5957
kp,bs,0.58
kp,bt,0.6147
kp,bv,0.5753
kp,bw,0.6384
kp,by,0.5449
kp,bz,0.6321
kp,ca,0.6176
kp,cc,0.6995
kp,cd,0.6299
kp,cf,0.6099
kp,cg,0.5825
kp,ch,0.6784
kp,ci,0.6512
kp,ck,0.5911
kp,cl,0.6285
kp,cm,0.5888
kp,cn,0.4808
kp,co,0.6461
kp,cr,0.4973
kp,cu,0.5735
kp,cv,0.6032
kp,cw,0.6278
kp,cx,0.6154
kp,cy,0.7718
kp,cz,0.6556
kp,de,0.5999
kp,dj,0.6346
kp,dk,0.6016
kp,dm,0.5777
kp,do,0.6037
kp,dz,0.6933
kp,ec,0.6062
kp,ee,0.6812
kp,eg,0.6323
kp,eh,0.5874
kp,er,0.4301
kp,es,0.5641
kp,et,0.5603
kp,fi,0.7325
kp,fj,0.5883
kp,fk,0.585
kp,fm,0.6972
kp,fo,0.6855
kp,fr,0.6169
kp,ga,0.5455
kp,gb-eng,0.6966
kp,gb-nir,0.7057
kp,gb-sct,0.629
kp,gb-wls,0.5869
kp,gb,0.5244
kp,gd,0.5894
kp,ge,0.6706
kp,gf,0.6527
kp,gg,0.6533
kp,gh,0.548
kp,gi,0.6839
kp,gl,0.6536
kp,gm,0.5792
kp,gn,0.5938
kp,gp,0.598
kp,gq,0.6247
kp,gr,0.5894
kp,gs,0.5762
kp,gt,0.6644
kp,gu,0.6422
kp,gw,0.5977
kp,gy,0.5208
kp,hk,0.4874
kp,hm,0.6258
kp,hn,0.708
kp,hr,0.6184
kp,ht,0.5642
kp,hu,0.5985
kp,id,0.6942
kp,ie,0.631
kp,il,0.7025
kp,im,0.6084
kp,in,0.6232
kp,io,0.5413
kp,iq,0.6337
kp,ir,0.6234
kp,is,0.5818
kp,it,0.6207
kp,je,0.7198
kp,jm,0.5899
kp,jo,0.5913
kp,jp,0.752
kp,ke,0.5441
kp,kg,0.6562
kp,kh,0.401
kp,ki,0.5644
kp,km,0.6034
kp,kn,0.5785
kp,kp,0.0
kp,kr,0.7299
kp,kw,0.6133
kp,ky,0.5834
kp,kz,0.688
kp,la,0.6526
kp,lb,0.68
kp,lc,0.7198
kp,li,0.5747
kp,lk,0.5482
kp,lr,0.5655
kp,ls,0.6174
kp,lt,0.627
kp,lu,0.6435
kp,lv,0.6047
kp,ly,0.6482
kp,ma,0.5972
kp,mc,0.6693
kp,md,0.5401
kp,me,0.6082
kp,mf,0.6169
kp,mg,0.6252
kp,mh,0.6123
kp,mk,0.5634
kp,ml,0.5888
kp,mm,0.6335
kp,mn,0.5599
kp,mo,0.6497
kp,mp,0.621
kp,mq,0.5279
kp,mr,0.6951
kp,ms,0.5955
kp,mt,0.6387
kp,mu,0.5612
kp,mv,0.6232
kp,mw,0.5208
kp,mx,0.5949
kp,my,0.577
kp,mz,0.5894
kp,na,0.552
kp,nc,0.498
kp,ne,0.6274
kp,nf,0.6558
kp,ng,0.6844
kp,ni,0.6583
kp,nl,0.6002
kp,no,0.5753
kp,np,0.502
kp,nr,0.6438
kp,nu,0.6674
kp,nz,0.6149
kp,om,0.5721
kp,pa,0.6507
kp,pe,0.6278
kp,pf,0.6649
kp,pg,0.6005
kp,ph,0.5853
kp,pk,0.6758
kp,pl,0.6688
kp,pm,0.5343
kp,pn,0.5684
kp,pr,0.7113
kp,ps,0.598
kp,pt,0.6036
kp,pw,0.7281
kp,py,0.6139
kp,qa,0.6146
kp,re,0.6585
kp,ro,0.5776
kp,rs,0.6148
kp,ru,0.6805
kp,rw,0.5999
kp,sa,0.6609
kp,sb,0.5533
kp,sc,0.5498
kp,sd,0.6294
kp,se,0.5948
kp,sg,0.6594
kp,sh,0.6004
kp,si,0.7329
kp,sj,0.5753
kp,sk,0.5859
kp,sl,0.6381
kp,sm,0.6741
kp,sn,0.5427
kp,so,0.6957
kp,sr,0.5054
kp,ss,0.5795
kp,st,0.5428
kp,sv,0.5792
kp,sx,0.5703
kp,sy,0.625
kp,sz,0.4374
kp,tc,0.5986
kp,td,0.5804
kp,tf,0.6149
kp,tg,0.5243
kp,th,0.612
kp,tj,0.6612
kp,tk,0.61
kp,tl,0.5995
kp,tm,0.6381
kp,tn,0.6415
kp,to,0.6275
kp,tr,0.6249
kp,tt,0.572
kp,tv,0.6545
kp,tw,0.6271
kp,tz,0.6307
kp,ua,0.6198
kp,ug,0.5777
kp,um,0.5702
kp,us,0.5702
kp,uy,0.6783
kp,uz,0.6062
kp,va,0.7158
kp,vc,0.6074
kp,ve,0.6397
kp,vg,0.5774
kp,vi,0.6969
kp,vn,0.6775
kp,vu,0.574
kp,wf,0.5909
kp,ws,0.5769
kp,xk,0.6104
kp,ye,0.6443
kp,yt,0.7233
kp,za,0.5826
kp,zm,0.6449
kp,zw,0.5283
kr,ad,0.7598
kr,ae,0.7564
kr,af,0.8204
kr,ag,0.7984
kr,ai,0.7891
kr,al,0.8915
kr,am,0.7626
kr,ao,0.8883
kr,aq,0.6485
kr,ar,0.4944
kr,as,0.7467
kr,at,0.6747
kr,au,0.8162
kr,aw,0.6638
kr,ax,0.7345
kr,az,0.6957
kr,ba,0.7939
kr,bb,0.7935
kr,bd,0.8295
kr,be,0.8047
kr,bf,0.7655
kr,bg,0.6107
kr,bh,0.6328
kr,bi,0.6521
kr,bj,0.7428
kr,bl,0.2799
kr,bm,0.7226
kr,bn,0.645
kr,bo,0.7401
kr,bq,0.6299
kr,br,0.7656
kr,bs,0.8027
kr,bt,0.669
kr,bv,0.7251
kr,bw,0.6495
kr,by,0.7689
kr,bz,0.7929
kr,ca,0.6829
kr,cc,0.9057
kr,cd,0.7169
kr,cf,0.6403
kr,cg,0.7411
kr,ch,0.8363
kr,ci,0.63
kr,ck,0.7907
kr,cl,0.6377
kr,cm,0.7269
kr,cn,0.8292
kr,co,0.7298
kr,cr,0.6693
kr,cu,0.7018
kr,cv,0.768
kr,cw,0.8404
kr,cx,0.8086
kr,cy,0.3085
kr,cz,0.6209
kr,de,0.8488
kr,dj,0.5811
kr,dk,0.7105
kr,dm,0.7664
kr,do,0.6738
kr,dz,0.5938
kr,ec,0.7068
kr,ee,0.6804
kr,eg,0.7377
kr,eh,0.779
kr,er,0.6996
kr,es,0.7709
kr,et,0.7326
kr,fi,0.524
kr,fj,0.5827
kr,fk,0.7757
kr,fm,0.6336
kr,fo,0.4312
kr,fr,0.6963
kr,ga,0.6927
kr,gb-eng,0.4282
kr,gb-nir,0.4518
kr,gb-sct,0.6277
kr,gb-wls,0.5737
kr,gb,0.6446
kr,gd,0.7348
kr,ge,0.4801
kr,gf,0.7662
kr,gg,0.4498
kr,gh,0.7505
kr,gi,0.5201
kr,gl,0.5549
kr,gm,0.7286
kr,gn,0.7464
kr,gp,0.8904
kr,gq,0.6786
kr,gr,0.5426
kr,gs,0.7876
kr,gt,0.5458
kr,gu,0.834
kr,gw,0.7335
kr,gy,0.7038
kr,hk,0.8106
kr,hm,0.8378
kr,hn,0.6137
kr,hr,0.6754
kr,ht,0.7714
kr,hu,0.5948
kr,id,0.6176
kr,ie,0.5787
kr,il,0.4661
kr,im,0.8277
kr,in,0.6259
kr,io,0.5656
kr,iq,0.7368
kr,ir,0.6413
kr,is,0.7005
kr,it,0.6395
kr,je,0.3655
kr,jm,0.8419
kr,jo,0.7806
kr,jp,0.312
kr,ke,0.8483
kr,kg,0.8962
kr,kh,0.7866
kr,ki,0.6804
kr,km,0.6651
kr,kn,0.792
kr,kp,0.7299
kr,kr,0.0
kr,kw,0.7525
kr,ky,0.7886
kr,kz,0.7231
kr,la,0.8103
kr,lb,0.5895
kr,lc,0.6248
kr,li,0.8183
kr,lk,0.6788
kr,lr,0.5858
kr,ls,0.6498
kr,lt,0.7285
kr,lu,0.5943
kr,lv,0.7164
kr,ly,0.8695
kr,ma,0.7955
kr,mc,0.5665
kr,md,0.7346
kr,me,0.832
kr,mf,0.6963
kr,mg,0.5874
kr,mh,0.7598
kr,mk,0.7163
kr,ml,0.7451
kr,mm,0.6969
kr,mn,0.7358
kr,mo,0.8069
kr,mp,0.7917
kr,mq,0.8084
kr,mr,0.7737
kr,ms,0.7922
kr,mt,0.5692
kr,mu,0.7433
kr,mv,0.7855
kr,mw,0.8164
kr,mx,0.6665
kr,my,0.6473
kr,mz,0.7477
kr,na,0.7453
kr,nc,0.755
kr,ne,0.6364
kr,nf,0.6831
kr,ng,0.6926
kr,ni,0.6468
kr,nl,0.6311
kr,no,0.7251
kr,np,0.6902
kr,nr,0.8696
kr,nu,0.7176
kr,nz,0.8205
kr,om,0.6716
kr,pa,0.5635
kr,pe,0.6939
kr,pf,0.5879
kr,pg,0.8733
kr,ph,0.7005
kr,pk,0.7454
kr,pl,0.557
kr,pm,0.6323
kr,pn,0.7788
kr,pr,0.715
kr,ps,0.7621
kr,pt,0.8662
kr,pw,0.7632
kr,py,0.6401
kr,qa,0.6393
kr,re,0.7128
kr,ro,0.7689
kr,rs,0.5584
kr,ru,0.6128
kr,rw,0.7346
kr,sa,0.8766
kr,sb,0.7565
kr,sc,0.6555
kr,sd,0.7767
kr,se,0.7618
kr,sg,0.5034
kr,sh,0.8014
kr,si,0.6731
kr,sj,0.7251
kr,sk,0.5826
kr,sl,0.6175
kr,sm,0.3915
kr,sn,0.7371
kr,so,0.6992
kr,sr,0.6816
kr,ss,0.7755
kr,st,0.7704
kr,sv,0.6658
kr,sx,0.6908
kr,sy,0.7619
kr,sz,0.7019
kr,tc,0.7978
kr,td,0.7855
kr,tf,0.7202
kr,tg,0.7575
kr,th,0.6537
kr,tj,0.6986
kr,tk,0.8433
kr,tl,0.819
kr,tm,0.8064
kr,tn,0.8661
kr,to,0.8023
kr,tr,0.8435
kr,tt,0.7673
kr,tv,0.6869
kr,tw,0.8801
kr,tz,0.7572
kr,ua,0.7487
kr,ug,0.8403
kr,um,0.5799
kr,us,0.5799
kr,uy,0.469
kr,uz,0.5779
kr,va,0.537
kr,vc,0.7428
kr,ve,0.7465
kr,vg,0.7851
kr,vi,0.3039
kr,vn,0.9131
kr,vu,0.7976
kr,wf,0.7847
kr,ws,0.8165
kr,xk,0.7691
kr,ye,0.7392
kr,yt,0.276
kr,za,0.7377
kr,zm,0.8551
kr,zw,0.7397
kw,ad,0.5583
kw,ae,0.3605
kw,af,0.4653
kw,ag,0.4897
kw,ai,0.6308
kw,al,0.7314
kw,am,0.6424
kw,ao,0.6259
kw,aq,0.6434
kw,ar,0.6377
kw,as,0.505
kw,at,0.4743
kw,au,0.6676
kw,aw,0.6491
kw,ax,0.6153
kw,az,0.5767
kw,ba,0.6398
kw,bb,0.6269
kw,bd,0.6193
kw,be,0.5497
kw,bf,0.6935
kw,bg,0.6643
kw,bh,0.7348
kw,bi,0.5518
kw,bj,0.5717
kw,bl,0.7459
kw,bm,0.5192
kw,bn,0.641
kw,bo,0.5829
kw,bq,0.7371
kw,br,0.5956
kw,bs,0.5355
kw,bt,0.618
kw,bv,0.5718
kw,bw,0.6923
kw,by,0.6218
kw,bz,0.5652
kw,ca,0.7054
kw,cc,0.6928
kw,cd,0.6771
kw,cf,0.549
kw,cg,0.5361
kw,ch,0.6527
kw,ci,0.6333
kw,ck,0.6431
kw,cl,0.5758
kw,cm,0.5508
kw,cn,0.7003
kw,co,0.6223
kw,cr,0.6776
kw,cu,0.6252
kw,cv,0.6161
kw,cw,0.656
kw,cx,0.5763
kw,cy,0.7924
kw,cz,0.5878
kw,de,0.6172
kw,dj,0.6815
kw,dk,0.5322
kw,dm,0.5164
kw,do,0.5259
kw,dz,0.561
kw,ec,0.6203
kw,ee,0.7351
kw,eg,0.5155
kw,eh,0.4125
kw,er,0.604
kw,es,0.5942
kw,et,0.4877
kw,fi,0.7836
kw,fj,0.6334
kw,fk,0.6161
kw,fm,0.7041
kw,fo,0.7429
kw,fr,0.5463
kw,ga,0.5684
kw,gb-eng,0.7591
kw,gb-nir,0.7731
kw,gb-sct,0.6415
kw,gb-wls,0.6742
kw,gb,0.5632
kw,gd,0.5573
kw,ge,0.7668
kw,gf,0.6543
kw,gg,0.7575
kw,gh,0.5784
kw,gi,0.6524
kw,gl,0.6238
kw,gm,0.5724
kw,gn,0.5723
kw,gp,0.5891
kw,gq,0.3667
kw,gr,0.6218
kw,gs,0.6265
kw,gt,0.6497
kw,gu,0.6175
kw,gw,0.6181
kw,gy,0.5585
kw,hk,0.6469
kw,hm,0.6952
kw,hn,0.6691
kw,hr,0.6032
kw,ht,0.4648
kw,hu,0.5384
kw,id,0.757
kw,ie,0.5808
kw,il,0.6623
kw,im,0.5808
kw,in,0.5705
kw,io,0.5805
kw,iq,0.5193
kw,ir,0.4343
kw,is,0.5781
kw,it,0.5771
kw,je,0.7129
kw,jm,0.5969
kw,jo,0.4234
kw,jp,0.8104
kw,ke,0.5941
kw,kg,0.7146
kw,kh,0.578
kw,ki,0.6298
kw,km,0.6013
kw,kn,0.5177
kw,kp,0.6133
kw,kr,0.7525
kw,kw,0.0
kw,ky,0.6319
kw,kz,0.6785
kw,la,0.523
kw,lb,0.5641
kw,lc,0.7319
kw,li,0.517
kw,lk,0.552
kw,lr,0.5739
kw,ls,0.566
kw,lt,0.6276
kw,lu,0.6561
kw,lv,0.5507
kw,ly,0.6976
kw,ma,0.6548
kw,mc,0.6757
kw,md,0.5702
kw,me,0.664
kw,mf,0.5463
kw,mg,0.7386
kw,mh,0.6087
kw,mk,0.6071
kw,ml,0.5665
kw,mm,0.5714
kw,mn,0.6216
kw,mo,0.6069
kw,mp,0.6213
kw,mq,0.5948
kw,mr,0.5883
kw,ms,0.6315
kw,mt,0.6939
kw,mu,0.6429
kw,mv,0.5388
kw,mw,0.5542
kw,mx,0.5572
kw,my,0.5842
kw,mz,0.6166
kw,na,0.5683
kw,nc,0.5884
kw,ne,0.6182
kw,nf,0.5617
kw,ng,0.6219
kw,ni,0.6007
kw,nl,0.5415
kw,no,0.5718
kw,np,0.5255
kw,nr,0.6535
kw,nu,0.6867
kw,nz,0.6672
kw,om,0.6389
kw,pa,0.6701
kw,pe,0.5852
kw,pf,0.5542
kw,pg,0.5815
kw,ph,0.585
kw,pk,0.7421
kw,pl,0.6258
kw,pm,0.6039
kw,pn,0.6159
kw,pr,0.6528
kw,ps,0.4715
kw,pt,0.6119
kw,pw,0.743
kw,py,0.5894
kw,qa,0.7241
kw,re,0.5906
kw,ro,0.5521
kw,rs,0.6599
kw,ru,0.677
kw,rw,0.5862
kw,sa,0.6371
kw,sb,0.6005
kw,sc,0.5563
kw,sd,0.4191
kw,se,0.6118
kw,sg,0.7142
kw,sh,0.6426
kw,si,0.7006
kw,sj,0.5718
kw,sk,0.651
kw,sl,0.5477
kw,sm,0.724
kw,sn,0.5852
kw,so,0.6872
kw,sr,0.6251
kw,ss,0.6054
kw,st,0.5999
kw,sv,0.5752
kw,sx,0.7001
kw,sy,0.4211
kw,sz,0.5776
kw,tc,0.6433
kw,td,0.551
kw,tf,0.6473
kw,tg,0.6218
kw,th,0.6694
kw,tj,0.6017
kw,tk,0.5942
kw,tl,0.6013
kw,tm,0.6335
kw,tn,0.664
kw,to,0.7083
kw,tr,0.7004
kw,tt,0.5733
kw,tv,0.6765
kw,tw,0.6737
kw,tz,0.6295
kw,ua,0.6197
kw,ug,0.6053
kw,um,0.5499
kw,us,0.5499
kw,uy,0.6987
kw,uz,0.5328
kw,va,0.7113
kw,vc,0.5606
kw,ve,0.6025
kw,vg,0.6237
kw,vi,0.7236
kw,vn,0.7345
kw,vu,0.6273
kw,wf,0.5574
kw,ws,0.5417
kw,xk,0.6251
kw,ye,0.513
kw,yt,0.7537
kw,za,0.5838
kw,zm,0.6198
kw,zw,0.7017
ky,ad,0.625
ky,ae,0.5987
ky,af,0.5402
ky,ag,0.6192
ky,ai,0.1606
ky,al,0.7335
ky,am,0.6187
ky,ao,0.5586
ky,aq,0.6791
ky,ar,0.6977
ky,as,0.6258
ky,at,0.695
ky,au,0.1763
ky,aw,0.6179
ky,ax,0.581
ky,az,0.5863
ky,ba,0.5692
ky,bb,0.4312
ky,bd,0.5734
ky,be,0.6678
ky,bf,0.5776
ky,bg,0.6543
ky,bh,0.7148
ky,bi,0.6421
ky,bj,0.6412
ky,bl,0.7927
ky,bm,0.5577
ky,bn,0.7249
ky,bo,0.5817
ky,bq,0.6192
ky,br,0.5622
ky,bs,0.5682
ky,bt,0.7207
ky,bv,0.5832
ky,bw,0.6277
ky,by,0.5711
ky,bz,0.5538
ky,ca,0.7535
ky,cc,0.6237
ky,cd,0.6078
ky,cf,0.6237
ky,cg,0.6681
ky,ch,0.7671
ky,ci,0.6884
ky,ck,0.1711
ky,cl,0.7107
ky,cm,0.631
ky,cn,0.724
ky,co,0.6236
ky,cr,0.6235
ky,cu,0.6038
ky,cv,0.5847
ky,cw,0.3533
ky,cx,0.4189
ky,cy,0.8546
ky,cz,0.6822
ky,de,0.6978
ky,dj,0.6316
ky,dk,0.6704
ky,dm,0.5541
ky,do,0.5854
ky,dz,0.7209
ky,ec,0.6454
ky,ee,0.6856
ky,eg,0.6257
ky,eh,0.5953
ky,er,0.5675
ky,es,0.6522
ky,et,0.5994
ky,fi,0.6712
ky,fj,0.5583
ky,fk,0.1216
ky,fm,0.6905
ky,fo,0.7462
ky,fr,0.6661
ky,ga,0.6025
ky,gb-eng,0.7891
ky,gb-nir,0.8018
ky,gb-sct,0.6493
ky,gb-wls,0.5899
ky,gb,0.5335
ky,gd,0.5975
ky,ge,0.7891
ky,gf,0.6874
ky,gg,0.7824
ky,gh,0.5814
ky,gi,0.7327
ky,gl,0.7296
ky,gm,0.5284
ky,gn,0.62
ky,gp,0.5594
ky,gq,0.6469
ky,gr,0.6475
ky,gs,0.1128
ky,gt,0.6722
ky,gu,0.3244
ky,gw,0.6083
ky,gy,0.562
ky,hk,0.7155
ky,hm,0.4794
ky,hn,0.7118
ky,hr,0.6342
ky,ht,0.5804
ky,hu,0.6289
ky,id,0.8078
ky,ie,0.7007
ky,il,0.7218
ky,im,0.6707
ky,in,0.6271
ky,io,0.4776
ky,iq,0.6165
ky,ir,0.6721
ky,is,0.5582
ky,it,0.6742
ky,je,0.7988
ky,jm,0.5779
ky,jo,0.5908
ky,jp,0.8337
ky,ke,0.5552
ky,kg,0.7648
ky,kh,0.551
ky,ki,0.5899
ky,km,0.6127
ky,kn,0.5693
ky,kp,0.5834
ky,kr,0.7886
ky,kw,0.6319
ky,ky,0.0
ky,kz,0.6144
ky,la,0.4934
ky,lb,0.6948
ky,lc,0.7138
ky,li,0.4703
ky,lk,0.5953
ky,lr,0.6442
ky,ls,0.6165
ky,lt,0.5923
ky,lu,0.666
ky,lv,0.6434
ky,ly,0.5703
ky,ma,0.6521
ky,mc,0.7687
ky,md,0.6068
ky,me,0.7054
ky,mf,0.6661
ky,mg,0.6523
ky,mh,0.5706
ky,mk,0.6622
ky,ml,0.6506
ky,mm,0.6605
ky,mn,0.583
ky,mo,0.5857
ky,mp,0.554
ky,mq,0.5357
ky,mr,0.5932
ky,ms,0.1354
ky,mt,0.7277
ky,mu,0.5462
ky,mv,0.5956
ky,mw,0.5537
ky,mx,0.6421
ky,my,0.6668
ky,mz,0.6134
ky,na,0.5414
ky,nc,0.5464
ky,ne,0.647
ky,nf,0.6269
ky,ng,0.6689
ky,ni,0.6556
ky,nl,0.6147
ky,no,0.5832
ky,np,0.5204
ky,nr,0.3421
ky,nu,0.7642
ky,nz,0.1421
ky,om,0.6392
ky,pa,0.644
ky,pe,0.7221
ky,pf,0.6944
ky,pg,0.5786
ky,ph,0.6103
ky,pk,0.615
ky,pl,0.7328
ky,pm,0.5414
ky,pn,0.1253
ky,pr,0.6943
ky,ps,0.6141
ky,pt,0.6747
ky,pw,0.6955
ky,py,0.6196
ky,qa,0.6542
ky,re,0.617
ky,ro,0.5638
ky,rs,0.6463
ky,ru,0.6441
ky,rw,0.6099
ky,sa,0.5646
ky,sb,0.522
ky,sc,0.5718
ky,sd,0.6009
ky,se,0.5818
ky,sg,0.7695
ky,sh,0.1261
ky,si,0.6969
ky,sj,0.5832
ky,sk,0.6465
ky,sl,0.639
ky,sm,0.683
ky,sn,0.6497
ky,so,0.6509
ky,sr,0.5832
ky,ss,0.5626
ky,st,0.6184
ky,sv,0.6309
ky,sx,0.5683
ky,sy,0.6069
ky,sz,0.541
ky,tc,0.1402
ky,td,0.5648
ky,tf,0.5212
ky,tg,0.5849
ky,th,0.5997
ky,tj,0.6706
ky,tk,0.4347
ky,tl,0.66
ky,tm,0.5532
ky,tn,0.7276
ky,to,0.6782
ky,tr,0.72
ky,tt,0.6315
ky,tv,0.5208
ky,tw,0.7318
ky,tz,0.5517
ky,ua,0.7103
ky,ug,0.6428
ky,um,0.6243
ky,us,0.6243
ky,uy,0.6702
ky,uz,0.632
ky,va,0.8151
ky,vc,0.5446
ky,ve,0.5434
ky,vg,0.095
ky,vi,0.7605
ky,vn,0.7822
ky,vu,0.536
ky,wf,0.6492
ky,ws,0.6025
ky,xk,0.5625
ky,ye,0.6376
ky,yt,0.7889
ky,za,0.5465
ky,zm,0.6131
ky,zw,0.6214
kz,ad,0.7175
kz,ae,0.6658
kz,af,0.6382
kz,ag,0.7279
kz,ai,0.6272
kz,al,0.9317
kz,am,0.7387
kz,ao,0.7604
kz,aq,0.5451
kz,ar,0.5986
kz,as,0.6575
kz,at,0.7787
kz,au,0.6321
kz,aw,0.5641
kz,ax,0.6188
kz,az,0.582
kz,ba,0.6207
kz,bb,0.6325
kz,bd,0.6196
kz,be,0.7517
kz,bf,0.6813
kz,bg,0.6884
kz,bh,0.7906
kz,bi,0.6627
kz,bj,0.6886
kz,bl,0.7238
kz,bm,0.7316
kz,bn,0.7497
kz,bo,0.6834
kz,bq,0.6306
kz,br,0.5982
kz,bs,0.5855
kz,bt,0.7788
kz,bv,0.7059
kz,bw,0.588
kz,by,0.7153
kz,bz,0.6214
kz,ca,0.8419
kz,cc,0.6874
kz,cd,0.5747
kz,cf,0.6549
kz,cg,0.6828
kz,ch,0.9041
kz,ci,0.6725
kz,ck,0.6084
kz,cl,0.7362
kz,cm,0.6997
kz,cn,0.8801
kz,co,0.742
kz,cr,0.6614
kz,cu,0.638
kz,cv,0.5927
kz,cw,0.6257
kz,cx,0.5638
kz,cy,0.7713
kz,cz,0.7185
kz,de,0.799
kz,dj,0.5729
kz,dk,0.7843
kz,dm,0.6032
kz,do,0.6754
kz,dz,0.6653
kz,ec,0.7388
kz,ee,0.6505
kz,eg,0.7304
kz,eh,0.6509
kz,er,0.6513
kz,es,0.7699
kz,et,0.6777
kz,fi,0.6837
kz,fj,0.5521
kz,fk,0.6057
kz,fm,0.6036
kz,fo,0.6927
kz,fr,0.7012
kz,ga,0.5685
kz,gb-eng,0.7625
kz,gb-nir,0.7678
kz,gb-sct,0.584
kz,gb-wls,0.6307
kz,gb,0.6414
kz,gd,0.6845
kz,ge,0.7898
kz,gf,0.6991
kz,gg,0.7598
kz,gh,0.6964
kz,gi,0.7777
kz,gl,0.7617
kz,gm,0.6498
kz,gn,0.6787
kz,gp,0.6581
kz,gq,0.6803
kz,gr,0.5753
kz,gs,0.6072
kz,gt,0.5701
kz,gu,0.6112
kz,gw,0.6915
kz,gy,0.5956
kz,hk,0.8536
kz,hm,0.6605
kz,hn,0.5674
kz,hr,0.7157
kz,ht,0.6573
kz,hu,0.6669
kz,id,0.8391
kz,ie,0.6666
kz,il,0.6506
kz,im,0.8323
kz,in,0.6809
kz,io,0.5693
kz,iq,0.727
kz,ir,0.6892
kz,is,0.5816
kz,it,0.6662
kz,je,0.7552
kz,jm,0.6634
kz,jo,0.6635
kz,jp,0.7831
kz,ke,0.6873
kz,kg,0.9361
kz,kh,0.6517
kz,ki,0.6872
kz,km,0.6371
kz,kn,0.6812
kz,kp,0.688
kz,kr,0.7231
kz,kw,0.6785
kz,ky,0.6144
kz,kz,0.0
kz,la,0.6989
kz,lb,0.7552
kz,lc,0.5998
kz,li,0.7013
kz,lk,0.693
kz,lr,0.6886
kz,ls,0.597
kz,lt,0.7035
kz,lu,0.5887
kz,lv,0.7373
kz,ly,0.7189
kz,ma,0.803
kz,mc,0.7799
kz,md,0.6894
kz,me,0.8656
kz,mf,0.7012
kz,mg,0.6876
kz,mh,0.5899
kz,mk,0.7739
kz,ml,0.6988
kz,mm,0.7199
kz,mn,0.7074
kz,mo,0.5705
kz,mp,0.5642
kz,mq,0.6418
kz,mr,0.6455
kz,ms,0.602
kz,mt,0.7703
kz,mu,0.6594
kz,mv,0.732
kz,mw,0.6747
kz,mx,0.6742
kz,my,0.6948
kz,mz,0.6807
kz,na,0.5868
kz,nc,0.5971
kz,ne,0.6826
kz,nf,0.6027
kz,ng,0.6037
kz,ni,0.5771
kz,nl,0.6545
kz,no,0.7059
kz,np,0.6164
kz,nr,0.6449
kz,nu,0.8026
kz,nz,0.6326
kz,om,0.7229
kz,pa,0.7103
kz,pe,0.801
kz,pf,0.7516
kz,pg,0.7572
kz,ph,0.6726
kz,pk,0.6562
kz,pl,0.7781
kz,pm,0.527
kz,pn,0.6008
kz,pr,0.7549
kz,ps,0.6527
kz,pt,0.8083
kz,pw,0.5725
kz,py,0.6669
kz,qa,0.7274
kz,re,0.6492
kz,ro,0.7052
kz,rs,0.6631
kz,ru,0.695
kz,rw,0.5512
kz,sa,0.6296
kz,sb,0.55
kz,sc,0.6612
kz,sd,0.7007
kz,se,0.6079
kz,sg,0.7681
kz,sh,0.6246
kz,si,0.768
kz,sj,0.7059
kz,sk,0.7102
kz,sl,0.5639
kz,sm,0.6117
kz,sn,0.6963
kz,so,0.5666
kz,sr,0.6377
kz,ss,0.5972
kz,st,0.6467
kz,sv,0.5886
kz,sx,0.6631
kz,sy,0.6434
kz,sz,0.6318
kz,tc,0.627
kz,td,0.7152
kz,tf,0.5911
kz,tg,0.6701
kz,th,0.6651
kz,tj,0.7248
kz,tk,0.6478
kz,tl,0.8044
kz,tm,0.6002
kz,tn,0.8854
kz,to,0.8493
kz,tr,0.8783
kz,tt,0.7672
kz,tv,0.522
kz,tw,0.8673
kz,tz,0.505
kz,ua,0.6899
kz,ug,0.7721
kz,um,0.6305
kz,us,0.6305
kz,uy,0.6274
kz,uz,0.5758
kz,va,0.7719
kz,vc,0.6437
kz,ve,0.729
kz,vg,0.608
kz,vi,0.6971
kz,vn,0.953
kz,vu,0.6616
kz,wf,0.8011
kz,ws,0.765
kz,xk,0.5642
kz,ye,0.7381
kz,yt,0.7201
kz,za,0.612
kz,zm,0.686
kz,zw,0.7207
la,ad,0.5009
la,ae,0.5603
la,af,0.5024
la,ag,0.472
la,ai,0.5185
la,al,0.6532
la,am,0.5056
la,ao,0.4882
la,aq,0.7395
la,ar,0.7414
la,as,0.6099
la,at,0.5097
la,au,0.4989
la,aw,0.6705
la,ax,0.6529
la,az,0.6527
la,ba,0.5987
la,bb,0.4956
la,bd,0.6191
la,be,0.5671
la,bf,0.5938
la,bg,0.6201
la,bh,0.6837
la,bi,0.5229
la,bj,0.5868
la,bl,0.8037
la,bm,0.4431
la,bn,0.6696
la,bo,0.5998
la,bq,0.6629
la,br,0.6481
la,bs,0.6309
la,bt,0.63
la,bv,0.5104
la,bw,0.687
la,by,0.5045
la,bz,0.4868
la,ca,0.7139
la,cc,0.6741
la,cd,0.6593
la,cf,0.5937
la,cg,0.5717
la,ch,0.6201
la,ci,0.6419
la,ck,0.4789
la,cl,0.6407
la,cm,0.5539
la,cn,0.6436
la,co,0.5347
la,cr,0.7045
la,cu,0.6725
la,cv,0.654
la,cw,0.5531
la,cx,0.5246
la,cy,0.8569
la,cz,0.6302
la,de,0.6468
la,dj,0.6929
la,dk,0.4928
la,dm,0.6072
la,do,0.4944
la,dz,0.7118
la,ec,0.5641
la,ee,0.7153
la,eg,0.5651
la,eh,0.6061
la,er,0.6091
la,es,0.5959
la,et,0.5932
la,fi,0.6996
la,fj,0.6385
la,fk,0.5024
la,fm,0.7308
la,fo,0.7392
la,fr,0.5325
la,ga,0.6719
la,gb-eng,0.7727
la,gb-nir,0.7928
la,gb-sct,0.6685
la,gb-wls,0.6454
la,gb,0.5505
la,gd,0.4403
la,ge,0.7823
la,gf,0.6689
la,gg,0.775
la,gh,0.5699
la,gi,0.7365
la,gl,0.6392
la,gm,0.4585
la,gn,0.5226
la,gp,0.5461
la,gq,0.577
la,gr,0.6713
la,gs,0.4774
la,gt,0.6806
la,gu,0.4303
la,gw,0.551
la,gy,0.6016
la,hk,0.5944
la,hm,0.6182
la,hn,0.8029
la,hr,0.6247
la,ht,0.4798
la,hu,0.5949
la,id,0.7361
la,ie,0.6356
la,il,0.7827
la,im,0.4421
la,in,0.6373
la,io,0.5497
la,iq,0.5587
la,ir,0.6288
la,is,0.6171
la,it,0.601
la,je,0.7617
la,jm,0.5691
la,jo,0.5696
la,jp,0.8565
la,ke,0.6162
la,kg,0.6459
la,kh,0.6195
la,ki,0.5617
la,km,0.6224
la,kn,0.5501
la,kp,0.6526
la,kr,0.8103
la,kw,0.523
la,ky,0.4934
la,kz,0.6989
la,la,0.0
la,lb,0.5972
la,lc,0.7725
la,li,0.4086
la,lk,0.5354
la,lr,0.5727
la,ls,0.7078
la,lt,0.5216
la,lu,0.6786
la,lv,0.579
la,ly,0.5372
la,ma,0.5974
la,mc,0.6511
la,md,0.5145
la,me,0.596
la,mf,0.5325
la,mg,0.68
la,mh,0.63
la,mk,0.5828
la,ml,0.5314
la,mm,0.521
la,mn,0.5814
la,mo,0.6068
la,mp,0.6087
la,mq,0.5953
la,mr,0.4971
la,ms,0.4907
la,mt,0.6407
la,mu,0.5579
la,mv,0.3743
la,mw,0.536
la,mx,0.5472
la,my,0.6049
la,mz,0.5932
la,na,0.5104
la,nc,0.6338
la,ne,0.6632
la,nf,0.6414
la,ng,0.6433
la,ni,0.736
la,nl,0.5969
la,no,0.5104
la,np,0.4987
la,nr,0.5266
la,nu,0.7108
la,nz,0.4893
la,om,0.5918
la,pa,0.6742
la,pe,0.5305
la,pf,0.588
la,pg,0.5128
la,ph,0.5738
la,pk,0.6652
la,pl,0.6531
la,pm,0.6158
la,pn,0.4827
la,pr,0.6118
la,ps,0.6209
la,pt,0.5891
la,pw,0.7802
la,py,0.6289
la,qa,0.6658
la,re,0.601
la,ro,0.4514
la,rs,0.5907
la,ru,0.6146
la,rw,0.6767
la,sa,0.6219
la,sb,0.5718
la,sc,0.5966
la,sd,0.5057
la,se,0.6497
la,sg,0.7149
la,sh,0.4994
la,si,0.6456
la,sj,0.5104
la,sk,0.6107
la,sl,0.6986
la,sm,0.7468
la,sn,0.5801
la,so,0.6971
la,sr,0.6179
la,ss,0.6249
la,st,0.6911
la,sv,0.7091
la,sx,0.5967
la,sy,0.6371
la,sz,0.5773
la,tc,0.5083
la,td,0.4487
la,tf,0.6199
la,tg,0.6226
la,th,0.5745
la,tj,0.6539
la,tk,0.5043
la,tl,0.5685
la,tm,0.6143
la,tn,0.6049
la,to,0.6531
la,tr,0.6301
la,tt,0.4898
la,tv,0.6604
la,tw,0.6365
la,tz,0.6398
la,ua,0.6761
la,ug,0.5771
la,um,0.565
la,us,0.565
la,uy,0.7145
la,uz,0.6785
la,va,0.7641
la,vc,0.5596
la,ve,0.4241
la,vg,0.4885
la,vi,0.7634
la,vn,0.6648
la,vu,0.4958
la,wf,0.4782
la,ws,0.4222
la,xk,0.6055
la,ye,0.5653
la,yt,0.8061
la,za,0.5477
la,zm,0.6256
la,zw,0.6594
lb,ad,0.6165
lb,ae,0.5601
lb,af,0.6891
lb,ag,0.5749
lb,ai,0.6913
lb,al,0.7179
lb,am,0.624
lb,ao,0.6797
lb,aq,0.7003
lb,ar,0.5717
lb,as,0.6267
lb,at,0.333
lb,au,0.7284
lb,aw,0.6808
lb,ax,0.6979
lb,az,0.6984
lb,ba,0.7268
lb,bb,0.7273
lb,bd,0.7605
lb,be,0.6909
lb,bf,0.6747
lb,bg,0.6214
lb,bh,0.5875
lb,bi,0.5173
lb,bj,0.6542
lb,bl,0.5587
lb,bm,0.4808
lb,bn,0.6191
lb,bo,0.5811
lb,bq,0.6526
lb,br,0.7059
lb,bs,0.7534
lb,bt,0.5637
lb,bv,0.5779
lb,bw,0.7056
lb,by,0.5929
lb,bz,0.6601
lb,ca,0.6702
lb,cc,0.8074
lb,cd,0.7093
lb,cf,0.5145
lb,cg,0.648
lb,ch,0.6455
lb,ci,0.6493
lb,ck,0.7079
lb,cl,0.61
lb,cm,0.6016
lb,cn,0.6872
lb,co,0.5925
lb,cr,0.6203
lb,cu,0.6072
lb,cv,0.6798
lb,cw,0.743
lb,cx,0.7315
lb,cy,0.6094
lb,cz,0.6227
lb,de,0.7386
lb,dj,0.6078
lb,dk,0.463
lb,dm,0.6913
lb,do,0.5292
lb,dz,0.6493
lb,ec,0.5943
lb,ee,0.7975
lb,eg,0.4626
lb,eh,0.6194
lb,er,0.6563
lb,es,0.5617
lb,et,0.5952
lb,fi,0.6949
lb,fj,0.6259
lb,fk,0.6748
lb,fm,0.6907
lb,fo,0.6256
lb,fr,0.6293
lb,ga,0.6651
lb,gb-eng,0.5997
lb,gb-nir,0.6487
lb,gb-sct,0.6714
lb,gb-wls,0.6341
lb,gb,0.536
lb,gd,0.5522
lb,ge,0.6311
lb,gf,0.6973
lb,gg,0.6294
lb,gh,0.5588
lb,gi,0.5058
lb,gl,0.517
lb,gm,0.5312
lb,gn,0.6177
lb,gp,0.7792
lb,gq,0.5143
lb,gr,0.615
lb,gs,0.6929
lb,gt,0.6471
lb,gu,0.7438
lb,gw,0.6053
lb,gy,0.6488
lb,hk,0.6436
lb,hm,0.7517
lb,hn,0.6937
lb,hr,0.4986
lb,ht,0.5795
lb,hu,0.4428
lb,id,0.6292
lb,ie,0.6166
lb,il,0.5228
lb,im,0.5511
lb,in,0.4885
lb,io,0.5692
lb,iq,0.4653
lb,ir,0.4434
lb,is,0.6532
lb,it,0.6395
lb,je,0.5164
lb,jm,0.7593
lb,jo,0.5972
lb,jp,0.6336
lb,ke,0.6827
lb,kg,0.7107
lb,kh,0.7028
lb,ki,0.585
lb,km,0.5875
lb,kn,0.6332
lb,kp,0.68
lb,kr,0.5895
lb,kw,0.5641
lb,ky,0.6948
lb,kz,0.7552
lb,la,0.5972
lb,lb,0.0
lb,lc,0.706
lb,li,0.6302
lb,lk,0.5835
lb,lr,0.4971
lb,ls,0.5328
lb,lt,0.6192
lb,lu,0.5415
lb,lv,0.56
lb,ly,0.7945
lb,ma,0.649
lb,mc,0.5298
lb,md,0.6082
lb,me,0.6784
lb,mf,0.6293
lb,mg,0.5903
lb,mh,0.6819
lb,mk,0.5868
lb,ml,0.6155
lb,mm,0.5809
lb,mn,0.6179
lb,mo,0.7472
lb,mp,0.737
lb,mq,0.7044
lb,mr,0.6191
lb,ms,0.699
lb,mt,0.5151
lb,mu,0.6395
lb,mv,0.5438
lb,mw,0.6625
lb,mx,0.6064
lb,my,0.6032
lb,mz,0.6702
lb,na,0.6332
lb,nc,0.6834
lb,ne,0.5119
lb,nf,0.7004
lb,ng,0.721
lb,ni,0.6372
lb,nl,0.4852
lb,no,0.5779
lb,np,0.547
lb,nr,0.7685
lb,nu,0.6561
lb,nz,0.7356
lb,om,0.6098
lb,pa,0.6055
lb,pe,0.5574
lb,pf,0.1294
lb,pg,0.6657
lb,ph,0.5498
lb,pk,0.6978
lb,pl,0.512
lb,pm,0.6149
lb,pn,0.6843
lb,pr,0.5512
lb,ps,0.6128
lb,pt,0.7077
lb,pw,0.8096
lb,py,0.504
lb,qa,0.6019
lb,re,0.6346
lb,ro,0.6268
lb,rs,0.6007
lb,ru,0.6398
lb,rw,0.6765
lb,sa,0.7736
lb,sb,0.6929
lb,sc,0.5723
lb,sd,0.5433
lb,se,0.7078
lb,sg,0.5683
lb,sh,0.709
lb,si,0.6756
lb,sj,0.5779
lb,sk,0.6113
lb,sl,0.5925
lb,sm,0.588
lb,sn,0.6544
lb,so,0.7327
lb,sr,0.6389
lb,ss,0.6525
lb,st,0.6835
lb,sv,0.6158
lb,sx,0.596
lb,sy,0.598
lb,sz,0.6793
lb,tc,0.7082
lb,td,0.6349
lb,tf,0.676
lb,tg,0.6143
lb,th,0.5717
lb,tj,0.4514
lb,tk,0.7338
lb,tl,0.6675
lb,tm,0.7299
lb,tn,0.6745
lb,to,0.6852
lb,tr,0.6735
lb,tt,0.5512
lb,tv,0.7046
lb,tw,0.7188
lb,tz,0.7197
lb,ua,0.6997
lb,ug,0.68
lb,um,0.5301
lb,us,0.5301
lb,uy,0.5937
lb,uz,0.5615
lb,va,0.6263
lb,vc,0.6672
lb,ve,0.5956
lb,vg,0.6917
lb,vi,0.5796
lb,vn,0.735
lb,vu,0.6591
lb,wf,0.5289
lb,ws,0.5841
lb,xk,0.7199
lb,ye,0.4708
lb,yt,0.5626
lb,za,0.6453
lb,zm,0.7491
lb,zw,0.658
lc,ad,0.7347
lc,ae,0.7473
lc,af,0.7442
lc,ag,0.7969
lc,ai,0.7215
lc,al,0.9421
lc,am,0.7587
lc,ao,0.8537
lc,aq,0.5833
lc,ar,0.5487
lc,as,0.7227
lc,at,0.7636
lc,au,0.7335
lc,aw,0.5807
lc,ax,0.679
lc,az,0.6375
lc,ba,0.72
lc,bb,0.7019
lc,bd,0.7352
lc,be,0.7908
lc,bf,0.7591
lc,bg,0.6642
lc,bh,0.7473
lc,bi,0.6648
lc,bj,0.7254
lc,bl,0.6105
lc,bm,0.739
lc,bn,0.7221
lc,bo,0.7486
lc,bq,0.6679
lc,br,0.698
lc,bs,0.7162
lc,bt,0.7472
lc,bv,0.7349
lc,bw,0.6085
lc,by,0.779
lc,bz,0.7125
lc,ca,0.8074
lc,cc,0.8247
lc,cd,0.6459
lc,cf,0.6548
lc,cg,0.7151
lc,ch,0.9094
lc,ci,0.7001
lc,ck,0.7109
lc,cl,0.7058
lc,cm,0.7227
lc,cn,0.8796
lc,co,0.7669
lc,cr,0.6751
lc,cu,0.6816
lc,cv,0.6749
lc,cw,0.7302
lc,cx,0.7106
lc,cy,0.6549
lc,cz,0.6859
lc,de,0.8433
lc,dj,0.5844
lc,dk,0.7806
lc,dm,0.709
lc,do,0.7095
lc,dz,0.6675
lc,ec,0.7441
lc,ee,0.6803
lc,eg,0.7713
lc,eh,0.7521
lc,er,0.7027
lc,es,0.7986
lc,et,0.7341
lc,fi,0.6412
lc,fj,0.5617
lc,fk,0.6996
lc,fm,0.5899
lc,fo,0.6164
lc,fr,0.7361
lc,ga,0.648
lc,gb-eng,0.6601
lc,gb-nir,0.6768
lc,gb-sct,0.6112
lc,gb-wls,0.6353
lc,gb,0.6445
lc,gd,0.7133
lc,ge,0.6953
lc,gf,0.7362
lc,gg,0.6629
lc,gh,0.7541
lc,gi,0.6994
lc,gl,0.7104
lc,gm,0.7067
lc,gn,0.719
lc,gp,0.7773
lc,gq,0.6875
lc,gr,0.5697
lc,gs,0.7132
lc,gt,0.5492
lc,gu,0.7396
lc,gw,0.7518
lc,gy,0.6655
lc,hk,0.8569
lc,hm,0.7547
lc,hn,0.5971
lc,hr,0.7329
lc,ht,0.7073
lc,hu,0.6757
lc,id,0.8002
lc,ie,0.6605
lc,il,0.6041
lc,im,0.8561
lc,in,0.694
lc,io,0.5847
lc,iq,0.7726
lc,ir,0.6819
lc,is,0.6538
lc,it,0.6932
lc,je,0.6599
lc,jm,0.777
lc,jo,0.7663
lc,jp,0.6596
lc,ke,0.7999
lc,kg,0.9444
lc,kh,0.7405
lc,ki,0.7247
lc,km,0.6722
lc,kn,0.7528
lc,kp,0.7198
lc,kr,0.6248
lc,kw,0.7319
lc,ky,0.7138
lc,kz,0.5998
lc,la,0.7725
lc,lb,0.706
lc,lc,0.0
lc,li,0.7571
lc,lk,0.7115
lc,lr,0.6632
lc,ls,0.6375
lc,lt,0.736
lc,lu,0.6718
lc,lv,0.7593
lc,ly,0.828
lc,ma,0.8268
lc,mc,0.7415
lc,md,0.7059
lc,me,0.8825
lc,mf,0.7361
lc,mg,0.687
lc,mh,0.6774
lc,mk,0.7752
lc,ml,0.7284
lc,mm,0.7361
lc,mn,0.7605
lc,mo,0.7054
lc,mp,0.6715
lc,mq,0.7515
lc,mr,0.718
lc,ms,0.7137
lc,mt,0.7208
lc,mu,0.712
lc,mv,0.7839
lc,mw,0.7774
lc,mx,0.7008
lc,my,0.6893
lc,mz,0.7184
lc,na,0.6759
lc,nc,0.6885
lc,ne,0.701
lc,nf,0.6668
lc,ng,0.6761
lc,ni,0.6247
lc,nl,0.687
lc,no,0.7349
lc,np,0.6594
lc,nr,0.7727
lc,nu,0.7707
lc,nz,0.7412
lc,om,0.7403
lc,pa,0.7001
lc,pe,0.8011
lc,pf,0.7103
lc,pg,0.8442
lc,ph,0.6819
lc,pk,0.739
lc,pl,0.7096
lc,pm,0.5983
lc,pn,0.7071
lc,pr,0.7344
lc,ps,0.7496
lc,pt,0.8575
lc,pw,0.6314
lc,py,0.6953
lc,qa,0.7149
lc,re,0.6327
lc,ro,0.7353
lc,rs,0.6437
lc,ru,0.6636
lc,rw,0.6268
lc,sa,0.7764
lc,sb,0.6567
lc,sc,0.6833
lc,sd,0.7702
lc,se,0.6958
lc,sg,0.7088
lc,sh,0.7277
lc,si,0.7232
lc,sj,0.7349
lc,sk,0.664
lc,sl,0.6274
lc,sm,0.5429
lc,sn,0.7227
lc,so,0.6159
lc,sr,0.6793
lc,ss,0.6992
lc,st,0.7311
lc,sv,0.6455
lc,sx,0.7169
lc,sy,0.7295
lc,sz,0.6828
lc,tc,0.7293
lc,td,0.7509
lc,tf,0.6538
lc,tg,0.7228
lc,th,0.6711
lc,tj,0.7478
lc,tk,0.7317
lc,tl,0.8273
lc,tm,0.7233
lc,tn,0.9001
lc,to,0.858
lc,tr,0.8867
lc,tt,0.7902
lc,tv,0.6026
lc,tw,0.8817
lc,tz,0.6934
lc,ua,0.6949
lc,ug,0.8227
lc,um,0.6173
lc,us,0.6173
lc,uy,0.5911
lc,uz,0.5913
lc,va,0.7069
lc,vc,0.6954
lc,ve,0.7489
lc,vg,0.7122
lc,vi,0.5863
lc,vn,0.9652
lc,vu,0.7649
lc,wf,0.8072
lc,ws,0.8017
lc,xk,0.6547
lc,ye,0.7819
lc,yt,0.5882
lc,za,0.6983
lc,zm,0.8033
lc,zw,0.7497
li,ad,0.541
li,ae,0.5732
li,af,0.5359
li,ag,0.4395
li,ai,0.4967
li,al,0.6315
li,am,0.5716
li,ao,0.56
li,aq,0.7577
li,ar,0.743
li,as,0.6426
li,at,0.5836
li,au,0.4893
li,aw,0.6499
li,ax,0.6057
li,az,0.555
li,ba,0.6459
li,bb,0.5005
li,bd,0.5995
li,be,0.6155
li,bf,0.7005
li,bg,0.6464
li,bh,0.683
li,bi,0.6102
li,bj,0.6101
li,bl,0.8054
li,bm,0.4125
li,bn,0.7084
li,bo,0.6511
li,bq,0.7166
li,br,0.6094
li,bs,0.6025
li,bt,0.6683
li,bv,0.5479
li,bw,0.6707
li,by,0.5274
li,bz,0.5588
li,ca,0.7038
li,cc,0.6701
li,cd,0.6386
li,cf,0.5711
li,cg,0.5774
li,ch,0.693
li,ci,0.695
li,ck,0.4747
li,cl,0.6177
li,cm,0.561
li,cn,0.6436
li,co,0.6516
li,cr,0.6381
li,cu,0.6328
li,cv,0.5737
li,cw,0.4454
li,cx,0.5212
li,cy,0.8732
li,cz,0.6494
li,de,0.5483
li,dj,0.6941
li,dk,0.5286
li,dm,0.5786
li,do,0.5341
li,dz,0.722
li,ec,0.6743
li,ee,0.6324
li,eg,0.6503
li,eh,0.6201
li,er,0.5688
li,es,0.5969
li,et,0.5038
li,fi,0.7108
li,fj,0.6571
li,fk,0.4763
li,fm,0.7407
li,fo,0.7539
li,fr,0.6107
li,ga,0.6203
li,gb-eng,0.7654
li,gb-nir,0.8034
li,gb-sct,0.7089
li,gb-wls,0.6686
li,gb,0.5123
li,gd,0.5152
li,ge,0.7718
li,gf,0.6135
li,gg,0.7752
li,gh,0.6028
li,gi,0.7092
li,gl,0.6469
li,gm,0.5403
li,gn,0.5548
li,gp,0.5259
li,gq,0.5885
li,gr,0.6847
li,gs,0.4582
li,gt,0.7188
li,gu,0.4438
li,gw,0.6392
li,gy,0.5712
li,hk,0.642
li,hm,0.6238
li,hn,0.7905
li,hr,0.7138
li,ht,0.3649
li,hu,0.6839
li,id,0.8093
li,ie,0.6994
li,il,0.7622
li,im,0.4569
li,in,0.7236
li,io,0.5657
li,iq,0.6461
li,ir,0.6045
li,is,0.5949
li,it,0.6701
li,je,0.7774
li,jm,0.5767
li,jo,0.5736
li,jp,0.844
li,ke,0.5504
li,kg,0.6691
li,kh,0.5418
li,ki,0.6372
li,km,0.6758
li,kn,0.4512
li,kp,0.5747
li,kr,0.8183
li,kw,0.517
li,ky,0.4703
li,kz,0.7013
li,la,0.4086
li,lb,0.6302
li,lc,0.7571
li,li,0.0
li,lk,0.5445
li,lr,0.5863
li,ls,0.6711
li,lt,0.5859
li,lu,0.7831
li,lv,0.6166
li,ly,0.6151
li,ma,0.5922
li,mc,0.7043
li,md,0.5333
li,me,0.6163
li,mf,0.6107
li,mg,0.7379
li,mh,0.6206
li,mk,0.6001
li,ml,0.5702
li,mm,0.6346
li,mn,0.557
li,mo,0.6279
li,mp,0.61
li,mq,0.5177
li,mr,0.5816
li,ms,0.4681
li,mt,0.6625
li,mu,0.5536
li,mv,0.4493
li,mw,0.4817
li,mx,0.5888
li,my,0.5846
li,mz,0.4859
li,na,0.5045
li,nc,0.5578
li,ne,0.7271
li,nf,0.6702
li,ng,0.7074
li,ni,0.7242
li,nl,0.6877
li,no,0.5479
li,np,0.4636
li,nr,0.4678
li,nu,0.7088
li,nz,0.4782
li,om,0.5856
li,pa,0.7392
li,pe,0.5953
li,pf,0.6281
li,pg,0.5387
li,ph,0.4324
li,pk,0.6569
li,pl,0.6439
li,pm,0.58
li,pn,0.4651
li,pr,0.6804
li,ps,0.6427
li,pt,0.6084
li,pw,0.7705
li,py,0.7225
li,qa,0.6488
li,re,0.5754
li,ro,0.496
li,rs,0.6494
li,ru,0.636
li,rw,0.5542
li,sa,0.6122
li,sb,0.5501
li,sc,0.6013
li,sd,0.6218
li,se,0.6232
li,sg,0.7741
li,sh,0.48
li,si,0.6667
li,sj,0.5479
li,sk,0.6299
li,sl,0.7204
li,sm,0.7886
li,sn,0.6181
li,so,0.7165
li,sr,0.5685
li,ss,0.6065
li,st,0.6223
li,sv,0.6942
li,sx,0.6507
li,sy,0.6261
li,sz,0.5343
li,tc,0.4887
li,td,0.4907
li,tf,0.627
li,tg,0.5797
li,th,0.5944
li,tj,0.7374
li,tk,0.4511
li,tl,0.5904
li,tm,0.5932
li,tn,0.6479
li,to,0.6367
li,tr,0.641
li,tt,0.4649
li,tv,0.6854
li,tw,0.5656
li,tz,0.6191
li,ua,0.5512
li,ug,0.5865
li,um,0.5701
li,us,0.5701
li,uy,0.7319
li,uz,0.6631
li,va,0.7934
li,vc,0.574
li,ve,0.4952
li,vg,0.4648
li,vi,0.7735
li,vn,0.6884
li,vu,0.5571
li,wf,0.4463
li,ws,0.3182
li,xk,0.5983
li,ye,0.6634
li,yt,0.8012
li,za,0.6094
li,zm,0.5961
li,zw,0.6039
lk,ad,0.5047
lk,ae,0.5868
lk,af,0.5123
lk,ag,0.5493
lk,ai,0.6106
lk,al,0.5666
lk,am,0.5023
lk,ao,0.5521
lk,aq,0.723
lk,ar,0.6553
lk,as,0.6196
lk,at,0.5755
lk,au,0.6228
lk,aw,0.6525
lk,ax,0.5538
lk,az,0.546
lk,ba,0.602
lk,bb,0.5879
lk,bd,0.5913
lk,be,0.5076
lk,bf,0.5314
lk,bg,0.5764
lk,bh,0.5546
lk,bi,0.5278
lk,bj,0.491
lk,bl,0.6648
lk,bm,0.4802
lk,bn,0.5262
lk,bo,0.479
lk,bq,0.6415
lk,br,0.5549
lk,bs,0.5832
lk,bt,0.4535
lk,bv,0.5133
lk,bw,0.6302
lk,by,0.4972
lk,bz,0.5575
lk,ca,0.5799
lk,cc,0.6385
lk,cd,0.6589
lk,cf,0.5221
lk,cg,0.4689
lk,ch,0.5905
lk,ci,0.5823
lk,ck,0.6093
lk,cl,0.5774
lk,cm,0.4733
lk,cn,0.5485
lk,co,0.4993
lk,cr,0.6178
lk,cu,0.6402
lk,cv,0.6386
lk,cw,0.6514
lk,cx,0.5797
lk,cy,0.7223
lk,cz,0.5658
lk,de,0.5297
lk,dj,0.6317
lk,dk,0.5461
lk,dm,0.5459
lk,do,0.5694
lk,dz,0.6289
lk,ec,0.4837
lk,ee,0.6641
lk,eg,0.5864
lk,eh,0.5895
lk,er,0.5001
lk,es,0.4648
lk,et,0.4847
lk,fi,0.6844
lk,fj,0.5911
lk,fk,0.5929
lk,fm,0.6851
lk,fo,0.6429
lk,fr,0.5824
lk,ga,0.5492
lk,gb-eng,0.66
lk,gb-nir,0.6689
lk,gb-sct,0.6747
lk,gb-wls,0.5304
lk,gb,0.531
lk,gd,0.4569
lk,ge,0.6241
lk,gf,0.5572
lk,gg,0.6278
lk,gh,0.487
lk,gi,0.6059
lk,gl,0.6043
lk,gm,0.5031
lk,gn,0.5128
lk,gp,0.5874
lk,gq,0.517
lk,gr,0.6652
lk,gs,0.5851
lk,gt,0.6498
lk,gu,0.6065
lk,gw,0.506
lk,gy,0.4978
lk,hk,0.5413
lk,hm,0.6608
lk,hn,0.7481
lk,hr,0.5846
lk,ht,0.5493
lk,hu,0.5442
lk,id,0.6323
lk,ie,0.5593
lk,il,0.6529
lk,im,0.5399
lk,in,0.5537
lk,io,0.5359
lk,iq,0.5863
lk,ir,0.5612
lk,is,0.5965
lk,it,0.5626
lk,je,0.6555
lk,jm,0.5319
lk,jo,0.5827
lk,jp,0.7116
lk,ke,0.5417
lk,kg,0.5637
lk,kh,0.5698
lk,ki,0.5178
lk,km,0.5304
lk,kn,0.4998
lk,kp,0.5482
lk,kr,0.6788
lk,kw,0.552
lk,ky,0.5953
lk,kz,0.693
lk,la,0.5354
lk,lb,0.5835
lk,lc,0.7115
lk,li,0.5445
lk,lk,0.0
lk,lr,0.5419
lk,ls,0.6393
lk,lt,0.4658
lk,lu,0.6299
lk,lv,0.519
lk,ly,0.5544
lk,ma,0.521
lk,mc,0.6155
lk,md,0.4989
lk,me,0.4701
lk,mf,0.5824
lk,mg,0.572
lk,mh,0.6256
lk,mk,0.4383
lk,ml,0.4699
lk,mm,0.469
lk,mn,0.5229
lk,mo,0.6264
lk,mp,0.6583
lk,mq,0.5565
lk,mr,0.5195
lk,ms,0.6025
lk,mt,0.6048
lk,mu,0.49
lk,mv,0.5217
lk,mw,0.5057
lk,mx,0.5427
lk,my,0.5185
lk,mz,0.5171
lk,na,0.5223
lk,nc,0.5371
lk,ne,0.5481
lk,nf,0.5975
lk,ng,0.6467
lk,ni,0.7061
lk,nl,0.5772
lk,no,0.5133
lk,np,0.4872
lk,nr,0.6511
lk,nu,0.5415
lk,nz,0.6278
lk,om,0.5436
lk,pa,0.601
lk,pe,0.5819
lk,pf,0.5761
lk,pg,0.5286
lk,ph,0.5795
lk,pk,0.6482
lk,pl,0.6204
lk,pm,0.5508
lk,pn,0.578
lk,pr,0.6026
lk,ps,0.6022
lk,pt,0.5107
lk,pw,0.7599
lk,py,0.5934
lk,qa,0.5325
lk,re,0.6015
lk,ro,0.5033
lk,rs,0.5411
lk,ru,0.5917
lk,rw,0.601
lk,sa,0.6266
lk,sb,0.5704
lk,sc,0.495
lk,sd,0.5564
lk,se,0.5858
lk,sg,0.6077
lk,sh,0.6101
lk,si,0.6566
lk,sj,0.5133
lk,sk,0.56
lk,sl,0.6444
lk,sm,0.6474
lk,sn,0.4846
lk,so,0.7069
lk,sr,0.5091
lk,ss,0.5787
lk,st,0.5415
lk,sv,0.6845
lk,sx,0.548
lk,sy,0.6142
lk,sz,0.486
lk,tc,0.6043
lk,td,0.5
lk,tf,0.6043
lk,tg,0.5332
lk,th,0.5542
lk,tj,0.6065
lk,tk,0.5891
lk,tl,0.4868
lk,tm,0.5818
lk,tn,0.5637
lk,to,0.564
lk,tr,0.5586
lk,tt,0.5166
lk,tv,0.6672
lk,tw,0.5687
lk,tz,0.583
lk,ua,0.5928
lk,ug,0.5358
lk,um,0.5151
lk,us,0.5151
lk,uy,0.6128
lk,uz,0.6186
lk,va,0.602
lk,vc,0.494
lk,ve,0.4901
lk,vg,0.5873
lk,vi,0.6188
lk,vn,0.5897
lk,vu,0.5035
lk,wf,0.5133
lk,ws,0.5255
lk,xk,0.629
lk,ye,0.6005
lk,yt,0.663
lk,za,0.5219
lk,zm,0.551
lk,zw,0.5354
lr,ad,0.5505
lr,ae,0.6196
lr,af,0.6059
lr,ag,0.5819
lr,ai,0.6522
lr,al,0.6987
lr,am,0.6001
lr,ao,0.6749
lr,aq,0.6331
lr,ar,0.5656
lr,as,0.5714
lr,at,0.5464
lr,au,0.6691
lr,aw,0.625
lr,ax,0.6221
lr,az,0.5837
lr,ba,0.6443
lr,bb,0.6247
lr,bd,0.6714
lr,be,0.591
lr,bf,0.6441
lr,bg,0.5916
lr,bh,0.5769
lr,bi,0.5063
lr,bj,0.5768
lr,bl,0.5685
lr,bm,0.5189
lr,bn,0.5985
lr,bo,0.6031
lr,bq,0.6252
lr,br,0.6512
lr,bs,0.6516
lr,bt,0.5489
lr,bv,0.5658
lr,bw,0.6417
lr,by,0.5973
lr,bz,0.5954
lr,ca,0.5992
lr,cc,0.7696
lr,cd,0.6482
lr,cf,0.5476
lr,cg,0.5566
lr,ch,0.6454
lr,ci,0.5954
lr,ck,0.6468
lr,cl,0.5269
lr,cm,0.5529
lr,cn,0.6471
lr,co,0.6099
lr,cr,0.5622
lr,cu,0.5967
lr,cv,0.6111
lr,cw,0.6652
lr,cx,0.6529
lr,cy,0.6006
lr,cz,0.553
lr,de,0.6484
lr,dj,0.6039
lr,dk,0.5232
lr,dm,0.6619
lr,do,0.5267
lr,dz,0.5843
lr,ec,0.6006
lr,ee,0.6412
lr,eg,0.6168
lr,eh,0.6355
lr,er,0.5772
lr,es,0.5713
lr,et,0.5818
lr,fi,0.5964
lr,fj,0.5592
lr,fk,0.6345
lr,fm,0.6378
lr,fo,0.5471
lr,fr,0.5422
lr,ga,0.5949
lr,gb-eng,0.5625
lr,gb-nir,0.5786
lr,gb-sct,0.6034
lr,gb-wls,0.5761
lr,gb,0.5093
lr,gd,0.5387
lr,ge,0.5706
lr,gf,0.6662
lr,gg,0.5333
lr,gh,0.6011
lr,gi,0.5838
lr,gl,0.5482
lr,gm,0.5658
lr,gn,0.5908
lr,gp,0.6784
lr,gq,0.5496
lr,gr,0.5657
lr,gs,0.6397
lr,gt,0.5645
lr,gu,0.6547
lr,gw,0.5958
lr,gy,0.56
lr,hk,0.6123
lr,hm,0.7057
lr,hn,0.6679
lr,hr,0.5892
lr,ht,0.5527
lr,hu,0.5365
lr,id,0.5979
lr,ie,0.5178
lr,il,0.5944
lr,im,0.598
lr,in,0.5848
lr,io,0.4656
lr,iq,0.6191
lr,ir,0.5283
lr,is,0.6261
lr,it,0.5406
lr,je,0.5495
lr,jm,0.6605
lr,jo,0.6263
lr,jp,0.5943
lr,ke,0.6177
lr,kg,0.6805
lr,kh,0.5997
lr,ki,0.5204
lr,km,0.5566
lr,kn,0.6115
lr,kp,0.5655
lr,kr,0.5858
lr,kw,0.5739
lr,ky,0.6442
lr,kz,0.6886
lr,la,0.5727
lr,lb,0.4971
lr,lc,0.6632
lr,li,0.5863
lr,lk,0.5419
lr,lr,0.0
lr,ls,0.5857
lr,lt,0.5963
lr,lu,0.5894
lr,lv,0.5774
lr,ly,0.7087
lr,ma,0.6249
lr,mc,0.5415
lr,md,0.5513
lr,me,0.6467
lr,mf,0.5422
lr,mg,0.5966
lr,mh,0.6402
lr,mk,0.5523
lr,ml,0.5625
lr,mm,0.5556
lr,mn,0.5967
lr,mo,0.6747
lr,mp,0.6565
lr,mq,0.6602
lr,mr,0.6226
lr,ms,0.6515
lr,mt,0.5547
lr,mu,0.5821
lr,mv,0.5877
lr,mw,0.608
lr,mx,0.5315
lr,my,0.5041
lr,mz,0.5906
lr,na,0.5766
lr,nc,0.6023
lr,ne,0.5933
lr,nf,0.6194
lr,ng,0.628
lr,ni,0.6399
lr,nl,0.5362
lr,no,0.5658
lr,np,0.5311
lr,nr,0.6809
lr,nu,0.6144
lr,nz,0.6775
lr,om,0.5626
lr,pa,0.5882
lr,pe,0.5507
lr,pf,0.483
lr,pg,0.6473
lr,ph,0.582
lr,pk,0.698
lr,pl,0.555
lr,pm,0.5747
lr,pn,0.6339
lr,pr,0.5779
lr,ps,0.6356
lr,pt,0.6372
lr,pw,0.7285
lr,py,0.5835
lr,qa,0.6031
lr,re,0.5998
lr,ro,0.5496
lr,rs,0.5174
lr,ru,0.5892
lr,rw,0.6176
lr,sa,0.7183
lr,sb,0.6233
lr,sc,0.5087
lr,sd,0.6047
lr,se,0.6393
lr,sg,0.5353
lr,sh,0.6582
lr,si,0.6373
lr,sj,0.5658
lr,sk,0.5619
lr,sl,0.6083
lr,sm,0.5695
lr,sn,0.5671
lr,so,0.6635
lr,sr,0.5485
lr,ss,0.5926
lr,st,0.6366
lr,sv,0.6362
lr,sx,0.5927
lr,sy,0.6519
lr,sz,0.5668
lr,tc,0.6585
lr,td,0.5597
lr,tf,0.6295
lr,tg,0.6132
lr,th,0.5157
lr,tj,0.5719
lr,tk,0.6373
lr,tl,0.604
lr,tm,0.6828
lr,tn,0.6451
lr,to,0.6651
lr,tr,0.6436
lr,tt,0.5739
lr,tv,0.6586
lr,tw,0.6478
lr,tz,0.6697
lr,ua,0.6295
lr,ug,0.6312
lr,um,0.4524
lr,us,0.4524
lr,uy,0.5775
lr,uz,0.5761
lr,va,0.5924
lr,vc,0.5845
lr,ve,0.5883
lr,vg,0.6422
lr,vi,0.5439
lr,vn,0.7043
lr,vu,0.6094
lr,wf,0.5707
lr,ws,0.5659
lr,xk,0.6401
lr,ye,0.6204
lr,yt,0.5699
lr,za,0.5874
lr,zm,0.6968
lr,zw,0.6248
ls,ad,0.6601
ls,ae,0.5061
ls,af,0.6303
ls,ag,0.6643
ls,ai,0.6065
ls,al,0.8405
ls,am,0.7096
ls,ao,0.7178
ls,aq,0.5663
ls,ar,0.4999
ls,as,0.5515
ls,at,0.566
ls,au,0.6479
ls,aw,0.6002
ls,ax,0.5857
ls,az,0.5503
ls,ba,0.6696
ls,bb,0.6698
ls,bd,0.6397
ls,be,0.7187
ls,bf,0.6075
ls,bg,0.735
ls,bh,0.6903
ls,bi,0.6319
ls,bj,0.6516
ls,bl,0.6495
ls,bm,0.6501
ls,bn,0.7008
ls,bo,0.5404
ls,bq,0.6443
ls,br,0.526
ls,bs,0.5969
ls,bt,0.7011
ls,bv,0.6374
ls,bw,0.6548
ls,by,0.6382
ls,bz,0.576
ls,ca,0.7676
ls,cc,0.7083
ls,cd,0.6261
ls,cf,0.5363
ls,cg,0.6456
ls,ch,0.7809
ls,ci,0.6586
ls,ck,0.6286
ls,cl,0.6702
ls,cm,0.6562
ls,cn,0.7937
ls,co,0.742
ls,cr,0.5859
ls,cu,0.5844
ls,cv,0.5617
ls,cw,0.6365
ls,cx,0.6274
ls,cy,0.6958
ls,cz,0.6918
ls,de,0.7057
ls,dj,0.5225
ls,dk,0.6577
ls,dm,0.5676
ls,do,0.5533
ls,dz,0.6274
ls,ec,0.7339
ls,ee,0.7563
ls,eg,0.4911
ls,eh,0.4597
ls,er,0.6301
ls,es,0.6528
ls,et,0.5905
ls,fi,0.7473
ls,fj,0.5661
ls,fk,0.5957
ls,fm,0.6373
ls,fo,0.6938
ls,fr,0.673
ls,ga,0.5352
ls,gb-eng,0.7205
ls,gb-nir,0.7348
ls,gb-sct,0.6132
ls,gb-wls,0.6022
ls,gb,0.5636
ls,gd,0.684
ls,ge,0.7298
ls,gf,0.6784
ls,gg,0.7215
ls,gh,0.5551
ls,gi,0.639
ls,gl,0.6933
ls,gm,0.5535
ls,gn,0.6708
ls,gp,0.6963
ls,gq,0.542
ls,gr,0.5431
ls,gs,0.6133
ls,gt,0.6027
ls,gu,0.6528
ls,gw,0.6479
ls,gy,0.5799
ls,hk,0.7559
ls,hm,0.6171
ls,hn,0.4903
ls,hr,0.4829
ls,ht,0.5995
ls,hu,0.441
ls,id,0.7269
ls,ie,0.6339
ls,il,0.5044
ls,im,0.7565
ls,in,0.484
ls,io,0.5362
ls,iq,0.4978
ls,ir,0.487
ls,is,0.5403
ls,it,0.6184
ls,je,0.6433
ls,jm,0.7056
ls,jo,0.4962
ls,jp,0.7102
ls,ke,0.5619
ls,kg,0.8367
ls,kh,0.5915
ls,ki,0.6247
ls,km,0.6027
ls,kn,0.6531
ls,kp,0.6174
ls,kr,0.6498
ls,kw,0.566
ls,ky,0.6165
ls,kz,0.597
ls,la,0.7078
ls,lb,0.5328
ls,lc,0.6375
ls,li,0.6711
ls,lk,0.6393
ls,lr,0.5857
ls,ls,0.0
ls,lt,0.7501
ls,lu,0.4927
ls,lv,0.5914
ls,ly,0.7533
ls,ma,0.734
ls,mc,0.6738
ls,md,0.6642
ls,me,0.7815
ls,mf,0.673
ls,mg,0.6152
ls,mh,0.5747
ls,mk,0.6938
ls,ml,0.6761
ls,mm,0.7309
ls,mn,0.6476
ls,mo,0.6236
ls,mp,0.6194
ls,mq,0.6358
ls,mr,0.6567
ls,ms,0.6152
ls,mt,0.676
ls,mu,0.6049
ls,mv,0.7114
ls,mw,0.5865
ls,mx,0.652
ls,my,0.6397
ls,mz,0.6672
ls,na,0.5556
ls,nc,0.4812
ls,ne,0.475
ls,nf,0.6282
ls,ng,0.593
ls,ni,0.4307
ls,nl,0.4392
ls,no,0.6374
ls,np,0.5752
ls,nr,0.6464
ls,nu,0.7283
ls,nz,0.6528
ls,om,0.6879
ls,pa,0.6393
ls,pe,0.7292
ls,pf,0.532
ls,pg,0.7035
ls,ph,0.5906
ls,pk,0.6479
ls,pl,0.6964
ls,pm,0.5187
ls,pn,0.6001
ls,pr,0.678
ls,ps,0.4504
ls,pt,0.7382
ls,pw,0.6597
ls,py,0.4744
ls,qa,0.6485
ls,re,0.638
ls,ro,0.682
ls,rs,0.67
ls,ru,0.7471
ls,rw,0.5494
ls,sa,0.6593
ls,sb,0.5819
ls,sc,0.5618
ls,sd,0.5459
ls,se,0.5848
ls,sg,0.6603
ls,sh,0.6226
ls,si,0.7937
ls,sj,0.6374
ls,sk,0.729
ls,sl,0.4343
ls,sm,0.6038
ls,sn,0.6728
ls,so,0.6306
ls,sr,0.6385
ls,ss,0.4634
ls,st,0.5567
ls,sv,0.4123
ls,sx,0.5971
ls,sy,0.4423
ls,sz,0.6244
ls,tc,0.6215
ls,td,0.6904
ls,tf,0.6051
ls,tg,0.6151
ls,th,0.6838
ls,tj,0.4361
ls,tk,0.6546
ls,tl,0.7362
ls,tm,0.6342
ls,tn,0.7837
ls,to,0.7636
ls,tr,0.7803
ls,tt,0.6917
ls,tv,0.5898
ls,tw,0.7787
ls,tz,0.6208
ls,ua,0.6478
ls,ug,0.7441
ls,um,0.5908
ls,us,0.5908
ls,uy,0.6234
ls,uz,0.3849
ls,va,0.7215
ls,vc,0.6534
ls,ve,0.7723
ls,vg,0.6103
ls,vi,0.655
ls,vn,0.8582
ls,vu,0.6236
ls,wf,0.7099
ls,ws,0.7092
ls,xk,0.6138
ls,ye,0.4986
ls,yt,0.6517
ls,za,0.6029
ls,zm,0.6906
ls,zw,0.6708
lt,ad,0.5491
lt,ae,0.6501
lt,af,0.5353
lt,ag,0.577
lt,ai,0.6174
lt,al,0.6086
lt,am,0.4344
lt,ao,0.5618
lt,aq,0.7688
lt,ar,0.7411
lt,as,0.6891
lt,at,0.6443
lt,au,0.6109
lt,aw,0.6624
lt,ax,0.6623
lt,az,0.6638
lt,ba,0.604
lt,bb,0.5943
lt,bd,0.5547
lt,be,0.5603
lt,bf,0.5687
lt,bg,0.4787
lt,bh,0.6266
lt,bi,0.5564
lt,bj,0.5144
lt,bl,0.7225
lt,bm,0.5248
lt,bn,0.5535
lt,bo,0.5741
lt,bq,0.6179
lt,br,0.606
lt,bs,0.6668
lt,bt,0.5302
lt,bv,0.5303
lt,bw,0.6534
lt,by,0.5822
lt,bz,0.5855
lt,ca,0.6542
lt,cc,0.633
lt,cd,0.6757
lt,cf,0.5992
lt,cg,0.5363
lt,ch,0.6485
lt,ci,0.627
lt,ck,0.5909
lt,cl,0.6062
lt,cm,0.5013
lt,cn,0.6122
lt,co,0.454
lt,cr,0.668
lt,cu,0.6529
lt,cv,0.6891
lt,cw,0.6596
lt,cx,0.5674
lt,cy,0.7856
lt,cz,0.5725
lt,de,0.6732
lt,dj,0.6639
lt,dk,0.6134
lt,dm,0.6091
lt,do,0.6301
lt,dz,0.6784
lt,ec,0.4407
lt,ee,0.6965
lt,eg,0.6502
lt,eh,0.6926
lt,er,0.5683
lt,es,0.4958
lt,et,0.559
lt,fi,0.6563
lt,fj,0.6292
lt,fk,0.5918
lt,fm,0.7154
lt,fo,0.6702
lt,fr,0.6276
lt,ga,0.6648
lt,gb-eng,0.7207
lt,gb-nir,0.7284
lt,gb-sct,0.6969
lt,gb-wls,0.5722
lt,gb,0.6061
lt,gd,0.4081
lt,ge,0.7073
lt,gf,0.6101
lt,gg,0.6981
lt,gh,0.5905
lt,gi,0.6333
lt,gl,0.6324
lt,gm,0.5118
lt,gn,0.5426
lt,gp,0.591
lt,gq,0.582
lt,gr,0.6865
lt,gs,0.5773
lt,gt,0.6799
lt,gu,0.6148
lt,gw,0.5061
lt,gy,0.5711
lt,hk,0.6081
lt,hm,0.6455
lt,hn,0.838
lt,hr,0.6495
lt,ht,0.6074
lt,hu,0.6016
lt,id,0.7388
lt,ie,0.6201
lt,il,0.7549
lt,im,0.5958
lt,in,0.6093
lt,io,0.567
lt,iq,0.6412
lt,ir,0.6289
lt,is,0.6752
lt,it,0.5849
lt,je,0.7237
lt,jm,0.4864
lt,jo,0.682
lt,jp,0.7718
lt,ke,0.633
lt,kg,0.6298
lt,kh,0.6612
lt,ki,0.5785
lt,km,0.5397
lt,kn,0.5344
lt,kp,0.627
lt,kr,0.7285
lt,kw,0.6276
lt,ky,0.5923
lt,kz,0.7035
lt,la,0.5216
lt,lb,0.6192
lt,lc,0.736
lt,li,0.5859
lt,lk,0.4658
lt,lr,0.5963
lt,ls,0.7501
lt,lt,0.0
lt,lu,0.7119
lt,lv,0.6126
lt,ly,0.5501
lt,ma,0.4643
lt,mc,0.7204
lt,md,0.538
lt,me,0.5618
lt,mf,0.6276
lt,mg,0.6142
lt,mh,0.6602
lt,mk,0.4587
lt,ml,0.5358
lt,mm,0.4125
lt,mn,0.5007
lt,mo,0.6446
lt,mp,0.6663
lt,mq,0.5558
lt,mr,0.5098
lt,ms,0.5921
lt,mt,0.6712
lt,mu,0.5561
lt,mv,0.505
lt,mw,0.63
lt,mx,0.5566
lt,my,0.5878
lt,mz,0.5578
lt,na,0.5592
lt,nc,0.664
lt,ne,0.6355
lt,nf,0.6196
lt,ng,0.6679
lt,ni,0.8001
lt,nl,0.6594
lt,no,0.5303
lt,np,0.5167
lt,nr,0.6847
lt,nu,0.6228
lt,nz,0.6128
lt,om,0.5902
lt,pa,0.6485
lt,pe,0.6392
lt,pf,0.6329
lt,pg,0.5532
lt,ph,0.6316
lt,pk,0.6541
lt,pl,0.6402
lt,pm,0.5837
lt,pn,0.5729
lt,pr,0.631
lt,ps,0.7088
lt,pt,0.5836
lt,pw,0.7936
lt,py,0.6591
lt,qa,0.6271
lt,re,0.6143
lt,ro,0.5533
lt,rs,0.5376
lt,ru,0.4928
lt,rw,0.6523
lt,sa,0.6277
lt,sb,0.5847
lt,sc,0.552
lt,sd,0.6131
lt,se,0.6689
lt,sg,0.7093
lt,sh,0.6067
lt,si,0.5617
lt,sj,0.5303
lt,sk,0.4972
lt,sl,0.7237
lt,sm,0.6639
lt,sn,0.5376
lt,so,0.7303
lt,sr,0.5687
lt,ss,0.6684
lt,st,0.6354
lt,sv,0.7773
lt,sx,0.5775
lt,sy,0.6883
lt,sz,0.5323
lt,tc,0.607
lt,td,0.5496
lt,tf,0.6222
lt,tg,0.5095
lt,th,0.5132
lt,tj,0.6855
lt,tk,0.6345
lt,tl,0.5513
lt,tm,0.5805
lt,tn,0.6273
lt,to,0.6092
lt,tr,0.6206
lt,tt,0.5635
lt,tv,0.6655
lt,tw,0.6351
lt,tz,0.5857
lt,ua,0.6815
lt,ug,0.5379
lt,um,0.5679
lt,us,0.5679
lt,uy,0.6575
lt,uz,0.7212
lt,va,0.6675
lt,vc,0.528
lt,ve,0.3543
lt,vg,0.5824
lt,vi,0.6771
lt,vn,0.6554
lt,vu,0.5303
lt,wf,0.5797
lt,ws,0.5839
lt,xk,0.6518
lt,ye,0.6634
lt,yt,0.7136
lt,za,0.4819
lt,zm,0.5738
lt,zw,0.5529
lu,ad,0.682
lu,ae,0.5807
lu,af,0.679
lu,ag,0.7113
lu,ai,0.6601
lu,al,0.8338
lu,am,0.7063
lu,ao,0.7179
lu,aq,0.5905
lu,ar,0.4977
lu,as,0.5867
lu,at,0.528
lu,au,0.6897
lu,aw,0.6568
lu,ax,0.642
lu,az,0.6915
lu,ba,0.6681
lu,bb,0.7117
lu,bd,0.7124
lu,be,0.7151
lu,bf,0.5369
lu,bg,0.7521
lu,bh,0.6624
lu,bi,0.5946
lu,bj,0.6864
lu,bl,0.5864
lu,bm,0.6663
lu,bn,0.6854
lu,bo,0.497
lu,bq,0.6043
lu,br,0.6732
lu,bs,0.6709
lu,bt,0.6479
lu,bv,0.6272
lu,bw,0.6697
lu,by,0.609
lu,bz,0.6509
lu,ca,0.7188
lu,cc,0.7883
lu,cd,0.6554
lu,cf,0.6468
lu,cg,0.7009
lu,ch,0.722
lu,ci,0.6255
lu,ck,0.6704
lu,cl,0.7163
lu,cm,0.6685
lu,cn,0.7659
lu,co,0.679
lu,cr,0.6494
lu,cu,0.6301
lu,cv,0.6542
lu,cw,0.7419
lu,cx,0.6869
lu,cy,0.6174
lu,cz,0.7081
lu,de,0.809
lu,dj,0.5806
lu,dk,0.6287
lu,dm,0.6529
lu,do,0.5613
lu,dz,0.6341
lu,ec,0.6695
lu,ee,0.8246
lu,eg,0.4638
lu,eh,0.5354
lu,er,0.6167
lu,es,0.6573
lu,et,0.6977
lu,fi,0.7169
lu,fj,0.5332
lu,fk,0.6501
lu,fm,0.633
lu,fo,0.6419
lu,fr,0.6455
lu,ga,0.5875
lu,gb-eng,0.6683
lu,gb-nir,0.6728
lu,gb-sct,0.6058
lu,gb-wls,0.5948
lu,gb,0.5816
lu,gd,0.6672
lu,ge,0.6811
lu,gf,0.7581
lu,gg,0.6579
lu,gh,0.5257
lu,gi,0.6728
lu,gl,0.6702
lu,gm,0.5509
lu,gn,0.6718
lu,gp,0.7829
lu,gq,0.6038
lu,gr,0.5403
lu,gs,0.6652
lu,gt,0.5831
lu,gu,0.7055
lu,gw,0.6225
lu,gy,0.617
lu,hk,0.7119
lu,hm,0.704
lu,hn,0.5508
lu,hr,0.3738
lu,ht,0.7257
lu,hu,0.355
lu,id,0.575
lu,ie,0.5911
lu,il,0.5223
lu,im,0.7353
lu,in,0.3832
lu,io,0.5327
lu,iq,0.4692
lu,ir,0.6011
lu,is,0.5952
lu,it,0.6171
lu,je,0.576
lu,jm,0.7397
lu,jo,0.5541
lu,jp,0.6524
lu,ke,0.6918
lu,kg,0.8064
lu,kh,0.64
lu,ki,0.5329
lu,km,0.541
lu,kn,0.7532
lu,kp,0.6435
lu,kr,0.5943
lu,kw,0.6561
lu,ky,0.666
lu,kz,0.5887
lu,la,0.6786
lu,lb,0.5415
lu,lc,0.6718
lu,li,0.7831
lu,lk,0.6299
lu,lr,0.5894
lu,ls,0.4927
lu,lt,0.7119
lu,lu,0.0
lu,lv,0.5857
lu,ly,0.7339
lu,ma,0.732
lu,mc,0.5565
lu,md,0.6754
lu,me,0.7583
lu,mf,0.6455
lu,mg,0.5231
lu,mh,0.6301
lu,mk,0.6602
lu,ml,0.6755
lu,mm,0.6225
lu,mn,0.6624
lu,mo,0.6779
lu,mp,0.6748
lu,mq,0.7321
lu,mr,0.6746
lu,ms,0.6669
lu,mt,0.6249
lu,mu,0.5679
lu,mv,0.7036
lu,mw,0.6584
lu,mx,0.6434
lu,my,0.6483
lu,mz,0.7913
lu,na,0.6353
lu,nc,0.6295
lu,ne,0.4128
lu,nf,0.6628
lu,ng,0.6545
lu,ni,0.5122
lu,nl,0.335
lu,no,0.6272
lu,np,0.6192
lu,nr,0.7321
lu,nu,0.7307
lu,nz,0.6989
lu,om,0.6746
lu,pa,0.5723
lu,pe,0.6683
lu,pf,0.5294
lu,pg,0.7225
lu,ph,0.712
lu,pk,0.6916
lu,pl,0.696
lu,pm,0.5793
lu,pn,0.6521
lu,pr,0.6641
lu,ps,0.4999
lu,pt,0.7523
lu,pw,0.7072
lu,py,0.3234
lu,qa,0.6472
lu,re,0.7154
lu,ro,0.6813
lu,rs,0.5853
lu,ru,0.7612
lu,rw,0.6884
lu,sa,0.7515
lu,sb,0.6801
lu,sc,0.5568
lu,sd,0.522
lu,se,0.6498
lu,sg,0.4799
lu,sh,0.6736
lu,si,0.8214
lu,sj,0.6272
lu,sk,0.7323
lu,sl,0.4362
lu,sm,0.5242
lu,sn,0.6747
lu,so,0.6455
lu,sr,0.6536
lu,ss,0.5875
lu,st,0.6554
lu,sv,0.511
lu,sx,0.5445
lu,sy,0.5786
lu,sz,0.638
lu,tc,0.6711
lu,td,0.694
lu,tf,0.6239
lu,tg,0.654
lu,th,0.6813
lu,tj,0.4294
lu,tk,0.7413
lu,tl,0.7286
lu,tm,0.7124
lu,tn,0.7513
lu,to,0.7759
lu,tr,0.7608
lu,tt,0.6998
lu,tv,0.595
lu,tw,0.8337
lu,tz,0.6465
lu,ua,0.789
lu,ug,0.7817
lu,um,0.5778
lu,us,0.5778
lu,uy,0.5885
lu,uz,0.5083
lu,va,0.6556
lu,vc,0.676
lu,ve,0.7305
lu,vg,0.6627
lu,vi,0.5778
lu,vn,0.8247
lu,vu,0.6371
lu,wf,0.7204
lu,ws,0.7614
lu,xk,0.6627
lu,ye,0.4593
lu,yt,0.5912
lu,za,0.5708
lu,zm,0.7709
lu,zw,0.7076
lv,ad,0.6036
lv,ae,0.5367
lv,af,0.5913
lv,ag,0.5889
lv,ai,0.6487
lv,al,0.6673
lv,am,0.6031
lv,ao,0.6332
lv,aq,0.7269
lv,ar,0.6553
lv,as,0.589
lv,at,0.5013
lv,au,0.6687
lv,aw,0.6868
lv,ax,0.6537
lv,az,0.6427
lv,ba,0.6684
lv,bb,0.6655
lv,bd,0.6713
lv,be,0.6231
lv,bf,0.6269
lv,bg,0.6752
lv,bh,0.6309
lv,bi,0.6054
lv,bj,0.6164
lv,bl,0.717
lv,bm,0.5553
lv,bn,0.6601
lv,bo,0.5413
lv,bq,0.6751
lv,br,0.6513
lv,bs,0.6645
lv,bt,0.5928
lv,bv,0.5558
lv,bw,0.7614
lv,by,0.5958
lv,bz,0.5974
lv,ca,0.6838
lv,cc,0.7341
lv,cd,0.6996
lv,cf,0.5808
lv,cg,0.6085
lv,ch,0.5945
lv,ci,0.6561
lv,ck,0.6515
lv,cl,0.6312
lv,cm,0.6021
lv,cn,0.6426
lv,co,0.6178
lv,cr,0.672
lv,cu,0.6784
lv,cv,0.6376
lv,cw,0.7026
lv,cx,0.654
lv,cy,0.7672
lv,cz,0.6478
lv,de,0.6593
lv,dj,0.6583
lv,dk,0.5191
lv,dm,0.6197
lv,do,0.5038
lv,dz,0.6906
lv,ec,0.6056
lv,ee,0.7988
lv,eg,0.507
lv,eh,0.558
lv,er,0.6021
lv,es,0.5546
lv,et,0.5581
lv,fi,0.7923
lv,fj,0.6448
lv,fk,0.6338
lv,fm,0.725
lv,fo,0.746
lv,fr,0.636
lv,ga,0.6249
lv,gb-eng,0.7859
lv,gb-nir,0.7957
lv,gb-sct,0.7043
lv,gb-wls,0.6297
lv,gb,0.6299
lv,gd,0.5688
lv,ge,0.7695
lv,gf,0.676
lv,gg,0.7516
lv,gh,0.562
lv,gi,0.6235
lv,gl,0.6463
lv,gm,0.5967
lv,gn,0.6118
lv,gp,0.6644
lv,gq,0.528
lv,gr,0.6682
lv,gs,0.6357
lv,gt,0.6901
lv,gu,0.6549
lv,gw,0.6162
lv,gy,0.5978
lv,hk,0.6066
lv,hm,0.6894
lv,hn,0.7271
lv,hr,0.5181
lv,ht,0.5882
lv,hu,0.4863
lv,id,0.6835
lv,ie,0.639
lv,il,0.6712
lv,im,0.6146
lv,in,0.5309
lv,io,0.5885
lv,iq,0.5137
lv,ir,0.5261
lv,is,0.6223
lv,it,0.6365
lv,je,0.6801
lv,jm,0.6695
lv,jo,0.5583
lv,jp,0.765
lv,ke,0.6375
lv,kg,0.6557
lv,kh,0.6054
lv,ki,0.5581
lv,km,0.6065
lv,kn,0.6227
lv,kp,0.6047
lv,kr,0.7164
lv,kw,0.5507
lv,ky,0.6434
lv,kz,0.7373
lv,la,0.579
lv,lb,0.56
lv,lc,0.7593
lv,li,0.6166
lv,lk,0.519
lv,lr,0.5774
lv,ls,0.5914
lv,lt,0.6126
lv,lu,0.5857
lv,lv,0.0
lv,ly,0.6777
lv,ma,0.6125
lv,mc,0.6601
lv,md,0.6054
lv,me,0.6119
lv,mf,0.636
lv,mg,0.6386
lv,mh,0.6468
lv,mk,0.5476
lv,ml,0.6128
lv,mm,0.5746
lv,mn,0.5927
lv,mo,0.675
lv,mp,0.6801
lv,mq,0.6266
lv,mr,0.6115
lv,ms,0.6439
lv,mt,0.6501
lv,mu,0.5965
lv,mv,0.5938
lv,mw,0.5981
lv,mx,0.6321
lv,my,0.6161
lv,mz,0.667
lv,na,0.6013
lv,nc,0.6105
lv,ne,0.5582
lv,nf,0.6857
lv,ng,0.7034
lv,ni,0.6518
lv,nl,0.4996
lv,no,0.5558
lv,np,0.5565
lv,nr,0.6805
lv,nu,0.6785
lv,nz,0.6723
lv,om,0.6507
lv,pa,0.6453
lv,pe,0.6348
lv,pf,0.5476
lv,pg,0.6278
lv,ph,0.6032
lv,pk,0.6868
lv,pl,0.6578
lv,pm,0.5907
lv,pn,0.6269
lv,pr,0.6713
lv,ps,0.5588
lv,pt,0.6228
lv,pw,0.7959
lv,py,0.5291
lv,qa,0.6305
lv,re,0.6363
lv,ro,0.6072
lv,rs,0.6379
lv,ru,0.6839
lv,rw,0.6585
lv,sa,0.6999
lv,sb,0.6346
lv,sc,0.5757
lv,sd,0.5348
lv,se,0.642
lv,sg,0.6544
lv,sh,0.6543
lv,si,0.713
lv,sj,0.5558
lv,sk,0.6525
lv,sl,0.606
lv,sm,0.6944
lv,sn,0.6206
lv,so,0.7261
lv,sr,0.6217
lv,ss,0.6356
lv,st,0.6395
lv,sv,0.6218
lv,sx,0.582
lv,sy,0.5669
lv,sz,0.5823
lv,tc,0.6538
lv,td,0.6084
lv,tf,0.656
lv,tg,0.6337
lv,th,0.6538
lv,tj,0.5514
lv,tk,0.6623
lv,tl,0.6003
lv,tm,0.675
lv,tn,0.6244
lv,to,0.6458
lv,tr,0.631
lv,tt,0.5968
lv,tv,0.7026
lv,tw,0.6602
lv,tz,0.6728
lv,ua,0.6864
lv,ug,0.638
lv,um,0.5496
lv,us,0.5496
lv,uy,0.6666
lv,uz,0.5727
lv,va,0.7081
lv,vc,0.6347
lv,ve,0.6184
lv,vg,0.6371
lv,vi,0.6934
lv,vn,0.6728
lv,vu,0.6214
lv,wf,0.6
lv,ws,0.6099
lv,xk,0.6652
lv,ye,0.5079
lv,yt,0.7189
lv,za,0.6293
lv,zm,0.6785
lv,zw,0.6415
ly,ad,0.5975
ly,ae,0.6651
ly,af,0.462
ly,ag,0.5901
ly,ai,0.603
ly,al,0.5874
ly,am,0.5233
ly,ao,0.4041
ly,aq,0.8261
ly,ar,0.8377
ly,as,0.712
ly,at,0.7627
ly,au,0.5797
ly,aw,0.7243
ly,ax,0.641
ly,az,0.6697
ly,ba,0.6063
ly,bb,0.5899
ly,bd,0.5985
ly,be,0.5568
ly,bf,0.5192
ly,bg,0.7117
ly,bh,0.7388
ly,bi,0.6828
ly,bj,0.6223
ly,bl,0.8739
ly,bm,0.6206
ly,bn,0.6962
ly,bo,0.562
ly,bq,0.7061
ly,br,0.6026
ly,bs,0.5807
ly,bt,0.7154
ly,bv,0.6022
ly,bw,0.688
ly,by,0.5186
ly,bz,0.5775
ly,ca,0.7167
ly,cc,0.6065
ly,cd,0.6988
ly,cf,0.6936
ly,cg,0.6475
ly,ch,0.7003
ly,ci,0.7274
ly,ck,0.5661
ly,cl,0.759
ly,cm,0.6057
ly,cn,0.6824
ly,co,0.6336
ly,cr,0.7299
ly,cu,0.7211
ly,cv,0.6811
ly,cw,0.6312
ly,cx,0.5703
ly,cy,0.9416
ly,cz,0.7358
ly,de,0.5766
ly,dj,0.7458
ly,dk,0.6997
ly,dm,0.5721
ly,do,0.6826
ly,dz,0.7594
ly,ec,0.6507
ly,ee,0.6527
ly,eg,0.65
ly,eh,0.6059
ly,er,0.5958
ly,es,0.6458
ly,et,0.6591
ly,fi,0.7771
ly,fj,0.6887
ly,fk,0.5836
ly,fm,0.7985
ly,fo,0.8053
ly,fr,0.6795
ly,ga,0.6865
ly,gb-eng,0.8539
ly,gb-nir,0.8603
ly,gb-sct,0.7617
ly,gb-wls,0.637
ly,gb,0.6616
ly,gd,0.5526
ly,ge,0.8188
ly,gf,0.6804
ly,gg,0.8315
ly,gh,0.557
ly,gi,0.8397
ly,gl,0.811
ly,gm,0.5097
ly,gn,0.6077
ly,gp,0.4486
ly,gq,0.7339
ly,gr,0.754
ly,gs,0.5505
ly,gt,0.7719
ly,gu,0.5662
ly,gw,0.5685
ly,gy,0.6069
ly,hk,0.6894
ly,hm,0.6076
ly,hn,0.8733
ly,hr,0.6777
ly,ht,0.6564
ly,hu,0.694
ly,id,0.7509
ly,ie,0.7321
ly,il,0.8751
ly,im,0.6418
ly,in,0.6838
ly,io,0.6368
ly,iq,0.6391
ly,ir,0.796
ly,is,0.6635
ly,it,0.6941
ly,je,0.872
ly,jm,0.484
ly,jo,0.5973
ly,jp,0.9118
ly,ke,0.5146
ly,kg,0.6431
ly,kh,0.6301
ly,ki,0.5918
ly,km,0.6471
ly,kn,0.5441
ly,kp,0.6482
ly,kr,0.8695
ly,kw,0.6976
ly,ky,0.5703
ly,kz,0.7189
ly,la,0.5372
ly,lb,0.7945
ly,lc,0.828
ly,li,0.6151
ly,lk,0.5544
ly,lr,0.7087
ly,ls,0.7533
ly,lt,0.5501
ly,lu,0.7339
ly,lv,0.6777
ly,ly,0.0
ly,ma,0.6154
ly,mc,0.763
ly,md,0.5848
ly,me,0.5783
ly,mf,0.6795
ly,mg,0.6777
ly,mh,0.6568
ly,mk,0.6295
ly,ml,0.611
ly,mm,0.6503
ly,mn,0.5964
ly,mo,0.6288
ly,mp,0.6408
ly,mq,0.5783
ly,mr,0.5566
ly,ms,0.5689
ly,mt,0.7887
ly,mu,0.5079
ly,mv,0.5424
ly,mw,0.467
ly,mx,0.6522
ly,my,0.6534
ly,mz,0.5816
ly,na,0.5488
ly,nc,0.6026
ly,ne,0.6776
ly,nf,0.6607
ly,ng,0.7146
ly,ni,0.8179
ly,nl,0.6984
ly,no,0.6022
ly,np,0.5759
ly,nr,0.6159
ly,nu,0.7536
ly,nz,0.5761
ly,om,0.6487
ly,pa,0.7269
ly,pe,0.7306
ly,pf,0.7952
ly,pg,0.4246
ly,ph,0.712
ly,pk,0.6757
ly,pl,0.8381
ly,pm,0.6361
ly,pn,0.55
ly,pr,0.7131
ly,ps,0.6275
ly,pt,0.5654
ly,pw,0.8142
ly,py,0.7012
ly,qa,0.7037
ly,re,0.7089
ly,ro,0.5975
ly,rs,0.6228
ly,ru,0.705
ly,rw,0.7098
ly,sa,0.5811
ly,sb,0.576
ly,sc,0.6235
ly,sd,0.5899
ly,se,0.648
ly,sg,0.7809
ly,sh,0.5802
ly,si,0.7531
ly,sj,0.6022
ly,sk,0.7168
ly,sl,0.7786
ly,sm,0.7979
ly,sn,0.6105
ly,so,0.7657
ly,sr,0.6166
ly,ss,0.5782
ly,st,0.6507
ly,sv,0.789
ly,sx,0.5851
ly,sy,0.6887
ly,sz,0.5536
ly,tc,0.5838
ly,td,0.5872
ly,tf,0.6361
ly,tg,0.6112
ly,th,0.6305
ly,tj,0.7379
ly,tk,0.6096
ly,tl,0.5825
ly,tm,0.5621
ly,tn,0.6344
ly,to,0.6829
ly,tr,0.6219
ly,tt,0.5806
ly,tv,0.6771
ly,tw,0.6382
ly,tz,0.5411
ly,ua,0.7328
ly,ug,0.5826
ly,um,0.6732
ly,us,0.6732
ly,uy,0.785
ly,uz,0.7775
ly,va,0.8353
ly,vc,0.5863
ly,ve,0.5749
ly,vg,0.5597
ly,vi,0.8273
ly,vn,0.6568
ly,vu,0.3869
ly,wf,0.6506
ly,ws,0.6149
ly,xk,0.6386
ly,ye,0.6639
ly,yt,0.8723
ly,za,0.5211
ly,zm,0.56
ly,zw,0.6064
ma,ad,0.5865
ma,ae,0.6597
ma,af,0.5836
ma,ag,0.581
ma,ai,0.671
ma,al,0.5774
ma,am,0.5746
ma,ao,0.5802
ma,aq,0.8377
ma,ar,0.7778
ma,as,0.6942
ma,at,0.649
ma,au,0.6735
ma,aw,0.7457
ma,ax,0.6555
ma,az,0.6559
ma,ba,0.6839
ma,bb,0.6648
ma,bd,0.6837
ma,be,0.5974
ma,bf,0.6158
ma,bg,0.6849
ma,bh,0.6457
ma,bi,0.6519
ma,bj,0.6127
ma,bl,0.798
ma,bm,0.545
ma,bn,0.6693
ma,bo,0.5859
ma,bq,0.7273
ma,br,0.6764
ma,bs,0.6822
ma,bt,0.6015
ma,bv,0.5707
ma,bw,0.732
ma,by,0.5665
ma,bz,0.6305
ma,ca,0.6542
ma,cc,0.7273
ma,cd,0.7415
ma,cf,0.64
ma,cg,0.6065
ma,ch,0.6292
ma,ci,0.7082
ma,ck,0.6595
ma,cl,0.6649
ma,cm,0.5976
ma,cn,0.5894
ma,co,0.6028
ma,cr,0.6694
ma,cu,0.6836
ma,cv,0.691
ma,cw,0.7034
ma,cx,0.6739
ma,cy,0.854
ma,cz,0.6739
ma,de,0.5999
ma,dj,0.7431
ma,dk,0.6131
ma,dm,0.6451
ma,do,0.6462
ma,dz,0.7529
ma,ec,0.5927
ma,ee,0.7519
ma,eg,0.6582
ma,eh,0.6615
ma,er,0.5826
ma,es,0.549
ma,et,0.585
ma,fi,0.7844
ma,fj,0.7008
ma,fk,0.6535
ma,fm,0.7958
ma,fo,0.7567
ma,fr,0.6709
ma,ga,0.6738
ma,gb-eng,0.778
ma,gb-nir,0.7862
ma,gb-sct,0.7822
ma,gb-wls,0.6583
ma,gb,0.6135
ma,gd,0.5448
ma,ge,0.7417
ma,gf,0.6757
ma,gg,0.7498
ma,gh,0.5828
ma,gi,0.7091
ma,gl,0.6985
ma,gm,0.5786
ma,gn,0.6077
ma,gp,0.6367
ma,gq,0.6456
ma,gr,0.7505
ma,gs,0.6408
ma,gt,0.7693
ma,gu,0.6566
ma,gw,0.6015
ma,gy,0.6092
ma,hk,0.5877
ma,hm,0.6945
ma,hn,0.8653
ma,hr,0.6565
ma,ht,0.6065
ma,hu,0.5578
ma,id,0.7213
ma,ie,0.6996
ma,il,0.793
ma,im,0.572
ma,in,0.6651
ma,io,0.6376
ma,iq,0.6553
ma,ir,0.6668
ma,is,0.6862
ma,it,0.6003
ma,je,0.7775
ma,jm,0.6297
ma,jo,0.6477
ma,jp,0.8336
ma,ke,0.5825
ma,kg,0.5902
ma,kh,0.6121
ma,ki,0.589
ma,km,0.6546
ma,kn,0.5905
ma,kp,0.5972
ma,kr,0.7955
ma,kw,0.6548
ma,ky,0.6521
ma,kz,0.803
ma,la,0.5974
ma,lb,0.649
ma,lc,0.8268
ma,li,0.5922
ma,lk,0.521
ma,lr,0.6249
ma,ls,0.734
ma,lt,0.4643
ma,lu,0.732
ma,lv,0.6125
ma,ly,0.6154
ma,ma,0.0
ma,mc,0.712
ma,md,0.5909
ma,me,0.5457
ma,mf,0.6709
ma,mg,0.6804
ma,mh,0.7021
ma,mk,0.3064
ma,ml,0.6062
ma,mm,0.602
ma,mn,0.3887
ma,mo,0.7241
ma,mp,0.7188
ma,mq,0.6108
ma,mr,0.6267
ma,ms,0.659
ma,mt,0.7028
ma,mu,0.5852
ma,mv,0.5655
ma,mw,0.5747
ma,mx,0.6498
ma,my,0.6012
ma,mz,0.5993
ma,na,0.615
ma,nc,0.6305
ma,ne,0.671
ma,nf,0.7247
ma,ng,0.7679
ma,ni,0.8014
ma,nl,0.6672
ma,no,0.5707
ma,np,0.5539
ma,nr,0.7064
ma,nu,0.6767
ma,nz,0.6765
ma,om,0.6254
ma,pa,0.6977
ma,pe,0.6504
ma,pf,0.6594
ma,pg,0.5764
ma,ph,0.6401
ma,pk,0.7199
ma,pl,0.7137
ma,pm,0.6461
ma,pn,0.6367
ma,pr,0.6796
ma,ps,0.6765
ma,pt,0.5888
ma,pw,0.8639
ma,py,0.6803
ma,qa,0.6578
ma,re,0.685
ma,ro,0.5952
ma,rs,0.5704
ma,ru,0.6828
ma,rw,0.7107
ma,sa,0.7036
ma,sb,0.6582
ma,sc,0.52
ma,sd,0.6484
ma,se,0.6865
ma,sg,0.714
ma,sh,0.6648
ma,si,0.7204
ma,sj,0.5707
ma,sk,0.6572
ma,sl,0.764
ma,sm,0.7756
ma,sn,0.6096
ma,so,0.8035
ma,sr,0.5949
ma,ss,0.6685
ma,st,0.6493
ma,sv,0.7702
ma,sx,0.6125
ma,sy,0.7009
ma,sz,0.5664
ma,tc,0.6641
ma,td,0.5894
ma,tf,0.6921
ma,tg,0.6061
ma,th,0.6221
ma,tj,0.6985
ma,tk,0.6648
ma,tl,0.5645
ma,tm,0.6753
ma,tn,0.5952
ma,to,0.6129
ma,tr,0.5913
ma,tt,0.556
ma,tv,0.7587
ma,tw,0.6013
ma,tz,0.6864
ma,ua,0.7046
ma,ug,0.5862
ma,um,0.6093
ma,us,0.6093
ma,uy,0.7553
ma,uz,0.7319
ma,va,0.7533
ma,vc,0.6296
ma,ve,0.579
ma,vg,0.6454
ma,vi,0.766
ma,vn,0.6114
ma,vu,0.5793
ma,wf,0.5643
ma,ws,0.5718
ma,xk,0.7026
ma,ye,0.6717
ma,yt,0.7953
ma,za,0.6137
ma,zm,0.6544
ma,zw,0.6064
mc,ad,0.6423
mc,ae,0.7137
mc,af,0.7335
mc,ag,0.6027
mc,ai,0.7877
mc,al,0.771
mc,am,0.647
mc,ao,0.7638
mc,aq,0.7164
mc,ar,0.6172
mc,as,0.689
mc,at,0.5305
mc,au,0.795
mc,aw,0.7205
mc,ax,0.712
mc,az,0.7353
mc,ba,0.7649
mc,bb,0.7545
mc,bd,0.7822
mc,be,0.712
mc,bf,0.6803
mc,bg,0.7749
mc,bh,0.6246
mc,bi,0.5698
mc,bj,0.7359
mc,bl,0.5273
mc,bm,0.6041
mc,bn,0.7035
mc,bo,0.6653
mc,bq,0.7276
mc,br,0.757
mc,bs,0.7614
mc,bt,0.6282
mc,bv,0.6577
mc,bw,0.6984
mc,by,0.5988
mc,bz,0.7187
mc,ca,0.6461
mc,cc,0.8624
mc,cd,0.7245
mc,cf,0.6701
mc,cg,0.6873
mc,ch,0.7111
mc,ci,0.6371
mc,ck,0.7783
mc,cl,0.766
mc,cm,0.6429
mc,cn,0.7258
mc,co,0.7129
mc,cr,0.6438
mc,cu,0.6766
mc,cv,0.706
mc,cw,0.7892
mc,cx,0.791
mc,cy,0.5561
mc,cz,0.7763
mc,de,0.6776
mc,dj,0.7166
mc,dk,0.5428
mc,dm,0.7203
mc,do,0.6071
mc,dz,0.6588
mc,ec,0.7126
mc,ee,0.6565
mc,eg,0.6781
mc,eh,0.6736
mc,er,0.6202
mc,es,0.6683
mc,et,0.7117
mc,fi,0.6412
mc,fj,0.5989
mc,fk,0.7709
mc,fm,0.7128
mc,fo,0.568
mc,fr,0.6117
mc,ga,0.6715
mc,gb-eng,0.5311
mc,gb-nir,0.5762
mc,gb-sct,0.6655
mc,gb-wls,0.7139
mc,gb,0.5709
mc,gd,0.6134
mc,ge,0.5849
mc,gf,0.7135
mc,gg,0.557
mc,gh,0.6262
mc,gi,0.7323
mc,gl,0.6465
mc,gm,0.6047
mc,gn,0.6411
mc,gp,0.8175
mc,gq,0.6652
mc,gr,0.6268
mc,gs,0.7717
mc,gt,0.6412
mc,gu,0.7848
mc,gw,0.6676
mc,gy,0.6638
mc,hk,0.6914
mc,hm,0.813
mc,hn,0.7287
mc,hr,0.6158
mc,ht,0.6871
mc,hu,0.5704
mc,id,0.3104
mc,ie,0.6038
mc,il,0.615
mc,im,0.5905
mc,in,0.6426
mc,io,0.5766
mc,iq,0.6826
mc,ir,0.6785
mc,is,0.6904
mc,it,0.6348
mc,je,0.5124
mc,jm,0.7535
mc,jo,0.6429
mc,jp,0.583
mc,ke,0.7346
mc,kg,0.7546
mc,kh,0.682
mc,ki,0.4923
mc,km,0.7132
mc,kn,0.7253
mc,kp,0.6693
mc,kr,0.5665
mc,kw,0.6757
mc,ky,0.7687
mc,kz,0.7799
mc,la,0.6511
mc,lb,0.5298
mc,lc,0.7415
mc,li,0.7043
mc,lk,0.6155
mc,lr,0.5415
mc,ls,0.6738
mc,lt,0.7204
mc,lu,0.5565
mc,lv,0.6601
mc,ly,0.763
mc,ma,0.712
mc,mc,0.0
mc,md,0.6405
mc,me,0.7092
mc,mf,0.6117
mc,mg,0.6259
mc,mh,0.747
mc,mk,0.6363
mc,ml,0.6393
mc,mm,0.6632
mc,mn,0.6782
mc,mo,0.7697
mc,mp,0.7711
mc,mq,0.802
mc,mr,0.722
mc,ms,0.7886
mc,mt,0.5152
mc,mu,0.6312
mc,mv,0.624
mc,mw,0.6286
mc,mx,0.5996
mc,my,0.5694
mc,mz,0.6701
mc,na,0.6645
mc,nc,0.7114
mc,ne,0.6193
mc,nf,0.7186
mc,ng,0.7131
mc,ni,0.7124
mc,nl,0.5884
mc,no,0.6577
mc,np,0.6023
mc,nr,0.8148
mc,nu,0.6839
mc,nz,0.8067
mc,om,0.663
mc,pa,0.6124
mc,pe,0.5356
mc,pf,0.5147
mc,pg,0.7502
mc,ph,0.6713
mc,pk,0.7367
mc,pl,0.7245
mc,pm,0.6559
mc,pn,0.7641
mc,pr,0.6736
mc,ps,0.6595
mc,pt,0.7533
mc,pw,0.8174
mc,py,0.6088
mc,qa,0.6436
mc,re,0.7646
mc,ro,0.649
mc,rs,0.4417
mc,ru,0.7716
mc,rw,0.7907
mc,sa,0.84
mc,sb,0.7635
mc,sc,0.5926
mc,sd,0.6982
mc,se,0.7448
mc,sg,0.2966
mc,sh,0.7909
mc,si,0.8279
mc,sj,0.6577
mc,sk,0.7402
mc,sl,0.6584
mc,sm,0.645
mc,sn,0.6811
mc,so,0.751
mc,sr,0.6332
mc,ss,0.6907
mc,st,0.7267
mc,sv,0.7168
mc,sx,0.6257
mc,sy,0.7811
mc,sz,0.6534
mc,tc,0.789
mc,td,0.6592
mc,tf,0.7308
mc,tg,0.6692
mc,th,0.6242
mc,tj,0.6503
mc,tk,0.7533
mc,tl,0.7083
mc,tm,0.7811
mc,tn,0.7263
mc,to,0.7945
mc,tr,0.7289
mc,tt,0.601
mc,tv,0.7171
mc,tw,0.7849
mc,tz,0.7448
mc,ua,0.7319
mc,ug,0.7233
mc,um,0.5485
mc,us,0.5485
mc,uy,0.6147
mc,uz,0.6871
mc,va,0.6097
mc,vc,0.7065
mc,ve,0.6953
mc,vg,0.7692
mc,vi,0.5171
mc,vn,0.7761
mc,vu,0.6628
mc,wf,0.6081
mc,ws,0.6435
mc,xk,0.7493
mc,ye,0.6778
mc,yt,0.5523
mc,za,0.6972
mc,zm,0.8052
mc,zw,0.6924
md,ad,0.2411
md,ae,0.6474
md,af,0.5223
md,ag,0.5082
md,ai,0.6279
md,al,0.6551
md,am,0.5518
md,ao,0.5332
md,aq,0.696
md,ar,0.693
md,as,0.6322
md,at,0.5862
md,au,0.6386
md,aw,0.6526
md,ax,0.5654
md,az,0.5848
md,ba,0.5306
md,bb,0.4818
md,bd,0.6079
md,be,0.4304
md,bf,0.5842
md,bg,0.6266
md,bh,0.6039
md,bi,0.5817
md,bj,0.4334
md,bl,0.7347
md,bm,0.471
md,bn,0.6247
md,bo,0.569
md,bq,0.6911
md,br,0.5862
md,bs,0.6001
md,bt,0.5748
md,bv,0.5607
md,bw,0.6454
md,by,0.4998
md,bz,0.5494
md,ca,0.6495
md,cc,0.6768
md,cd,0.6652
md,cf,0.5692
md,cg,0.4901
md,ch,0.6695
md,ci,0.7115
md,ck,0.6117
md,cl,0.5967
md,cm,0.4292
md,cn,0.6333
md,co,0.5268
md,cr,0.6224
md,cu,0.6722
md,cv,0.6361
md,cw,0.6406
md,cx,0.5865
md,cy,0.7883
md,cz,0.5833
md,de,0.5826
md,dj,0.682
md,dk,0.5302
md,dm,0.563
md,do,0.5604
md,dz,0.6541
md,ec,0.5333
md,ee,0.6711
md,eg,0.6113
md,eh,0.6465
md,er,0.6012
md,es,0.5696
md,et,0.574
md,fi,0.7179
md,fj,0.6201
md,fk,0.6082
md,fm,0.7002
md,fo,0.6884
md,fr,0.4507
md,ga,0.5841
md,gb-eng,0.7121
md,gb-nir,0.7389
md,gb-sct,0.6644
md,gb-wls,0.5968
md,gb,0.5434
md,gd,0.4437
md,ge,0.7085
md,gf,0.6403
md,gg,0.7037
md,gh,0.5175
md,gi,0.6887
md,gl,0.6279
md,gm,0.5029
md,gn,0.5254
md,gp,0.542
md,gq,0.5628
md,gr,0.6262
md,gs,0.594
md,gt,0.6173
md,gu,0.6118
md,gw,0.5454
md,gy,0.5774
md,hk,0.6216
md,hm,0.6702
md,hn,0.7627
md,hr,0.6382
md,ht,0.5113
md,hu,0.6095
md,id,0.7087
md,ie,0.5319
md,il,0.7236
md,im,0.5115
md,in,0.6229
md,io,0.573
md,iq,0.6098
md,ir,0.6277
md,is,0.6008
md,it,0.5061
md,je,0.705
md,jm,0.5859
md,jo,0.6322
md,jp,0.7846
md,ke,0.5739
md,kg,0.648
md,kh,0.5749
md,ki,0.5601
md,km,0.5463
md,kn,0.4638
md,kp,0.5401
md,kr,0.7346
md,kw,0.5702
md,ky,0.6068
md,kz,0.6894
md,la,0.5145
md,lb,0.6082
md,lc,0.7059
md,li,0.5333
md,lk,0.4989
md,lr,0.5513
md,ls,0.6642
md,lt,0.538
md,lu,0.6754
md,lv,0.6054
md,ly,0.5848
md,ma,0.5909
md,mc,0.6405
md,md,0.0
md,me,0.5881
md,mf,0.4507
md,mg,0.6345
md,mh,0.6271
md,mk,0.5636
md,ml,0.3156
md,mm,0.5476
md,mn,0.624
md,mo,0.6288
md,mp,0.6024
md,mq,0.629
md,mr,0.5639
md,ms,0.6145
md,mt,0.585
md,mu,0.5407
md,mv,0.4953
md,mw,0.5043
md,mx,0.4192
md,my,0.5593
md,mz,0.5712
md,na,0.5411
md,nc,0.5742
md,ne,0.6227
md,nf,0.5921
md,ng,0.624
md,ni,0.7165
md,nl,0.6258
md,no,0.5607
md,np,0.5171
md,nr,0.6556
md,nu,0.5864
md,nz,0.6327
md,om,0.5958
md,pa,0.6165
md,pe,0.5551
md,pf,0.6027
md,pg,0.4995
md,ph,0.586
md,pk,0.6877
md,pl,0.6441
md,pm,0.6091
md,pn,0.5871
md,pr,0.5707
md,ps,0.663
md,pt,0.5012
md,pw,0.7345
md,py,0.6396
md,qa,0.6296
md,re,0.6155
md,ro,0.2429
md,rs,0.5889
md,ru,0.6242
md,rw,0.6135
md,sa,0.6313
md,sb,0.5251
md,sc,0.5244
md,sd,0.5715
md,se,0.5802
md,sg,0.6775
md,sh,0.6215
md,si,0.6736
md,sj,0.5607
md,sk,0.5972
md,sl,0.6759
md,sm,0.6866
md,sn,0.3854
md,so,0.7021
md,sr,0.548
md,ss,0.5482
md,st,0.5936
md,sv,0.6386
md,sx,0.5893
md,sy,0.6453
md,sz,0.5274
md,tc,0.6201
md,td,0.2538
md,tf,0.6208
md,tg,0.566
md,th,0.5739
md,tj,0.6651
md,tk,0.5444
md,tl,0.5392
md,tm,0.6412
md,tn,0.6379
md,to,0.6224
md,tr,0.6289
md,tt,0.5006
md,tv,0.6774
md,tw,0.594
md,tz,0.6195
md,ua,0.5691
md,ug,0.5671
md,um,0.5288
md,us,0.5288
md,uy,0.6835
md,uz,0.6549
md,va,0.7432
md,vc,0.4828
md,ve,0.4906
md,vg,0.5991
md,vi,0.6951
md,vn,0.6735
md,vu,0.5094
md,wf,0.4867
md,ws,0.4505
md,xk,0.6058
md,ye,0.625
md,yt,0.731
md,za,0.556
md,zm,0.5754
md,zw,0.5504
me,ad,0.571
me,ae,0.6728
me,af,0.6066
me,ag,0.5775
me,ai,0.7249
me,al,0.2571
me,am,0.5686
me,ao,0.5778
me,aq,0.8936
me,ar,0.8208
me,as,0.7258
me,at,0.6406
me,au,0.7248
me,aw,0.8013
me,ax,0.6795
me,az,0.6809
me,ba,0.7167
me,bb,0.6941
me,bd,0.7156
me,be,0.5625
me,bf,0.6259
me,bg,0.705
me,bh,0.6399
me,bi,0.6585
me,bj,0.6013
me,bl,0.8232
me,bm,0.5443
me,bn,0.6513
me,bo,0.5795
me,bq,0.7628
me,br,0.71
me,bs,0.7121
me,bt,0.5315
me,bv,0.5799
me,bw,0.7812
me,by,0.5587
me,bz,0.6586
me,ca,0.5086
me,cc,0.7429
me,cd,0.7995
me,cf,0.653
me,cg,0.5931
me,ch,0.3632
me,ci,0.6989
me,ck,0.7118
me,cl,0.6655
me,cm,0.5896
me,cn,0.543
me,co,0.573
me,cr,0.7099
me,cu,0.7309
me,cv,0.7622
me,cw,0.7583
me,cx,0.712
me,cy,0.8703
me,cz,0.6887
me,de,0.5593
me,dj,0.7823
me,dk,0.5973
me,dm,0.6752
me,do,0.6595
me,dz,0.7827
me,ec,0.5701
me,ee,0.7976
me,eg,0.6667
me,eh,0.6793
me,er,0.5898
me,es,0.5023
me,et,0.5866
me,fi,0.8198
me,fj,0.7473
me,fk,0.7097
me,fm,0.8456
me,fo,0.7797
me,fr,0.6709
me,ga,0.6936
me,gb-eng,0.794
me,gb-nir,0.7965
me,gb-sct,0.8319
me,gb-wls,0.6735
me,gb,0.6415
me,gd,0.5494
me,ge,0.6843
me,gf,0.6596
me,gg,0.7514
me,gh,0.5719
me,gi,0.7212
me,gl,0.6987
me,gm,0.5989
me,gn,0.5822
me,gp,0.6563
me,gq,0.6505
me,gr,0.8095
me,gs,0.6932
me,gt,0.8117
me,gu,0.7179
me,gw,0.5794
me,gy,0.6158
me,hk,0.5353
me,hm,0.7462
me,hn,0.9218
me,hr,0.6185
me,ht,0.6322
me,hu,0.6579
me,id,0.611
me,ie,0.7014
me,il,0.8246
me,im,0.5407
me,in,0.6767
me,io,0.6719
me,iq,0.6654
me,ir,0.6752
me,is,0.7346
me,it,0.6886
me,je,0.7888
me,jm,0.6285
me,jo,0.6609
me,jp,0.86
me,ke,0.6094
me,kg,0.1929
me,kh,0.6338
me,ki,0.5932
me,km,0.6671
me,kn,0.6058
me,kp,0.6082
me,kr,0.832
me,kw,0.664
me,ky,0.7054
me,kz,0.8656
me,la,0.596
me,lb,0.6784
me,lc,0.8825
me,li,0.6163
me,lk,0.4701
me,lr,0.6467
me,ls,0.7815
me,lt,0.5618
me,lu,0.7583
me,lv,0.6119
me,ly,0.5783
me,ma,0.5457
me,mc,0.7092
me,md,0.5881
me,me,0.0
me,mf,0.6709
me,mg,0.696
me,mh,0.7583
me,mk,0.4924
me,ml,0.5736
me,mm,0.5629
me,mn,0.5877
me,mo,0.7635
me,mp,0.7798
me,mq,0.6326
me,mr,0.6475
me,ms,0.7139
me,mt,0.7012
me,mu,0.5968
me,mv,0.5658
me,mw,0.5788
me,mx,0.6555
me,my,0.622
me,mz,0.6081
me,na,0.647
me,nc,0.6536
me,ne,0.6758
me,nf,0.7568
me,ng,0.7939
me,ni,0.8584
me,nl,0.689
me,no,0.5799
me,np,0.5778
me,nr,0.7579
me,nu,0.6229
me,nz,0.7274
me,om,0.6219
me,pa,0.7185
me,pe,0.6185
me,pf,0.6698
me,pg,0.5847
me,ph,0.6753
me,pk,0.7502
me,pl,0.7143
me,pm,0.6867
me,pn,0.689
me,pr,0.6197
me,ps,0.6922
me,pt,0.4125
me,pw,0.9208
me,py,0.7052
me,qa,0.6757
me,re,0.6856
me,ro,0.5711
me,rs,0.6657
me,ru,0.7099
me,rw,0.7502
me,sa,0.7421
me,sb,0.7085
me,sc,0.6247
me,sd,0.6568
me,se,0.7161
me,sg,0.7125
me,sh,0.7172
me,si,0.6909
me,sj,0.5799
me,sk,0.6739
me,sl,0.8055
me,sm,0.8175
me,sn,0.5907
me,so,0.8616
me,sr,0.6066
me,ss,0.7076
me,st,0.6454
me,sv,0.8262
me,sx,0.6395
me,sy,0.7288
me,sz,0.5798
me,tc,0.7152
me,td,0.5608
me,tf,0.7486
me,tg,0.6093
me,th,0.6566
me,tj,0.7041
me,tk,0.6934
me,tl,0.5316
me,tm,0.7145
me,tn,0.2636
me,to,0.588
me,tr,0.2668
me,tt,0.5488
me,tv,0.8238
me,tw,0.3819
me,tz,0.7289
me,ua,0.7118
me,ug,0.5555
me,um,0.6396
me,us,0.6396
me,uy,0.7837
me,uz,0.7704
me,va,0.732
me,vc,0.6402
me,ve,0.5665
me,vg,0.6984
me,vi,0.7849
me,vn,0.2165
me,vu,0.5899
me,wf,0.5555
me,ws,0.5696
me,xk,0.7557
me,ye,0.6783
me,yt,0.8229
me,za,0.6468
me,zm,0.6581
me,zw,0.6033
mf,ad,0.4283
mf,ae,0.6412
mf,af,0.5669
mf,ag,0.524
mf,ai,0.6837
mf,al,0.7565
mf,am,0.6417
mf,ao,0.6292
mf,aq,0.6259
mf,ar,0.6543
mf,as,0.5956
mf,at,0.5846
mf,au,0.6968
mf,aw,0.6649
mf,ax,0.6476
mf,az,0.6162
mf,ba,0.6123
mf,bb,0.583
mf,bd,0.6711
mf,be,0.4672
mf,bf,0.651
mf,bg,0.6366
mf,bh,0.7144
mf,bi,0.5665
mf,bj,0.5498
mf,bl,0.7297
mf,bm,0.5497
mf,bn,0.671
mf,bo,0.6431
mf,bq,0.6746
mf,br,0.6588
mf,bs,0.6122
mf,bt,0.621
mf,bv,0.5974
mf,bw,0.656
mf,by,0.6038
mf,bz,0.5713
mf,ca,0.6083
mf,cc,0.7601
mf,cd,0.672
mf,cf,0.6389
mf,cg,0.5503
mf,ch,0.6527
mf,ci,0.5692
mf,ck,0.6633
mf,cl,0.5603
mf,cm,0.5742
mf,cn,0.707
mf,co,0.6356
mf,cr,0.6246
mf,cu,0.6332
mf,cv,0.6621
mf,cw,0.6985
mf,cx,0.6514
mf,cy,0.7362
mf,cz,0.5636
mf,de,0.6968
mf,dj,0.6909
mf,dk,0.5269
mf,dm,0.637
mf,do,0.5252
mf,dz,0.6108
mf,ec,0.6482
mf,ee,0.6812
mf,eg,0.6373
mf,eh,0.65
mf,er,0.6474
mf,es,0.6421
mf,et,0.6382
mf,fi,0.6959
mf,fj,0.6104
mf,fk,0.6646
mf,fm,0.6902
mf,fo,0.6625
mf,fr,0.0
mf,ga,0.6355
mf,gb-eng,0.6941
mf,gb-nir,0.699
mf,gb-sct,0.6572
mf,gb-wls,0.6378
mf,gb,0.579
mf,gd,0.5469
mf,ge,0.7115
mf,gf,0.7359
mf,gg,0.7016
mf,gh,0.6198
mf,gi,0.7311
mf,gl,0.5992
mf,gm,0.5713
mf,gn,0.6008
mf,gp,0.6146
mf,gq,0.5956
mf,gr,0.6235
mf,gs,0.6548
mf,gt,0.5391
mf,gu,0.6503
mf,gw,0.6147
mf,gy,0.6175
mf,hk,0.6391
mf,hm,0.7198
mf,hn,0.7153
mf,hr,0.6474
mf,ht,0.5366
mf,hu,0.5995
mf,id,0.6917
mf,ie,0.3622
mf,il,0.6752
mf,im,0.5766
mf,in,0.6436
mf,io,0.5678
mf,iq,0.6381
mf,ir,0.6347
mf,is,0.6249
mf,it,0.3132
mf,je,0.6532
mf,jm,0.6343
mf,jo,0.6435
mf,jp,0.779
mf,ke,0.6543
mf,kg,0.7191
mf,kh,0.5856
mf,ki,0.5899
mf,km,0.5763
mf,kn,0.5872
mf,kp,0.6169
mf,kr,0.6963
mf,kw,0.5463
mf,ky,0.6661
mf,kz,0.7012
mf,la,0.5325
mf,lb,0.6293
mf,lc,0.7361
mf,li,0.6107
mf,lk,0.5824
mf,lr,0.5422
mf,ls,0.673
mf,lt,0.6276
mf,lu,0.6455
mf,lv,0.636
mf,ly,0.6795
mf,ma,0.6709
mf,mc,0.6117
mf,md,0.4507
mf,me,0.6709
mf,mf,0.0
mf,mg,0.73
mf,mh,0.6589
mf,mk,0.6318
mf,ml,0.4586
mf,mm,0.5775
mf,mn,0.62
mf,mo,0.6439
mf,mp,0.6152
mf,mq,0.698
mf,mr,0.6396
mf,ms,0.6719
mf,mt,0.5929
mf,mu,0.6241
mf,mv,0.5753
mf,mw,0.5968
mf,mx,0.2435
mf,my,0.5816
mf,mz,0.654
mf,na,0.5966
mf,nc,0.6287
mf,ne,0.6668
mf,nf,0.5083
mf,ng,0.4821
mf,ni,0.6826
mf,nl,0.6118
mf,no,0.5974
mf,np,0.5959
mf,nr,0.7173
mf,nu,0.6892
mf,nz,0.6905
mf,om,0.5866
mf,pa,0.5686
mf,pe,0.3556
mf,pf,0.6206
mf,pg,0.6103
mf,ph,0.6628
mf,pk,0.7682
mf,pl,0.6071
mf,pm,0.6368
mf,pn,0.6487
mf,pr,0.5985
mf,ps,0.6596
mf,pt,0.5967
mf,pw,0.756
mf,py,0.6347
mf,qa,0.7351
mf,re,0.673
mf,ro,0.4184
mf,rs,0.589
mf,ru,0.6336
mf,rw,0.6556
mf,sa,0.6943
mf,sb,0.634
mf,sc,0.566
mf,sd,0.5721
mf,se,0.6548
mf,sg,0.6473
mf,sh,0.6804
mf,si,0.6824
mf,sj,0.5974
mf,sk,0.6284
mf,sl,0.649
mf,sm,0.6649
mf,sn,0.444
mf,so,0.6855
mf,sr,0.5852
mf,ss,0.6388
mf,st,0.6732
mf,sv,0.6791
mf,sx,0.6777
mf,sy,0.6643
mf,sz,0.5658
mf,tc,0.6783
mf,td,0.4384
mf,tf,0.6763
mf,tg,0.6509
mf,th,0.5983
mf,tj,0.6669
mf,tk,0.6315
mf,tl,0.6239
mf,tm,0.7061
mf,tn,0.6578
mf,to,0.7113
mf,tr,0.7051
mf,tt,0.5819
mf,tv,0.6832
mf,tw,0.6906
mf,tz,0.681
mf,ua,0.6919
mf,ug,0.644
mf,um,0.5283
mf,us,0.5283
mf,uy,0.6478
mf,uz,0.6238
mf,va,0.7003
mf,vc,0.574
mf,ve,0.6038
mf,vg,0.6595
mf,vi,0.6719
mf,vn,0.7433
mf,vu,0.5913
mf,wf,0.5789
mf,ws,0.5556
mf,xk,0.6372
mf,ye,0.6339
mf,yt,0.7049
mf,za,0.5922
mf,zm,0.6751
mf,zw,0.6901
mg,ad,0.671
mg,ae,0.6747
mg,af,0.6948
mg,ag,0.7201
mg,ai,0.6628
mg,al,0.7564
mg,am,0.6437
mg,ao,0.6617
mg,aq,0.7066
mg,ar,0.6047
mg,as,0.7309
mg,at,0.6379
mg,au,0.6556
mg,aw,0.6662
mg,ax,0.6418
mg,az,0.6417
mg,ba,0.6805
mg,bb,0.7056
mg,bd,0.6988
mg,be,0.765
mg,bf,0.5131
mg,bg,0.6225
mg,bh,0.4698
mg,bi,0.5916
mg,bj,0.6695
mg,bl,0.5632
mg,bm,0.619
mg,bn,0.6034
mg,bo,0.524
mg,bq,0.552
mg,br,0.6601
mg,bs,0.7341
mg,bt,0.6139
mg,bv,0.6139
mg,bw,0.6458
mg,by,0.5324
mg,bz,0.68
mg,ca,0.6921
mg,cc,0.7369
mg,cd,0.6581
mg,cf,0.5888
mg,cg,0.6533
mg,ch,0.7414
mg,ci,0.6687
mg,ck,0.6549
mg,cl,0.6998
mg,cm,0.6549
mg,cn,0.7092
mg,co,0.6029
mg,cr,0.6151
mg,cu,0.6833
mg,cv,0.7092
mg,cw,0.724
mg,cx,0.6799
mg,cy,0.6191
mg,cz,0.6773
mg,de,0.7432
mg,dj,0.502
mg,dk,0.6618
mg,dm,0.6009
mg,do,0.6149
mg,dz,0.7283
mg,ec,0.6025
mg,ee,0.7277
mg,eg,0.608
mg,eh,0.6632
mg,er,0.6194
mg,es,0.6341
mg,et,0.6646
mg,fi,0.6409
mg,fj,0.6045
mg,fk,0.6516
mg,fm,0.6745
mg,fo,0.5976
mg,fr,0.73
mg,ga,0.6325
mg,gb-eng,0.5975
mg,gb-nir,0.6137
mg,gb-sct,0.6337
mg,gb-wls,0.5148
mg,gb,0.5782
mg,gd,0.6124
mg,ge,0.6098
mg,gf,0.6688
mg,gg,0.5759
mg,gh,0.5347
mg,gi,0.5975
mg,gl,0.621
mg,gm,0.5666
mg,gn,0.6617
mg,gp,0.7402
mg,gq,0.669
mg,gr,0.6071
mg,gs,0.6417
mg,gt,0.6527
mg,gu,0.7088
mg,gw,0.5805
mg,gy,0.6198
mg,hk,0.7029
mg,hm,0.6867
mg,hn,0.686
mg,hr,0.5811
mg,ht,0.7125
mg,hu,0.5395
mg,id,0.6413
mg,ie,0.6752
mg,il,0.6139
mg,im,0.7035
mg,in,0.4971
mg,io,0.564
mg,iq,0.6036
mg,ir,0.6511
mg,is,0.6353
mg,it,0.6895
mg,je,0.6052
mg,jm,0.6813
mg,jo,0.6601
mg,jp,0.6032
mg,ke,0.6741
mg,kg,0.7568
mg,kh,0.6689
mg,ki,0.5748
mg,km,0.6015
mg,kn,0.6961
mg,kp,0.6252
mg,kr,0.5874
mg,kw,0.7386
mg,ky,0.6523
mg,kz,0.6876
mg,la,0.68
mg,lb,0.5903
mg,lc,0.687
mg,li,0.7379
mg,lk,0.572
mg,lr,0.5966
mg,ls,0.6152
mg,lt,0.6142
mg,lu,0.5231
mg,lv,0.6386
mg,ly,0.6777
mg,ma,0.6804
mg,mc,0.6259
mg,md,0.6345
mg,me,0.696
mg,mf,0.73
mg,mg,0.0
mg,mh,0.657
mg,mk,0.6148
mg,ml,0.6424
mg,mm,0.5961
mg,mn,0.6349
mg,mo,0.7061
mg,mp,0.7145
mg,mq,0.6713
mg,mr,0.6522
mg,ms,0.656
mg,mt,0.4898
mg,mu,0.581
mg,mv,0.6337
mg,mw,0.6529
mg,mx,0.6896
mg,my,0.6535
mg,mz,0.6777
mg,na,0.5885
mg,nc,0.6217
mg,ne,0.5363
mg,nf,0.647
mg,ng,0.7258
mg,ni,0.6684
mg,nl,0.5647
mg,no,0.6139
mg,np,0.5555
mg,nr,0.7258
mg,nu,0.6705
mg,nz,0.6705
mg,om,0.5965
mg,pa,0.6101
mg,pe,0.718
mg,pf,0.586
mg,pg,0.6981
mg,ph,0.6289
mg,pk,0.546
mg,pl,0.6383
mg,pm,0.5675
mg,pn,0.6323
mg,pr,0.68
mg,ps,0.6585
mg,pt,0.7304
mg,pw,0.7482
mg,py,0.5622
mg,qa,0.437
mg,re,0.6899
mg,ro,0.6768
mg,rs,0.5765
mg,ru,0.6309
mg,rw,0.6897
mg,sa,0.7275
mg,sb,0.6128
mg,sc,0.5665
mg,sd,0.6446
mg,se,0.6696
mg,sg,0.5426
mg,sh,0.6591
mg,si,0.7096
mg,sj,0.6139
mg,sk,0.6124
mg,sl,0.622
mg,sm,0.5249
mg,sn,0.6706
mg,so,0.6997
mg,sr,0.5886
mg,ss,0.6014
mg,st,0.6389
mg,sv,0.6636
mg,sx,0.4563
mg,sy,0.6473
mg,sz,0.6087
mg,tc,0.6547
mg,td,0.6902
mg,tf,0.6075
mg,tg,0.6189
mg,th,0.5955
mg,tj,0.5951
mg,tk,0.7347
mg,tl,0.6918
mg,tm,0.6558
mg,tn,0.74
mg,to,0.6534
mg,tr,0.7047
mg,tt,0.645
mg,tv,0.66
mg,tw,0.7425
mg,tz,0.6739
mg,ua,0.7456
mg,ug,0.6898
mg,um,0.5988
mg,us,0.5988
mg,uy,0.5888
mg,uz,0.5992
mg,va,0.6847
mg,vc,0.6264
mg,ve,0.6389
mg,vg,0.6441
mg,vi,0.5638
mg,vn,0.7761
mg,vu,0.6006
mg,wf,0.6557
mg,ws,0.696
mg,xk,0.6863
mg,ye,0.6172
mg,yt,0.5752
mg,za,0.5814
mg,zm,0.7175
mg,zw,0.5633
mh,ad,0.647
mh,ae,0.5932
mh,af,0.588
mh,ag,0.6438
mh,ai,0.5695
mh,al,0.7962
mh,am,0.6623
mh,ao,0.6395
mh,aq,0.6277
mh,ar,0.6335
mh,as,0.6004
mh,at,0.6851
mh,au,0.5893
mh,aw,0.6044
mh,ax,0.5911
mh,az,0.5828
mh,ba,0.47
mh,bb,0.6224
mh,bd,0.6001
mh,be,0.6853
mh,bf,0.6272
mh,bg,0.691
mh,bh,0.7255
mh,bi,0.6498
mh,bj,0.6343
mh,bl,0.7489
mh,bm,0.6332
mh,bn,0.7198
mh,bo,0.6117
mh,bq,0.5929
mh,br,0.5903
mh,bs,0.5562
mh,bt,0.7444
mh,bv,0.6147
mh,bw,0.6245
mh,by,0.6336
mh,bz,0.5755
mh,ca,0.7804
mh,cc,0.6715
mh,cd,0.5415
mh,cf,0.5705
mh,cg,0.6325
mh,ch,0.7874
mh,ci,0.7028
mh,ck,0.576
mh,cl,0.6821
mh,cm,0.6351
mh,cn,0.7691
mh,co,0.6463
mh,cr,0.6176
mh,cu,0.5023
mh,cv,0.4095
mh,cw,0.5884
mh,cx,0.5431
mh,cy,0.7942
mh,cz,0.6761
mh,de,0.7196
mh,dj,0.6305
mh,dk,0.6942
mh,dm,0.5775
mh,do,0.5899
mh,dz,0.6661
mh,ec,0.6755
mh,ee,0.6849
mh,eg,0.6303
mh,eh,0.5785
mh,er,0.5993
mh,es,0.675
mh,et,0.6141
mh,fi,0.7279
mh,fj,0.5812
mh,fk,0.5604
mh,fm,0.6594
mh,fo,0.7226
mh,fr,0.6589
mh,ga,0.572
mh,gb-eng,0.7735
mh,gb-nir,0.7833
mh,gb-sct,0.6139
mh,gb-wls,0.6068
mh,gb,0.592
mh,gd,0.6459
mh,ge,0.7815
mh,gf,0.7036
mh,gg,0.7667
mh,gh,0.6178
mh,gi,0.7276
mh,gl,0.7083
mh,gm,0.5785
mh,gn,0.667
mh,gp,0.5509
mh,gq,0.6129
mh,gr,0.5904
mh,gs,0.5633
mh,gt,0.6397
mh,gu,0.5749
mh,gw,0.6437
mh,gy,0.5691
mh,hk,0.7479
mh,hm,0.6083
mh,hn,0.6368
mh,hr,0.6191
mh,ht,0.5296
mh,hu,0.6051
mh,id,0.7923
mh,ie,0.6654
mh,il,0.6655
mh,im,0.7248
mh,in,0.6255
mh,io,0.5637
mh,iq,0.6286
mh,ir,0.6339
mh,is,0.5466
mh,it,0.6545
mh,je,0.7486
mh,jm,0.6205
mh,jo,0.5749
mh,jp,0.7991
mh,ke,0.5975
mh,kg,0.8134
mh,kh,0.5486
mh,ki,0.6299
mh,km,0.5952
mh,kn,0.6164
mh,kp,0.6123
mh,kr,0.7598
mh,kw,0.6087
mh,ky,0.5706
mh,kz,0.5899
mh,la,0.63
mh,lb,0.6819
mh,lc,0.6774
mh,li,0.6206
mh,lk,0.6256
mh,lr,0.6402
mh,ls,0.5747
mh,lt,0.6602
mh,lu,0.6301
mh,lv,0.6468
mh,ly,0.6568
mh,ma,0.7021
mh,mc,0.747
mh,md,0.6271
mh,me,0.7583
mh,mf,0.6589
mh,mg,0.657
mh,mh,0.0
mh,mk,0.6955
mh,ml,0.665
mh,mm,0.6823
mh,mn,0.6174
mh,mo,0.5819
mh,mp,0.5573
mh,mq,0.6013
mh,mr,0.6158
mh,ms,0.5677
mh,mt,0.7327
mh,mu,0.6256
mh,mv,0.6576
mh,mw,0.5951
mh,mx,0.6419
mh,my,0.6228
mh,mz,0.6631
mh,na,0.4539
mh,nc,0.5548
mh,ne,0.6359
mh,nf,0.6451
mh,ng,0.6576
mh,ni,0.5871
mh,nl,0.5853
mh,no,0.6147
mh,np,0.5371
mh,nr,0.5968
mh,nu,0.773
mh,nz,0.5935
mh,om,0.6732
mh,pa,0.6883
mh,pe,0.7395
mh,pf,0.6782
mh,pg,0.6463
mh,ph,0.6306
mh,pk,0.6438
mh,pl,0.7353
mh,pm,0.5395
mh,pn,0.5505
mh,pr,0.6819
mh,ps,0.594
mh,pt,0.7059
mh,pw,0.6596
mh,py,0.5974
mh,qa,0.6725
mh,re,0.621
mh,ro,0.6455
mh,rs,0.6638
mh,ru,0.687
mh,rw,0.5895
mh,sa,0.6131
mh,sb,0.5119
mh,sc,0.597
mh,sd,0.6041
mh,se,0.5837
mh,sg,0.7409
mh,sh,0.5724
mh,si,0.738
mh,sj,0.6147
mh,sk,0.6943
mh,sl,0.5768
mh,sm,0.6506
mh,sn,0.6586
mh,so,0.6208
mh,sr,0.5964
mh,ss,0.5448
mh,st,0.6236
mh,sv,0.5729
mh,sx,0.5286
mh,sy,0.5853
mh,sz,0.5636
mh,tc,0.5737
mh,td,0.6523
mh,tf,0.5787
mh,tg,0.6189
mh,th,0.6293
mh,tj,0.6541
mh,tk,0.5952
mh,tl,0.699
mh,tm,0.5907
mh,tn,0.7662
mh,to,0.7527
mh,tr,0.7591
mh,tt,0.6597
mh,tv,0.5851
mh,tw,0.7309
mh,tz,0.5761
mh,ua,0.6994
mh,ug,0.6828
mh,um,0.5908
mh,us,0.5908
mh,uy,0.6707
mh,uz,0.5803
mh,va,0.7985
mh,vc,0.64
mh,ve,0.6728
mh,vg,0.563
mh,vi,0.7198
mh,vn,0.8315
mh,vu,0.5932
mh,wf,0.681
mh,ws,0.6429
mh,xk,0.5525
mh,ye,0.6396
mh,yt,0.7489
mh,za,0.5553
mh,zm,0.6518
mh,zw,0.6642
mk,ad,0.5571
mk,ae,0.6189
mk,af,0.5747
mk,ag,0.5707
mk,ai,0.6819
mk,al,0.5663
mk,am,0.5547
mk,ao,0.5938
mk,aq,0.7892
mk,ar,0.7004
mk,as,0.6617
mk,at,0.5726
mk,au,0.687
mk,aw,0.7145
mk,ax,0.6287
mk,az,0.6148
mk,ba,0.6766
mk,bb,0.6569
mk,bd,0.6719
mk,be,0.5445
mk,bf,0.5801
mk,bg,0.6334
mk,bh,0.5709
mk,bi,0.5599
mk,bj,0.5548
mk,bl,0.7022
mk,bm,0.5081
mk,bn,0.5811
mk,bo,0.5056
mk,bq,0.6881
mk,br,0.6451
mk,bs,0.6516
mk,bt,0.4756
mk,bv,0.5548
mk,bw,0.7135
mk,by,0.5392
mk,bz,0.6319
mk,ca,0.5949
mk,cc,0.7082
mk,cd,0.7209
mk,cf,0.5763
mk,cg,0.533
mk,ch,0.5695
mk,ci,0.6291
mk,ck,0.6717
mk,cl,0.6047
mk,cm,0.5329
mk,cn,0.5485
mk,co,0.5403
mk,cr,0.64
mk,cu,0.6675
mk,cv,0.6873
mk,cw,0.7251
mk,cx,0.6613
mk,cy,0.7528
mk,cz,0.6161
mk,de,0.5695
mk,dj,0.6818
mk,dk,0.5428
mk,dm,0.6328
mk,do,0.5815
mk,dz,0.6954
mk,ec,0.5186
mk,ee,0.743
mk,eg,0.6064
mk,eh,0.6315
mk,er,0.5447
mk,es,0.4715
mk,et,0.5337
mk,fi,0.7386
mk,fj,0.6524
mk,fk,0.6618
mk,fm,0.7437
mk,fo,0.686
mk,fr,0.6318
mk,ga,0.6103
mk,gb-eng,0.7148
mk,gb-nir,0.7193
mk,gb-sct,0.7242
mk,gb-wls,0.6008
mk,gb,0.5699
mk,gd,0.4863
mk,ge,0.682
mk,gf,0.606
mk,gg,0.6636
mk,gh,0.5283
mk,gi,0.6314
mk,gl,0.6229
mk,gm,0.5739
mk,gn,0.5469
mk,gp,0.6374
mk,gq,0.5798
mk,gr,0.7076
mk,gs,0.6553
mk,gt,0.7112
mk,gu,0.6802
mk,gw,0.5451
mk,gy,0.5425
mk,hk,0.5364
mk,hm,0.7191
mk,hn,0.8072
mk,hr,0.6013
mk,ht,0.6009
mk,hu,0.503
mk,id,0.6418
mk,ie,0.6086
mk,il,0.7243
mk,im,0.5424
mk,in,0.5861
mk,io,0.5876
mk,iq,0.6065
mk,ir,0.5894
mk,is,0.6718
mk,it,0.5668
mk,je,0.7001
mk,jm,0.5917
mk,jo,0.6137
mk,jp,0.7445
mk,ke,0.5937
mk,kg,0.5465
mk,kh,0.6067
mk,ki,0.5317
mk,km,0.5905
mk,kn,0.5868
mk,kp,0.5634
mk,kr,0.7163
mk,kw,0.6071
mk,ky,0.6622
mk,kz,0.7739
mk,la,0.5828
mk,lb,0.5868
mk,lc,0.7752
mk,li,0.6001
mk,lk,0.4383
mk,lr,0.5523
mk,ls,0.6938
mk,lt,0.4587
mk,lu,0.6602
mk,lv,0.5476
mk,ly,0.6295
mk,ma,0.3064
mk,mc,0.6363
mk,md,0.5636
mk,me,0.4924
mk,mf,0.6318
mk,mg,0.6148
mk,mh,0.6955
mk,mk,0.0
mk,ml,0.5358
mk,mm,0.5068
mk,mn,0.4474
mk,mo,0.7044
mk,mp,0.7263
mk,mq,0.605
mk,mr,0.5971
mk,ms,0.6727
mk,mt,0.6261
mk,mu,0.5446
mk,mv,0.551
mk,mw,0.567
mk,mx,0.6082
mk,my,0.5612
mk,mz,0.5679
mk,na,0.6015
mk,nc,0.5969
mk,ne,0.5904
mk,nf,0.6901
mk,ng,0.7196
mk,ni,0.758
mk,nl,0.6037
mk,no,0.5548
mk,np,0.53
mk,nr,0.7133
mk,nu,0.5628
mk,nz,0.6945
mk,om,0.5787
mk,pa,0.6427
mk,pe,0.5906
mk,pf,0.5862
mk,pg,0.5888
mk,ph,0.6256
mk,pk,0.6911
mk,pl,0.6356
mk,pm,0.5993
mk,pn,0.6472
mk,pr,0.653
mk,ps,0.6361
mk,pt,0.5591
mk,pw,0.8302
mk,py,0.6225
mk,qa,0.6111
mk,re,0.6537
mk,ro,0.5542
mk,rs,0.5448
mk,ru,0.6511
mk,rw,0.6711
mk,sa,0.7102
mk,sb,0.6459
mk,sc,0.491
mk,sd,0.612
mk,se,0.6503
mk,sg,0.6262
mk,sh,0.6807
mk,si,0.707
mk,sj,0.5548
mk,sk,0.6112
mk,sl,0.7011
mk,sm,0.699
mk,sn,0.5524
mk,so,0.7719
mk,sr,0.5519
mk,ss,0.6565
mk,st,0.5954
mk,sv,0.7352
mk,sx,0.5983
mk,sy,0.6667
mk,sz,0.537
mk,tc,0.6749
mk,td,0.5511
mk,tf,0.6824
mk,tg,0.5752
mk,th,0.6018
mk,tj,0.6294
mk,tk,0.6494
mk,tl,0.5222
mk,tm,0.664
mk,tn,0.5573
mk,to,0.584
mk,tr,0.5549
mk,tt,0.5465
mk,tv,0.7394
mk,tw,0.5874
mk,tz,0.6797
mk,ua,0.6525
mk,ug,0.5558
mk,um,0.5497
mk,us,0.5497
mk,uy,0.6834
mk,uz,0.6633
mk,va,0.6256
mk,vc,0.5805
mk,ve,0.5502
mk,vg,0.6568
mk,vi,0.6719
mk,vn,0.569
mk,vu,0.5718
mk,wf,0.5348
mk,ws,0.5657
mk,xk,0.6968
mk,ye,0.6179
mk,yt,0.7023
mk,za,0.6074
mk,zm,0.6372
mk,zw,0.5682
ml,ad,0.3431
ml,ae,0.648
ml,af,0.5342
ml,ag,0.5243
ml,ai,0.6704
ml,al,0.6752
ml,am,0.5761
ml,ao,0.5587
ml,aq,0.706
ml,ar,0.6959
ml,as,0.6567
ml,at,0.5837
ml,au,0.6796
ml,aw,0.6777
ml,ax,0.5696
ml,az,0.5846
ml,ba,0.5789
ml,bb,0.5395
ml,bd,0.6141
ml,be,0.4279
ml,bf,0.5783
ml,bg,0.6327
ml,bh,0.6092
ml,bi,0.5501
ml,bj,0.4052
ml,bl,0.7399
ml,bm,0.4962
ml,bn,0.5909
ml,bo,0.5442
ml,bq,0.6825
ml,br,0.5741
ml,bs,0.6063
ml,bt,0.4751
ml,bv,0.5824
ml,bw,0.6678
ml,by,0.5096
ml,bz,0.5938
ml,ca,0.6435
ml,cc,0.6481
ml,cd,0.6875
ml,cf,0.5475
ml,cg,0.4448
ml,ch,0.6546
ml,ci,0.6533
ml,ck,0.6532
ml,cl,0.6078
ml,cm,0.4213
ml,cn,0.6348
ml,co,0.4871
ml,cr,0.635
ml,cu,0.6862
ml,cv,0.6727
ml,cw,0.6809
ml,cx,0.5701
ml,cy,0.7775
ml,cz,0.6005
ml,de,0.5604
ml,dj,0.6487
ml,dk,0.5368
ml,dm,0.5636
ml,do,0.5692
ml,dz,0.6508
ml,ec,0.5051
ml,ee,0.7043
ml,eg,0.6124
ml,eh,0.6456
ml,er,0.6088
ml,es,0.5336
ml,et,0.5524
ml,fi,0.7367
ml,fj,0.6402
ml,fk,0.6518
ml,fm,0.7178
ml,fo,0.7011
ml,fr,0.4586
ml,ga,0.5484
ml,gb-eng,0.714
ml,gb-nir,0.7322
ml,gb-sct,0.7147
ml,gb-wls,0.592
ml,gb,0.5608
ml,gd,0.4172
ml,ge,0.7061
ml,gf,0.5638
ml,gg,0.6965
ml,gh,0.487
ml,gi,0.6998
ml,gl,0.6282
ml,gm,0.5276
ml,gn,0.5066
ml,gp,0.5556
ml,gq,0.5616
ml,gr,0.6798
ml,gs,0.6388
ml,gt,0.6308
ml,gu,0.6535
ml,gw,0.5386
ml,gy,0.5612
ml,hk,0.6161
ml,hm,0.7205
ml,hn,0.7665
ml,hr,0.6494
ml,ht,0.5538
ml,hu,0.6002
ml,id,0.7023
ml,ie,0.4957
ml,il,0.7356
ml,im,0.524
ml,in,0.613
ml,io,0.593
ml,iq,0.6137
ml,ir,0.6124
ml,is,0.6298
ml,it,0.4642
ml,je,0.7007
ml,jm,0.5696
ml,jo,0.6341
ml,jp,0.7901
ml,ke,0.5819
ml,kg,0.6402
ml,kh,0.6056
ml,ki,0.5607
ml,km,0.5175
ml,kn,0.4707
ml,kp,0.5888
ml,kr,0.7451
ml,kw,0.5665
ml,ky,0.6506
ml,kz,0.6988
ml,la,0.5314
ml,lb,0.6155
ml,lc,0.7284
ml,li,0.5702
ml,lk,0.4699
ml,lr,0.5625
ml,ls,0.6761
ml,lt,0.5358
ml,lu,0.6755
ml,lv,0.6128
ml,ly,0.611
ml,ma,0.6062
ml,mc,0.6393
ml,md,0.3156
ml,me,0.5736
ml,mf,0.4586
ml,mg,0.6424
ml,mh,0.665
ml,mk,0.5358
ml,ml,0.0
ml,mm,0.4837
ml,mn,0.6304
ml,mo,0.632
ml,mp,0.6548
ml,mq,0.6433
ml,mr,0.5614
ml,ms,0.6579
ml,mt,0.5785
ml,mu,0.5264
ml,mv,0.5185
ml,mw,0.5135
ml,mx,0.4062
ml,my,0.5832
ml,mz,0.5803
ml,na,0.5647
ml,nc,0.5631
ml,ne,0.568
ml,nf,0.5794
ml,ng,0.5975
ml,ni,0.7341
ml,nl,0.6293
ml,no,0.5824
ml,np,0.5465
ml,nr,0.6951
ml,nu,0.5093
ml,nz,0.6753
ml,om,0.5985
ml,pa,0.6295
ml,pe,0.5373
ml,pf,0.6056
ml,pg,0.5313
ml,ph,0.6068
ml,pk,0.6961
ml,pl,0.6423
ml,pm,0.6051
ml,pn,0.6319
ml,pr,0.6226
ml,ps,0.656
ml,pt,0.474
ml,pw,0.749
ml,py,0.6482
ml,qa,0.6446
ml,re,0.6572
ml,ro,0.2835
ml,rs,0.6016
ml,ru,0.654
ml,rw,0.6051
ml,sa,0.6449
ml,sb,0.6013
ml,sc,0.5303
ml,sd,0.5629
ml,se,0.5821
ml,sg,0.6721
ml,sh,0.6645
ml,si,0.7221
ml,sj,0.5824
ml,sk,0.639
ml,sl,0.64
ml,sm,0.6949
ml,sn,0.3563
ml,so,0.7293
ml,sr,0.5474
ml,ss,0.5697
ml,st,0.5592
ml,sv,0.7183
ml,sx,0.6099
ml,sy,0.6434
ml,sz,0.5397
ml,tc,0.66
ml,td,0.2814
ml,tf,0.6609
ml,tg,0.5513
ml,th,0.5977
ml,tj,0.6481
ml,tk,0.5694
ml,tl,0.5375
ml,tm,0.6453
ml,tn,0.6378
ml,to,0.6323
ml,tr,0.6369
ml,tt,0.5284
ml,tv,0.7086
ml,tw,0.6294
ml,tz,0.59
ml,ua,0.5901
ml,ug,0.5326
ml,um,0.5431
ml,us,0.5431
ml,uy,0.6988
ml,uz,0.6534
ml,va,0.6573
ml,vc,0.5064
ml,ve,0.4922
ml,vg,0.6432
ml,vi,0.6927
ml,vn,0.6649
ml,vu,0.5169
ml,wf,0.5082
ml,ws,0.4965
ml,xk,0.6457
ml,ye,0.624
ml,yt,0.7359
ml,za,0.5603
ml,zm,0.553
ml,zw,0.5409
mm,ad,0.5428
mm,ae,0.608
mm,af,0.5613
mm,ag,0.5748
mm,ai,0.6784
mm,al,0.6568
mm,am,0.5414
mm,ao,0.6353
mm,aq,0.7227
mm,ar,0.6818
mm,as,0.6508
mm,at,0.5678
mm,au,0.6805
mm,aw,0.6693
mm,ax,0.6605
mm,az,0.6674
mm,ba,0.6212
mm,bb,0.6414
mm,bd,0.6667
mm,be,0.5532
mm,bf,0.5639
mm,bg,0.5143
mm,bh,0.6144
mm,bi,0.4883
mm,bj,0.4878
mm,bl,0.6749
mm,bm,0.5428
mm,bn,0.5377
mm,bo,0.5695
mm,bq,0.6217
mm,br,0.6219
mm,bs,0.6792
mm,bt,0.3899
mm,bv,0.5482
mm,bw,0.6806
mm,by,0.6212
mm,bz,0.6057
mm,ca,0.6331
mm,cc,0.6814
mm,cd,0.7009
mm,cf,0.5668
mm,cg,0.5103
mm,ch,0.575
mm,ci,0.5494
mm,ck,0.6586
mm,cl,0.5805
mm,cm,0.5147
mm,cn,0.6163
mm,co,0.3989
mm,cr,0.661
mm,cu,0.6555
mm,cv,0.7103
mm,cw,0.7183
mm,cx,0.6124
mm,cy,0.7174
mm,cz,0.57
mm,de,0.6617
mm,dj,0.6462
mm,dk,0.5729
mm,dm,0.6376
mm,do,0.5915
mm,dz,0.6625
mm,ec,0.3689
mm,ee,0.7432
mm,eg,0.6181
mm,eh,0.6639
mm,er,0.5794
mm,es,0.5139
mm,et,0.5188
mm,fi,0.6721
mm,fj,0.6205
mm,fk,0.6562
mm,fm,0.6974
mm,fo,0.6426
mm,fr,0.5775
mm,ga,0.6006
mm,gb-eng,0.6903
mm,gb-nir,0.6812
mm,gb-sct,0.6674
mm,gb-wls,0.5975
mm,gb,0.606
mm,gd,0.4329
mm,ge,0.677
mm,gf,0.5523
mm,gg,0.6545
mm,gh,0.5709
mm,gi,0.615
mm,gl,0.5838
mm,gm,0.5622
mm,gn,0.498
mm,gp,0.6351
mm,gq,0.5196
mm,gr,0.6641
mm,gs,0.6493
mm,gt,0.6411
mm,gu,0.6732
mm,gw,0.4876
mm,gy,0.5611
mm,hk,0.5632
mm,hm,0.7149
mm,hn,0.7874
mm,hr,0.6051
mm,ht,0.6243
mm,hu,0.5638
mm,id,0.6777
mm,ie,0.539
mm,il,0.7027
mm,im,0.6034
mm,in,0.5716
mm,io,0.5621
mm,iq,0.6152
mm,ir,0.5483
mm,is,0.68
mm,it,0.552
mm,je,0.6564
mm,jm,0.5915
mm,jo,0.6588
mm,jp,0.7427
mm,ke,0.6804
mm,kg,0.6279
mm,kh,0.6669
mm,ki,0.5613
mm,km,0.503
mm,kn,0.5928
mm,kp,0.6335
mm,kr,0.6969
mm,kw,0.5714
mm,ky,0.6605
mm,kz,0.7199
mm,la,0.521
mm,lb,0.5809
mm,lc,0.7361
mm,li,0.6346
mm,lk,0.469
mm,lr,0.5556
mm,ls,0.7309
mm,lt,0.4125
mm,lu,0.6225
mm,lv,0.5746
mm,ly,0.6503
mm,ma,0.602
mm,mc,0.6632
mm,md,0.5476
mm,me,0.5629
mm,mf,0.5775
mm,mg,0.5961
mm,mh,0.6823
mm,mk,0.5068
mm,ml,0.4837
mm,mm,0.0
mm,mn,0.5879
mm,mo,0.653
mm,mp,0.699
mm,mq,0.6125
mm,mr,0.5344
mm,ms,0.6617
mm,mt,0.6217
mm,mu,0.5484
mm,mv,0.5473
mm,mw,0.6658
mm,mx,0.564
mm,my,0.5905
mm,mz,0.6109
mm,na,0.5882
mm,nc,0.6746
mm,ne,0.6082
mm,nf,0.6216
mm,ng,0.6222
mm,ni,0.7578
mm,nl,0.5972
mm,no,0.5482
mm,np,0.5434
mm,nr,0.7377
mm,nu,0.4968
mm,nz,0.6854
mm,om,0.6083
mm,pa,0.6241
mm,pe,0.568
mm,pf,0.5746
mm,pg,0.6317
mm,ph,0.6434
mm,pk,0.6718
mm,pl,0.5946
mm,pm,0.5898
mm,pn,0.6408
mm,pr,0.6175
mm,ps,0.6558
mm,pt,0.5974
mm,pw,0.7998
mm,py,0.6098
mm,qa,0.6399
mm,re,0.6378
mm,ro,0.5218
mm,rs,0.5616
mm,ru,0.5479
mm,rw,0.6402
mm,sa,0.6876
mm,sb,0.6357
mm,sc,0.5761
mm,sd,0.5838
mm,se,0.6535
mm,sg,0.6075
mm,sh,0.6745
mm,si,0.6144
mm,sj,0.5482
mm,sk,0.5216
mm,sl,0.6593
mm,sm,0.6427
mm,sn,0.5289
mm,so,0.7227
mm,sr,0.5815
mm,ss,0.6734
mm,st,0.6105
mm,sv,0.7455
mm,sx,0.6039
mm,sy,0.6578
mm,sz,0.5592
mm,tc,0.6701
mm,td,0.524
mm,tf,0.6579
mm,tg,0.5578
mm,th,0.5478
mm,tj,0.6265
mm,tk,0.6477
mm,tl,0.566
mm,tm,0.6392
mm,tn,0.6018
mm,to,0.6318
mm,tr,0.6245
mm,tt,0.5976
mm,tv,0.6927
mm,tw,0.6649
mm,tz,0.6515
mm,ua,0.6387
mm,ug,0.5126
mm,um,0.5385
mm,us,0.5385
mm,uy,0.6272
mm,uz,0.6703
mm,va,0.5822
mm,vc,0.5519
mm,ve,0.3854
mm,vg,0.651
mm,vi,0.6301
mm,vn,0.6501
mm,vu,0.6022
mm,wf,0.5956
mm,ws,0.621
mm,xk,0.6824
mm,ye,0.6185
mm,yt,0.6737
mm,za,0.5402
mm,zm,0.6284
mm,zw,0.5777
mn,ad,0.6226
mn,ae,0.5872
mn,af,0.6314
mn,ag,0.5328
mn,ai,0.6027
mn,al,0.6024
mn,am,0.564
mn,ao,0.588
mn,aq,0.7672
mn,ar,0.6896
mn,as,0.6368
mn,at,0.6293
mn,au,0.6052
mn,aw,0.6496
mn,ax,0.5884
mn,az,0.5828
mn,ba,0.6679
mn,bb,0.7006
mn,bd,0.671
mn,be,0.6301
mn,bf,0.5877
mn,bg,0.6425
mn,bh,0.6536
mn,bi,0.629
mn,bj,0.6213
mn,bl,0.7403
mn,bm,0.5461
mn,bn,0.6599
mn,bo,0.5557
mn,bq,0.641
mn,br,0.6226
mn,bs,0.6217
mn,bt,0.5825
mn,bv,0.5304
mn,bw,0.6501
mn,by,0.552
mn,bz,0.5947
mn,ca,0.628
mn,cc,0.6798
mn,cd,0.6428
mn,cf,0.619
mn,cg,0.587
mn,ch,0.6296
mn,ci,0.6451
mn,ck,0.5923
mn,cl,0.6481
mn,cm,0.6323
mn,cn,0.6223
mn,co,0.6003
mn,cr,0.6118
mn,cu,0.5994
mn,cv,0.6142
mn,cw,0.6294
mn,cx,0.6153
mn,cy,0.804
mn,cz,0.6598
mn,de,0.6065
mn,dj,0.6461
mn,dk,0.5929
mn,dm,0.611
mn,do,0.5957
mn,dz,0.7063
mn,ec,0.5937
mn,ee,0.6817
mn,eg,0.6272
mn,eh,0.5974
mn,er,0.546
mn,es,0.554
mn,et,0.5037
mn,fi,0.7094
mn,fj,0.6039
mn,fk,0.5829
mn,fm,0.7067
mn,fo,0.7
mn,fr,0.62
mn,ga,0.6002
mn,gb-eng,0.7434
mn,gb-nir,0.7454
mn,gb-sct,0.6786
mn,gb-wls,0.6255
mn,gb,0.5703
mn,gd,0.5636
mn,ge,0.7288
mn,gf,0.6392
mn,gg,0.7301
mn,gh,0.5544
mn,gi,0.6941
mn,gl,0.6673
mn,gm,0.5401
mn,gn,0.6434
mn,gp,0.627
mn,gq,0.6245
mn,gr,0.6544
mn,gs,0.5718
mn,gt,0.721
mn,gu,0.5952
mn,gw,0.5646
mn,gy,0.5672
mn,hk,0.5951
mn,hm,0.6255
mn,hn,0.7532
mn,hr,0.6155
mn,ht,0.5599
mn,hu,0.544
mn,id,0.7035
mn,ie,0.6386
mn,il,0.7034
mn,im,0.586
mn,in,0.6153
mn,io,0.5612
mn,iq,0.6184
mn,ir,0.6241
mn,is,0.627
mn,it,0.5758
mn,je,0.7301
mn,jm,0.5747
mn,jo,0.5851
mn,jp,0.7971
mn,ke,0.5607
mn,kg,0.642
mn,kh,0.5421
mn,ki,0.5596
mn,km,0.615
mn,kn,0.5644
mn,kp,0.5599
mn,kr,0.7358
mn,kw,0.6216
mn,ky,0.583
mn,kz,0.7074
mn,la,0.5814
mn,lb,0.6179
mn,lc,0.7605
mn,li,0.557
mn,lk,0.5229
mn,lr,0.5967
mn,ls,0.6476
mn,lt,0.5007
mn,lu,0.6624
mn,lv,0.5927
mn,ly,0.5964
mn,ma,0.3887
mn,mc,0.6782
mn,md,0.624
mn,me,0.5877
mn,mf,0.62
mn,mg,0.6349
mn,mh,0.6174
mn,mk,0.4474
mn,ml,0.6304
mn,mm,0.5879
mn,mn,0.0
mn,mo,0.6537
mn,mp,0.6602
mn,mq,0.5431
mn,mr,0.5958
mn,ms,0.5902
mn,mt,0.6629
mn,mu,0.5492
mn,mv,0.532
mn,mw,0.5575
mn,mx,0.5969
mn,my,0.5711
mn,mz,0.5586
mn,na,0.552
mn,nc,0.567
mn,ne,0.6371
mn,nf,0.6798
mn,ng,0.7279
mn,ni,0.6999
mn,nl,0.6076
mn,no,0.5304
mn,np,0.5194
mn,nr,0.6368
mn,nu,0.674
mn,nz,0.6112
mn,om,0.5758
mn,pa,0.6573
mn,pe,0.5807
mn,pf,0.6343
mn,pg,0.5787
mn,ph,0.5769
mn,pk,0.6447
mn,pl,0.6853
mn,pm,0.5516
mn,pn,0.5695
mn,pr,0.6674
mn,ps,0.6059
mn,pt,0.6286
mn,pw,0.8098
mn,py,0.6219
mn,qa,0.6252
mn,re,0.6522
mn,ro,0.6334
mn,rs,0.5581
mn,ru,0.6389
mn,rw,0.6238
mn,sa,0.6454
mn,sb,0.5791
mn,sc,0.5448
mn,sd,0.6225
mn,se,0.646
mn,sg,0.6781
mn,sh,0.5969
mn,si,0.6859
mn,sj,0.5304
mn,sk,0.6247
mn,sl,0.6716
mn,sm,0.7013
mn,sn,0.6138
mn,so,0.708
mn,sr,0.5545
mn,ss,0.6216
mn,st,0.6012
mn,sv,0.6751
mn,sx,0.5626
mn,sy,0.6382
mn,sz,0.5035
mn,tc,0.5959
mn,td,0.6381
mn,tf,0.6315
mn,tg,0.5601
mn,th,0.5775
mn,tj,0.6573
mn,tk,0.6515
mn,tl,0.6008
mn,tm,0.592
mn,tn,0.6089
mn,to,0.6361
mn,tr,0.6214
mn,tt,0.5473
mn,tv,0.6569
mn,tw,0.6243
mn,tz,0.621
mn,ua,0.6521
mn,ug,0.5837
mn,um,0.5671
mn,us,0.5671
mn,uy,0.6701
mn,uz,0.6427
mn,va,0.7165
mn,vc,0.6562
mn,ve,0.5757
mn,vg,0.577
mn,vi,0.7102
mn,vn,0.6651
mn,vu,0.5514
mn,wf,0.5899
mn,ws,0.5693
mn,xk,0.6432
mn,ye,0.6366
mn,yt,0.735
mn,za,0.5599
mn,zm,0.6034
mn,zw,0.5939
mo,ad,0.6452
mo,ae,0.606
mo,af,0.5398
mo,ag,0.6376
mo,ai,0.6046
mo,al,0.8295
mo,am,0.6672
mo,ao,0.6616
mo,aq,0.6301
mo,ar,0.6845
mo,as,0.6167
mo,at,0.7293
mo,au,0.604
mo,aw,0.6185
mo,ax,0.5986
mo,az,0.5774
mo,ba,0.6014
mo,bb,0.5913
mo,bd,0.5663
mo,be,0.661
mo,bf,0.6328
mo,bg,0.6959
mo,bh,0.7701
mo,bi,0.634
mo,bj,0.6354
mo,bl,0.8037
mo,bm,0.6738
mo,bn,0.7358
mo,bo,0.6235
mo,bq,0.665
mo,br,0.5559
mo,bs,0.5516
mo,bt,0.7276
mo,bv,0.6496
mo,bw,0.6424
mo,by,0.6479
mo,bz,0.5636
mo,ca,0.8115
mo,cc,0.6222
mo,cd,0.6208
mo,cf,0.6453
mo,cg,0.6233
mo,ch,0.8049
mo,ci,0.6577
mo,ck,0.5817
mo,cl,0.7194
mo,cm,0.6406
mo,cn,0.7977
mo,co,0.6943
mo,cr,0.6688
mo,cu,0.6408
mo,cv,0.5785
mo,cw,0.5969
mo,cx,0.524
mo,cy,0.8508
mo,cz,0.7103
mo,de,0.7053
mo,dj,0.6292
mo,dk,0.7245
mo,dm,0.5539
mo,do,0.637
mo,dz,0.6892
mo,ec,0.6883
mo,ee,0.6826
mo,eg,0.6755
mo,eh,0.588
mo,er,0.6188
mo,es,0.6903
mo,et,0.6151
mo,fi,0.7481
mo,fj,0.6051
mo,fk,0.5844
mo,fm,0.6792
mo,fo,0.7549
mo,fr,0.6439
mo,ga,0.573
mo,gb-eng,0.8183
mo,gb-nir,0.8167
mo,gb-sct,0.6342
mo,gb-wls,0.6435
mo,gb,0.6349
mo,gd,0.6214
mo,ge,0.8229
mo,gf,0.6589
mo,gg,0.8034
mo,gh,0.6374
mo,gi,0.797
mo,gl,0.7581
mo,gm,0.5943
mo,gn,0.625
mo,gp,0.5559
mo,gq,0.629
mo,gr,0.6367
mo,gs,0.5726
mo,gt,0.639
mo,gu,0.5633
mo,gw,0.6468
mo,gy,0.5705
mo,hk,0.7654
mo,hm,0.6364
mo,hn,0.6649
mo,hr,0.6875
mo,ht,0.6069
mo,hu,0.6425
mo,id,0.817
mo,ie,0.6524
mo,il,0.7216
mo,im,0.7432
mo,in,0.6612
mo,io,0.587
mo,iq,0.6734
mo,ir,0.6639
mo,is,0.5808
mo,it,0.6297
mo,je,0.8066
mo,jm,0.5851
mo,jo,0.596
mo,jp,0.8652
mo,ke,0.5946
mo,kg,0.8324
mo,kh,0.5927
mo,ki,0.6406
mo,km,0.6228
mo,kn,0.6104
mo,kp,0.6497
mo,kr,0.8069
mo,kw,0.6069
mo,ky,0.5857
mo,kz,0.5705
mo,la,0.6068
mo,lb,0.7472
mo,lc,0.7054
mo,li,0.6279
mo,lk,0.6264
mo,lr,0.6747
mo,ls,0.6236
mo,lt,0.6446
mo,lu,0.6779
mo,lv,0.675
mo,ly,0.6288
mo,ma,0.7241
mo,mc,0.7697
mo,md,0.6288
mo,me,0.7635
mo,mf,0.6439
mo,mg,0.7061
mo,mh,0.5819
mo,mk,0.7044
mo,ml,0.632
mo,mm,0.653
mo,mn,0.6537
mo,mo,0.0
mo,mp,0.5569
mo,mq,0.5837
mo,mr,0.592
mo,ms,0.5795
mo,mt,0.7687
mo,mu,0.5995
mo,mv,0.6577
mo,mw,0.5845
mo,mx,0.6308
mo,my,0.6687
mo,mz,0.5712
mo,na,0.5469
mo,nc,0.5588
mo,ne,0.6683
mo,nf,0.5992
mo,ng,0.5959
mo,ni,0.6357
mo,nl,0.6332
mo,no,0.6496
mo,np,0.5781
mo,nr,0.6053
mo,nu,0.7666
mo,nz,0.6007
mo,om,0.6985
mo,pa,0.7156
mo,pe,0.7409
mo,pf,0.7404
mo,pg,0.662
mo,ph,0.6549
mo,pk,0.6431
mo,pl,0.7891
mo,pm,0.5588
mo,pn,0.5656
mo,pr,0.7238
mo,ps,0.5959
mo,pt,0.6991
mo,pw,0.6598
mo,py,0.6549
mo,qa,0.721
mo,re,0.6515
mo,ro,0.6318
mo,rs,0.6609
mo,ru,0.7026
mo,rw,0.575
mo,sa,0.5753
mo,sb,0.5338
mo,sc,0.6237
mo,sd,0.6213
mo,se,0.5874
mo,sg,0.7731
mo,sh,0.5948
mo,si,0.7653
mo,sj,0.6496
mo,sk,0.7084
mo,sl,0.598
mo,sm,0.7112
mo,sn,0.6326
mo,so,0.6337
mo,sr,0.6064
mo,ss,0.5647
mo,st,0.6078
mo,sv,0.6269
mo,sx,0.6385
mo,sy,0.5992
mo,sz,0.5901
mo,tc,0.5966
mo,td,0.6347
mo,tf,0.5998
mo,tg,0.6221
mo,th,0.652
mo,tj,0.6886
mo,tk,0.5928
mo,tl,0.7085
mo,tm,0.5624
mo,tn,0.782
mo,to,0.7787
mo,tr,0.7905
mo,tt,0.7008
mo,tv,0.5884
mo,tw,0.7788
mo,tz,0.5692
mo,ua,0.6686
mo,ug,0.6751
mo,um,0.6219
mo,us,0.6219
mo,uy,0.6908
mo,uz,0.6105
mo,va,0.7885
mo,vc,0.5941
mo,ve,0.6671
mo,vg,0.5756
mo,vi,0.7651
mo,vn,0.85
mo,vu,0.5882
mo,wf,0.726
mo,ws,0.6857
mo,xk,0.5678
mo,ye,0.6785
mo,yt,0.8014
mo,za,0.5742
mo,zm,0.6091
mo,zw,0.6685
mp,ad,0.6153
mp,ae,0.6306
mp,af,0.5347
mp,ag,0.6206
mp,ai,0.5726
mp,al,0.8338
mp,am,0.6145
mp,ao,0.6501
mp,aq,0.5869
mp,ar,0.6677
mp,as,0.602
mp,at,0.7303
mp,au,0.5685
mp,aw,0.589
mp,ax,0.5873
mp,az,0.5873
mp,ba,0.5659
mp,bb,0.5457
mp,bd,0.5647
mp,be,0.6634
mp,bf,0.6484
mp,bg,0.6917
mp,bh,0.7739
mp,bi,0.6492
mp,bj,0.6586
mp,bl,0.8059
mp,bm,0.6583
mp,bn,0.7704
mp,bo,0.6576
mp,bq,0.6448
mp,br,0.5811
mp,bs,0.5647
mp,bt,0.7744
mp,bv,0.6345
mp,bw,0.613
mp,by,0.657
mp,bz,0.5214
mp,ca,0.7974
mp,cc,0.6859
mp,cd,0.5863
mp,cf,0.6551
mp,cg,0.6575
mp,ch,0.8079
mp,ci,0.674
mp,ck,0.5477
mp,cl,0.6756
mp,cm,0.6725
mp,cn,0.7944
mp,co,0.7172
mp,cr,0.6275
mp,cu,0.5926
mp,cv,0.549
mp,cw,0.5694
mp,cx,0.5499
mp,cy,0.8529
mp,cz,0.69
mp,de,0.7348
mp,dj,0.643
mp,dk,0.7173
mp,dm,0.5733
mp,do,0.6191
mp,dz,0.698
mp,ec,0.7231
mp,ee,0.6558
mp,eg,0.6825
mp,eh,0.6136
mp,er,0.6169
mp,es,0.7223
mp,et,0.6563
mp,fi,0.7314
mp,fj,0.5832
mp,fk,0.5502
mp,fm,0.6526
mp,fo,0.7409
mp,fr,0.6152
mp,ga,0.602
mp,gb-eng,0.8112
mp,gb-nir,0.8155
mp,gb-sct,0.6188
mp,gb-wls,0.6513
mp,gb,0.6087
mp,gd,0.6282
mp,ge,0.817
mp,gf,0.7204
mp,gg,0.8011
mp,gh,0.663
mp,gi,0.7914
mp,gl,0.7536
mp,gm,0.5863
mp,gn,0.634
mp,gp,0.5512
mp,gq,0.6509
mp,gr,0.6066
mp,gs,0.541
mp,gt,0.5925
mp,gu,0.5376
mp,gw,0.6733
mp,gy,0.5853
mp,hk,0.7638
mp,hm,0.5792
mp,hn,0.6602
mp,hr,0.6758
mp,ht,0.5483
mp,hu,0.6549
mp,id,0.8217
mp,ie,0.6615
mp,il,0.6661
mp,im,0.7357
mp,in,0.6809
mp,io,0.5675
mp,iq,0.6785
mp,ir,0.6825
mp,is,0.5504
mp,it,0.6245
mp,je,0.7997
mp,jm,0.623
mp,jo,0.6214
mp,jp,0.8615
mp,ke,0.6026
mp,kg,0.8353
mp,kh,0.434
mp,ki,0.6432
mp,km,0.5944
mp,kn,0.6176
mp,kp,0.621
mp,kr,0.7917
mp,kw,0.6213
mp,ky,0.554
mp,kz,0.5642
mp,la,0.6087
mp,lb,0.737
mp,lc,0.6715
mp,li,0.61
mp,lk,0.6583
mp,lr,0.6565
mp,ls,0.6194
mp,lt,0.6663
mp,lu,0.6748
mp,lv,0.6801
mp,ly,0.6408
mp,ma,0.7188
mp,mc,0.7711
mp,md,0.6024
mp,me,0.7798
mp,mf,0.6152
mp,mg,0.7145
mp,mh,0.5573
mp,mk,0.7263
mp,ml,0.6548
mp,mm,0.699
mp,mn,0.6602
mp,mo,0.5569
mp,mp,0.0
mp,mq,0.601
mp,mr,0.6181
mp,ms,0.5456
mp,mt,0.7593
mp,mu,0.6267
mp,mv,0.6586
mp,mw,0.5961
mp,mx,0.6081
mp,my,0.6595
mp,mz,0.6522
mp,na,0.5479
mp,nc,0.4973
mp,ne,0.6981
mp,nf,0.591
mp,ng,0.5913
mp,ni,0.6143
mp,nl,0.6321
mp,no,0.6345
mp,np,0.5637
mp,nr,0.5879
mp,nu,0.8216
mp,nz,0.5647
mp,om,0.6946
mp,pa,0.7058
mp,pe,0.7264
mp,pf,0.7311
mp,pg,0.6598
mp,ph,0.5546
mp,pk,0.6645
mp,pl,0.7732
mp,pm,0.5636
mp,pn,0.5381
mp,pr,0.6897
mp,ps,0.6291
mp,pt,0.7126
mp,pw,0.6161
mp,py,0.5759
mp,qa,0.7157
mp,re,0.6117
mp,ro,0.6174
mp,rs,0.6474
mp,ru,0.6092
mp,rw,0.5908
mp,sa,0.5866
mp,sb,0.5306
mp,sc,0.6167
mp,sd,0.633
mp,se,0.5861
mp,sg,0.774
mp,sh,0.563
mp,si,0.7231
mp,sj,0.6345
mp,sk,0.6851
mp,sl,0.6178
mp,sm,0.6952
mp,sn,0.6414
mp,so,0.6005
mp,sr,0.6041
mp,ss,0.5684
mp,st,0.6548
mp,sv,0.6014
mp,sx,0.6276
mp,sy,0.623
mp,sz,0.5763
mp,tc,0.5711
mp,td,0.6233
mp,tf,0.5597
mp,tg,0.6379
mp,th,0.6222
mp,tj,0.7085
mp,tk,0.5813
mp,tl,0.7125
mp,tm,0.5944
mp,tn,0.7762
mp,to,0.774
mp,tr,0.7868
mp,tt,0.6879
mp,tv,0.5606
mp,tw,0.7689
mp,tz,0.5781
mp,ua,0.6925
mp,ug,0.6971
mp,um,0.6076
mp,us,0.6076
mp,uy,0.6371
mp,uz,0.6124
mp,va,0.8305
mp,vc,0.5963
mp,ve,0.6747
mp,vg,0.5468
mp,vi,0.7695
mp,vn,0.8543
mp,vu,0.6009
mp,wf,0.7155
mp,ws,0.6716
mp,xk,0.5192
mp,ye,0.689
mp,yt,0.7919
mp,za,0.5641
mp,zm,0.6621
mp,zw,0.6855
mq,ad,0.6353
mq,ae,0.5207
mq,af,0.514
mq,ag,0.5653
mq,ai,0.5546
mq,al,0.6679
mq,am,0.6249
mq,ao,0.5585
mq,aq,0.7399
mq,ar,0.7254
mq,as,0.6486
mq,at,0.6973
mq,au,0.5451
mq,aw,0.6488
mq,ax,0.5661
mq,az,0.5225
mq,ba,0.6146
mq,bb,0.5933
mq,bd,0.556
mq,be,0.6469
mq,bf,0.6096
mq,bg,0.6391
mq,bh,0.7116
mq,bi,0.6613
mq,bj,0.5933
mq,bl,0.8084
mq,bm,0.5716
mq,bn,0.6756
mq,bo,0.5685
mq,bq,0.6086
mq,br,0.5324
mq,bs,0.5552
mq,bt,0.6515
mq,bv,0.5849
mq,bw,0.6533
mq,by,0.5602
mq,bz,0.578
mq,ca,0.7204
mq,cc,0.5659
mq,cd,0.6365
mq,cf,0.6083
mq,cg,0.6177
mq,ch,0.7251
mq,ci,0.6304
mq,ck,0.5352
mq,cl,0.6478
mq,cm,0.6362
mq,cn,0.6147
mq,co,0.596
mq,cr,0.6309
mq,cu,0.5887
mq,cv,0.5971
mq,cw,0.5795
mq,cx,0.4932
mq,cy,0.8729
mq,cz,0.6779
mq,de,0.6077
mq,dj,0.5998
mq,dk,0.6641
mq,dm,0.5207
mq,do,0.6244
mq,dz,0.7345
mq,ec,0.5862
mq,ee,0.688
mq,eg,0.6405
mq,eh,0.5569
mq,er,0.4719
mq,es,0.5912
mq,et,0.4965
mq,fi,0.758
mq,fj,0.6391
mq,fk,0.5337
mq,fm,0.728
mq,fo,0.7569
mq,fr,0.698
mq,ga,0.5523
mq,gb-eng,0.803
mq,gb-nir,0.809
mq,gb-sct,0.7019
mq,gb-wls,0.5775
mq,gb,0.5868
mq,gd,0.577
mq,ge,0.7855
mq,gf,0.5613
mq,gg,0.7754
mq,gh,0.5702
mq,gi,0.7089
mq,gl,0.6996
mq,gm,0.5668
mq,gn,0.5299
mq,gp,0.5208
mq,gq,0.6198
mq,gr,0.6791
mq,gs,0.5161
mq,gt,0.7165
mq,gu,0.5587
mq,gw,0.5417
mq,gy,0.4963
mq,hk,0.6153
mq,hm,0.5823
mq,hn,0.7405
mq,hr,0.6749
mq,ht,0.5391
mq,hu,0.6533
mq,id,0.8383
mq,ie,0.7274
mq,il,0.7538
mq,im,0.6392
mq,in,0.6485
mq,io,0.5837
mq,iq,0.6349
mq,ir,0.6144
mq,is,0.5831
mq,it,0.7035
mq,je,0.8077
mq,jm,0.5286
mq,jo,0.5373
mq,jp,0.8548
mq,ke,0.5076
mq,kg,0.701
mq,kh,0.5154
mq,ki,0.6314
mq,km,0.6291
mq,kn,0.5333
mq,kp,0.5279
mq,kr,0.8084
mq,kw,0.5948
mq,ky,0.5357
mq,kz,0.6418
mq,la,0.5953
mq,lb,0.7044
mq,lc,0.7515
mq,li,0.5177
mq,lk,0.5565
mq,lr,0.6602
mq,ls,0.6358
mq,lt,0.5558
mq,lu,0.7321
mq,lv,0.6266
mq,ly,0.5783
mq,ma,0.6108
mq,mc,0.802
mq,md,0.629
mq,me,0.6326
mq,mf,0.698
mq,mg,0.6713
mq,mh,0.6013
mq,mk,0.605
mq,ml,0.6433
mq,mm,0.6125
mq,mn,0.5431
mq,mo,0.5837
mq,mp,0.601
mq,mq,0.0
mq,mr,0.5203
mq,ms,0.5231
mq,mt,0.7506
mq,mu,0.548
mq,mv,0.5714
mq,mw,0.514
mq,mx,0.6749
mq,my,0.6527
mq,mz,0.5085
mq,na,0.5193
mq,nc,0.5188
mq,ne,0.6572
mq,nf,0.6335
mq,ng,0.6803
mq,ni,0.6874
mq,nl,0.6518
mq,no,0.5849
mq,np,0.4754
mq,nr,0.5731
mq,nu,0.7142
mq,nz,0.5466
mq,om,0.578
mq,pa,0.7474
mq,pe,0.6996
mq,pf,0.7054
mq,pg,0.5926
mq,ph,0.5561
mq,pk,0.5931
mq,pl,0.7014
mq,pm,0.524
mq,pn,0.5115
mq,pr,0.7568
mq,ps,0.5742
mq,pt,0.6641
mq,pw,0.7334
mq,py,0.6671
mq,qa,0.6548
mq,re,0.6289
mq,ro,0.6362
mq,rs,0.6793
mq,ru,0.6432
mq,rw,0.5607
mq,sa,0.548
mq,sb,0.5213
mq,sc,0.6208
mq,sd,0.6415
mq,se,0.5725
mq,sg,0.807
mq,sh,0.5409
mq,si,0.6964
mq,sj,0.5849
mq,sk,0.5995
mq,sl,0.6453
mq,sm,0.7336
mq,sn,0.6265
mq,so,0.7021
mq,sr,0.5422
mq,ss,0.6125
mq,st,0.5085
mq,sv,0.6594
mq,sx,0.5955
mq,sy,0.5617
mq,sz,0.5135
mq,tc,0.5437
mq,td,0.6293
mq,tf,0.5994
mq,tg,0.528
mq,th,0.6168
mq,tj,0.6939
mq,tk,0.5997
mq,tl,0.6477
mq,tm,0.5087
mq,tn,0.6814
mq,to,0.6599
mq,tr,0.6761
mq,tt,0.5833
mq,tv,0.6263
mq,tw,0.6785
mq,tz,0.554
mq,ua,0.6461
mq,ug,0.5819
mq,um,0.6291
mq,us,0.6291
mq,uy,0.712
mq,uz,0.6342
mq,va,0.7697
mq,vc,0.5767
mq,ve,0.5714
mq,vg,0.5211
mq,vi,0.7767
mq,vn,0.7211
mq,vu,0.5439
mq,wf,0.6317
mq,ws,0.6032
mq,xk,0.594
mq,ye,0.6547
mq,yt,0.8072
mq,za,0.555
mq,zm,0.5512
mq,zw,0.5631
mr,ad,0.5834
mr,ae,0.6096
mr,af,0.5127
mr,ag,0.5893
mr,ai,0.6108
mr,al,0.6868
mr,am,0.497
mr,ao,0.5979
mr,aq,0.7175
mr,ar,0.7047
mr,as,0.6395
mr,at,0.6411
mr,au,0.6134
mr,aw,0.6485
mr,ax,0.5992
mr,az,0.6278
mr,ba,0.6013
mr,bb,0.5789
mr,bd,0.6086
mr,be,0.5929
mr,bf,0.5872
mr,bg,0.6033
mr,bh,0.6816
mr,bi,0.55
mr,bj,0.5689
mr,bl,0.7635
mr,bm,0.5788
mr,bn,0.6437
mr,bo,0.5548
mr,bq,0.6592
mr,br,0.5859
mr,bs,0.6049
mr,bt,0.6129
mr,bv,0.5611
mr,bw,0.651
mr,by,0.6003
mr,bz,0.4999
mr,ca,0.7324
mr,cc,0.6106
mr,cd,0.6651
mr,cf,0.5693
mr,cg,0.5635
mr,ch,0.6985
mr,ci,0.6455
mr,ck,0.5939
mr,cl,0.6626
mr,cm,0.5639
mr,cn,0.6868
mr,co,0.5674
mr,cr,0.6873
mr,cu,0.649
mr,cv,0.6314
mr,cw,0.6223
mr,cx,0.5451
mr,cy,0.8215
mr,cz,0.6041
mr,de,0.6118
mr,dj,0.6487
mr,dk,0.6442
mr,dm,0.5665
mr,do,0.608
mr,dz,0.6834
mr,ec,0.5478
mr,ee,0.6883
mr,eg,0.6215
mr,eh,0.5972
mr,er,0.6134
mr,es,0.5717
mr,et,0.5109
mr,fi,0.7221
mr,fj,0.6302
mr,fk,0.5913
mr,fm,0.7009
mr,fo,0.7285
mr,fr,0.6396
mr,ga,0.602
mr,gb-eng,0.7797
mr,gb-nir,0.7686
mr,gb-sct,0.6773
mr,gb-wls,0.5938
mr,gb,0.609
mr,gd,0.4751
mr,ge,0.7708
mr,gf,0.5947
mr,gg,0.7605
mr,gh,0.5656
mr,gi,0.6704
mr,gl,0.7074
mr,gm,0.5247
mr,gn,0.5618
mr,gp,0.553
mr,gq,0.5709
mr,gr,0.655
mr,gs,0.5785
mr,gt,0.6658
mr,gu,0.5722
mr,gw,0.5749
mr,gy,0.5763
mr,hk,0.6661
mr,hm,0.6515
mr,hn,0.7585
mr,hr,0.6278
mr,ht,0.575
mr,hu,0.5951
mr,id,0.7555
mr,ie,0.6399
mr,il,0.7346
mr,im,0.6503
mr,in,0.6143
mr,io,0.5796
mr,iq,0.6152
mr,ir,0.5809
mr,is,0.6218
mr,it,0.6271
mr,je,0.7588
mr,jm,0.5767
mr,jo,0.6177
mr,jp,0.8259
mr,ke,0.6002
mr,kg,0.7041
mr,kh,0.6671
mr,ki,0.5483
mr,km,0.5934
mr,kn,0.5477
mr,kp,0.6951
mr,kr,0.7737
mr,kw,0.5883
mr,ky,0.5932
mr,kz,0.6455
mr,la,0.4971
mr,lb,0.6191
mr,lc,0.718
mr,li,0.5816
mr,lk,0.5195
mr,lr,0.6226
mr,ls,0.6567
mr,lt,0.5098
mr,lu,0.6746
mr,lv,0.6115
mr,ly,0.5566
mr,ma,0.6267
mr,mc,0.722
mr,md,0.5639
mr,me,0.6475
mr,mf,0.6396
mr,mg,0.6522
mr,mh,0.6158
mr,mk,0.5971
mr,ml,0.5614
mr,mm,0.5344
mr,mn,0.5958
mr,mo,0.592
mr,mp,0.6181
mr,mq,0.5203
mr,mr,0.0
mr,ms,0.5888
mr,mt,0.7127
mr,mu,0.4992
mr,mv,0.5209
mr,mw,0.5865
mr,mx,0.6099
mr,my,0.5892
mr,mz,0.5849
mr,na,0.5401
mr,nc,0.6034
mr,ne,0.618
mr,nf,0.6048
mr,ng,0.6408
mr,ni,0.7076
mr,nl,0.6142
mr,no,0.5611
mr,np,0.5204
mr,nr,0.6329
mr,nu,0.6674
mr,nz,0.6123
mr,om,0.6615
mr,pa,0.6598
mr,pe,0.6914
mr,pf,0.6264
mr,pg,0.5911
mr,ph,0.6103
mr,pk,0.6387
mr,pl,0.7267
mr,pm,0.5655
mr,pn,0.5729
mr,pr,0.6062
mr,ps,0.6278
mr,pt,0.6135
mr,pw,0.7335
mr,py,0.6309
mr,qa,0.6582
mr,re,0.5983
mr,ro,0.5705
mr,rs,0.5989
mr,ru,0.6299
mr,rw,0.606
mr,sa,0.5907
mr,sb,0.5454
mr,sc,0.5953
mr,sd,0.5793
mr,se,0.6085
mr,sg,0.7228
mr,sh,0.6035
mr,si,0.6954
mr,sj,0.5611
mr,sk,0.6282
mr,sl,0.6626
mr,sm,0.703
mr,sn,0.5685
mr,so,0.6896
mr,sr,0.6235
mr,ss,0.5898
mr,st,0.6232
mr,sv,0.6819
mr,sx,0.5934
mr,sy,0.6233
mr,sz,0.6136
mr,tc,0.6038
mr,td,0.5685
mr,tf,0.6119
mr,tg,0.6082
mr,th,0.557
mr,tj,0.6109
mr,tk,0.5845
mr,tl,0.5985
mr,tm,0.5591
mr,tn,0.6826
mr,to,0.5925
mr,tr,0.6792
mr,tt,0.614
mr,tv,0.6407
mr,tw,0.6784
mr,tz,0.5695
mr,ua,0.6262
mr,ug,0.5679
mr,um,0.5761
mr,us,0.5761
mr,uy,0.6969
mr,uz,0.6552
mr,va,0.7251
mr,vc,0.5353
mr,ve,0.544
mr,vg,0.5823
mr,vi,0.7264
mr,vn,0.7268
mr,vu,0.5402
mr,wf,0.6339
mr,ws,0.6088
mr,xk,0.6027
mr,ye,0.6334
mr,yt,0.758
mr,za,0.5317
mr,zm,0.5695
mr,zw,0.6204
ms,ad,0.6329
ms,ae,0.5907
ms,af,0.5355
ms,ag,0.6197
ms,ai,0.1585
ms,al,0.7434
ms,am,0.6234
ms,ao,0.5569
ms,aq,0.6806
ms,ar,0.7006
ms,as,0.6365
ms,at,0.6967
ms,au,0.1604
ms,aw,0.6171
ms,ax,0.583
ms,az,0.5904
ms,ba,0.5726
ms,bb,0.4243
ms,bd,0.5664
ms,be,0.677
ms,bf,0.5837
ms,bg,0.6497
ms,bh,0.7228
ms,bi,0.6462
ms,bj,0.6473
ms,bl,0.8008
ms,bm,0.5555
ms,bn,0.7208
ms,bo,0.5838
ms,bq,0.6134
ms,br,0.5664
ms,bs,0.5676
ms,bt,0.7283
ms,bv,0.5827
ms,bw,0.6311
ms,by,0.577
ms,bz,0.5457
ms,ca,0.7652
ms,cc,0.6196
ms,cd,0.6129
ms,cf,0.6161
ms,cg,0.6746
ms,ch,0.7725
ms,ci,0.6828
ms,ck,0.1669
ms,cl,0.7065
ms,cm,0.644
ms,cn,0.7329
ms,co,0.6278
ms,cr,0.6398
ms,cu,0.6095
ms,cv,0.5864
ms,cw,0.3523
ms,cx,0.4118
ms,cy,0.8632
ms,cz,0.677
ms,de,0.7107
ms,dj,0.6222
ms,dk,0.6736
ms,dm,0.5544
ms,do,0.5848
ms,dz,0.7304
ms,ec,0.6511
ms,ee,0.6945
ms,eg,0.6207
ms,eh,0.5934
ms,er,0.5788
ms,es,0.6596
ms,et,0.6035
ms,fi,0.6799
ms,fj,0.5651
ms,fk,0.1214
ms,fm,0.6914
ms,fo,0.7579
ms,fr,0.6719
ms,ga,0.6066
ms,gb-eng,0.8022
ms,gb-nir,0.8156
ms,gb-sct,0.6527
ms,gb-wls,0.5924
ms,gb,0.5466
ms,gd,0.6001
ms,ge,0.8015
ms,gf,0.6876
ms,gg,0.796
ms,gh,0.5848
ms,gi,0.7321
ms,gl,0.7246
ms,gm,0.5274
ms,gn,0.6152
ms,gp,0.5546
ms,gq,0.6485
ms,gr,0.6473
ms,gs,0.1136
ms,gt,0.6704
ms,gu,0.3133
ms,gw,0.6109
ms,gy,0.5661
ms,hk,0.7231
ms,hm,0.4709
ms,hn,0.7114
ms,hr,0.634
ms,ht,0.5733
ms,hu,0.6301
ms,id,0.8295
ms,ie,0.71
ms,il,0.7224
ms,im,0.6782
ms,in,0.6265
ms,io,0.479
ms,iq,0.6121
ms,ir,0.6725
ms,is,0.5557
ms,it,0.6801
ms,je,0.8041
ms,jm,0.5819
ms,jo,0.589
ms,jp,0.8446
ms,ke,0.5599
ms,kg,0.774
ms,kh,0.5575
ms,ki,0.6069
ms,km,0.6065
ms,kn,0.5715
ms,kp,0.5955
ms,kr,0.7922
ms,kw,0.6315
ms,ky,0.1354
ms,kz,0.602
ms,la,0.4907
ms,lb,0.699
ms,lc,0.7137
ms,li,0.4681
ms,lk,0.6025
ms,lr,0.6515
ms,ls,0.6152
ms,lt,0.5921
ms,lu,0.6669
ms,lv,0.6439
ms,ly,0.5689
ms,ma,0.659
ms,mc,0.7886
ms,md,0.6145
ms,me,0.7139
ms,mf,0.6719
ms,mg,0.656
ms,mh,0.5677
ms,mk,0.6727
ms,ml,0.6579
ms,mm,0.6617
ms,mn,0.5902
ms,mo,0.5795
ms,mp,0.5456
ms,mq,0.5231
ms,mr,0.5888
ms,ms,0.0
ms,mt,0.7347
ms,mu,0.5516
ms,mv,0.5938
ms,mw,0.561
ms,mx,0.6481
ms,my,0.6763
ms,mz,0.62
ms,na,0.54
ms,nc,0.5492
ms,ne,0.6486
ms,nf,0.6212
ms,ng,0.6629
ms,ni,0.6526
ms,nl,0.6145
ms,no,0.5827
ms,np,0.5202
ms,nr,0.3394
ms,nu,0.7751
ms,nz,0.1238
ms,om,0.642
ms,pa,0.6648
ms,pe,0.728
ms,pf,0.6986
ms,pg,0.5812
ms,ph,0.6055
ms,pk,0.6136
ms,pl,0.729
ms,pm,0.5426
ms,pn,0.128
ms,pr,0.7093
ms,ps,0.6131
ms,pt,0.6854
ms,pw,0.6884
ms,py,0.619
ms,qa,0.6572
ms,re,0.6173
ms,ro,0.573
ms,rs,0.6573
ms,ru,0.6408
ms,rw,0.6036
ms,sa,0.5578
ms,sb,0.5194
ms,sc,0.5903
ms,sd,0.5955
ms,se,0.581
ms,sg,0.789
ms,sh,0.1219
ms,si,0.6933
ms,sj,0.5827
ms,sk,0.6436
ms,sl,0.6381
ms,sm,0.6854
ms,sn,0.6581
ms,so,0.6479
ms,sr,0.5965
ms,ss,0.5693
ms,st,0.6186
ms,sv,0.6269
ms,sx,0.5748
ms,sy,0.5982
ms,sz,0.5485
ms,tc,0.1419
ms,td,0.5734
ms,tf,0.5226
ms,tg,0.589
ms,th,0.6098
ms,tj,0.6711
ms,tk,0.4443
ms,tl,0.6687
ms,tm,0.5464
ms,tn,0.7343
ms,to,0.685
ms,tr,0.7284
ms,tt,0.6382
ms,tv,0.5112
ms,tw,0.7418
ms,tz,0.5555
ms,ua,0.7113
ms,ug,0.656
ms,um,0.6306
ms,us,0.6306
ms,uy,0.6742
ms,uz,0.629
ms,va,0.8233
ms,vc,0.5483
ms,ve,0.5444
ms,vg,0.1306
ms,vi,0.7685
ms,vn,0.7914
ms,vu,0.5414
ms,wf,0.656
ms,ws,0.6113
ms,xk,0.5573
ms,ye,0.6327
ms,yt,0.7952
ms,za,0.5412
ms,zm,0.6136
ms,zw,0.631
mt,ad,0.6096
mt,ae,0.6944
mt,af,0.7705
mt,ag,0.6378
mt,ai,0.7434
mt,al,0.765
mt,am,0.6863
mt,ao,0.7212
mt,aq,0.7183
mt,ar,0.6069
mt,as,0.7559
mt,at,0.5186
mt,au,0.7405
mt,aw,0.7018
mt,ax,0.7124
mt,az,0.6734
mt,ba,0.7526
mt,bb,0.7449
mt,bd,0.7744
mt,be,0.7459
mt,bf,0.7107
mt,bg,0.638
mt,bh,0.4591
mt,bi,0.5594
mt,bj,0.6739
mt,bl,0.5437
mt,bm,0.5301
mt,bn,0.6443
mt,bo,0.6729
mt,bq,0.6194
mt,br,0.746
mt,bs,0.7981
mt,bt,0.5924
mt,bv,0.62
mt,bw,0.689
mt,by,0.5911
mt,bz,0.7097
mt,ca,0.638
mt,cc,0.8424
mt,cd,0.7189
mt,cf,0.6102
mt,cg,0.632
mt,ch,0.7018
mt,ci,0.6498
mt,ck,0.7342
mt,cl,0.6653
mt,cm,0.6558
mt,cn,0.7093
mt,co,0.6482
mt,cr,0.6257
mt,cu,0.7118
mt,cv,0.7354
mt,cw,0.7862
mt,cx,0.7798
mt,cy,0.5758
mt,cz,0.6474
mt,de,0.7441
mt,dj,0.5885
mt,dk,0.4795
mt,dm,0.7313
mt,do,0.5944
mt,dz,0.8071
mt,ec,0.657
mt,ee,0.722
mt,eg,0.6376
mt,eh,0.7503
mt,er,0.6813
mt,es,0.6618
mt,et,0.675
mt,fi,0.6831
mt,fj,0.6514
mt,fk,0.729
mt,fm,0.7022
mt,fo,0.6127
mt,fr,0.5929
mt,ga,0.6798
mt,gb-eng,0.5273
mt,gb-nir,0.5708
mt,gb-sct,0.6592
mt,gb-wls,0.6071
mt,gb,0.5603
mt,gd,0.6017
mt,ge,0.5797
mt,gf,0.7053
mt,gg,0.5535
mt,gh,0.638
mt,gi,0.5961
mt,gl,0.5138
mt,gm,0.619
mt,gn,0.6751
mt,gp,0.787
mt,gq,0.6433
mt,gr,0.6258
mt,gs,0.7175
mt,gt,0.629
mt,gu,0.7745
mt,gw,0.6904
mt,gy,0.6897
mt,hk,0.6786
mt,hm,0.7639
mt,hn,0.7195
mt,hr,0.6384
mt,ht,0.6345
mt,hu,0.5832
mt,id,0.6223
mt,ie,0.5914
mt,il,0.6051
mt,im,0.5774
mt,in,0.6239
mt,io,0.5956
mt,iq,0.6396
mt,ir,0.6145
mt,is,0.6708
mt,it,0.5988
mt,je,0.5202
mt,jm,0.7451
mt,jo,0.7335
mt,jp,0.5801
mt,ke,0.7483
mt,kg,0.7466
mt,kh,0.6885
mt,ki,0.6204
mt,km,0.6565
mt,kn,0.6751
mt,kp,0.6387
mt,kr,0.5692
mt,kw,0.6939
mt,ky,0.7277
mt,kz,0.7703
mt,la,0.6407
mt,lb,0.5151
mt,lc,0.7208
mt,li,0.6625
mt,lk,0.6048
mt,lr,0.5547
mt,ls,0.676
mt,lt,0.6712
mt,lu,0.6249
mt,lv,0.6501
mt,ly,0.7887
mt,ma,0.7028
mt,mc,0.5152
mt,md,0.585
mt,me,0.7012
mt,mf,0.5929
mt,mg,0.4898
mt,mh,0.7327
mt,mk,0.6261
mt,ml,0.5785
mt,mm,0.6217
mt,mn,0.6629
mt,mo,0.7687
mt,mp,0.7593
mt,mq,0.7506
mt,mr,0.7127
mt,ms,0.7347
mt,mt,0.0
mt,mu,0.6746
mt,mv,0.6102
mt,mw,0.6819
mt,mx,0.5595
mt,my,0.6603
mt,mz,0.6823
mt,na,0.6668
mt,nc,0.6903
mt,ne,0.6379
mt,nf,0.6999
mt,ng,0.7036
mt,ni,0.7021
mt,nl,0.6138
mt,no,0.62
mt,np,0.5802
mt,nr,0.8056
mt,nu,0.6785
mt,nz,0.7494
mt,om,0.6223
mt,pa,0.6082
mt,pe,0.5238
mt,pf,0.5049
mt,pg,0.7373
mt,ph,0.5396
mt,pk,0.6472
mt,pl,0.5096
mt,pm,0.6426
mt,pn,0.7144
mt,pr,0.6574
mt,ps,0.7345
mt,pt,0.7153
mt,pw,0.8123
mt,py,0.6308
mt,qa,0.4751
mt,re,0.6935
mt,ro,0.6159
mt,rs,0.5682
mt,ru,0.6392
mt,rw,0.7164
mt,sa,0.8212
mt,sb,0.6961
mt,sc,0.6338
mt,sd,0.686
mt,se,0.7312
mt,sg,0.5457
mt,sh,0.7392
mt,si,0.6929
mt,sj,0.62
mt,sk,0.6129
mt,sl,0.6657
mt,sm,0.5801
mt,sn,0.6431
mt,so,0.7403
mt,sr,0.6254
mt,ss,0.6886
mt,st,0.7216
mt,sv,0.7051
mt,sx,0.5879
mt,sy,0.72
mt,sz,0.6627
mt,tc,0.7379
mt,td,0.6372
mt,tf,0.6982
mt,tg,0.6756
mt,th,0.6172
mt,tj,0.6559
mt,tk,0.7694
mt,tl,0.6945
mt,tm,0.7701
mt,tn,0.7218
mt,to,0.643
mt,tr,0.7041
mt,tt,0.5908
mt,tv,0.7453
mt,tw,0.7207
mt,tz,0.7815
mt,ua,0.7235
mt,ug,0.7153
mt,um,0.5888
mt,us,0.5888
mt,uy,0.5859
mt,uz,0.6234
mt,va,0.6956
mt,vc,0.699
mt,ve,0.6368
mt,vg,0.7219
mt,vi,0.5375
mt,vn,0.7669
mt,vu,0.6978
mt,wf,0.5578
mt,ws,0.5933
mt,xk,0.7369
mt,ye,0.6385
mt,yt,0.544
mt,za,0.6931
mt,zm,0.7813
mt,zw,0.6317
mu,ad,0.5536
mu,ae,0.6095
mu,af,0.5269
mu,ag,0.5954
mu,ai,0.5753
mu,al,0.6539
mu,am,0.5382
mu,ao,0.5709
mu,aq,0.7026
mu,ar,0.6708
mu,as,0.6185
mu,at,0.6384
mu,au,0.5731
mu,aw,0.6269
mu,ax,0.5565
mu,az,0.5723
mu,ba,0.5934
mu,bb,0.5538
mu,bd,0.5884
mu,be,0.5743
mu,bf,0.4802
mu,bg,0.6616
mu,bh,0.6409
mu,bi,0.5833
mu,bj,0.5757
mu,bl,0.7218
mu,bm,0.5655
mu,bn,0.6351
mu,bo,0.46
mu,bq,0.6367
mu,br,0.5508
mu,bs,0.5725
mu,bt,0.5653
mu,bv,0.5591
mu,bw,0.6352
mu,by,0.4883
mu,bz,0.5814
mu,ca,0.6634
mu,cc,0.6262
mu,cd,0.6477
mu,cf,0.6261
mu,cg,0.5798
mu,ch,0.6738
mu,ci,0.6256
mu,ck,0.557
mu,cl,0.6636
mu,cm,0.5248
mu,cn,0.644
mu,co,0.6596
mu,cr,0.6083
mu,cu,0.6157
mu,cv,0.5401
mu,cw,0.517
mu,cx,0.5501
mu,cy,0.7794
mu,cz,0.6773
mu,de,0.5747
mu,dj,0.6098
mu,dk,0.6193
mu,dm,0.5474
mu,do,0.5777
mu,dz,0.663
mu,ec,0.6494
mu,ee,0.6875
mu,eg,0.5838
mu,eh,0.5596
mu,er,0.5375
mu,es,0.5356
mu,et,0.5769
mu,fi,0.6931
mu,fj,0.5901
mu,fk,0.5505
mu,fm,0.6919
mu,fo,0.6917
mu,fr,0.6241
mu,ga,0.5505
mu,gb-eng,0.7273
mu,gb-nir,0.7344
mu,gb-sct,0.6769
mu,gb-wls,0.5441
mu,gb,0.5484
mu,gd,0.5063
mu,ge,0.7083
mu,gf,0.579
mu,gg,0.6976
mu,gh,0.4435
mu,gi,0.7131
mu,gl,0.6953
mu,gm,0.4806
mu,gn,0.5299
mu,gp,0.5382
mu,gq,0.6316
mu,gr,0.6488
mu,gs,0.5406
mu,gt,0.6622
mu,gu,0.5572
mu,gw,0.5388
mu,gy,0.5112
mu,hk,0.6302
mu,hm,0.657
mu,hn,0.7243
mu,hr,0.5756
mu,ht,0.5985
mu,hu,0.5423
mu,id,0.656
mu,ie,0.6171
mu,il,0.6978
mu,im,0.6166
mu,in,0.5496
mu,io,0.5301
mu,iq,0.5835
mu,ir,0.6647
mu,is,0.5949
mu,it,0.6086
mu,je,0.7195
mu,jm,0.5538
mu,jo,0.5568
mu,jp,0.7743
mu,ke,0.5243
mu,kg,0.6639
mu,kh,0.5605
mu,ki,0.5093
mu,km,0.5283
mu,kn,0.5766
mu,kp,0.5612
mu,kr,0.7433
mu,kw,0.6429
mu,ky,0.5462
mu,kz,0.6594
mu,la,0.5579
mu,lb,0.6395
mu,lc,0.712
mu,li,0.5536
mu,lk,0.49
mu,lr,0.5821
mu,ls,0.6049
mu,lt,0.5561
mu,lu,0.5679
mu,lv,0.5965
mu,ly,0.5079
mu,ma,0.5852
mu,mc,0.6312
mu,md,0.5407
mu,me,0.5968
mu,mf,0.6241
mu,mg,0.581
mu,mh,0.6256
mu,mk,0.5446
mu,ml,0.5264
mu,mm,0.5484
mu,mn,0.5492
mu,mo,0.5995
mu,mp,0.6267
mu,mq,0.548
mu,mr,0.4992
mu,ms,0.5516
mu,mt,0.6746
mu,mu,0.0
mu,mv,0.564
mu,mw,0.4944
mu,mx,0.5922
mu,my,0.5787
mu,mz,0.58
mu,na,0.5193
mu,nc,0.5086
mu,ne,0.5327
mu,nf,0.6171
mu,ng,0.6501
mu,ni,0.6824
mu,nl,0.5676
mu,no,0.5591
mu,np,0.531
mu,nr,0.577
mu,nu,0.5613
mu,nz,0.5765
mu,om,0.5807
mu,pa,0.6512
mu,pe,0.6513
mu,pf,0.6402
mu,pg,0.5568
mu,ph,0.6126
mu,pk,0.6302
mu,pl,0.7381
mu,pm,0.5419
mu,pn,0.536
mu,pr,0.6595
mu,ps,0.5548
mu,pt,0.5924
mu,pw,0.7299
mu,py,0.578
mu,qa,0.6282
mu,re,0.6673
mu,ro,0.5186
mu,rs,0.5701
mu,ru,0.675
mu,rw,0.4967
mu,sa,0.6143
mu,sb,0.5583
mu,sc,0.4927
mu,sd,0.5611
mu,se,0.5695
mu,sg,0.6101
mu,sh,0.5669
mu,si,0.7527
mu,sj,0.5591
mu,sk,0.6712
mu,sl,0.6437
mu,sm,0.6836
mu,sn,0.5538
mu,so,0.6925
mu,sr,0.5341
mu,ss,0.5339
mu,st,0.5291
mu,sv,0.6632
mu,sx,0.5514
mu,sy,0.6303
mu,sz,0.5174
mu,tc,0.5646
mu,td,0.5167
mu,tf,0.6063
mu,tg,0.4835
mu,th,0.5778
mu,tj,0.5723
mu,tk,0.5291
mu,tl,0.5827
mu,tm,0.5707
mu,tn,0.6506
mu,to,0.6635
mu,tr,0.6437
mu,tt,0.5769
mu,tv,0.6325
mu,tw,0.6502
mu,tz,0.5747
mu,ua,0.5429
mu,ug,0.6226
mu,um,0.5486
mu,us,0.5486
mu,uy,0.6752
mu,uz,0.6161
mu,va,0.684
mu,vc,0.5346
mu,ve,0.5654
mu,vg,0.5411
mu,vi,0.6831
mu,vn,0.6869
mu,vu,0.4666
mu,wf,0.6088
mu,ws,0.5774
mu,xk,0.5991
mu,ye,0.5973
mu,yt,0.716
mu,za,0.4994
mu,zm,0.5795
mu,zw,0.5474
mv,ad,0.4949
mv,ae,0.5768
mv,af,0.5305
mv,ag,0.4092
mv,ai,0.6201
mv,al,0.5827
mv,am,0.5146
mv,ao,0.4547
mv,aq,0.8101
mv,ar,0.7533
mv,as,0.6636
mv,at,0.4944
mv,au,0.6162
mv,aw,0.6892
mv,ax,0.6421
mv,az,0.6498
mv,ba,0.6403
mv,bb,0.621
mv,bd,0.665
mv,be,0.5795
mv,bf,0.5865
mv,bg,0.6197
mv,bh,0.6584
mv,bi,0.5565
mv,bj,0.5835
mv,bl,0.7785
mv,bm,0.3651
mv,bn,0.6583
mv,bo,0.537
mv,bq,0.6808
mv,br,0.6563
mv,bs,0.6439
mv,bt,0.6003
mv,bv,0.5205
mv,bw,0.6872
mv,by,0.3979
mv,bz,0.5616
mv,ca,0.6691
mv,cc,0.6686
mv,cd,0.6835
mv,cf,0.5844
mv,cg,0.5839
mv,ch,0.621
mv,ci,0.6774
mv,ck,0.5938
mv,cl,0.6527
mv,cm,0.5271
mv,cn,0.6118
mv,co,0.5102
mv,cr,0.6765
mv,cu,0.6658
mv,cv,0.6681
mv,cw,0.6519
mv,cx,0.6028
mv,cy,0.8477
mv,cz,0.6516
mv,de,0.6165
mv,dj,0.7011
mv,dk,0.4437
mv,dm,0.557
mv,do,0.5518
mv,dz,0.6942
mv,ec,0.5548
mv,ee,0.7055
mv,eg,0.5701
mv,eh,0.6055
mv,er,0.594
mv,es,0.5432
mv,et,0.547
mv,fi,0.7391
mv,fj,0.6582
mv,fk,0.5988
mv,fm,0.7492
mv,fo,0.738
mv,fr,0.5753
mv,ga,0.6529
mv,gb-eng,0.7439
mv,gb-nir,0.7838
mv,gb-sct,0.74
mv,gb-wls,0.6522
mv,gb,0.5597
mv,gd,0.4038
mv,ge,0.7577
mv,gf,0.6441
mv,gg,0.7552
mv,gh,0.4677
mv,gi,0.7047
mv,gl,0.6142
mv,gm,0.4518
mv,gn,0.5173
mv,gp,0.5824
mv,gq,0.6222
mv,gr,0.7014
mv,gs,0.5793
mv,gt,0.7266
mv,gu,0.5923
mv,gw,0.5037
mv,gy,0.5989
mv,hk,0.5917
mv,hm,0.641
mv,hn,0.8295
mv,hr,0.6369
mv,ht,0.4775
mv,hu,0.6214
mv,id,0.7274
mv,ie,0.6698
mv,il,0.776
mv,im,0.3446
mv,in,0.615
mv,io,0.5912
mv,iq,0.5594
mv,ir,0.6462
mv,is,0.6372
mv,it,0.6498
mv,je,0.7473
mv,jm,0.5997
mv,jo,0.5547
mv,jp,0.8361
mv,ke,0.5981
mv,kg,0.6123
mv,kh,0.6053
mv,ki,0.574
mv,km,0.6315
mv,kn,0.4937
mv,kp,0.6232
mv,kr,0.7855
mv,kw,0.5388
mv,ky,0.5956
mv,kz,0.732
mv,la,0.3743
mv,lb,0.5438
mv,lc,0.7839
mv,li,0.4493
mv,lk,0.5217
mv,lr,0.5877
mv,ls,0.7114
mv,lt,0.505
mv,lu,0.7036
mv,lv,0.5938
mv,ly,0.5424
mv,ma,0.5655
mv,mc,0.624
mv,md,0.4953
mv,me,0.5658
mv,mf,0.5753
mv,mg,0.6337
mv,mh,0.6576
mv,mk,0.551
mv,ml,0.5185
mv,mm,0.5473
mv,mn,0.532
mv,mo,0.6577
mv,mp,0.6586
mv,mq,0.5714
mv,mr,0.5209
mv,ms,0.5938
mv,mt,0.6102
mv,mu,0.564
mv,mv,0.0
mv,mw,0.5027
mv,mx,0.5552
mv,my,0.5984
mv,mz,0.5496
mv,na,0.5408
mv,nc,0.6189
mv,ne,0.658
mv,nf,0.6313
mv,ng,0.7158
mv,ni,0.765
mv,nl,0.6317
mv,no,0.5205
mv,np,0.4791
mv,nr,0.6522
mv,nu,0.6758
mv,nz,0.6111
mv,om,0.5131
mv,pa,0.683
mv,pe,0.5104
mv,pf,0.5486
mv,pg,0.4636
mv,ph,0.5374
mv,pk,0.6602
mv,pl,0.6274
mv,pm,0.6098
mv,pn,0.5748
mv,pr,0.6363
mv,ps,0.6436
mv,pt,0.5889
mv,pw,0.8212
mv,py,0.6512
mv,qa,0.6453
mv,re,0.6353
mv,ro,0.5033
mv,rs,0.6052
mv,ru,0.6278
mv,rw,0.6706
mv,sa,0.6409
mv,sb,0.5955
mv,sc,0.6084
mv,sd,0.5389
mv,se,0.6512
mv,sg,0.7125
mv,sh,0.6082
mv,si,0.675
mv,sj,0.5205
mv,sk,0.6239
mv,sl,0.7299
mv,sm,0.744
mv,sn,0.5844
mv,so,0.7421
mv,sr,0.6046
mv,ss,0.6439
mv,st,0.6467
mv,sv,0.7345
mv,sx,0.5845
mv,sy,0.6428
mv,sz,0.5569
mv,tc,0.612
mv,td,0.4987
mv,tf,0.6453
mv,tg,0.5681
mv,th,0.5698
mv,tj,0.6775
mv,tk,0.6293
mv,tl,0.5636
mv,tm,0.6158
mv,tn,0.5984
mv,to,0.6269
mv,tr,0.604
mv,tt,0.3834
mv,tv,0.6869
mv,tw,0.6132
mv,tz,0.6377
mv,ua,0.6686
mv,ug,0.5663
mv,um,0.5819
mv,us,0.5819
mv,uy,0.7215
mv,uz,0.7051
mv,va,0.7474
mv,vc,0.5814
mv,ve,0.4496
mv,vg,0.5836
mv,vi,0.7475
mv,vn,0.6351
mv,vu,0.463
mv,wf,0.3947
mv,ws,0.3788
mv,xk,0.6484
mv,ye,0.5815
mv,yt,0.7811
mv,za,0.551
mv,zm,0.6017
mv,zw,0.6201
mw,ad,0.5115
mw,ae,0.5354
mw,af,0.4317
mw,ag,0.4406
mw,ai,0.5761
mw,al,0.6306
mw,am,0.5724
mw,ao,0.4231
mw,aq,0.7347
mw,ar,0.7264
mw,as,0.61
mw,at,0.6153
mw,au,0.5811
mw,aw,0.6827
mw,ax,0.512
mw,az,0.5137
mw,ba,0.5932
mw,bb,0.5602
mw,bd,0.5254
mw,be,0.529
mw,bf,0.5289
mw,bg,0.7741
mw,bh,0.6756
mw,bi,0.6259
mw,bj,0.5776
mw,bl,0.8171
mw,bm,0.4929
mw,bn,0.6811
mw,bo,0.4907
mw,bq,0.7011
mw,br,0.5126
mw,bs,0.4948
mw,bt,0.6438
mw,bv,0.574
mw,bw,0.6608
mw,by,0.3762
mw,bz,0.5614
mw,ca,0.6876
mw,cc,0.5821
mw,cd,0.6439
mw,cf,0.5499
mw,cg,0.5748
mw,ch,0.6857
mw,ci,0.6672
mw,ck,0.5651
mw,cl,0.7024
mw,cm,0.5138
mw,cn,0.63
mw,co,0.6232
mw,cr,0.6024
mw,cu,0.6211
mw,cv,0.575
mw,cw,0.5812
mw,cx,0.5413
mw,cy,0.8764
mw,cz,0.7281
mw,de,0.4167
mw,dj,0.6827
mw,dk,0.5575
mw,dm,0.4661
mw,do,0.5599
mw,dz,0.6997
mw,ec,0.653
mw,ee,0.6415
mw,eg,0.5609
mw,eh,0.4612
mw,er,0.4886
mw,es,0.5456
mw,et,0.5311
mw,fi,0.7957
mw,fj,0.6313
mw,fk,0.5608
mw,fm,0.7479
mw,fo,0.7738
mw,fr,0.5968
mw,ga,0.5281
mw,gb-eng,0.7815
mw,gb-nir,0.8102
mw,gb-sct,0.7304
mw,gb-wls,0.6218
mw,gb,0.5252
mw,gd,0.5164
mw,ge,0.7671
mw,gf,0.5915
mw,gg,0.7735
mw,gh,0.4409
mw,gi,0.7927
mw,gl,0.7286
mw,gm,0.4716
mw,gn,0.5122
mw,gp,0.4797
mw,gq,0.6191
mw,gr,0.6919
mw,gs,0.5413
mw,gt,0.7166
mw,gu,0.5633
mw,gw,0.5319
mw,gy,0.4985
mw,hk,0.6303
mw,hm,0.6152
mw,hn,0.7399
mw,hr,0.6283
mw,ht,0.5058
mw,hu,0.6008
mw,id,0.6957
mw,ie,0.6688
mw,il,0.7614
mw,im,0.4903
mw,in,0.6213
mw,io,0.5844
mw,iq,0.5588
mw,ir,0.6563
mw,is,0.5491
mw,it,0.6376
mw,je,0.7853
mw,jm,0.5004
mw,jo,0.4275
mw,jp,0.8576
mw,ke,0.3566
mw,kg,0.6449
mw,kh,0.4752
mw,ki,0.5289
mw,km,0.62
mw,kn,0.4527
mw,kp,0.5208
mw,kr,0.8164
mw,kw,0.5542
mw,ky,0.5537
mw,kz,0.6747
mw,la,0.536
mw,lb,0.6625
mw,lc,0.7774
mw,li,0.4817
mw,lk,0.5057
mw,lr,0.608
mw,ls,0.5865
mw,lt,0.63
mw,lu,0.6584
mw,lv,0.5981
mw,ly,0.467
mw,ma,0.5747
mw,mc,0.6286
mw,md,0.5043
mw,me,0.5788
mw,mf,0.5968
mw,mg,0.6529
mw,mh,0.5951
mw,mk,0.567
mw,ml,0.5135
mw,mm,0.6658
mw,mn,0.5575
mw,mo,0.5845
mw,mp,0.5961
mw,mq,0.514
mw,mr,0.5865
mw,ms,0.561
mw,mt,0.6819
mw,mu,0.4944
mw,mv,0.5027
mw,mw,0.0
mw,mx,0.569
mw,my,0.581
mw,mz,0.4951
mw,na,0.4776
mw,nc,0.437
mw,ne,0.5831
mw,nf,0.6272
mw,ng,0.6667
mw,ni,0.6798
mw,nl,0.6004
mw,no,0.574
mw,np,0.4615
mw,nr,0.5683
mw,nu,0.6742
mw,nz,0.5782
mw,om,0.5593
mw,pa,0.6923
mw,pe,0.612
mw,pf,0.6488
mw,pg,0.4245
mw,ph,0.5723
mw,pk,0.633
mw,pl,0.7578
mw,pm,0.5544
mw,pn,0.5346
mw,pr,0.6864
mw,ps,0.4799
mw,pt,0.5447
mw,pw,0.7504
mw,py,0.6244
mw,qa,0.6517
mw,re,0.68
mw,ro,0.5062
mw,rs,0.6184
mw,ru,0.7663
mw,rw,0.614
mw,sa,0.5533
mw,sb,0.5469
mw,sc,0.5265
mw,sd,0.5405
mw,se,0.5495
mw,sg,0.6968
mw,sh,0.5657
mw,si,0.8172
mw,sj,0.574
mw,sk,0.7493
mw,sl,0.637
mw,sm,0.7767
mw,sn,0.5609
mw,so,0.7223
mw,sr,0.5054
mw,ss,0.4492
mw,st,0.4975
mw,sv,0.6485
mw,sx,0.5511
mw,sy,0.5571
mw,sz,0.4947
mw,tc,0.5648
mw,td,0.4962
mw,tf,0.6115
mw,tg,0.5092
mw,th,0.6275
mw,tj,0.6348
mw,tk,0.5432
mw,tl,0.5552
mw,tm,0.5488
mw,tn,0.6348
mw,to,0.6516
mw,tr,0.6246
mw,tt,0.4609
mw,tv,0.6549
mw,tw,0.6233
mw,tz,0.5259
mw,ua,0.6277
mw,ug,0.5246
mw,um,0.5848
mw,us,0.5848
mw,uy,0.7468
mw,uz,0.6136
mw,va,0.7726
mw,vc,0.5412
mw,ve,0.6147
mw,vg,0.5446
mw,vi,0.7825
mw,vn,0.6665
mw,vu,0.3945
mw,wf,0.5008
mw,ws,0.463
mw,xk,0.5957
mw,ye,0.577
mw,yt,0.821
mw,za,0.5439
mw,zm,0.5257
mw,zw,0.5275
mx,ad,0.4223
mx,ae,0.6521
mx,af,0.5581
mx,ag,0.5169
mx,ai,0.6606
mx,al,0.7341
mx,am,0.615
mx,ao,0.6122
mx,aq,0.6236
mx,ar,0.6363
mx,as,0.6166
mx,at,0.5908
mx,au,0.6733
mx,aw,0.6419
mx,ax,0.62
mx,az,0.5896
mx,ba,0.6016
mx,bb,0.5632
mx,bd,0.5699
mx,be,0.4628
mx,bf,0.624
mx,bg,0.6081
mx,bh,0.6748
mx,bi,0.5525
mx,bj,0.5135
mx,bl,0.6993
mx,bm,0.5263
mx,bn,0.6359
mx,bo,0.6125
mx,bq,0.6517
mx,br,0.6195
mx,bs,0.601
mx,bt,0.5887
mx,bv,0.5918
mx,bw,0.625
mx,by,0.5736
mx,bz,0.5707
mx,ca,0.5882
mx,cc,0.7214
mx,cd,0.6453
mx,cf,0.6012
mx,cg,0.5162
mx,ch,0.6663
mx,ci,0.5666
mx,ck,0.6417
mx,cl,0.5638
mx,cm,0.502
mx,cn,0.6892
mx,co,0.6031
mx,cr,0.6012
mx,cu,0.6255
mx,cv,0.6463
mx,cw,0.6745
mx,cx,0.6313
mx,cy,0.7145
mx,cz,0.5593
mx,de,0.6679
mx,dj,0.6662
mx,dk,0.5213
mx,dm,0.6024
mx,do,0.5257
mx,dz,0.5989
mx,ec,0.6159
mx,ee,0.6458
mx,eg,0.6346
mx,eh,0.6523
mx,er,0.6246
mx,es,0.6182
mx,et,0.6054
mx,fi,0.6717
mx,fj,0.5901
mx,fk,0.6407
mx,fm,0.6684
mx,fo,0.6428
mx,fr,0.2435
mx,ga,0.6042
mx,gb-eng,0.6667
mx,gb-nir,0.6831
mx,gb-sct,0.6544
mx,gb-wls,0.6013
mx,gb,0.5522
mx,gd,0.4917
mx,ge,0.6834
mx,gf,0.6903
mx,gg,0.6794
mx,gh,0.5838
mx,gi,0.7008
mx,gl,0.5865
mx,gm,0.5489
mx,gn,0.5939
mx,gp,0.5996
mx,gq,0.586
mx,gr,0.6119
mx,gs,0.6312
mx,gt,0.5286
mx,gu,0.6442
mx,gw,0.6022
mx,gy,0.5973
mx,hk,0.6406
mx,hm,0.7006
mx,hn,0.7051
mx,hr,0.641
mx,ht,0.529
mx,hu,0.5983
mx,id,0.6804
mx,ie,0.3551
mx,il,0.6607
mx,im,0.569
mx,in,0.6254
mx,io,0.5503
mx,iq,0.6367
mx,ir,0.6245
mx,is,0.609
mx,it,0.3063
mx,je,0.6333
mx,jm,0.5803
mx,jo,0.6506
mx,jp,0.7487
mx,ke,0.6312
mx,kg,0.7109
mx,kh,0.5832
mx,ki,0.5767
mx,km,0.5532
mx,kn,0.5341
mx,kp,0.5949
mx,kr,0.6665
mx,kw,0.5572
mx,ky,0.6421
mx,kz,0.6742
mx,la,0.5472
mx,lb,0.6064
mx,lc,0.7008
mx,li,0.5888
mx,lk,0.5427
mx,lr,0.5315
mx,ls,0.652
mx,lt,0.5566
mx,lu,0.6434
mx,lv,0.6321
mx,ly,0.6522
mx,ma,0.6498
mx,mc,0.5996
mx,md,0.4192
mx,me,0.6555
mx,mf,0.2435
mx,mg,0.6896
mx,mh,0.6419
mx,mk,0.6082
mx,ml,0.4062
mx,mm,0.564
mx,mn,0.5969
mx,mo,0.6308
mx,mp,0.6081
mx,mq,0.6749
mx,mr,0.6099
mx,ms,0.6481
mx,mt,0.5595
mx,mu,0.5922
mx,mv,0.5552
mx,mw,0.569
mx,mx,0.0
mx,my,0.5665
mx,mz,0.6151
mx,na,0.5744
mx,nc,0.5998
mx,ne,0.6368
mx,nf,0.477
mx,ng,0.4808
mx,ni,0.6775
mx,nl,0.6145
mx,no,0.5918
mx,np,0.5693
mx,nr,0.6973
mx,nu,0.6587
mx,nz,0.6675
mx,om,0.5718
mx,pa,0.5771
mx,pe,0.3882
mx,pf,0.6039
mx,pg,0.5868
mx,ph,0.6283
mx,pk,0.7383
mx,pl,0.6009
mx,pm,0.6068
mx,pn,0.626
mx,pr,0.5948
mx,ps,0.6648
mx,pt,0.5632
mx,pw,0.7351
mx,py,0.6309
mx,qa,0.6932
mx,re,0.655
mx,ro,0.4059
mx,rs,0.5632
mx,ru,0.6105
mx,rw,0.6272
mx,sa,0.6679
mx,sb,0.6083
mx,sc,0.5377
mx,sd,0.5772
mx,se,0.6299
mx,sg,0.6337
mx,sh,0.6569
mx,si,0.6708
mx,sj,0.5918
mx,sk,0.6063
mx,sl,0.6408
mx,sm,0.6369
mx,sn,0.4011
mx,so,0.6761
mx,sr,0.5583
mx,ss,0.6086
mx,st,0.641
mx,sv,0.6722
mx,sx,0.6419
mx,sy,0.6566
mx,sz,0.5466
mx,tc,0.6542
mx,td,0.4239
mx,tf,0.6506
mx,tg,0.5812
mx,th,0.5697
mx,tj,0.6638
mx,tk,0.6181
mx,tl,0.6003
mx,tm,0.6737
mx,tn,0.6611
mx,to,0.6834
mx,tr,0.6922
mx,tt,0.5584
mx,tv,0.6621
mx,tw,0.6744
mx,tz,0.6338
mx,ua,0.6615
mx,ug,0.6295
mx,um,0.5136
mx,us,0.5136
mx,uy,0.6268
mx,uz,0.6177
mx,va,0.6715
mx,vc,0.5475
mx,ve,0.5719
mx,vg,0.6353
mx,vi,0.6419
mx,vn,0.7374
mx,vu,0.5588
mx,wf,0.5603
mx,ws,0.5337
mx,xk,0.6239
mx,ye,0.6395
mx,yt,0.6731
mx,za,0.5352
mx,zm,0.6305
mx,zw,0.6445
my,ad,0.5633
my,ae,0.6498
my,af,0.5928
my,ag,0.5728
my,ai,0.6825
my,al,0.6706
my,am,0.5406
my,ao,0.6786
my,aq,0.6914
my,ar,0.6351
my,as,0.5766
my,at,0.6268
my,au,0.6949
my,aw,0.6411
my,ax,0.6188
my,az,0.5986
my,ba,0.6481
my,bb,0.6398
my,bd,0.6648
my,be,0.5762
my,bf,0.6434
my,bg,0.6409
my,bh,0.6366
my,bi,0.57
my,bj,0.569
my,bl,0.6262
my,bm,0.5564
my,bn,0.6094
my,bo,0.6196
my,bq,0.7082
my,br,0.6402
my,bs,0.6142
my,bt,0.5891
my,bv,0.5649
my,bw,0.6192
my,by,0.6146
my,bz,0.6018
my,ca,0.6243
my,cc,0.7417
my,cd,0.6501
my,cf,0.5712
my,cg,0.535
my,ch,0.6725
my,ci,0.6502
my,ck,0.6699
my,cl,0.5826
my,cm,0.5427
my,cn,0.6492
my,co,0.6421
my,cr,0.5851
my,cu,0.5977
my,cv,0.6182
my,cw,0.6573
my,cx,0.6438
my,cy,0.6798
my,cz,0.5792
my,de,0.5665
my,dj,0.6776
my,dk,0.6196
my,dm,0.6307
my,do,0.5857
my,dz,0.5593
my,ec,0.6223
my,ee,0.5895
my,eg,0.6825
my,eh,0.6123
my,er,0.5634
my,es,0.584
my,et,0.5561
my,fi,0.6125
my,fj,0.5882
my,fk,0.6617
my,fm,0.6733
my,fo,0.5901
my,fr,0.5816
my,ga,0.6043
my,gb-eng,0.6205
my,gb-nir,0.6177
my,gb-sct,0.6344
my,gb-wls,0.6307
my,gb,0.5424
my,gd,0.5528
my,ge,0.6157
my,gf,0.6557
my,gg,0.6048
my,gh,0.6193
my,gi,0.6431
my,gl,0.6425
my,gm,0.567
my,gn,0.6179
my,gp,0.6588
my,gq,0.5751
my,gr,0.6007
my,gs,0.663
my,gt,0.6258
my,gu,0.6533
my,gw,0.6123
my,gy,0.5667
my,hk,0.625
my,hm,0.7175
my,hn,0.7235
my,hr,0.6411
my,ht,0.569
my,hu,0.5949
my,id,0.606
my,ie,0.5605
my,il,0.6423
my,im,0.6271
my,in,0.6458
my,io,0.5276
my,iq,0.6803
my,ir,0.5829
my,is,0.6344
my,it,0.5735
my,je,0.6332
my,jm,0.6199
my,jo,0.612
my,jp,0.6685
my,ke,0.6089
my,kg,0.6805
my,kh,0.594
my,ki,0.5579
my,km,0.5965
my,kn,0.5921
my,kp,0.577
my,kr,0.6473
my,kw,0.5842
my,ky,0.6668
my,kz,0.6948
my,la,0.6049
my,lb,0.6032
my,lc,0.6893
my,li,0.5846
my,lk,0.5185
my,lr,0.5041
my,ls,0.6397
my,lt,0.5878
my,lu,0.6483
my,lv,0.6161
my,ly,0.6534
my,ma,0.6012
my,mc,0.5694
my,md,0.5593
my,me,0.622
my,mf,0.5816
my,mg,0.6535
my,mh,0.6228
my,mk,0.5612
my,ml,0.5832
my,mm,0.5905
my,mn,0.5711
my,mo,0.6687
my,mp,0.6595
my,mq,0.6527
my,mr,0.5892
my,ms,0.6763
my,mt,0.6603
my,mu,0.5787
my,mv,0.5984
my,mw,0.581
my,mx,0.5665
my,my,0.0
my,mz,0.5714
my,na,0.5586
my,nc,0.6084
my,ne,0.6393
my,nf,0.642
my,ng,0.6655
my,ni,0.6907
my,nl,0.6175
my,no,0.5649
my,np,0.5317
my,nr,0.6957
my,nu,0.6183
my,nz,0.7026
my,om,0.618
my,pa,0.6232
my,pe,0.6138
my,pf,0.6016
my,pg,0.6338
my,ph,0.6253
my,pk,0.7095
my,pl,0.6654
my,pm,0.5876
my,pn,0.6562
my,pr,0.6028
my,ps,0.6316
my,pt,0.619
my,pw,0.7571
my,py,0.6408
my,qa,0.6409
my,re,0.6288
my,ro,0.5702
my,rs,0.5146
my,ru,0.6341
my,rw,0.6355
my,sa,0.6945
my,sb,0.6176
my,sc,0.537
my,sd,0.641
my,se,0.6638
my,sg,0.5675
my,sh,0.6857
my,si,0.6839
my,sj,0.5649
my,sk,0.6259
my,sl,0.6599
my,sm,0.6461
my,sn,0.569
my,so,0.6886
my,sr,0.5571
my,ss,0.6118
my,st,0.6332
my,sv,0.6798
my,sx,0.6284
my,sy,0.6847
my,sz,0.5253
my,tc,0.6842
my,td,0.5754
my,tf,0.6633
my,tg,0.609
my,th,0.5433
my,tj,0.6454
my,tk,0.6139
my,tl,0.5996
my,tm,0.6626
my,tn,0.6529
my,to,0.6492
my,tr,0.6522
my,tt,0.5832
my,tv,0.6793
my,tw,0.609
my,tz,0.6479
my,ua,0.612
my,ug,0.5853
my,um,0.4997
my,us,0.4997
my,uy,0.637
my,uz,0.6393
my,va,0.6422
my,vc,0.5975
my,ve,0.6035
my,vg,0.6643
my,vi,0.5956
my,vn,0.7021
my,vu,0.6001
my,wf,0.6009
my,ws,0.5608
my,xk,0.6372
my,ye,0.6908
my,yt,0.6262
my,za,0.5825
my,zm,0.6605
my,zw,0.6107
mz,ad,0.5815
mz,ae,0.6599
mz,af,0.5379
mz,ag,0.4981
mz,ai,0.6493
mz,al,0.6455
mz,am,0.5083
mz,ao,0.6109
mz,aq,0.7534
mz,ar,0.7293
mz,as,0.6947
mz,at,0.7032
mz,au,0.6331
mz,aw,0.635
mz,ax,0.6114
mz,az,0.5264
mz,ba,0.6771
mz,bb,0.6013
mz,bd,0.6065
mz,be,0.5968
mz,bf,0.6419
mz,bg,0.6253
mz,bh,0.6649
mz,bi,0.6163
mz,bj,0.6258
mz,bl,0.7323
mz,bm,0.5512
mz,bn,0.6185
mz,bo,0.6435
mz,bq,0.708
mz,br,0.576
mz,bs,0.6219
mz,bt,0.611
mz,bv,0.5929
mz,bw,0.6254
mz,by,0.5851
mz,bz,0.6154
mz,ca,0.6567
mz,cc,0.625
mz,cd,0.6693
mz,cf,0.5263
mz,cg,0.5667
mz,ch,0.7158
mz,ci,0.6204
mz,ck,0.6182
mz,cl,0.6557
mz,cm,0.5846
mz,cn,0.6574
mz,co,0.6316
mz,cr,0.6182
mz,cu,0.5971
mz,cv,0.6327
mz,cw,0.6059
mz,cx,0.6041
mz,cy,0.8028
mz,cz,0.6856
mz,de,0.4446
mz,dj,0.6431
mz,dk,0.6383
mz,dm,0.5771
mz,do,0.6555
mz,dz,0.7016
mz,ec,0.6249
mz,ee,0.5083
mz,eg,0.7389
mz,eh,0.642
mz,er,0.5391
mz,es,0.5925
mz,et,0.5185
mz,fi,0.6677
mz,fj,0.632
mz,fk,0.6208
mz,fm,0.7161
mz,fo,0.6742
mz,fr,0.654
mz,ga,0.6144
mz,gb-eng,0.7064
mz,gb-nir,0.723
mz,gb-sct,0.7049
mz,gb-wls,0.6382
mz,gb,0.5755
mz,gd,0.511
mz,ge,0.701
mz,gf,0.4832
mz,gg,0.6941
mz,gh,0.6292
mz,gi,0.7222
mz,gl,0.692
mz,gm,0.5644
mz,gn,0.5208
mz,gp,0.5386
mz,gq,0.6373
mz,gr,0.6912
mz,gs,0.6005
mz,gt,0.686
mz,gu,0.6235
mz,gw,0.5962
mz,gy,0.5222
mz,hk,0.6575
mz,hm,0.6745
mz,hn,0.79
mz,hr,0.7699
mz,ht,0.5153
mz,hu,0.7024
mz,id,0.7285
mz,ie,0.6668
mz,il,0.7437
mz,im,0.5987
mz,in,0.7316
mz,io,0.5732
mz,iq,0.7318
mz,ir,0.6362
mz,is,0.643
mz,it,0.6594
mz,je,0.7409
mz,jm,0.5316
mz,jo,0.6194
mz,jp,0.7807
mz,ke,0.5117
mz,kg,0.6825
mz,kh,0.6022
mz,ki,0.6146
mz,km,0.7127
mz,kn,0.4954
mz,kp,0.5894
mz,kr,0.7477
mz,kw,0.6166
mz,ky,0.6134
mz,kz,0.6807
mz,la,0.5932
mz,lb,0.6702
mz,lc,0.7184
mz,li,0.4859
mz,lk,0.5171
mz,lr,0.5906
mz,ls,0.6672
mz,lt,0.5578
mz,lu,0.7913
mz,lv,0.667
mz,ly,0.5816
mz,ma,0.5993
mz,mc,0.6701
mz,md,0.5712
mz,me,0.6081
mz,mf,0.654
mz,mg,0.6777
mz,mh,0.6631
mz,mk,0.5679
mz,ml,0.5803
mz,mm,0.6109
mz,mn,0.5586
mz,mo,0.5712
mz,mp,0.6522
mz,mq,0.5085
mz,mr,0.5849
mz,ms,0.62
mz,mt,0.6823
mz,mu,0.58
mz,mv,0.5496
mz,mw,0.4951
mz,mx,0.6151
mz,my,0.5714
mz,mz,0.0
mz,na,0.5339
mz,nc,0.5506
mz,ne,0.7018
mz,nf,0.6303
mz,ng,0.6764
mz,ni,0.7668
mz,nl,0.7372
mz,no,0.5929
mz,np,0.4782
mz,nr,0.6564
mz,nu,0.6202
mz,nz,0.6366
mz,om,0.6047
mz,pa,0.7132
mz,pe,0.6413
mz,pf,0.675
mz,pg,0.6197
mz,ph,0.5333
mz,pk,0.631
mz,pl,0.7111
mz,pm,0.5452
mz,pn,0.6002
mz,pr,0.6825
mz,ps,0.6487
mz,pt,0.6443
mz,pw,0.757
mz,py,0.7704
mz,qa,0.6438
mz,re,0.6186
mz,ro,0.5873
mz,rs,0.5534
mz,ru,0.6218
mz,rw,0.594
mz,sa,0.6156
mz,sb,0.5576
mz,sc,0.6118
mz,sd,0.7398
mz,se,0.6362
mz,sg,0.6973
mz,sh,0.6339
mz,si,0.6721
mz,sj,0.5929
mz,sk,0.6071
mz,sl,0.7438
mz,sm,0.7384
mz,sn,0.5937
mz,so,0.7242
mz,sr,0.5283
mz,ss,0.5883
mz,st,0.562
mz,sv,0.7504
mz,sx,0.6531
mz,sy,0.6894
mz,sz,0.532
mz,tc,0.6354
mz,td,0.5839
mz,tf,0.6445
mz,tg,0.5323
mz,th,0.5462
mz,tj,0.7422
mz,tk,0.5696
mz,tl,0.6126
mz,tm,0.5628
mz,tn,0.6766
mz,to,0.6639
mz,tr,0.6595
mz,tt,0.5449
mz,tv,0.6678
mz,tw,0.6408
mz,tz,0.5869
mz,ua,0.5162
mz,ug,0.5066
mz,um,0.5872
mz,us,0.5872
mz,uy,0.6736
mz,uz,0.6832
mz,va,0.6633
mz,vc,0.55
mz,ve,0.5654
mz,vg,0.6042
mz,vi,0.7039
mz,vn,0.705
mz,vu,0.5567
mz,wf,0.6004
mz,ws,0.5503
mz,xk,0.6415
mz,ye,0.754
mz,yt,0.7351
mz,za,0.6297
mz,zm,0.5724
mz,zw,0.531
na,ad,0.5515
na,ae,0.5515
na,af,0.4922
na,ag,0.5511
na,ai,0.5543
na,al,0.7051
na,am,0.5496
na,ao,0.5254
na,aq,0.6415
na,ar,0.6512
na,as,0.5837
na,at,0.6139
na,au,0.563
na,aw,0.5882
na,ax,0.5623
na,az,0.53
na,ba,0.527
na,bb,0.5616
na,bd,0.5244
na,be,0.5997
na,bf,0.4916
na,bg,0.6272
na,bh,0.6681
na,bi,0.5748
na,bj,0.5474
na,bl,0.7364
na,bm,0.5027
na,bn,0.6408
na,bo,0.5366
na,bq,0.5969
na,br,0.4605
na,bs,0.5263
na,bt,0.6543
na,bv,0.5497
na,bw,0.5971
na,by,0.4852
na,bz,0.5313
na,ca,0.6939
na,cc,0.599
na,cd,0.4736
na,cf,0.5338
na,cg,0.5182
na,ch,0.7077
na,ci,0.6251
na,ck,0.5414
na,cl,0.6223
na,cm,0.5366
na,cn,0.673
na,co,0.5814
na,cr,0.5839
na,cu,0.5474
na,cv,0.5084
na,cw,0.5539
na,cx,0.4979
na,cy,0.7917
na,cz,0.6451
na,de,0.6021
na,dj,0.5813
na,dk,0.5882
na,dm,0.5177
na,do,0.5088
na,dz,0.6488
na,ec,0.6094
na,ee,0.6319
na,eg,0.5879
na,eh,0.5497
na,er,0.5101
na,es,0.5849
na,et,0.557
na,fi,0.683
na,fj,0.5674
na,fk,0.5385
na,fm,0.656
na,fo,0.6836
na,fr,0.5966
na,ga,0.5518
na,gb-eng,0.7272
na,gb-nir,0.7509
na,gb-sct,0.6126
na,gb-wls,0.5502
na,gb,0.5327
na,gd,0.5191
na,ge,0.7304
na,gf,0.5956
na,gg,0.7277
na,gh,0.5167
na,gi,0.6999
na,gl,0.6616
na,gm,0.4716
na,gn,0.5274
na,gp,0.4977
na,gq,0.5811
na,gr,0.5994
na,gs,0.5272
na,gt,0.6304
na,gu,0.5389
na,gw,0.4646
na,gy,0.4903
na,hk,0.663
na,hm,0.5982
na,hn,0.6843
na,hr,0.609
na,ht,0.4814
na,hu,0.5817
na,id,0.7304
na,ie,0.6283
na,il,0.6931
na,im,0.5773
na,in,0.5987
na,io,0.5337
na,iq,0.5872
na,ir,0.6163
na,is,0.5491
na,it,0.5885
na,je,0.7089
na,jm,0.5129
na,jo,0.5227
na,jp,0.7834
na,ke,0.5233
na,kg,0.7118
na,kh,0.5274
na,ki,0.5636
na,km,0.5787
na,kn,0.5495
na,kp,0.552
na,kr,0.7453
na,kw,0.5683
na,ky,0.5414
na,kz,0.5868
na,la,0.5104
na,lb,0.6332
na,lc,0.6759
na,li,0.5045
na,lk,0.5223
na,lr,0.5766
na,ls,0.5556
na,lt,0.5592
na,lu,0.6353
na,lv,0.6013
na,ly,0.5488
na,ma,0.615
na,mc,0.6645
na,md,0.5411
na,me,0.647
na,mf,0.5966
na,mg,0.5885
na,mh,0.4539
na,mk,0.6015
na,ml,0.5647
na,mm,0.5882
na,mn,0.552
na,mo,0.5469
na,mp,0.5479
na,mq,0.5193
na,mr,0.5401
na,ms,0.54
na,mt,0.6668
na,mu,0.5193
na,mv,0.5408
na,mw,0.4776
na,mx,0.5744
na,my,0.5586
na,mz,0.5339
na,na,0.0
na,nc,0.4689
na,ne,0.5886
na,nf,0.5911
na,ng,0.5593
na,ni,0.6384
na,nl,0.5852
na,no,0.5497
na,np,0.4541
na,nr,0.5692
na,nu,0.6644
na,nz,0.5612
na,om,0.535
na,pa,0.6693
na,pe,0.6301
na,pf,0.6224
na,pg,0.5431
na,ph,0.5643
na,pk,0.6026
na,pl,0.6815
na,pm,0.4883
na,pn,0.5164
na,pr,0.6586
na,ps,0.5657
na,pt,0.6282
na,pw,0.6649
na,py,0.605
na,qa,0.6303
na,re,0.5933
na,ro,0.5472
na,rs,0.579
na,ru,0.6274
na,rw,0.551
na,sa,0.5535
na,sb,0.4684
na,sc,0.501
na,sd,0.5486
na,se,0.5686
na,sg,0.6942
na,sh,0.5482
na,si,0.6926
na,sj,0.5497
na,sk,0.6287
na,sl,0.6143
na,sm,0.6635
na,sn,0.5875
na,so,0.6299
na,sr,0.5234
na,ss,0.492
na,st,0.5467
na,sv,0.6186
na,sx,0.5162
na,sy,0.5861
na,sz,0.5008
na,tc,0.5486
na,td,0.5493
na,tf,0.5645
na,tg,0.5319
na,th,0.5608
na,tj,0.6298
na,tk,0.533
na,tl,0.6035
na,tm,0.5169
na,tn,0.6807
na,to,0.6699
na,tr,0.6755
na,tt,0.5251
na,tv,0.5907
na,tw,0.6325
na,tz,0.5072
na,ua,0.6103
na,ug,0.5807
na,um,0.5327
na,us,0.5327
na,uy,0.6596
na,uz,0.587
na,va,0.7343
na,vc,0.5434
na,ve,0.5537
na,vg,0.5304
na,vi,0.6951
na,vn,0.7342
na,vu,0.4159
na,wf,0.5506
na,ws,0.5018
na,xk,0.5398
na,ye,0.6016
na,yt,0.7348
na,za,0.4875
na,zm,0.5822
na,zw,0.5611
nc,ad,0.5897
nc,ae,0.5479
nc,af,0.5187
nc,ag,0.5925
nc,ai,0.5593
nc,al,0.7224
nc,am,0.6444
nc,ao,0.5763
nc,aq,0.6423
nc,ar,0.6207
nc,as,0.5873
nc,at,0.675
nc,au,0.5688
nc,aw,0.6142
nc,ax,0.4498
nc,az,0.4139
nc,ba,0.6079
nc,bb,0.576
nc,bd,0.5344
nc,be,0.5985
nc,bf,0.5087
nc,bg,0.7019
nc,bh,0.6704
nc,bi,0.6211
nc,bj,0.5621
nc,bl,0.7523
nc,bm,0.5827
nc,bn,0.671
nc,bo,0.4989
nc,bq,0.6483
nc,br,0.4324
nc,bs,0.4729
nc,bt,0.6388
nc,bv,0.6054
nc,bw,0.6089
nc,by,0.5178
nc,bz,0.5747
nc,ca,0.7036
nc,cc,0.5916
nc,cd,0.6024
nc,cf,0.5579
nc,cg,0.5437
nc,ch,0.7294
nc,ci,0.6298
nc,ck,0.555
nc,cl,0.6387
nc,cm,0.5796
nc,cn,0.6882
nc,co,0.667
nc,cr,0.5421
nc,cu,0.5804
nc,cv,0.5393
nc,cw,0.5673
nc,cx,0.5371
nc,cy,0.794
nc,cz,0.6655
nc,de,0.5593
nc,dj,0.571
nc,dk,0.6508
nc,dm,0.4842
nc,do,0.5874
nc,dz,0.6666
nc,ec,0.6697
nc,ee,0.657
nc,eg,0.6017
nc,eh,0.5137
nc,er,0.5107
nc,es,0.568
nc,et,0.5245
nc,fi,0.7576
nc,fj,0.5775
nc,fk,0.5436
nc,fm,0.6716
nc,fo,0.72
nc,fr,0.6287
nc,ga,0.4513
nc,gb-eng,0.7425
nc,gb-nir,0.7462
nc,gb-sct,0.6478
nc,gb-wls,0.5518
nc,gb,0.5249
nc,gd,0.5803
nc,ge,0.7249
nc,gf,0.5856
nc,gg,0.7138
nc,gh,0.4878
nc,gi,0.7153
nc,gl,0.6954
nc,gm,0.5599
nc,gn,0.5606
nc,gp,0.5176
nc,gq,0.6134
nc,gr,0.6105
nc,gs,0.5359
nc,gt,0.6413
nc,gu,0.5742
nc,gw,0.5545
nc,gy,0.4616
nc,hk,0.6759
nc,hm,0.6033
nc,hn,0.614
nc,hr,0.6286
nc,ht,0.5418
nc,hu,0.5775
nc,id,0.7499
nc,ie,0.6337
nc,il,0.6495
nc,im,0.6513
nc,in,0.6007
nc,io,0.5475
nc,iq,0.6018
nc,ir,0.6121
nc,is,0.4955
nc,it,0.5876
nc,je,0.7462
nc,jm,0.5419
nc,jo,0.5121
nc,jp,0.7916
nc,ke,0.4531
nc,kg,0.7158
nc,kh,0.4101
nc,ki,0.5747
nc,km,0.5699
nc,kn,0.551
nc,kp,0.498
nc,kr,0.755
nc,kw,0.5884
nc,ky,0.5464
nc,kz,0.5971
nc,la,0.6338
nc,lb,0.6834
nc,lc,0.6885
nc,li,0.5578
nc,lk,0.5371
nc,lr,0.6023
nc,ls,0.4812
nc,lt,0.664
nc,lu,0.6295
nc,lv,0.6105
nc,ly,0.6026
nc,ma,0.6305
nc,mc,0.7114
nc,md,0.5742
nc,me,0.6536
nc,mf,0.6287
nc,mg,0.6217
nc,mh,0.5548
nc,mk,0.5969
nc,ml,0.5631
nc,mm,0.6746
nc,mn,0.567
nc,mo,0.5588
nc,mp,0.4973
nc,mq,0.5188
nc,mr,0.6034
nc,ms,0.5492
nc,mt,0.6903
nc,mu,0.5086
nc,mv,0.6189
nc,mw,0.437
nc,mx,0.5998
nc,my,0.6084
nc,mz,0.5506
nc,na,0.4689
nc,nc,0.0
nc,ne,0.5811
nc,nf,0.6048
nc,ng,0.5727
nc,ni,0.5724
nc,nl,0.5799
nc,no,0.6054
nc,np,0.5021
nc,nr,0.5649
nc,nu,0.6728
nc,nz,0.5726
nc,om,0.5684
nc,pa,0.6719
nc,pe,0.6789
nc,pf,0.6733
nc,pg,0.5846
nc,ph,0.5366
nc,pk,0.6134
nc,pl,0.7121
nc,pm,0.5015
nc,pn,0.5274
nc,pr,0.6997
nc,ps,0.5203
nc,pt,0.6183
nc,pw,0.6349
nc,py,0.5784
nc,qa,0.6365
nc,re,0.6306
nc,ro,0.5731
nc,rs,0.6576
nc,ru,0.6904
nc,rw,0.5051
nc,sa,0.5678
nc,sb,0.5103
nc,sc,0.5232
nc,sd,0.5861
nc,se,0.4776
nc,sg,0.7107
nc,sh,0.556
nc,si,0.7878
nc,sj,0.6054
nc,sk,0.6964
nc,sl,0.571
nc,sm,0.6735
nc,sn,0.5771
nc,so,0.6462
nc,sr,0.4972
nc,ss,0.4513
nc,st,0.4568
nc,sv,0.5569
nc,sx,0.5746
nc,sy,0.5347
nc,sz,0.4898
nc,tc,0.5523
nc,td,0.5714
nc,tf,0.5677
nc,tg,0.5263
nc,th,0.6305
nc,tj,0.6171
nc,tk,0.5568
nc,tl,0.6211
nc,tm,0.5391
nc,tn,0.6957
nc,to,0.6755
nc,tr,0.6839
nc,tt,0.6057
nc,tv,0.597
nc,tw,0.6787
nc,tz,0.5529
nc,ua,0.5876
nc,ug,0.6064
nc,um,0.5724
nc,us,0.5724
nc,uy,0.6602
nc,uz,0.5128
nc,va,0.6995
nc,vc,0.5558
nc,ve,0.697
nc,vg,0.5382
nc,vi,0.7204
nc,vn,0.7361
nc,vu,0.4844
nc,wf,0.6249
nc,ws,0.6054
nc,xk,0.5552
nc,ye,0.6145
nc,yt,0.7504
nc,za,0.558
nc,zm,0.5632
nc,zw,0.5643
ne,ad,0.6346
ne,ae,0.5343
ne,af,0.6174
ne,ag,0.6738
ne,ai,0.6419
ne,al,0.7518
ne,am,0.627
ne,ao,0.6418
ne,aq,0.6696
ne,ar,0.5678
ne,as,0.6152
ne,at,0.5112
ne,au,0.6752
ne,aw,0.6746
ne,ax,0.6266
ne,az,0.6421
ne,ba,0.6629
ne,bb,0.6744
ne,bd,0.6625
ne,be,0.6504
ne,bf,0.5372
ne,bg,0.7044
ne,bh,0.6257
ne,bi,0.6001
ne,bj,0.6176
ne,bl,0.6271
ne,bm,0.6074
ne,bn,0.6001
ne,bo,0.4174
ne,bq,0.6228
ne,br,0.6099
ne,bs,0.6521
ne,bt,0.5798
ne,bv,0.5927
ne,bw,0.6918
ne,by,0.5407
ne,bz,0.6539
ne,ca,0.6926
ne,cc,0.6939
ne,cd,0.6731
ne,cf,0.5675
ne,cg,0.6388
ne,ch,0.6938
ne,ci,0.6295
ne,ck,0.6571
ne,cl,0.6768
ne,cm,0.5926
ne,cn,0.7027
ne,co,0.6108
ne,cr,0.6644
ne,cu,0.6449
ne,cv,0.6737
ne,cw,0.7191
ne,cx,0.6052
ne,cy,0.6723
ne,cz,0.6734
ne,de,0.7114
ne,dj,0.5372
ne,dk,0.6048
ne,dm,0.582
ne,do,0.5547
ne,dz,0.6356
ne,ec,0.6001
ne,ee,0.8446
ne,eg,0.4008
ne,eh,0.4994
ne,er,0.5942
ne,es,0.5742
ne,et,0.6261
ne,fi,0.7519
ne,fj,0.5934
ne,fk,0.6308
ne,fm,0.6854
ne,fo,0.6855
ne,fr,0.6668
ne,ga,0.5933
ne,gb-eng,0.7011
ne,gb-nir,0.7207
ne,gb-sct,0.6759
ne,gb-wls,0.5376
ne,gb,0.5689
ne,gd,0.5904
ne,ge,0.6922
ne,gf,0.6634
ne,gg,0.6954
ne,gh,0.4579
ne,gi,0.6011
ne,gl,0.6531
ne,gm,0.4873
ne,gn,0.6066
ne,gp,0.7175
ne,gq,0.5443
ne,gr,0.6001
ne,gs,0.642
ne,gt,0.6441
ne,gu,0.7028
ne,gw,0.5568
ne,gy,0.5674
ne,hk,0.6771
ne,hm,0.712
ne,hn,0.6313
ne,hr,0.4051
ne,ht,0.6931
ne,hu,0.3597
ne,id,0.6341
ne,ie,0.6099
ne,il,0.5949
ne,im,0.6896
ne,in,0.3287
ne,io,0.558
ne,iq,0.4113
ne,ir,0.5371
ne,is,0.6113
ne,it,0.633
ne,je,0.6089
ne,jm,0.6749
ne,jo,0.5192
ne,jp,0.6878
ne,ke,0.6089
ne,kg,0.7314
ne,kh,0.6542
ne,ki,0.5523
ne,km,0.5226
ne,kn,0.6666
ne,kp,0.6274
ne,kr,0.6364
ne,kw,0.6182
ne,ky,0.647
ne,kz,0.6826
ne,la,0.6632
ne,lb,0.5119
ne,lc,0.701
ne,li,0.7271
ne,lk,0.5481
ne,lr,0.5933
ne,ls,0.475
ne,lt,0.6355
ne,lu,0.4128
ne,lv,0.5582
ne,ly,0.6776
ne,ma,0.671
ne,mc,0.6193
ne,md,0.6227
ne,me,0.6758
ne,mf,0.6668
ne,mg,0.5363
ne,mh,0.6359
ne,mk,0.5904
ne,ml,0.568
ne,mm,0.6082
ne,mn,0.6371
ne,mo,0.6683
ne,mp,0.6981
ne,mq,0.6572
ne,mr,0.618
ne,ms,0.6486
ne,mt,0.6379
ne,mu,0.5327
ne,mv,0.658
ne,mw,0.5831
ne,mx,0.6368
ne,my,0.6393
ne,mz,0.7018
ne,na,0.5886
ne,nc,0.5811
ne,ne,0.0
ne,nf,0.646
ne,ng,0.673
ne,ni,0.5856
ne,nl,0.3922
ne,no,0.5927
ne,np,0.5796
ne,nr,0.7159
ne,nu,0.6382
ne,nz,0.6811
ne,om,0.6226
ne,pa,0.5964
ne,pe,0.6801
ne,pf,0.5029
ne,pg,0.6415
ne,ph,0.6753
ne,pk,0.6662
ne,pl,0.6754
ne,pm,0.5579
ne,pn,0.6276
ne,pr,0.6578
ne,ps,0.4913
ne,pt,0.6714
ne,pw,0.7483
ne,py,0.3926
ne,qa,0.625
ne,re,0.6959
ne,ro,0.6295
ne,rs,0.6291
ne,ru,0.7193
ne,rw,0.6508
ne,sa,0.6965
ne,sb,0.6393
ne,sc,0.5109
ne,sd,0.4838
ne,se,0.6361
ne,sg,0.5966
ne,sh,0.6547
ne,si,0.777
ne,sj,0.5927
ne,sk,0.6946
ne,sl,0.4525
ne,sm,0.5836
ne,sn,0.613
ne,so,0.7086
ne,sr,0.6222
ne,ss,0.5643
ne,st,0.5745
ne,sv,0.5634
ne,sx,0.5393
ne,sy,0.5102
ne,sz,0.6144
ne,tc,0.6507
ne,td,0.6327
ne,tf,0.6399
ne,tg,0.5826
ne,th,0.6704
ne,tj,0.3855
ne,tk,0.6943
ne,tl,0.6554
ne,tm,0.6525
ne,tn,0.7071
ne,to,0.6973
ne,tr,0.7023
ne,tt,0.6465
ne,tv,0.6452
ne,tw,0.7623
ne,tz,0.5989
ne,ua,0.722
ne,ug,0.7085
ne,um,0.5903
ne,us,0.5903
ne,uy,0.6475
ne,uz,0.5085
ne,va,0.639
ne,vc,0.6075
ne,ve,0.656
ne,vg,0.6404
ne,vi,0.6208
ne,vn,0.7565
ne,vu,0.5732
ne,wf,0.6587
ne,ws,0.7022
ne,xk,0.6765
ne,ye,0.4163
ne,yt,0.6357
ne,za,0.574
ne,zm,0.6727
ne,zw,0.6076
nf,ad,0.6045
nf,ae,0.6543
nf,af,0.4591
nf,ag,0.6606
nf,ai,0.6432
nf,al,0.8342
nf,am,0.6628
nf,ao,0.6975
nf,aq,0.5811
nf,ar,0.6379
nf,as,0.6554
nf,at,0.7182
nf,au,0.6484
nf,aw,0.6212
nf,ax,0.6084
nf,az,0.5932
nf,ba,0.5999
nf,bb,0.5521
nf,bd,0.6116
nf,be,0.6089
nf,bf,0.64
nf,bg,0.6215
nf,bh,0.754
nf,bi,0.6021
nf,bj,0.6207
nf,bl,0.7224
nf,bm,0.6641
nf,bn,0.662
nf,bo,0.5775
nf,bq,0.6157
nf,br,0.5704
nf,bs,0.5925
nf,bt,0.6664
nf,bv,0.6612
nf,bw,0.6175
nf,by,0.6297
nf,bz,0.6027
nf,ca,0.6776
nf,cc,0.6762
nf,cd,0.6436
nf,cf,0.6161
nf,cg,0.6143
nf,ch,0.7891
nf,ci,0.5098
nf,ck,0.6228
nf,cl,0.6372
nf,cm,0.6419
nf,cn,0.7874
nf,co,0.6632
nf,cr,0.6558
nf,cu,0.6366
nf,cv,0.6443
nf,cw,0.6623
nf,cx,0.5939
nf,cy,0.7512
nf,cz,0.6291
nf,de,0.7265
nf,dj,0.6131
nf,dk,0.6794
nf,dm,0.4677
nf,do,0.6177
nf,dz,0.5629
nf,ec,0.6555
nf,ee,0.6465
nf,eg,0.6911
nf,eh,0.5923
nf,er,0.6244
nf,es,0.6929
nf,et,0.6358
nf,fi,0.704
nf,fj,0.5891
nf,fk,0.6214
nf,fm,0.6564
nf,fo,0.6862
nf,fr,0.5083
nf,ga,0.5947
nf,gb-eng,0.7185
nf,gb-nir,0.7198
nf,gb-sct,0.6357
nf,gb-wls,0.6127
nf,gb,0.6303
nf,gd,0.5966
nf,ge,0.7283
nf,gf,0.655
nf,gg,0.7167
nf,gh,0.5861
nf,gi,0.7351
nf,gl,0.6981
nf,gm,0.6073
nf,gn,0.5771
nf,gp,0.6147
nf,gq,0.623
nf,gr,0.6035
nf,gs,0.6152
nf,gt,0.5171
nf,gu,0.6419
nf,gw,0.6234
nf,gy,0.5796
nf,hk,0.7525
nf,hm,0.685
nf,hn,0.6637
nf,hr,0.6901
nf,ht,0.6054
nf,hu,0.632
nf,id,0.7655
nf,ie,0.5082
nf,il,0.6674
nf,im,0.7504
nf,in,0.5849
nf,io,0.5599
nf,iq,0.6951
nf,ir,0.6545
nf,is,0.5922
nf,it,0.4815
nf,je,0.6991
nf,jm,0.6179
nf,jo,0.622
nf,jp,0.7677
nf,ke,0.6544
nf,kg,0.8253
nf,kh,0.6449
nf,ki,0.6432
nf,km,0.5973
nf,kn,0.6173
nf,kp,0.6558
nf,kr,0.6831
nf,kw,0.5617
nf,ky,0.6269
nf,kz,0.6027
nf,la,0.6414
nf,lb,0.7004
nf,lc,0.6668
nf,li,0.6702
nf,lk,0.5975
nf,lr,0.6194
nf,ls,0.6282
nf,lt,0.6196
nf,lu,0.6628
nf,lv,0.6857
nf,ly,0.6607
nf,ma,0.7247
nf,mc,0.7186
nf,md,0.5921
nf,me,0.7568
nf,mf,0.5083
nf,mg,0.647
nf,mh,0.6451
nf,mk,0.6901
nf,ml,0.5794
nf,mm,0.6216
nf,mn,0.6798
nf,mo,0.5992
nf,mp,0.591
nf,mq,0.6335
nf,mr,0.6048
nf,ms,0.6212
nf,mt,0.6999
nf,mu,0.6171
nf,mv,0.6313
nf,mw,0.6272
nf,mx,0.477
nf,my,0.642
nf,mz,0.6303
nf,na,0.5911
nf,nc,0.6048
nf,ne,0.646
nf,nf,0.0
nf,ng,0.4397
nf,ni,0.6527
nf,nl,0.6415
nf,no,0.6612
nf,np,0.5859
nf,nr,0.6794
nf,nu,0.7165
nf,nz,0.6461
nf,om,0.611
nf,pa,0.6565
nf,pe,0.619
nf,pf,0.7053
nf,pg,0.691
nf,ph,0.6853
nf,pk,0.7282
nf,pl,0.7038
nf,pm,0.5761
nf,pn,0.6078
nf,pr,0.7034
nf,ps,0.6506
nf,pt,0.7012
nf,pw,0.6789
nf,py,0.6549
nf,qa,0.7304
nf,re,0.6632
nf,ro,0.592
nf,rs,0.5989
nf,ru,0.6351
nf,rw,0.6036
nf,sa,0.6266
nf,sb,0.5857
nf,sc,0.5668
nf,sd,0.6114
nf,se,0.6019
nf,sg,0.7101
nf,sh,0.6391
nf,si,0.7116
nf,sj,0.6612
nf,sk,0.6359
nf,sl,0.612
nf,sm,0.6321
nf,sn,0.5546
nf,so,0.6528
nf,sr,0.6098
nf,ss,0.6305
nf,st,0.6277
nf,sv,0.6517
nf,sx,0.6668
nf,sy,0.5883
nf,sz,0.5883
nf,tc,0.6358
nf,td,0.6001
nf,tf,0.6229
nf,tg,0.6408
nf,th,0.6193
nf,tj,0.691
nf,tk,0.6273
nf,tl,0.6953
nf,tm,0.6136
nf,tn,0.7765
nf,to,0.7614
nf,tr,0.7902
nf,tt,0.696
nf,tv,0.6031
nf,tw,0.7918
nf,tz,0.5913
nf,ua,0.6693
nf,ug,0.6926
nf,um,0.5961
nf,us,0.5961
nf,uy,0.6271
nf,uz,0.6061
nf,va,0.6981
nf,vc,0.4451
nf,ve,0.6436
nf,vg,0.6162
nf,vi,0.6655
nf,vn,0.8471
nf,vu,0.6043
nf,wf,0.7236
nf,ws,0.7076
nf,xk,0.614
nf,ye,0.6977
nf,yt,0.6959
nf,za,0.5794
nf,zm,0.6454
nf,zw,0.6843
ng,ad,0.6304
ng,ae,0.6691
ng,af,0.5465
ng,ag,0.6689
ng,ai,0.6851
ng,al,0.8894
ng,am,0.7025
ng,ao,0.7418
ng,aq,0.5465
ng,ar,0.6278
ng,as,0.6514
ng,at,0.7226
ng,au,0.6846
ng,aw,0.6286
ng,ax,0.633
ng,az,0.6128
ng,ba,0.6276
ng,bb,0.5725
ng,bd,0.6271
ng,be,0.6276
ng,bf,0.5865
ng,bg,0.6497
ng,bh,0.7762
ng,bi,0.5916
ng,bj,0.5717
ng,bl,0.7262
ng,bm,0.7023
ng,bn,0.6908
ng,bo,0.6756
ng,bq,0.6316
ng,br,0.4709
ng,bs,0.6144
ng,bt,0.6895
ng,bv,0.689
ng,bw,0.6326
ng,by,0.7155
ng,bz,0.6095
ng,ca,0.7319
ng,cc,0.7157
ng,cd,0.6586
ng,cf,0.6437
ng,cg,0.5748
ng,ch,0.7929
ng,ci,0.4834
ng,ck,0.6582
ng,cl,0.6478
ng,cm,0.6723
ng,cn,0.8232
ng,co,0.705
ng,cr,0.6596
ng,cu,0.6383
ng,cv,0.6528
ng,cw,0.6883
ng,cx,0.6218
ng,cy,0.7313
ng,cz,0.6437
ng,de,0.7637
ng,dj,0.6219
ng,dk,0.7057
ng,dm,0.6135
ng,do,0.6092
ng,dz,0.6446
ng,ec,0.6924
ng,ee,0.6659
ng,eg,0.7122
ng,eh,0.6577
ng,er,0.6577
ng,es,0.7233
ng,et,0.6765
ng,fi,0.6926
ng,fj,0.5939
ng,fk,0.6656
ng,fm,0.6539
ng,fo,0.6713
ng,fr,0.4821
ng,ga,0.6118
ng,gb-eng,0.7307
ng,gb-nir,0.7187
ng,gb-sct,0.6242
ng,gb-wls,0.6323
ng,gb,0.6455
ng,gd,0.6236
ng,ge,0.7487
ng,gf,0.6844
ng,gg,0.7257
ng,gh,0.6903
ng,gi,0.7686
ng,gl,0.6981
ng,gm,0.6418
ng,gn,0.593
ng,gp,0.6288
ng,gq,0.6359
ng,gr,0.5952
ng,gs,0.6578
ng,gt,0.4827
ng,gu,0.6574
ng,gw,0.6109
ng,gy,0.6018
ng,hk,0.768
ng,hm,0.7178
ng,hn,0.6416
ng,hr,0.7022
ng,ht,0.6404
ng,hu,0.633
ng,id,0.764
ng,ie,0.4802
ng,il,0.661
ng,im,0.7786
ng,in,0.6621
ng,io,0.5721
ng,iq,0.7122
ng,ir,0.6601
ng,is,0.6127
ng,it,0.3588
ng,je,0.6933
ng,jm,0.6579
ng,jo,0.6753
ng,jp,0.7753
ng,ke,0.6894
ng,kg,0.8594
ng,kh,0.661
ng,ki,0.6571
ng,km,0.6031
ng,kn,0.6777
ng,kp,0.6844
ng,kr,0.6926
ng,kw,0.6219
ng,ky,0.6689
ng,kz,0.6037
ng,la,0.6433
ng,lb,0.721
ng,lc,0.6761
ng,li,0.7074
ng,lk,0.6467
ng,lr,0.628
ng,ls,0.593
ng,lt,0.6679
ng,lu,0.6545
ng,lv,0.7034
ng,ly,0.7146
ng,ma,0.7679
ng,mc,0.7131
ng,md,0.624
ng,me,0.7939
ng,mf,0.4821
ng,mg,0.7258
ng,mh,0.6576
ng,mk,0.7196
ng,ml,0.5975
ng,mm,0.6222
ng,mn,0.7279
ng,mo,0.5959
ng,mp,0.5913
ng,mq,0.6803
ng,mr,0.6408
ng,ms,0.6629
ng,mt,0.7036
ng,mu,0.6501
ng,mv,0.7158
ng,mw,0.6667
ng,mx,0.4808
ng,my,0.6655
ng,mz,0.6764
ng,na,0.5593
ng,nc,0.5727
ng,ne,0.673
ng,nf,0.4397
ng,ng,0.0
ng,ni,0.6423
ng,nl,0.6407
ng,no,0.689
ng,np,0.6236
ng,nr,0.7135
ng,nu,0.7402
ng,nz,0.6833
ng,om,0.6827
ng,pa,0.6619
ng,pe,0.6115
ng,pf,0.7181
ng,pg,0.7481
ng,ph,0.7108
ng,pk,0.7251
ng,pl,0.7109
ng,pm,0.5966
ng,pn,0.6498
ng,pr,0.702
ng,ps,0.659
ng,pt,0.7353
ng,pw,0.6687
ng,py,0.6626
ng,qa,0.7584
ng,re,0.6794
ng,ro,0.6078
ng,rs,0.6125
ng,ru,0.6614
ng,rw,0.6199
ng,sa,0.6667
ng,sb,0.6196
ng,sc,0.6085
ng,sd,0.6548
ng,se,0.6315
ng,sg,0.7013
ng,sh,0.6791
ng,si,0.7329
ng,sj,0.689
ng,sk,0.6622
ng,sl,0.5993
ng,sm,0.6339
ng,sn,0.5774
ng,so,0.6398
ng,sr,0.6231
ng,ss,0.6013
ng,st,0.6638
ng,sv,0.6535
ng,sx,0.7002
ng,sy,0.6592
ng,sz,0.6227
ng,tc,0.6778
ng,td,0.6188
ng,tf,0.6513
ng,tg,0.6722
ng,th,0.6366
ng,tj,0.6926
ng,tk,0.6507
ng,tl,0.7362
ng,tm,0.6512
ng,tn,0.7958
ng,to,0.8057
ng,tr,0.8231
ng,tt,0.7393
ng,tv,0.6146
ng,tw,0.831
ng,tz,0.6322
ng,ua,0.6898
ng,ug,0.712
ng,um,0.5973
ng,us,0.5973
ng,uy,0.6241
ng,uz,0.5977
ng,va,0.695
ng,vc,0.5609
ng,ve,0.6889
ng,vg,0.6587
ng,vi,0.6682
ng,vn,0.8798
ng,vu,0.6023
ng,wf,0.7602
ng,ws,0.7459
ng,xk,0.6217
ng,ye,0.7092
ng,yt,0.7004
ng,za,0.6086
ng,zm,0.7017
ng,zw,0.7173
ni,ad,0.7336
ni,ae,0.5522
ni,af,0.6913
ni,ag,0.7162
ni,ai,0.6474
ni,al,0.9229
ni,am,0.8161
ni,ao,0.7917
ni,aq,0.523
ni,ar,0.4699
ni,as,0.5726
ni,at,0.6333
ni,au,0.6825
ni,aw,0.5894
ni,ax,0.5957
ni,az,0.5773
ni,ba,0.68
ni,bb,0.7058
ni,bd,0.6814
ni,be,0.7755
ni,bf,0.7198
ni,bg,0.7544
ni,bh,0.745
ni,bi,0.6615
ni,bj,0.7225
ni,bl,0.6501
ni,bm,0.7144
ni,bn,0.7687
ni,bo,0.6338
ni,bq,0.6402
ni,br,0.6433
ni,bs,0.6074
ni,bt,0.7595
ni,bv,0.6905
ni,bw,0.6421
ni,by,0.7159
ni,bz,0.6501
ni,ca,0.8124
ni,cc,0.7773
ni,cd,0.6177
ni,cf,0.6396
ni,cg,0.7132
ni,ch,0.8412
ni,ci,0.6743
ni,ck,0.6605
ni,cl,0.6976
ni,cm,0.7197
ni,cn,0.86
ni,co,0.779
ni,cr,0.6421
ni,cu,0.6205
ni,cv,0.5863
ni,cw,0.6853
ni,cx,0.6448
ni,cy,0.681
ni,cz,0.7027
ni,de,0.8144
ni,dj,0.5537
ni,dk,0.7149
ni,dm,0.6216
ni,do,0.5901
ni,dz,0.6444
ni,ec,0.7681
ni,ee,0.7159
ni,eg,0.5794
ni,eh,0.5493
ni,er,0.657
ni,es,0.7424
ni,et,0.642
ni,fi,0.7483
ni,fj,0.5604
ni,fk,0.6366
ni,fm,0.6118
ni,fo,0.6897
ni,fr,0.6826
ni,ga,0.5235
ni,gb-eng,0.7247
ni,gb-nir,0.7293
ni,gb-sct,0.5814
ni,gb-wls,0.6383
ni,gb,0.5975
ni,gd,0.7474
ni,ge,0.7487
ni,gf,0.7542
ni,gg,0.7262
ni,gh,0.6462
ni,gi,0.6799
ni,gl,0.6949
ni,gm,0.6677
ni,gn,0.7233
ni,gp,0.7408
ni,gq,0.5719
ni,gr,0.51
ni,gs,0.654
ni,gt,0.5586
ni,gu,0.671
ni,gw,0.7313
ni,gy,0.6203
ni,hk,0.8139
ni,hm,0.699
ni,hn,0.4275
ni,hr,0.5658
ni,ht,0.6503
ni,hu,0.5146
ni,id,0.7724
ni,ie,0.6421
ni,il,0.5132
ni,im,0.8155
ni,in,0.5631
ni,io,0.565
ni,iq,0.5831
ni,ir,0.5546
ni,is,0.5367
ni,it,0.655
ni,je,0.6559
ni,jm,0.7533
ni,jo,0.5752
ni,jp,0.7088
ni,ke,0.6903
ni,kg,0.9117
ni,kh,0.6121
ni,ki,0.6741
ni,km,0.6284
ni,kn,0.7216
ni,kp,0.6583
ni,kr,0.6468
ni,kw,0.6007
ni,ky,0.6556
ni,kz,0.5771
ni,la,0.736
ni,lb,0.6372
ni,lc,0.6247
ni,li,0.7242
ni,lk,0.7061
ni,lr,0.6399
ni,ls,0.4307
ni,lt,0.8001
ni,lu,0.5122
ni,lv,0.6518
ni,ly,0.8179
ni,ma,0.8014
ni,mc,0.7124
ni,md,0.7165
ni,me,0.8584
ni,mf,0.6826
ni,mg,0.6684
ni,mh,0.5871
ni,mk,0.758
ni,ml,0.7341
ni,mm,0.7578
ni,mn,0.6999
ni,mo,0.6357
ni,mp,0.6143
ni,mq,0.6874
ni,mr,0.7076
ni,ms,0.6526
ni,mt,0.7021
ni,mu,0.6824
ni,mv,0.765
ni,mw,0.6798
ni,mx,0.6775
ni,my,0.6907
ni,mz,0.7668
ni,na,0.6384
ni,nc,0.5724
ni,ne,0.5856
ni,nf,0.6527
ni,ng,0.6423
ni,ni,0.0
ni,nl,0.4817
ni,no,0.6905
ni,np,0.6292
ni,nr,0.6775
ni,nu,0.8097
ni,nz,0.6854
ni,om,0.7213
ni,pa,0.6599
ni,pe,0.754
ni,pf,0.6288
ni,pg,0.7826
ni,ph,0.64
ni,pk,0.6846
ni,pl,0.7031
ni,pm,0.5478
ni,pn,0.6424
ni,pr,0.7234
ni,ps,0.5408
ni,pt,0.8136
ni,pw,0.6207
ni,py,0.5054
ni,qa,0.6935
ni,re,0.6545
ni,ro,0.7295
ni,rs,0.7064
ni,ru,0.7646
ni,rw,0.5831
ni,sa,0.7141
ni,sb,0.6187
ni,sc,0.6312
ni,sd,0.6118
ni,se,0.5993
ni,sg,0.6917
ni,sh,0.6614
ni,si,0.814
ni,sj,0.6905
ni,sk,0.7427
ni,sl,0.2951
ni,sm,0.5771
ni,sn,0.7278
ni,so,0.5707
ni,sr,0.6702
ni,ss,0.5915
ni,st,0.6416
ni,sv,0.399
ni,sx,0.6513
ni,sy,0.4992
ni,sz,0.6555
ni,tc,0.6612
ni,td,0.7436
ni,tf,0.616
ni,tg,0.702
ni,th,0.7314
ni,tj,0.5816
ni,tk,0.7065
ni,tl,0.8061
ni,tm,0.6864
ni,tn,0.8478
ni,to,0.8286
ni,tr,0.8524
ni,tt,0.7577
ni,tv,0.5834
ni,tw,0.8587
ni,tz,0.6594
ni,ua,0.7189
ni,ug,0.826
ni,um,0.6093
ni,us,0.6093
ni,uy,0.6213
ni,uz,0.4088
ni,va,0.7481
ni,vc,0.7077
ni,ve,0.8187
ni,vg,0.6513
ni,vi,0.6507
ni,vn,0.9286
ni,vu,0.7259
ni,wf,0.7729
ni,ws,0.7686
ni,xk,0.6098
ni,ye,0.5787
ni,yt,0.6523
ni,za,0.6537
ni,zm,0.7612
ni,zw,0.7546
nl,ad,0.6285
nl,ae,0.4631
nl,af,0.6052
nl,ag,0.6282
nl,ai,0.6061
nl,al,0.7589
nl,am,0.6581
nl,ao,0.6487
nl,aq,0.6037
nl,ar,0.5133
nl,as,0.5202
nl,at,0.4288
nl,au,0.6411
nl,aw,0.6399
nl,ax,0.6044
nl,az,0.6435
nl,ba,0.6312
nl,bb,0.6648
nl,bd,0.6578
nl,be,0.6576
nl,bf,0.5772
nl,bg,0.7081
nl,bh,0.6325
nl,bi,0.5694
nl,bj,0.6314
nl,bl,0.629
nl,bm,0.5915
nl,bn,0.6611
nl,bo,0.4536
nl,bq,0.5976
nl,br,0.6255
nl,bs,0.6236
nl,bt,0.6104
nl,bv,0.4908
nl,bw,0.6756
nl,by,0.5768
nl,bz,0.5874
nl,ca,0.7034
nl,cc,0.731
nl,cd,0.6408
nl,cf,0.5846
nl,cg,0.6415
nl,ch,0.6549
nl,ci,0.6134
nl,ck,0.6198
nl,cl,0.6558
nl,cm,0.6188
nl,cn,0.706
nl,co,0.6267
nl,cr,0.6412
nl,cu,0.6019
nl,cv,0.6099
nl,cw,0.6869
nl,cx,0.6263
nl,cy,0.6675
nl,cz,0.658
nl,de,0.7411
nl,dj,0.5726
nl,dk,0.5617
nl,dm,0.5873
nl,do,0.4893
nl,dz,0.6261
nl,ec,0.617
nl,ee,0.8254
nl,eg,0.355
nl,eh,0.4503
nl,er,0.5868
nl,es,0.5838
nl,et,0.5927
nl,fi,0.748
nl,fj,0.5518
nl,fk,0.5968
nl,fm,0.6464
nl,fo,0.6784
nl,fr,0.6118
nl,ga,0.5533
nl,gb-eng,0.7057
nl,gb-nir,0.7113
nl,gb-sct,0.6116
nl,gb-wls,0.5717
nl,gb,0.5439
nl,gd,0.6138
nl,ge,0.7046
nl,gf,0.7073
nl,gg,0.6976
nl,gh,0.4876
nl,gi,0.6102
nl,gl,0.6329
nl,gm,0.5065
nl,gn,0.6252
nl,gp,0.7072
nl,gq,0.4976
nl,gr,0.5406
nl,gs,0.6101
nl,gt,0.6014
nl,gu,0.6441
nl,gw,0.5943
nl,gy,0.5561
nl,hk,0.6502
nl,hm,0.6599
nl,hn,0.5615
nl,hr,0.3258
nl,ht,0.6335
nl,hu,0.2999
nl,id,0.6155
nl,ie,0.5864
nl,il,0.5336
nl,im,0.6676
nl,in,0.3495
nl,io,0.5167
nl,iq,0.3616
nl,ir,0.484
nl,is,0.5536
nl,it,0.5962
nl,je,0.5996
nl,jm,0.6897
nl,jo,0.4718
nl,jp,0.6796
nl,ke,0.6227
nl,kg,0.734
nl,kh,0.5829
nl,ki,0.5224
nl,km,0.5207
nl,kn,0.668
nl,kp,0.6002
nl,kr,0.6311
nl,kw,0.5415
nl,ky,0.6147
nl,kz,0.6545
nl,la,0.5969
nl,lb,0.4852
nl,lc,0.687
nl,li,0.6877
nl,lk,0.5772
nl,lr,0.5362
nl,ls,0.4392
nl,lt,0.6594
nl,lu,0.335
nl,lv,0.4996
nl,ly,0.6984
nl,ma,0.6672
nl,mc,0.5884
nl,md,0.6258
nl,me,0.689
nl,mf,0.6118
nl,mg,0.5647
nl,mh,0.5853
nl,mk,0.6037
nl,ml,0.6293
nl,mm,0.5972
nl,mn,0.6076
nl,mo,0.6332
nl,mp,0.6321
nl,mq,0.6518
nl,mr,0.6142
nl,ms,0.6145
nl,mt,0.6138
nl,mu,0.5676
nl,mv,0.6317
nl,mw,0.6004
nl,mx,0.6145
nl,my,0.6175
nl,mz,0.7372
nl,na,0.5852
nl,nc,0.5799
nl,ne,0.3922
nl,nf,0.6415
nl,ng,0.6407
nl,ni,0.4817
nl,nl,0.0
nl,no,0.4908
nl,np,0.5572
nl,nr,0.6686
nl,nu,0.7023
nl,nz,0.6468
nl,om,0.6531
nl,pa,0.5725
nl,pe,0.636
nl,pf,0.4711
nl,pg,0.6508
nl,ph,0.6305
nl,pk,0.6515
nl,pl,0.6523
nl,pm,0.5412
nl,pn,0.5973
nl,pr,0.6276
nl,ps,0.4394
nl,pt,0.6766
nl,pw,0.7101
nl,py,0.2919
nl,qa,0.6137
nl,re,0.6497
nl,ro,0.628
nl,rs,0.61
nl,ru,0.7211
nl,rw,0.6378
nl,sa,0.6899
nl,sb,0.6247
nl,sc,0.5285
nl,sd,0.4307
nl,se,0.6049
nl,sg,0.5699
nl,sh,0.6202
nl,si,0.7649
nl,sj,0.4908
nl,sk,0.6891
nl,sl,0.4066
nl,sm,0.5746
nl,sn,0.632
nl,so,0.644
nl,sr,0.5991
nl,ss,0.5608
nl,st,0.6063
nl,sv,0.4579
nl,sx,0.5202
nl,sy,0.4548
nl,sz,0.5951
nl,tc,0.6198
nl,td,0.6362
nl,tf,0.5238
nl,tg,0.6137
nl,th,0.6376
nl,tj,0.3751
nl,tk,0.6785
nl,tl,0.6603
nl,tm,0.6625
nl,tn,0.6798
nl,to,0.7027
nl,tr,0.6931
nl,tt,0.637
nl,tv,0.6054
nl,tw,0.75
nl,tz,0.6351
nl,ua,0.7318
nl,ug,0.7145
nl,um,0.5476
nl,us,0.5476
nl,uy,0.6136
nl,uz,0.4528
nl,va,0.6718
nl,vc,0.6349
nl,ve,0.6728
nl,vg,0.609
nl,vi,0.6202
nl,vn,0.7527
nl,vu,0.6043
nl,wf,0.647
nl,ws,0.6758
nl,xk,0.6237
nl,ye,0.3492
nl,yt,0.6368
nl,za,0.5571
nl,zm,0.7029
nl,zw,0.6616
no,ad,0.5642
no,ae,0.571
no,af,0.5662
no,ag,0.5352
no,ai,0.5961
no,al,0.615
no,am,0.5209
no,ao,0.5731
no,aq,0.7296
no,ar,0.6758
no,as,0.6255
no,at,0.5508
no,au,0.6005
no,aw,0.6476
no,ax,0.6399
no,az,0.6292
no,ba,0.6208
no,bb,0.6182
no,bd,0.6447
no,be,0.593
no,bf,0.5922
no,bg,0.6118
no,bh,0.6179
no,bi,0.5927
no,bj,0.5659
no,bl,0.7235
no,bm,0.5036
no,bn,0.6299
no,bo,0.5496
no,bq,0.6515
no,br,0.6374
no,bs,0.6346
no,bt,0.587
no,bv,0.0
no,bw,0.6321
no,by,0.5658
no,bz,0.5603
no,ca,0.6206
no,cc,0.6938
no,cd,0.6526
no,cf,0.5749
no,cg,0.5698
no,ch,0.6124
no,ci,0.6497
no,ck,0.5866
no,cl,0.6207
no,cm,0.5812
no,cn,0.6093
no,co,0.5711
no,cr,0.6426
no,cu,0.6046
no,cv,0.6405
no,cw,0.6281
no,cx,0.606
no,cy,0.7739
no,cz,0.6128
no,de,0.6283
no,dj,0.661
no,dk,0.5806
no,dm,0.5621
no,do,0.563
no,dz,0.6887
no,ec,0.5699
no,ee,0.7175
no,eg,0.5611
no,eh,0.5852
no,er,0.5732
no,es,0.5426
no,et,0.5444
no,fi,0.7279
no,fj,0.615
no,fk,0.5789
no,fm,0.7046
no,fo,0.7319
no,fr,0.5974
no,ga,0.6329
no,gb-eng,0.7289
no,gb-nir,0.7365
no,gb-sct,0.6798
no,gb-wls,0.5852
no,gb,0.5438
no,gd,0.5167
no,ge,0.7126
no,gf,0.6532
no,gg,0.7364
no,gh,0.5582
no,gi,0.6398
no,gl,0.6423
no,gm,0.4941
no,gn,0.5933
no,gp,0.6127
no,gq,0.5561
no,gr,0.6149
no,gs,0.569
no,gt,0.676
no,gu,0.5935
no,gw,0.5797
no,gy,0.537
no,hk,0.5822
no,hm,0.6275
no,hn,0.7598
no,hr,0.5596
no,ht,0.5512
no,hu,0.5414
no,id,0.6827
no,ie,0.627
no,il,0.6915
no,im,0.5788
no,in,0.5698
no,io,0.5703
no,iq,0.5504
no,ir,0.5706
no,is,0.5918
no,it,0.6142
no,je,0.6936
no,jm,0.6038
no,jo,0.5758
no,jp,0.7431
no,ke,0.602
no,kg,0.627
no,kh,0.5822
no,ki,0.5517
no,km,0.5859
no,kn,0.557
no,kp,0.5753
no,kr,0.7251
no,kw,0.5718
no,ky,0.5832
no,kz,0.7059
no,la,0.5104
no,lb,0.5779
no,lc,0.7349
no,li,0.5479
no,lk,0.5133
no,lr,0.5658
no,ls,0.6374
no,lt,0.5303
no,lu,0.6272
no,lv,0.5558
no,ly,0.6022
no,ma,0.5707
no,mc,0.6577
no,md,0.5607
no,me,0.5799
no,mf,0.5974
no,mg,0.6139
no,mh,0.6147
no,mk,0.5548
no,ml,0.5824
no,mm,0.5482
no,mn,0.5304
no,mo,0.6496
no,mp,0.6345
no,mq,0.5849
no,mr,0.5611
no,ms,0.5827
no,mt,0.62
no,mu,0.5591
no,mv,0.5205
no,mw,0.574
no,mx,0.5918
no,my,0.5649
no,mz,0.5929
no,na,0.5497
no,nc,0.6054
no,ne,0.5927
no,nf,0.6612
no,ng,0.689
no,ni,0.6905
no,nl,0.4908
no,no,0.0
no,np,0.5027
no,nr,0.6652
no,nu,0.6645
no,nz,0.6052
no,om,0.6242
no,pa,0.6243
no,pe,0.6105
no,pf,0.5756
no,pg,0.5722
no,ph,0.5841
no,pk,0.6631
no,pl,0.6569
no,pm,0.5509
no,pn,0.5639
no,pr,0.6171
no,ps,0.5987
no,pt,0.5823
no,pw,0.7838
no,py,0.5731
no,qa,0.6
no,re,0.6137
no,ro,0.5666
no,rs,0.5901
no,ru,0.6106
no,rw,0.6395
no,sa,0.6522
no,sb,0.5899
no,sc,0.5573
no,sd,0.5605
no,se,0.6766
no,sg,0.655
no,sh,0.592
no,si,0.6443
no,sj,0.0
no,sk,0.5987
no,sl,0.6573
no,sm,0.6819
no,sn,0.5783
no,so,0.7024
no,sr,0.5213
no,ss,0.6228
no,st,0.627
no,sv,0.6601
no,sx,0.5686
no,sy,0.605
no,sz,0.5338
no,tc,0.5975
no,td,0.5689
no,tf,0.6101
no,tg,0.5725
no,th,0.5181
no,tj,0.606
no,tk,0.6102
no,tl,0.5703
no,tm,0.6231
no,tn,0.5986
no,to,0.6139
no,tr,0.5973
no,tt,0.5514
no,tv,0.6661
no,tw,0.5981
no,tz,0.6281
no,ua,0.658
no,ug,0.5882
no,um,0.504
no,us,0.504
no,uy,0.699
no,uz,0.6215
no,va,0.7271
no,vc,0.5908
no,ve,0.5333
no,vg,0.5734
no,vi,0.692
no,vn,0.6479
no,vu,0.5652
no,wf,0.5665
no,ws,0.5419
no,xk,0.6236
no,ye,0.5711
no,yt,0.7208
no,za,0.5316
no,zm,0.6326
no,zw,0.589
np,ad,0.5292
np,ae,0.519
np,af,0.4849
np,ag,0.4825
np,ai,0.5425
np,al,0.6255
np,am,0.5279
np,ao,0.5249
np,aq,0.6588
np,ar,0.6211
np,as,0.5974
np,at,0.5438
np,au,0.5274
np,aw,0.5846
np,ax,0.5161
np,az,0.5157
np,ba,0.5695
np,bb,0.5481
np,bd,0.5393
np,be,0.5953
np,bf,0.5547
np,bg,0.598
np,bh,0.5829
np,bi,0.5209
np,bj,0.5665
np,bl,0.6758
np,bm,0.4433
np,bn,0.5986
np,bo,0.5269
np,bq,0.5784
np,br,0.5296
np,bs,0.5651
np,bt,0.566
np,bv,0.5027
np,bw,0.5782
np,by,0.4838
np,bz,0.5284
np,ca,0.6261
np,cc,0.6121
np,cd,0.5808
np,cf,0.4988
np,cg,0.5401
np,ch,0.6519
np,ci,0.5741
np,ck,0.5238
np,cl,0.6004
np,cm,0.5288
np,cn,0.6053
np,co,0.5276
np,cr,0.5372
np,cu,0.5436
np,cv,0.5481
np,cw,0.5595
np,cx,0.5237
np,cy,0.7401
np,cz,0.6151
np,de,0.5507
np,dj,0.5605
np,dk,0.5247
np,dm,0.5076
np,do,0.5331
np,dz,0.6669
np,ec,0.5436
np,ee,0.6064
np,eg,0.5677
np,eh,0.5431
np,er,0.4506
np,es,0.527
np,et,0.4853
np,fi,0.6698
np,fj,0.5429
np,fk,0.5209
np,fm,0.645
np,fo,0.6442
np,fr,0.5959
np,ga,0.5229
np,gb-eng,0.6512
np,gb-nir,0.6775
np,gb-sct,0.611
np,gb-wls,0.5494
np,gb,0.4616
np,gd,0.4683
np,ge,0.6531
np,gf,0.5457
np,gg,0.6498
np,gh,0.5049
np,gi,0.63
np,gl,0.5895
np,gm,0.4638
np,gn,0.4693
np,gp,0.5406
np,gq,0.5295
np,gr,0.5838
np,gs,0.5067
np,gt,0.6109
np,gu,0.5636
np,gw,0.5048
np,gy,0.4757
np,hk,0.5949
np,hm,0.555
np,hn,0.682
np,hr,0.5761
np,ht,0.4582
np,hu,0.5088
np,id,0.6676
np,ie,0.6255
np,il,0.6496
np,im,0.5075
np,in,0.5767
np,io,0.4898
np,iq,0.5617
np,ir,0.5399
np,is,0.5154
np,it,0.616
np,je,0.6687
np,jm,0.5343
np,jo,0.5234
np,jp,0.7178
np,ke,0.5037
np,kg,0.6398
np,kh,0.5013
np,ki,0.5183
np,km,0.5787
np,kn,0.4939
np,kp,0.502
np,kr,0.6902
np,kw,0.5255
np,ky,0.5204
np,kz,0.6164
np,la,0.4987
np,lb,0.547
np,lc,0.6594
np,li,0.4636
np,lk,0.4872
np,lr,0.5311
np,ls,0.5752
np,lt,0.5167
np,lu,0.6192
np,lv,0.5565
np,ly,0.5759
np,ma,0.5539
np,mc,0.6023
np,md,0.5171
np,me,0.5778
np,mf,0.5959
np,mg,0.5555
np,mh,0.5371
np,mk,0.53
np,ml,0.5465
np,mm,0.5434
np,mn,0.5194
np,mo,0.5781
np,mp,0.5637
np,mq,0.4754
np,mr,0.5204
np,ms,0.5202
np,mt,0.5802
np,mu,0.531
np,mv,0.4791
np,mw,0.4615
np,mx,0.5693
np,my,0.5317
np,mz,0.4782
np,na,0.4541
np,nc,0.5021
np,ne,0.5796
np,nf,0.5859
np,ng,0.6236
np,ni,0.6292
np,nl,0.5572
np,no,0.5027
np,np,0.0
np,nr,0.5747
np,nu,0.6331
np,nz,0.5424
np,om,0.5261
np,pa,0.6379
np,pe,0.5792
np,pf,0.5383
np,pg,0.5467
np,ph,0.4775
np,pk,0.5763
np,pl,0.6101
np,pm,0.4833
np,pn,0.4994
np,pr,0.617
np,ps,0.5552
np,pt,0.6037
np,pw,0.6848
np,py,0.5768
np,qa,0.5455
np,re,0.5524
np,ro,0.5328
np,rs,0.5344
np,ru,0.5945
np,rw,0.5644
np,sa,0.5751
np,sb,0.5036
np,sc,0.5157
np,sd,0.571
np,se,0.548
np,sg,0.6314
np,sh,0.5334
np,si,0.6405
np,sj,0.5027
np,sk,0.5629
np,sl,0.5909
np,sm,0.6321
np,sn,0.5767
np,so,0.6383
np,sr,0.4831
np,ss,0.5368
np,st,0.5302
np,sv,0.6054
np,sx,0.5009
np,sy,0.5645
np,sz,0.4818
np,tc,0.5352
np,td,0.538
np,tf,0.5374
np,tg,0.4865
np,th,0.512
np,tj,0.6113
np,tk,0.5504
np,tl,0.5585
np,tm,0.5266
np,tn,0.616
np,to,0.602
np,tr,0.5907
np,tt,0.473
np,tv,0.5774
np,tw,0.6103
np,tz,0.558
np,ua,0.5958
np,ug,0.5261
np,um,0.5075
np,us,0.5075
np,uy,0.6185
np,uz,0.5791
np,va,0.6818
np,vc,0.5114
np,ve,0.5035
np,vg,0.5109
np,vi,0.6503
np,vn,0.6606
np,vu,0.4997
np,wf,0.4906
np,ws,0.4855
np,xk,0.5568
np,ye,0.5809
np,yt,0.6794
np,za,0.5238
np,zm,0.5795
np,zw,0.5157
nr,ad,0.674
nr,ae,0.6355
nr,af,0.5745
nr,ag,0.6495
nr,ai,0.3545
nr,al,0.7847
nr,am,0.6904
nr,ao,0.6327
nr,aq,0.7311
nr,ar,0.7527
nr,as,0.6513
nr,at,0.7555
nr,au,0.3213
nr,aw,0.677
nr,ax,0.6214
nr,az,0.6152
nr,ba,0.629
nr,bb,0.4259
nr,bd,0.5983
nr,be,0.7024
nr,bf,0.6546
nr,bg,0.7555
nr,bh,0.7793
nr,bi,0.7122
nr,bj,0.6792
nr,bl,0.8684
nr,bm,0.6627
nr,bn,0.7993
nr,bo,0.6391
nr,bq,0.7061
nr,br,0.5955
nr,bs,0.5823
nr,bt,0.7903
nr,bv,0.6652
nr,bw,0.7047
nr,by,0.6409
nr,bz,0.5843
nr,ca,0.8236
nr,cc,0.6599
nr,cd,0.6533
nr,cf,0.6839
nr,cg,0.6782
nr,ch,0.8214
nr,ci,0.7574
nr,ck,0.3437
nr,cl,0.7575
nr,cm,0.6763
nr,cn,0.7828
nr,co,0.7216
nr,cr,0.6861
nr,cu,0.6781
nr,cv,0.5882
nr,cw,0.3337
nr,cx,0.4198
nr,cy,0.9307
nr,cz,0.7575
nr,de,0.6989
nr,dj,0.6979
nr,dk,0.7295
nr,dm,0.595
nr,do,0.5741
nr,dz,0.7613
nr,ec,0.7376
nr,ee,0.7096
nr,eg,0.6877
nr,eh,0.6118
nr,er,0.6254
nr,es,0.7044
nr,et,0.6209
nr,fi,0.7426
nr,fj,0.6585
nr,fk,0.3558
nr,fm,0.7479
nr,fo,0.8157
nr,fr,0.7173
nr,ga,0.6126
nr,gb-eng,0.8784
nr,gb-nir,0.8878
nr,gb-sct,0.7175
nr,gb-wls,0.6917
nr,gb,0.6019
nr,gd,0.6668
nr,ge,0.8706
nr,gf,0.717
nr,gg,0.8587
nr,gh,0.6399
nr,gi,0.8198
nr,gl,0.8036
nr,gm,0.6274
nr,gn,0.6815
nr,gp,0.5722
nr,gq,0.6856
nr,gr,0.7202
nr,gs,0.3382
nr,gt,0.7356
nr,gu,0.2811
nr,gw,0.6827
nr,gy,0.6154
nr,hk,0.7738
nr,hm,0.5994
nr,hn,0.7408
nr,hr,0.6979
nr,ht,0.6055
nr,hu,0.693
nr,id,0.8558
nr,ie,0.7586
nr,il,0.7776
nr,im,0.7314
nr,in,0.7112
nr,io,0.5691
nr,iq,0.6843
nr,ir,0.7139
nr,is,0.5942
nr,it,0.7247
nr,je,0.8702
nr,jm,0.6278
nr,jo,0.6137
nr,jp,0.9136
nr,ke,0.5787
nr,kg,0.8157
nr,kh,0.582
nr,ki,0.635
nr,km,0.6862
nr,kn,0.6011
nr,kp,0.6438
nr,kr,0.8696
nr,kw,0.6535
nr,ky,0.3421
nr,kz,0.6449
nr,la,0.5266
nr,lb,0.7685
nr,lc,0.7727
nr,li,0.4678
nr,lk,0.6511
nr,lr,0.6809
nr,ls,0.6464
nr,lt,0.6847
nr,lu,0.7321
nr,lv,0.6805
nr,ly,0.6159
nr,ma,0.7064
nr,mc,0.8148
nr,md,0.6556
nr,me,0.7579
nr,mf,0.7173
nr,mg,0.7258
nr,mh,0.5968
nr,mk,0.7133
nr,ml,0.6951
nr,mm,0.7377
nr,mn,0.6368
nr,mo,0.6053
nr,mp,0.5879
nr,mq,0.5731
nr,mr,0.6329
nr,ms,0.3394
nr,mt,0.8056
nr,mu,0.577
nr,mv,0.6522
nr,mw,0.5683
nr,mx,0.6973
nr,my,0.6957
nr,mz,0.6564
nr,na,0.5692
nr,nc,0.5649
nr,ne,0.7159
nr,nf,0.6794
nr,ng,0.7135
nr,ni,0.6775
nr,nl,0.6686
nr,no,0.6652
nr,np,0.5747
nr,nr,0.0
nr,nu,0.8289
nr,nz,0.3212
nr,om,0.7158
nr,pa,0.7689
nr,pe,0.7925
nr,pf,0.7638
nr,pg,0.6314
nr,ph,0.6449
nr,pk,0.6731
nr,pl,0.8326
nr,pm,0.6012
nr,pn,0.3447
nr,pr,0.757
nr,ps,0.6326
nr,pt,0.7034
nr,pw,0.7257
nr,py,0.6843
nr,qa,0.7164
nr,re,0.6566
nr,ro,0.5939
nr,rs,0.7169
nr,ru,0.7527
nr,rw,0.6291
nr,sa,0.5905
nr,sb,0.5511
nr,sc,0.6201
nr,sd,0.6557
nr,se,0.5873
nr,sg,0.828
nr,sh,0.3334
nr,si,0.8016
nr,sj,0.6652
nr,sk,0.7515
nr,sl,0.6718
nr,sm,0.7862
nr,sn,0.6967
nr,so,0.6955
nr,sr,0.6368
nr,ss,0.583
nr,st,0.6499
nr,sv,0.651
nr,sx,0.6299
nr,sy,0.6297
nr,sz,0.6046
nr,tc,0.3366
nr,td,0.592
nr,tf,0.6166
nr,tg,0.6671
nr,th,0.682
nr,tj,0.7346
nr,tk,0.4142
nr,tl,0.7024
nr,tm,0.5883
nr,tn,0.7802
nr,to,0.7632
nr,tr,0.7663
nr,tt,0.6775
nr,tv,0.6342
nr,tw,0.7486
nr,tz,0.5999
nr,ua,0.717
nr,ug,0.7048
nr,um,0.6645
nr,us,0.6645
nr,uy,0.7401
nr,uz,0.6748
nr,va,0.8836
nr,vc,0.5889
nr,ve,0.639
nr,vg,0.3448
nr,vi,0.8398
nr,vn,0.8311
nr,vu,0.5785
nr,wf,0.7126
nr,ws,0.6116
nr,xk,0.5937
nr,ye,0.6989
nr,yt,0.8704
nr,za,0.6053
nr,zm,0.6308
nr,zw,0.6964
nu,ad,0.591
nu,ae,0.7142
nu,af,0.6855
nu,ag,0.6816
nu,ai,0.7781
nu,al,0.7206
nu,am,0.6403
nu,ao,0.7509
nu,aq,0.806
nu,ar,0.7165
nu,as,0.747
nu,at,0.6726
nu,au,0.792
nu,aw,0.7363
nu,ax,0.6828
nu,az,0.6552
nu,ba,0.7225
nu,bb,0.7426
nu,bd,0.7558
nu,be,0.63
nu,bf,0.6813
nu,bg,0.6712
nu,bh,0.6512
nu,bi,0.6151
nu,bj,0.5372
nu,bl,0.6916
nu,bm,0.5996
nu,bn,0.5725
nu,bo,0.617
nu,bq,0.7633
nu,br,0.6686
nu,bs,0.7272
nu,bt,0.4108
nu,bv,0.6645
nu,bw,0.7393
nu,by,0.6607
nu,bz,0.758
nu,ca,0.6682
nu,cc,0.7603
nu,cd,0.7794
nu,cf,0.5532
nu,cg,0.5736
nu,ch,0.6984
nu,ci,0.6674
nu,ck,0.7737
nu,cl,0.6361
nu,cm,0.4961
nu,cn,0.6885
nu,co,0.548
nu,cr,0.6989
nu,cu,0.7457
nu,cv,0.7775
nu,cw,0.7966
nu,cx,0.7268
nu,cy,0.7283
nu,cz,0.6742
nu,de,0.5686
nu,dj,0.6889
nu,dk,0.6689
nu,dm,0.6944
nu,do,0.6792
nu,dz,0.7089
nu,ec,0.5224
nu,ee,0.7722
nu,eg,0.7193
nu,eh,0.7196
nu,er,0.6512
nu,es,0.5706
nu,et,0.5688
nu,fi,0.7423
nu,fj,0.6815
nu,fk,0.7604
nu,fm,0.7696
nu,fo,0.6888
nu,fr,0.6892
nu,ga,0.5962
nu,gb-eng,0.6985
nu,gb-nir,0.6987
nu,gb-sct,0.7717
nu,gb-wls,0.6479
nu,gb,0.6469
nu,gd,0.5292
nu,ge,0.6761
nu,gf,0.5061
nu,gg,0.6594
nu,gh,0.5658
nu,gi,0.6809
nu,gl,0.674
nu,gm,0.6619
nu,gn,0.5455
nu,gp,0.7244
nu,gq,0.6333
nu,gr,0.7342
nu,gs,0.7593
nu,gt,0.7297
nu,gu,0.8033
nu,gw,0.5351
nu,gy,0.5948
nu,hk,0.6678
nu,hm,0.8498
nu,hn,0.8189
nu,hr,0.7273
nu,ht,0.6995
nu,hu,0.6433
nu,id,0.7029
nu,ie,0.6141
nu,il,0.7493
nu,im,0.6885
nu,in,0.6602
nu,io,0.6335
nu,iq,0.721
nu,ir,0.6395
nu,is,0.7556
nu,it,0.659
nu,je,0.6935
nu,jm,0.6818
nu,jo,0.7154
nu,jp,0.737
nu,ke,0.7019
nu,kg,0.6926
nu,kh,0.7375
nu,ki,0.6446
nu,km,0.6158
nu,kn,0.6698
nu,kp,0.6674
nu,kr,0.7176
nu,kw,0.6867
nu,ky,0.7642
nu,kz,0.8026
nu,la,0.7108
nu,lb,0.6561
nu,lc,0.7707
nu,li,0.7088
nu,lk,0.5415
nu,lr,0.6144
nu,ls,0.7283
nu,lt,0.6228
nu,lu,0.7307
nu,lv,0.6785
nu,ly,0.7536
nu,ma,0.6767
nu,mc,0.6839
nu,md,0.5864
nu,me,0.6229
nu,mf,0.6892
nu,mg,0.6705
nu,mh,0.773
nu,mk,0.5628
nu,ml,0.5093
nu,mm,0.4968
nu,mn,0.674
nu,mo,0.7666
nu,mp,0.8216
nu,mq,0.7142
nu,mr,0.6674
nu,ms,0.7751
nu,mt,0.6785
nu,mu,0.5613
nu,mv,0.6758
nu,mw,0.6742
nu,mx,0.6587
nu,my,0.6183
nu,mz,0.6202
nu,na,0.6644
nu,nc,0.6728
nu,ne,0.6382
nu,nf,0.7165
nu,ng,0.7402
nu,ni,0.8097
nu,nl,0.7023
nu,no,0.6645
nu,np,0.6331
nu,nr,0.8289
nu,nu,0.0
nu,nz,0.8007
nu,om,0.6581
nu,pa,0.7069
nu,pe,0.6695
nu,pf,0.653
nu,pg,0.7215
nu,ph,0.7058
nu,pk,0.7589
nu,pl,0.6868
nu,pm,0.6439
nu,pn,0.7463
nu,pr,0.7117
nu,ps,0.7134
nu,pt,0.673
nu,pw,0.8682
nu,py,0.7272
nu,qa,0.7028
nu,re,0.7377
nu,ro,0.5491
nu,rs,0.6521
nu,ru,0.706
nu,rw,0.633
nu,sa,0.791
nu,sb,0.6998
nu,sc,0.6218
nu,sd,0.717
nu,se,0.6919
nu,sg,0.6631
nu,sh,0.781
nu,si,0.7745
nu,sj,0.6645
nu,sk,0.6804
nu,sl,0.7479
nu,sm,0.7142
nu,sn,0.6003
nu,so,0.8198
nu,sr,0.6306
nu,ss,0.7188
nu,st,0.5804
nu,sv,0.8031
nu,sx,0.714
nu,sy,0.7445
nu,sz,0.6213
nu,tc,0.7695
nu,td,0.5545
nu,tf,0.791
nu,tg,0.5606
nu,th,0.6656
nu,tj,0.6879
nu,tk,0.6737
nu,tl,0.6531
nu,tm,0.7305
nu,tn,0.7033
nu,to,0.7063
nu,tr,0.7006
nu,tt,0.6666
nu,tv,0.7874
nu,tw,0.6838
nu,tz,0.7514
nu,ua,0.5159
nu,ug,0.578
nu,um,0.5994
nu,us,0.5994
nu,uy,0.7356
nu,uz,0.6944
nu,va,0.6282
nu,vc,0.626
nu,ve,0.5834
nu,vg,0.7561
nu,vi,0.6561
nu,vn,0.7142
nu,vu,0.6815
nu,wf,0.667
nu,ws,0.6647
nu,xk,0.7846
nu,ye,0.7287
nu,yt,0.6888
nu,za,0.6981
nu,zm,0.7
nu,zw,0.5789
nz,ad,0.6516
nz,ae,0.6268
nz,af,0.5607
nz,ag,0.6391
nz,ai,0.192
nz,al,0.7573
nz,am,0.6404
nz,ao,0.5678
nz,aq,0.7154
nz,ar,0.7335
nz,as,0.6686
nz,at,0.7275
nz,au,0.1049
nz,aw,0.6452
nz,ax,0.6058
nz,az,0.6153
nz,ba,0.5989
nz,bb,0.418
nz,bd,0.5847
nz,be,0.6975
nz,bf,0.5996
nz,bg,0.6754
nz,bh,0.7391
nz,bi,0.6736
nz,bj,0.672
nz,bl,0.8297
nz,bm,0.5877
nz,bn,0.7472
nz,bo,0.6135
nz,bq,0.6285
nz,br,0.5973
nz,bs,0.5999
nz,bt,0.7537
nz,bv,0.6052
nz,bw,0.6515
nz,by,0.5938
nz,bz,0.5621
nz,ca,0.7865
nz,cc,0.6347
nz,cd,0.6277
nz,cf,0.6487
nz,cg,0.6961
nz,ch,0.7939
nz,ci,0.7041
nz,ck,0.1305
nz,cl,0.7377
nz,cm,0.6735
nz,cn,0.7489
nz,co,0.643
nz,cr,0.6643
nz,cu,0.6412
nz,cv,0.6174
nz,cw,0.3521
nz,cx,0.4258
nz,cy,0.8905
nz,cz,0.7089
nz,de,0.7254
nz,dj,0.6504
nz,dk,0.6986
nz,dm,0.5765
nz,do,0.6009
nz,dz,0.7648
nz,ec,0.6679
nz,ee,0.7071
nz,eg,0.6532
nz,eh,0.627
nz,er,0.5962
nz,es,0.6889
nz,et,0.6353
nz,fi,0.6921
nz,fj,0.5928
nz,fk,0.179
nz,fm,0.7182
nz,fo,0.7801
nz,fr,0.6905
nz,ga,0.6357
nz,gb-eng,0.8235
nz,gb-nir,0.8354
nz,gb-sct,0.6792
nz,gb-wls,0.6144
nz,gb,0.5675
nz,gd,0.6205
nz,ge,0.822
nz,gf,0.7051
nz,gg,0.8178
nz,gh,0.6126
nz,gi,0.7666
nz,gl,0.7539
nz,gm,0.5508
nz,gn,0.6364
nz,gp,0.5671
nz,gq,0.6834
nz,gr,0.6719
nz,gs,0.1248
nz,gt,0.6955
nz,gu,0.2957
nz,gw,0.6329
nz,gy,0.5958
nz,hk,0.7401
nz,hm,0.482
nz,hn,0.7431
nz,hr,0.6645
nz,ht,0.5991
nz,hu,0.6635
nz,id,0.8452
nz,ie,0.7361
nz,il,0.7597
nz,im,0.694
nz,in,0.6602
nz,io,0.5054
nz,iq,0.6441
nz,ir,0.7083
nz,is,0.5805
nz,it,0.7002
nz,je,0.8318
nz,jm,0.5986
nz,jo,0.6228
nz,jp,0.8706
nz,ke,0.5804
nz,kg,0.7876
nz,kh,0.5783
nz,ki,0.6218
nz,km,0.6441
nz,kn,0.5968
nz,kp,0.6149
nz,kr,0.8205
nz,kw,0.6672
nz,ky,0.1421
nz,kz,0.6326
nz,la,0.4893
nz,lb,0.7356
nz,lc,0.7412
nz,li,0.4782
nz,lk,0.6278
nz,lr,0.6775
nz,ls,0.6528
nz,lt,0.6128
nz,lu,0.6989
nz,lv,0.6723
nz,ly,0.5761
nz,ma,0.6765
nz,mc,0.8067
nz,md,0.6327
nz,me,0.7274
nz,mf,0.6905
nz,mg,0.6705
nz,mh,0.5935
nz,mk,0.6945
nz,ml,0.6753
nz,mm,0.6854
nz,mn,0.6112
nz,mo,0.6007
nz,mp,0.5647
nz,mq,0.5466
nz,mr,0.6123
nz,ms,0.1238
nz,mt,0.7494
nz,mu,0.5765
nz,mv,0.6111
nz,mw,0.5782
nz,mx,0.6675
nz,my,0.7026
nz,mz,0.6366
nz,na,0.5612
nz,nc,0.5726
nz,ne,0.6811
nz,nf,0.6461
nz,ng,0.6833
nz,ni,0.6854
nz,nl,0.6468
nz,no,0.6052
nz,np,0.5424
nz,nr,0.3212
nz,nu,0.8007
nz,nz,0.0
nz,om,0.6631
nz,pa,0.6861
nz,pe,0.7455
nz,pf,0.7353
nz,pg,0.6056
nz,ph,0.629
nz,pk,0.6314
nz,pl,0.7585
nz,pm,0.5744
nz,pn,0.1395
nz,pr,0.7336
nz,ps,0.6456
nz,pt,0.7006
nz,pw,0.7102
nz,py,0.6508
nz,qa,0.6717
nz,re,0.6405
nz,ro,0.5828
nz,rs,0.6735
nz,ru,0.6629
nz,rw,0.6419
nz,sa,0.5775
nz,sb,0.5401
nz,sc,0.6124
nz,sd,0.6295
nz,se,0.6051
nz,sg,0.8084
nz,sh,0.1265
nz,si,0.7128
nz,sj,0.6052
nz,sk,0.6669
nz,sl,0.6713
nz,sm,0.7148
nz,sn,0.6772
nz,so,0.6719
nz,sr,0.6186
nz,ss,0.5925
nz,st,0.6459
nz,sv,0.6604
nz,sx,0.5854
nz,sy,0.6304
nz,sz,0.5731
nz,tc,0.1543
nz,td,0.5826
nz,tf,0.5481
nz,tg,0.6198
nz,th,0.6316
nz,tj,0.7064
nz,tk,0.4511
nz,tl,0.6863
nz,tm,0.568
nz,tn,0.7492
nz,to,0.6982
nz,tr,0.7428
nz,tt,0.6556
nz,tv,0.5433
nz,tw,0.7557
nz,tz,0.5739
nz,ua,0.7399
nz,ug,0.6707
nz,um,0.6592
nz,us,0.6592
nz,uy,0.704
nz,uz,0.6653
nz,va,0.8483
nz,vc,0.5706
nz,ve,0.5555
nz,vg,0.1424
nz,vi,0.7932
nz,vn,0.8044
nz,vu,0.5562
nz,wf,0.6784
nz,ws,0.6227
nz,xk,0.5794
nz,ye,0.6646
nz,yt,0.8234
nz,za,0.5665
nz,zm,0.6301
nz,zw,0.6465
om,ad,0.581
om,ae,0.5839
om,af,0.5945
om,ag,0.6111
om,ai,0.6484
om,al,0.6839
om,am,0.672
om,ao,0.5225
om,aq,0.7325
om,ar,0.6696
om,as,0.6729
om,at,0.605
om,au,0.6612
om,aw,0.6897
om,ax,0.6081
om,az,0.5408
om,ba,0.6602
om,bb,0.6653
om,bd,0.671
om,be,0.6193
om,bf,0.5871
om,bg,0.5706
om,bh,0.6824
om,bi,0.5899
om,bj,0.6226
om,bl,0.6806
om,bm,0.4616
om,bn,0.612
om,bo,0.555
om,bq,0.5751
om,br,0.6507
om,bs,0.62
om,bt,0.5878
om,bv,0.6242
om,bw,0.6455
om,by,0.4113
om,bz,0.6498
om,ca,0.5982
om,cc,0.7291
om,cd,0.6513
om,cf,0.6193
om,cg,0.6254
om,ch,0.6884
om,ci,0.5826
om,ck,0.637
om,cl,0.5244
om,cm,0.5964
om,cn,0.6482
om,co,0.5578
om,cr,0.574
om,cu,0.6103
om,cv,0.6954
om,cw,0.7154
om,cx,0.6455
om,cy,0.7105
om,cz,0.5468
om,de,0.6996
om,dj,0.6008
om,dk,0.5259
om,dm,0.588
om,do,0.5679
om,dz,0.621
om,ec,0.5979
om,ee,0.7267
om,eg,0.6031
om,eh,0.6655
om,er,0.5286
om,es,0.6009
om,et,0.6276
om,fi,0.6642
om,fj,0.6151
om,fk,0.6294
om,fm,0.7145
om,fo,0.6232
om,fr,0.5866
om,ga,0.6257
om,gb-eng,0.6079
om,gb-nir,0.6474
om,gb-sct,0.6848
om,gb-wls,0.4802
om,gb,0.5189
om,gd,0.5408
om,ge,0.6304
om,gf,0.6914
om,gg,0.6193
om,gh,0.4932
om,gi,0.6066
om,gl,0.4925
om,gm,0.5451
om,gn,0.5029
om,gp,0.6425
om,gq,0.6955
om,gr,0.6565
om,gs,0.6292
om,gt,0.6623
om,gu,0.6851
om,gw,0.4352
om,gy,0.5362
om,hk,0.6412
om,hm,0.6874
om,hn,0.7432
om,hr,0.6534
om,ht,0.5801
om,hu,0.6248
om,id,0.7453
om,ie,0.6319
om,il,0.6911
om,im,0.4914
om,in,0.5838
om,io,0.5656
om,iq,0.6034
om,ir,0.6707
om,is,0.6256
om,it,0.6404
om,je,0.6467
om,jm,0.6139
om,jo,0.6172
om,jp,0.6971
om,ke,0.6167
om,kg,0.6773
om,kh,0.584
om,ki,0.6135
om,km,0.5675
om,kn,0.627
om,kp,0.5721
om,kr,0.6716
om,kw,0.6389
om,ky,0.6392
om,kz,0.7229
om,la,0.5918
om,lb,0.6098
om,lc,0.7403
om,li,0.5856
om,lk,0.5436
om,lr,0.5626
om,ls,0.6879
om,lt,0.5902
om,lu,0.6746
om,lv,0.6507
om,ly,0.6487
om,ma,0.6254
om,mc,0.663
om,md,0.5958
om,me,0.6219
om,mf,0.5866
om,mg,0.5965
om,mh,0.6732
om,mk,0.5787
om,ml,0.5985
om,mm,0.6083
om,mn,0.5758
om,mo,0.6985
om,mp,0.6946
om,mq,0.578
om,mr,0.6615
om,ms,0.642
om,mt,0.6223
om,mu,0.5807
om,mv,0.5131
om,mw,0.5593
om,mx,0.5718
om,my,0.618
om,mz,0.6047
om,na,0.535
om,nc,0.5684
om,ne,0.6226
om,nf,0.611
om,ng,0.6827
om,ni,0.7213
om,nl,0.6531
om,no,0.6242
om,np,0.5261
om,nr,0.7158
om,nu,0.6581
om,nz,0.6631
om,om,0.0
om,pa,0.6766
om,pe,0.4875
om,pf,0.5973
om,pg,0.5429
om,ph,0.6186
om,pk,0.7199
om,pl,0.4809
om,pm,0.5735
om,pn,0.6224
om,pr,0.6869
om,ps,0.6909
om,pt,0.692
om,pw,0.78
om,py,0.6527
om,qa,0.6809
om,re,0.6729
om,ro,0.588
om,rs,0.6655
om,ru,0.5641
om,rw,0.6429
om,sa,0.7077
om,sb,0.6284
om,sc,0.5594
om,sd,0.5916
om,se,0.6512
om,sg,0.701
om,sh,0.6489
om,si,0.6321
om,sj,0.6242
om,sk,0.5442
om,sl,0.6943
om,sm,0.601
om,sn,0.6372
om,so,0.7299
om,sr,0.5214
om,ss,0.6854
om,st,0.5981
om,sv,0.7154
om,sx,0.6276
om,sy,0.6519
om,sz,0.5441
om,tc,0.6447
om,td,0.5868
om,tf,0.6653
om,tg,0.5632
om,th,0.5804
om,tj,0.6746
om,tk,0.6986
om,tl,0.6321
om,tm,0.6502
om,tn,0.6653
om,to,0.6693
om,tr,0.6629
om,tt,0.4857
om,tv,0.6766
om,tw,0.6942
om,tz,0.6753
om,ua,0.7141
om,ug,0.645
om,um,0.5735
om,us,0.5735
om,uy,0.645
om,uz,0.6224
om,va,0.6299
om,vc,0.6014
om,ve,0.553
om,vg,0.6339
om,vi,0.6446
om,vn,0.7009
om,vu,0.5144
om,wf,0.5104
om,ws,0.5325
om,xk,0.6686
om,ye,0.6148
om,yt,0.6599
om,za,0.5965
om,zm,0.687
om,zw,0.6135
pa,ad,0.6268
pa,ae,0.6911
pa,af,0.6885
pa,ag,0.6977
pa,ai,0.6636
pa,al,0.7835
pa,am,0.659
pa,ao,0.7137
pa,aq,0.656
pa,ar,0.596
pa,as,0.6303
pa,at,0.63
pa,au,0.6881
pa,aw,0.6733
pa,ax,0.6782
pa,az,0.6614
pa,ba,0.6662
pa,bb,0.7022
pa,bd,0.7327
pa,be,0.6598
pa,bf,0.6388
pa,bg,0.633
pa,bh,0.6352
pa,bi,0.6056
pa,bj,0.6507
pa,bl,0.5744
pa,bm,0.6157
pa,bn,0.6547
pa,bo,0.6268
pa,bq,0.6719
pa,br,0.697
pa,bs,0.6949
pa,bt,0.6535
pa,bv,0.6243
pa,bw,0.6588
pa,by,0.6542
pa,bz,0.658
pa,ca,0.6755
pa,cc,0.7917
pa,cd,0.67
pa,cf,0.6319
pa,cg,0.6876
pa,ch,0.7273
pa,ci,0.6631
pa,ck,0.6533
pa,cl,0.6848
pa,cm,0.6205
pa,cn,0.731
pa,co,0.6439
pa,cr,0.6332
pa,cu,0.6531
pa,cv,0.7109
pa,cw,0.7463
pa,cx,0.7048
pa,cy,0.5968
pa,cz,0.6243
pa,de,0.7501
pa,dj,0.6598
pa,dk,0.6484
pa,dm,0.6828
pa,do,0.6345
pa,dz,0.598
pa,ec,0.636
pa,ee,0.7207
pa,eg,0.6377
pa,eh,0.6656
pa,er,0.643
pa,es,0.6646
pa,et,0.6639
pa,fi,0.6205
pa,fj,0.6227
pa,fk,0.6458
pa,fm,0.6765
pa,fo,0.576
pa,fr,0.5686
pa,ga,0.6527
pa,gb-eng,0.6024
pa,gb-nir,0.5948
pa,gb-sct,0.637
pa,gb-wls,0.5607
pa,gb,0.5986
pa,gd,0.6415
pa,ge,0.6135
pa,gf,0.7573
pa,gg,0.5942
pa,gh,0.6361
pa,gi,0.5993
pa,gl,0.6599
pa,gm,0.6152
pa,gn,0.6955
pa,gp,0.7477
pa,gq,0.6306
pa,gr,0.6071
pa,gs,0.6436
pa,gt,0.6041
pa,gu,0.7192
pa,gw,0.6677
pa,gy,0.6469
pa,hk,0.7017
pa,hm,0.7125
pa,hn,0.6794
pa,hr,0.5967
pa,ht,0.6956
pa,hu,0.5523
pa,id,0.6403
pa,ie,0.5447
pa,il,0.5979
pa,im,0.7146
pa,in,0.5761
pa,io,0.5721
pa,iq,0.6352
pa,ir,0.6185
pa,is,0.6643
pa,it,0.5672
pa,je,0.572
pa,jm,0.7175
pa,jo,0.6782
pa,jp,0.6162
pa,ke,0.7135
pa,kg,0.7728
pa,kh,0.6694
pa,ki,0.5644
pa,km,0.6146
pa,kn,0.6752
pa,kp,0.6507
pa,kr,0.5635
pa,kw,0.6701
pa,ky,0.644
pa,kz,0.7103
pa,la,0.6742
pa,lb,0.6055
pa,lc,0.7001
pa,li,0.7392
pa,lk,0.601
pa,lr,0.5882
pa,ls,0.6393
pa,lt,0.6485
pa,lu,0.5723
pa,lv,0.6453
pa,ly,0.7269
pa,ma,0.6977
pa,mc,0.6124
pa,md,0.6165
pa,me,0.7185
pa,mf,0.5686
pa,mg,0.6101
pa,mh,0.6883
pa,mk,0.6427
pa,ml,0.6295
pa,mm,0.6241
pa,mn,0.6573
pa,mo,0.7156
pa,mp,0.7058
pa,mq,0.7474
pa,mr,0.6598
pa,ms,0.6648
pa,mt,0.6082
pa,mu,0.6512
pa,mv,0.683
pa,mw,0.6923
pa,mx,0.5771
pa,my,0.6232
pa,mz,0.7132
pa,na,0.6693
pa,nc,0.6719
pa,ne,0.5964
pa,nf,0.6565
pa,ng,0.6619
pa,ni,0.6599
pa,nl,0.5725
pa,no,0.6243
pa,np,0.6379
pa,nr,0.7689
pa,nu,0.7069
pa,nz,0.6861
pa,om,0.6766
pa,pa,0.0
pa,pe,0.638
pa,pf,0.6003
pa,pg,0.7132
pa,ph,0.698
pa,pk,0.7119
pa,pl,0.619
pa,pm,0.6038
pa,pn,0.6336
pa,pr,0.6342
pa,ps,0.6707
pa,pt,0.6951
pa,pw,0.7683
pa,py,0.5785
pa,qa,0.6453
pa,re,0.6891
pa,ro,0.6291
pa,rs,0.5769
pa,ru,0.6331
pa,rw,0.7083
pa,sa,0.7613
pa,sb,0.6798
pa,sc,0.5796
pa,sd,0.6415
pa,se,0.7052
pa,sg,0.5688
pa,sh,0.6668
pa,si,0.69
pa,sj,0.6243
pa,sk,0.6214
pa,sl,0.6185
pa,sm,0.5444
pa,sn,0.6186
pa,so,0.6971
pa,sr,0.6211
pa,ss,0.6584
pa,st,0.6958
pa,sv,0.6611
pa,sx,0.6128
pa,sy,0.6837
pa,sz,0.6157
pa,tc,0.6663
pa,td,0.6423
pa,tf,0.6391
pa,tg,0.6792
pa,th,0.6169
pa,tj,0.6055
pa,tk,0.7247
pa,tl,0.6937
pa,tm,0.7334
pa,tn,0.7355
pa,to,0.5957
pa,tr,0.739
pa,tt,0.6845
pa,tv,0.6809
pa,tw,0.7531
pa,tz,0.6492
pa,ua,0.7576
pa,ug,0.7058
pa,um,0.5965
pa,us,0.5965
pa,uy,0.5674
pa,uz,0.6005
pa,va,0.6517
pa,vc,0.6657
pa,ve,0.6634
pa,vg,0.6428
pa,vi,0.559
pa,vn,0.7927
pa,vu,0.6566
pa,wf,0.6675
pa,ws,0.6997
pa,xk,0.6921
pa,ye,0.639
pa,yt,0.5718
pa,za,0.6309
pa,zm,0.7411
pa,zw,0.6732
pe,ad,0.5132
pe,ae,0.6189
pe,af,0.6571
pe,ag,0.4824
pe,ai,0.7383
pe,al,0.6975
pe,am,0.6503
pe,ao,0.6198
pe,aq,0.7375
pe,ar,0.6889
pe,as,0.679
pe,at,0.4872
pe,au,0.7456
pe,aw,0.7292
pe,ax,0.7076
pe,az,0.6659
pe,ba,0.7159
pe,bb,0.6935
pe,bd,0.7575
pe,be,0.57
pe,bf,0.6815
pe,bg,0.6577
pe,bh,0.6968
pe,bi,0.5673
pe,bj,0.6599
pe,bl,0.7153
pe,bm,0.469
pe,bn,0.6605
pe,bo,0.6538
pe,bq,0.6786
pe,br,0.736
pe,bs,0.7097
pe,bt,0.5618
pe,bv,0.6105
pe,bw,0.7147
pe,by,0.5445
pe,bz,0.6472
pe,ca,0.5451
pe,cc,0.8204
pe,cd,0.7223
pe,cf,0.6534
pe,cg,0.6244
pe,ch,0.5851
pe,ci,0.5134
pe,ck,0.7202
pe,cl,0.5944
pe,cm,0.654
pe,cn,0.6584
pe,co,0.6081
pe,cr,0.6488
pe,cu,0.6497
pe,cv,0.7368
pe,cw,0.7754
pe,cx,0.746
pe,cy,0.7217
pe,cz,0.6243
pe,de,0.6932
pe,dj,0.7048
pe,dk,0.4
pe,dm,0.7111
pe,do,0.5244
pe,dz,0.7067
pe,ec,0.6376
pe,ee,0.7431
pe,eg,0.6229
pe,eh,0.6807
pe,er,0.6228
pe,es,0.6138
pe,et,0.6425
pe,fi,0.726
pe,fj,0.6533
pe,fk,0.7207
pe,fm,0.7449
pe,fo,0.6706
pe,fr,0.3556
pe,ga,0.6864
pe,gb-eng,0.6554
pe,gb-nir,0.6796
pe,gb-sct,0.7179
pe,gb-wls,0.6666
pe,gb,0.5698
pe,gd,0.533
pe,ge,0.6825
pe,gf,0.7173
pe,gg,0.6785
pe,gh,0.598
pe,gi,0.708
pe,gl,0.5281
pe,gm,0.5774
pe,gn,0.5394
pe,gp,0.7037
pe,gq,0.6452
pe,gr,0.6812
pe,gs,0.7125
pe,gt,0.6311
pe,gu,0.7357
pe,gw,0.5617
pe,gy,0.6249
pe,hk,0.5849
pe,hm,0.7648
pe,hn,0.7892
pe,hr,0.6522
pe,ht,0.5432
pe,hu,0.6078
pe,id,0.6507
pe,ie,0.5004
pe,il,0.7007
pe,im,0.4278
pe,in,0.6537
pe,io,0.6006
pe,iq,0.6244
pe,ir,0.6412
pe,is,0.685
pe,it,0.48
pe,je,0.6159
pe,jm,0.6783
pe,jo,0.6375
pe,jp,0.7649
pe,ke,0.7
pe,kg,0.6541
pe,kh,0.6158
pe,ki,0.5924
pe,km,0.6462
pe,kn,0.6445
pe,kp,0.6278
pe,kr,0.6939
pe,kw,0.5852
pe,ky,0.7221
pe,kz,0.801
pe,la,0.5305
pe,lb,0.5574
pe,lc,0.8011
pe,li,0.5953
pe,lk,0.5819
pe,lr,0.5507
pe,ls,0.7292
pe,lt,0.6392
pe,lu,0.6683
pe,lv,0.6348
pe,ly,0.7306
pe,ma,0.6504
pe,mc,0.5356
pe,md,0.5551
pe,me,0.6185
pe,mf,0.3556
pe,mg,0.718
pe,mh,0.7395
pe,mk,0.5906
pe,ml,0.5373
pe,mm,0.568
pe,mn,0.5807
pe,mo,0.7409
pe,mp,0.7264
pe,mq,0.6996
pe,mr,0.6914
pe,ms,0.728
pe,mt,0.5238
pe,mu,0.6513
pe,mv,0.5104
pe,mw,0.612
pe,mx,0.3882
pe,my,0.6138
pe,mz,0.6413
pe,na,0.6301
pe,nc,0.6789
pe,ne,0.6801
pe,nf,0.619
pe,ng,0.6115
pe,ni,0.754
pe,nl,0.636
pe,no,0.6105
pe,np,0.5792
pe,nr,0.7925
pe,nu,0.6695
pe,nz,0.7455
pe,om,0.4875
pe,pa,0.638
pe,pe,0.0
pe,pf,0.5492
pe,pg,0.6378
pe,ph,0.6347
pe,pk,0.7819
pe,pl,0.5271
pe,pm,0.6572
pe,pn,0.7078
pe,pr,0.6638
pe,ps,0.6814
pe,pt,0.6784
pe,pw,0.8542
pe,py,0.6569
pe,qa,0.7229
pe,re,0.7245
pe,ro,0.5195
pe,rs,0.6023
pe,ru,0.6563
pe,rw,0.7262
pe,sa,0.7834
pe,sb,0.7198
pe,sc,0.6128
pe,sd,0.6122
pe,se,0.725
pe,sg,0.6175
pe,sh,0.7356
pe,si,0.6976
pe,sj,0.6105
pe,sk,0.6264
pe,sl,0.7138
pe,sm,0.6942
pe,sn,0.5701
pe,so,0.7674
pe,sr,0.6077
pe,ss,0.7416
pe,st,0.6952
pe,sv,0.7475
pe,sx,0.6872
pe,sy,0.7195
pe,sz,0.5895
pe,tc,0.7328
pe,td,0.5313
pe,tf,0.7395
pe,tg,0.6312
pe,th,0.6204
pe,tj,0.6772
pe,tk,0.7217
pe,tl,0.6409
pe,tm,0.749
pe,tn,0.6053
pe,to,0.6882
pe,tr,0.6635
pe,tt,0.4934
pe,tv,0.7498
pe,tw,0.6966
pe,tz,0.7526
pe,ua,0.7235
pe,ug,0.642
pe,um,0.5735
pe,us,0.5735
pe,uy,0.6641
pe,uz,0.6728
pe,va,0.6512
pe,vc,0.6489
pe,ve,0.5805
pe,vg,0.7161
pe,vi,0.6657
pe,vn,0.6806
pe,vu,0.615
pe,wf,0.4877
pe,ws,0.5159
pe,xk,0.7283
pe,ye,0.6195
pe,yt,0.6946
pe,za,0.6588
pe,zm,0.7495
pe,zw,0.6974
pf,ad,0.6064
pf,ae,0.5494
pf,af,0.6776
pf,ag,0.5752
pf,ai,0.6909
pf,al,0.7189
pf,am,0.6309
pf,ao,0.6722
pf,aq,0.6904
pf,ar,0.566
pf,as,0.6139
pf,at,0.3151
pf,au,0.7284
pf,aw,0.6839
pf,ax,0.6857
pf,az,0.6869
pf,ba,0.7179
pf,bb,0.7216
pf,bd,0.745
pf,be,0.6816
pf,bf,0.6712
pf,bg,0.6329
pf,bh,0.5765
pf,bi,0.5079
pf,bj,0.646
pf,bl,0.5565
pf,bm,0.4678
pf,bn,0.6192
pf,bo,0.5733
pf,bq,0.6508
pf,br,0.7095
pf,bs,0.7428
pf,bt,0.5556
pf,bv,0.5756
pf,bw,0.7071
pf,by,0.5784
pf,bz,0.653
pf,ca,0.6565
pf,cc,0.8094
pf,cd,0.7001
pf,cf,0.5078
pf,cg,0.6419
pf,ch,0.6368
pf,ci,0.6427
pf,ck,0.7079
pf,cl,0.6044
pf,cm,0.5879
pf,cn,0.6734
pf,co,0.5867
pf,cr,0.6056
pf,cu,0.6059
pf,cv,0.6766
pf,cw,0.746
pf,cx,0.7276
pf,cy,0.6028
pf,cz,0.6203
pf,de,0.7277
pf,dj,0.6084
pf,dk,0.4478
pf,dm,0.6796
pf,do,0.5199
pf,dz,0.6472
pf,ec,0.5941
pf,ee,0.8019
pf,eg,0.4511
pf,eh,0.6103
pf,er,0.6401
pf,es,0.5492
pf,et,0.5958
pf,fi,0.7022
pf,fj,0.6242
pf,fk,0.6745
pf,fm,0.6907
pf,fo,0.622
pf,fr,0.6206
pf,ga,0.6537
pf,gb-eng,0.5938
pf,gb-nir,0.6437
pf,gb-sct,0.666
pf,gb-wls,0.626
pf,gb,0.5239
pf,gd,0.5481
pf,ge,0.6204
pf,gf,0.6984
pf,gg,0.6215
pf,gh,0.5521
pf,gi,0.5003
pf,gl,0.5047
pf,gm,0.5334
pf,gn,0.6074
pf,gp,0.7724
pf,gq,0.5093
pf,gr,0.6156
pf,gs,0.6926
pf,gt,0.6411
pf,gu,0.7397
pf,gw,0.605
pf,gy,0.6389
pf,hk,0.6345
pf,hm,0.7499
pf,hn,0.6864
pf,hr,0.4814
pf,ht,0.5768
pf,hu,0.4378
pf,id,0.6138
pf,ie,0.6097
pf,il,0.5211
pf,im,0.5392
pf,in,0.4846
pf,io,0.5663
pf,iq,0.4565
pf,ir,0.4342
pf,is,0.6441
pf,it,0.6401
pf,je,0.5102
pf,jm,0.7527
pf,jo,0.5852
pf,jp,0.6275
pf,ke,0.6719
pf,kg,0.6998
pf,kh,0.689
pf,ki,0.5704
pf,km,0.5822
pf,kn,0.6359
pf,kp,0.6649
pf,kr,0.5879
pf,kw,0.5542
pf,ky,0.6944
pf,kz,0.7516
pf,la,0.588
pf,lb,0.1294
pf,lc,0.7103
pf,li,0.6281
pf,lk,0.5761
pf,lr,0.483
pf,ls,0.532
pf,lt,0.6329
pf,lu,0.5294
pf,lv,0.5476
pf,ly,0.7952
pf,ma,0.6594
pf,mc,0.5147
pf,md,0.6027
pf,me,0.6698
pf,mf,0.6206
pf,mg,0.586
pf,mh,0.6782
pf,mk,0.5862
pf,ml,0.6056
pf,mm,0.5746
pf,mn,0.6343
pf,mo,0.7404
pf,mp,0.7311
pf,mq,0.7054
pf,mr,0.6264
pf,ms,0.6986
pf,mt,0.5049
pf,mu,0.6402
pf,mv,0.5486
pf,mw,0.6488
pf,mx,0.6039
pf,my,0.6016
pf,mz,0.675
pf,na,0.6224
pf,nc,0.6733
pf,ne,0.5029
pf,nf,0.7053
pf,ng,0.7181
pf,ni,0.6288
pf,nl,0.4711
pf,no,0.5756
pf,np,0.5383
pf,nr,0.7638
pf,nu,0.653
pf,nz,0.7353
pf,om,0.5973
pf,pa,0.6003
pf,pe,0.5492
pf,pf,0.0
pf,pg,0.6575
pf,ph,0.5498
pf,pk,0.6956
pf,pl,0.506
pf,pm,0.6107
pf,pn,0.6835
pf,pr,0.5475
pf,ps,0.603
pf,pt,0.6971
pf,pw,0.8006
pf,py,0.4942
pf,qa,0.5956
pf,re,0.6343
pf,ro,0.6158
pf,rs,0.6071
pf,ru,0.6483
pf,rw,0.6803
pf,sa,0.775
pf,sb,0.6933
pf,sc,0.5641
pf,sd,0.5303
pf,se,0.6989
pf,sg,0.5547
pf,sh,0.7086
pf,si,0.6821
pf,sj,0.5756
pf,sk,0.6154
pf,sl,0.5824
pf,sm,0.5876
pf,sn,0.6528
pf,so,0.7275
pf,sr,0.6274
pf,ss,0.6418
pf,st,0.677
pf,sv,0.6095
pf,sx,0.5873
pf,sy,0.5892
pf,sz,0.6777
pf,tc,0.7082
pf,td,0.6236
pf,tf,0.6717
pf,tg,0.6155
pf,th,0.5738
pf,tj,0.4397
pf,tk,0.7289
pf,tl,0.6551
pf,tm,0.7364
pf,tn,0.6649
pf,to,0.6771
pf,tr,0.6586
pf,tt,0.5493
pf,tv,0.7069
pf,tw,0.7094
pf,tz,0.7213
pf,ua,0.7043
pf,ug,0.6706
pf,um,0.5183
pf,us,0.5183
pf,uy,0.5922
pf,uz,0.5509
pf,va,0.6223
pf,vc,0.6676
pf,ve,0.6013
pf,vg,0.6913
pf,vi,0.5811
pf,vn,0.7244
pf,vu,0.6562
pf,wf,0.5138
pf,ws,0.5753
pf,xk,0.7132
pf,ye,0.4562
pf,yt,0.5687
pf,za,0.6479
pf,zm,0.7541
pf,zw,0.6547
pg,ad,0.5027
pg,ae,0.5696
pg,af,0.4669
pg,ag,0.5109
pg,ai,0.5882
pg,al,0.6065
pg,am,0.5882
pg,ao,0.2831
pg,aq,0.8211
pg,ar,0.8117
pg,as,0.634
pg,at,0.6172
pg,au,0.6135
pg,aw,0.7469
pg,ax,0.6225
pg,az,0.6448
pg,ba,0.5897
pg,bb,0.615
pg,bd,0.6153
pg,be,0.4917
pg,bf,0.5501
pg,bg,0.6934
pg,bh,0.7193
pg,bi,0.6481
pg,bj,0.5337
pg,bl,0.8754
pg,bm,0.4686
pg,bn,0.6789
pg,bo,0.5258
pg,bq,0.7229
pg,br,0.6114
pg,bs,0.5533
pg,bt,0.6664
pg,bv,0.5722
pg,bw,0.7149
pg,by,0.4313
pg,bz,0.588
pg,ca,0.7138
pg,cc,0.6479
pg,cd,0.7022
pg,cf,0.6488
pg,cg,0.5921
pg,ch,0.685
pg,ci,0.7704
pg,ck,0.5908
pg,cl,0.6682
pg,cm,0.4974
pg,cn,0.6322
pg,co,0.5566
pg,cr,0.6813
pg,cu,0.6844
pg,cv,0.6752
pg,cw,0.6498
pg,cx,0.5764
pg,cy,0.9354
pg,cz,0.6402
pg,de,0.5958
pg,dj,0.7664
pg,dk,0.5679
pg,dm,0.5616
pg,do,0.6112
pg,dz,0.7083
pg,ec,0.6105
pg,ee,0.7526
pg,eg,0.515
pg,eh,0.5811
pg,er,0.5985
pg,es,0.5605
pg,et,0.5987
pg,fi,0.8195
pg,fj,0.7047
pg,fk,0.5736
pg,fm,0.8117
pg,fo,0.819
pg,fr,0.6103
pg,ga,0.659
pg,gb-eng,0.8299
pg,gb-nir,0.8634
pg,gb-sct,0.7781
pg,gb-wls,0.6283
pg,gb,0.5908
pg,gd,0.5136
pg,ge,0.8191
pg,gf,0.7518
pg,gg,0.8286
pg,gh,0.47
pg,gi,0.7506
pg,gl,0.7009
pg,gm,0.4764
pg,gn,0.5989
pg,gp,0.4927
pg,gq,0.6558
pg,gr,0.757
pg,gs,0.5655
pg,gt,0.7888
pg,gu,0.5993
pg,gw,0.5149
pg,gy,0.597
pg,hk,0.6394
pg,hm,0.6392
pg,hn,0.8587
pg,hr,0.6356
pg,ht,0.5555
pg,hu,0.6472
pg,id,0.8061
pg,ie,0.6991
pg,il,0.83
pg,im,0.4746
pg,in,0.6324
pg,io,0.6409
pg,iq,0.511
pg,ir,0.7089
pg,is,0.6437
pg,it,0.6688
pg,je,0.8394
pg,jm,0.5213
pg,jo,0.5503
pg,jp,0.9101
pg,ke,0.4788
pg,kg,0.6348
pg,kh,0.5704
pg,ki,0.6005
pg,km,0.5697
pg,kn,0.4531
pg,kp,0.6005
pg,kr,0.8733
pg,kw,0.5815
pg,ky,0.5786
pg,kz,0.7572
pg,la,0.5128
pg,lb,0.6657
pg,lc,0.8442
pg,li,0.5387
pg,lk,0.5286
pg,lr,0.6473
pg,ls,0.7035
pg,lt,0.5532
pg,lu,0.7225
pg,lv,0.6278
pg,ly,0.4246
pg,ma,0.5764
pg,mc,0.7502
pg,md,0.4995
pg,me,0.5847
pg,mf,0.6103
pg,mg,0.6981
pg,mh,0.6463
pg,mk,0.5888
pg,ml,0.5313
pg,mm,0.6317
pg,mn,0.5787
pg,mo,0.662
pg,mp,0.6598
pg,mq,0.5926
pg,mr,0.5911
pg,ms,0.5812
pg,mt,0.7373
pg,mu,0.5568
pg,mv,0.4636
pg,mw,0.4245
pg,mx,0.5868
pg,my,0.6338
pg,mz,0.6197
pg,na,0.5431
pg,nc,0.5846
pg,ne,0.6415
pg,nf,0.691
pg,ng,0.7481
pg,ni,0.7826
pg,nl,0.6508
pg,no,0.5722
pg,np,0.5467
pg,nr,0.6314
pg,nu,0.7215
pg,nz,0.6056
pg,om,0.5429
pg,pa,0.7132
pg,pe,0.6378
pg,pf,0.6575
pg,pg,0.0
pg,ph,0.6686
pg,pk,0.7357
pg,pl,0.7121
pg,pm,0.6466
pg,pn,0.5584
pg,pr,0.6604
pg,ps,0.6178
pg,pt,0.5253
pg,pw,0.839
pg,py,0.6522
pg,qa,0.712
pg,re,0.7049
pg,ro,0.5029
pg,rs,0.7133
pg,ru,0.6926
pg,rw,0.6864
pg,sa,0.604
pg,sb,0.5961
pg,sc,0.585
pg,sd,0.4499
pg,se,0.6435
pg,sg,0.8046
pg,sh,0.5846
pg,si,0.7401
pg,sj,0.5722
pg,sk,0.6937
pg,sl,0.7439
pg,sm,0.7949
pg,sn,0.5727
pg,so,0.7892
pg,sr,0.6011
pg,ss,0.5577
pg,st,0.6187
pg,sv,0.7422
pg,sx,0.6067
pg,sy,0.597
pg,sz,0.545
pg,tc,0.5836
pg,td,0.4908
pg,tf,0.6485
pg,tg,0.5737
pg,th,0.6373
pg,tj,0.674
pg,tk,0.6144
pg,tl,0.5227
pg,tm,0.6186
pg,tn,0.6322
pg,to,0.6444
pg,tr,0.626
pg,tt,0.4475
pg,tv,0.723
pg,tw,0.6118
pg,tz,0.5943
pg,ua,0.7478
pg,ug,0.5595
pg,um,0.6307
pg,us,0.6307
pg,uy,0.8021
pg,uz,0.7283
pg,va,0.8308
pg,vc,0.5957
pg,ve,0.5261
pg,vg,0.5699
pg,vi,0.8403
pg,vn,0.6571
pg,vu,0.3809
pg,wf,0.4722
pg,ws,0.453
pg,xk,0.6555
pg,ye,0.5351
pg,yt,0.8739
pg,za,0.5164
pg,zm,0.559
pg,zw,0.6078
ph,ad,0.6157
ph,ae,0.5807
ph,af,0.6413
ph,ag,0.5329
ph,ai,0.6329
ph,al,0.6987
ph,am,0.5976
ph,ao,0.6536
ph,aq,0.7008
ph,ar,0.6349
ph,as,0.6646
ph,at,0.5474
ph,au,0.6282
ph,aw,0.6139
ph,ax,0.6084
ph,az,0.5453
ph,ba,0.694
ph,bb,0.6553
ph,bd,0.6459
ph,be,0.7163
ph,bf,0.7163
ph,bg,0.617
ph,bh,0.574
ph,bi,0.5899
ph,bj,0.6501
ph,bl,0.6825
ph,bm,0.4906
ph,bn,0.698
ph,bo,0.6484
ph,bq,0.6169
ph,br,0.6305
ph,bs,0.699
ph,bt,0.6401
ph,bv,0.5841
ph,bw,0.6469
ph,by,0.5718
ph,bz,0.6054
ph,ca,0.7181
ph,cc,0.7143
ph,cd,0.653
ph,cf,0.5262
ph,cg,0.6069
ph,ch,0.7149
ph,ci,0.6724
ph,ck,0.6134
ph,cl,0.6144
ph,cm,0.6174
ph,cn,0.6833
ph,co,0.6704
ph,cr,0.5927
ph,cu,0.6469
ph,cv,0.5777
ph,cw,0.6143
ph,cx,0.6546
ph,cy,0.7551
ph,cz,0.6553
ph,de,0.6215
ph,dj,0.5533
ph,dk,0.5539
ph,dm,0.6055
ph,do,0.5842
ph,dz,0.743
ph,ec,0.6709
ph,ee,0.6495
ph,eg,0.621
ph,eh,0.6431
ph,er,0.6085
ph,es,0.6166
ph,et,0.5146
ph,fi,0.6945
ph,fj,0.6228
ph,fk,0.6075
ph,fm,0.6798
ph,fo,0.6671
ph,fr,0.6628
ph,ga,0.5969
ph,gb-eng,0.6802
ph,gb-nir,0.7186
ph,gb-sct,0.6621
ph,gb-wls,0.6184
ph,gb,0.5325
ph,gd,0.5783
ph,ge,0.6957
ph,gf,0.578
ph,gg,0.6912
ph,gh,0.6156
ph,gi,0.6092
ph,gl,0.5887
ph,gm,0.5808
ph,gn,0.612
ph,gp,0.6267
ph,gq,0.574
ph,gr,0.6224
ph,gs,0.5951
ph,gt,0.6663
ph,gu,0.6277
ph,gw,0.6966
ph,gy,0.6179
ph,hk,0.6736
ph,hm,0.6491
ph,hn,0.6936
ph,hr,0.6679
ph,ht,0.4438
ph,hu,0.6188
ph,id,0.7727
ph,ie,0.6886
ph,il,0.6325
ph,im,0.5572
ph,in,0.666
ph,io,0.5671
ph,iq,0.6202
ph,ir,0.5321
ph,is,0.5886
ph,it,0.6756
ph,je,0.6666
ph,jm,0.6681
ph,jo,0.6237
ph,jp,0.724
ph,ke,0.6131
ph,kg,0.7272
ph,kh,0.5337
ph,ki,0.6561
ph,km,0.6602
ph,kn,0.539
ph,kp,0.5853
ph,kr,0.7005
ph,kw,0.585
ph,ky,0.6103
ph,kz,0.6726
ph,la,0.5738
ph,lb,0.5498
ph,lc,0.6819
ph,li,0.4324
ph,lk,0.5795
ph,lr,0.582
ph,ls,0.5906
ph,lt,0.6316
ph,lu,0.712
ph,lv,0.6032
ph,ly,0.712
ph,ma,0.6401
ph,mc,0.6713
ph,md,0.586
ph,me,0.6753
ph,mf,0.6628
ph,mg,0.6289
ph,mh,0.6306
ph,mk,0.6256
ph,ml,0.6068
ph,mm,0.6434
ph,mn,0.5769
ph,mo,0.6549
ph,mp,0.5546
ph,mq,0.5561
ph,mr,0.6103
ph,ms,0.6055
ph,mt,0.5396
ph,mu,0.6126
ph,mv,0.5374
ph,mw,0.5723
ph,mx,0.6283
ph,my,0.6253
ph,mz,0.5333
ph,na,0.5643
ph,nc,0.5366
ph,ne,0.6753
ph,nf,0.6853
ph,ng,0.7108
ph,ni,0.64
ph,nl,0.6305
ph,no,0.5841
ph,np,0.4775
ph,nr,0.6449
ph,nu,0.7058
ph,nz,0.629
ph,om,0.6186
ph,pa,0.698
ph,pe,0.6347
ph,pf,0.5498
ph,pg,0.6686
ph,ph,0.0
ph,pk,0.569
ph,pl,0.5776
ph,pm,0.5483
ph,pn,0.5983
ph,pr,0.6745
ph,ps,0.6411
ph,pt,0.6782
ph,pw,0.7354
ph,py,0.633
ph,qa,0.5261
ph,re,0.537
ph,ro,0.6218
ph,rs,0.6277
ph,ru,0.5811
ph,rw,0.5386
ph,sa,0.6737
ph,sb,0.5559
ph,sc,0.6529
ph,sd,0.6575
ph,se,0.6259
ph,sg,0.7078
ph,sh,0.6241
ph,si,0.6431
ph,sj,0.5841
ph,sk,0.5924
ph,sl,0.6485
ph,sm,0.6842
ph,sn,0.6583
ph,so,0.6779
ph,sr,0.5777
ph,ss,0.587
ph,st,0.6316
ph,sv,0.6198
ph,sx,0.569
ph,sy,0.5966
ph,sz,0.5814
ph,tc,0.6302
ph,td,0.6285
ph,tf,0.6236
ph,tg,0.6004
ph,th,0.5875
ph,tj,0.6759
ph,tk,0.6332
ph,tl,0.67
ph,tm,0.6337
ph,tn,0.6982
ph,to,0.6372
ph,tr,0.6774
ph,tt,0.5265
ph,tv,0.6627
ph,tw,0.654
ph,tz,0.6637
ph,ua,0.5526
ph,ug,0.6404
ph,um,0.5723
ph,us,0.5723
ph,uy,0.6207
ph,uz,0.5661
ph,va,0.7391
ph,vc,0.6606
ph,ve,0.6065
ph,vg,0.6017
ph,vi,0.6729
ph,vn,0.7458
ph,vu,0.6525
ph,wf,0.539
ph,ws,0.503
ph,xk,0.6162
ph,ye,0.632
ph,yt,0.6768
ph,za,0.6587
ph,zm,0.6601
ph,zw,0.5576
pk,ad,0.7212
pk,ae,0.6562
pk,af,0.6877
pk,ag,0.6693
pk,ai,0.6363
pk,al,0.7952
pk,am,0.6722
pk,ao,0.6928
pk,aq,0.7239
pk,ar,0.6969
pk,as,0.728
pk,at,0.7178
pk,au,0.6285
pk,aw,0.6674
pk,ax,0.6523
pk,az,0.6301
pk,ba,0.6878
pk,bb,0.6932
pk,bd,0.6611
pk,be,0.7944
pk,bf,0.6632
pk,bg,0.6911
pk,bh,0.6125
pk,bi,0.6501
pk,bj,0.7084
pk,bl,0.7264
pk,bm,0.6707
pk,bn,0.7268
pk,bo,0.6434
pk,bq,0.6203
pk,br,0.6325
pk,bs,0.7018
pk,bt,0.7147
pk,bv,0.6631
pk,bw,0.6712
pk,by,0.6277
pk,bz,0.655
pk,ca,0.8318
pk,cc,0.6635
pk,cd,0.6754
pk,cf,0.6376
pk,cg,0.6853
pk,ch,0.8082
pk,ci,0.697
pk,ck,0.6223
pk,cl,0.7708
pk,cm,0.7108
pk,cn,0.7775
pk,co,0.6962
pk,cr,0.6636
pk,cu,0.6817
pk,cv,0.6423
pk,cw,0.6475
pk,cx,0.6191
pk,cy,0.7827
pk,cz,0.7625
pk,de,0.7086
pk,dj,0.572
pk,dk,0.7429
pk,dm,0.6204
pk,do,0.6756
pk,dz,0.8078
pk,ec,0.689
pk,ee,0.6904
pk,eg,0.6921
pk,eh,0.6697
pk,er,0.6421
pk,es,0.6799
pk,et,0.6257
pk,fi,0.6863
pk,fj,0.6518
pk,fk,0.6193
pk,fm,0.7229
pk,fo,0.6914
pk,fr,0.7682
pk,ga,0.6242
pk,gb-eng,0.7544
pk,gb-nir,0.7574
pk,gb-sct,0.6663
pk,gb-wls,0.6288
pk,gb,0.6287
pk,gd,0.6494
pk,ge,0.7648
pk,gf,0.6271
pk,gg,0.7407
pk,gh,0.6549
pk,gi,0.734
pk,gl,0.732
pk,gm,0.6168
pk,gn,0.6703
pk,gp,0.6526
pk,gq,0.6826
pk,gr,0.6523
pk,gs,0.6034
pk,gt,0.7111
pk,gu,0.6417
pk,gw,0.6847
pk,gy,0.6258
pk,hk,0.7641
pk,hm,0.6621
pk,hn,0.713
pk,hr,0.6905
pk,ht,0.6696
pk,hu,0.649
pk,id,0.7782
pk,ie,0.7542
pk,il,0.7056
pk,im,0.7438
pk,in,0.6667
pk,io,0.6126
pk,iq,0.6824
pk,ir,0.6651
pk,is,0.6558
pk,it,0.7415
pk,je,0.7562
pk,jm,0.6537
pk,jo,0.6488
pk,jp,0.7774
pk,ke,0.6319
pk,kg,0.8157
pk,kh,0.6533
pk,ki,0.652
pk,km,0.6806
pk,kn,0.6587
pk,kp,0.6758
pk,kr,0.7454
pk,kw,0.7421
pk,ky,0.615
pk,kz,0.6562
pk,la,0.6652
pk,lb,0.6978
pk,lc,0.739
pk,li,0.6569
pk,lk,0.6482
pk,lr,0.698
pk,ls,0.6479
pk,lt,0.6541
pk,lu,0.6916
pk,lv,0.6868
pk,ly,0.6757
pk,ma,0.7199
pk,mc,0.7367
pk,md,0.6877
pk,me,0.7502
pk,mf,0.7682
pk,mg,0.546
pk,mh,0.6438
pk,mk,0.6911
pk,ml,0.6961
pk,mm,0.6718
pk,mn,0.6447
pk,mo,0.6431
pk,mp,0.6645
pk,mq,0.5931
pk,mr,0.6387
pk,ms,0.6136
pk,mt,0.6472
pk,mu,0.6302
pk,mv,0.6602
pk,mw,0.633
pk,mx,0.7383
pk,my,0.7095
pk,mz,0.631
pk,na,0.6026
pk,nc,0.6134
pk,ne,0.6662
pk,nf,0.7282
pk,ng,0.7251
pk,ni,0.6846
pk,nl,0.6515
pk,no,0.6631
pk,np,0.5763
pk,nr,0.6731
pk,nu,0.7589
pk,nz,0.6314
pk,om,0.7199
pk,pa,0.7119
pk,pe,0.7819
pk,pf,0.6956
pk,pg,0.7357
pk,ph,0.569
pk,pk,0.0
pk,pl,0.7538
pk,pm,0.5569
pk,pn,0.599
pk,pr,0.7364
pk,ps,0.6553
pk,pt,0.767
pk,pw,0.7448
pk,py,0.6704
pk,qa,0.5459
pk,re,0.6815
pk,ro,0.7188
pk,rs,0.6507
pk,ru,0.698
pk,rw,0.6363
pk,sa,0.6543
pk,sb,0.5749
pk,sc,0.6758
pk,sd,0.7226
pk,se,0.6639
pk,sg,0.7252
pk,sh,0.6235
pk,si,0.7612
pk,sj,0.6631
pk,sk,0.6968
pk,sl,0.6448
pk,sm,0.6893
pk,sn,0.7231
pk,so,0.7024
pk,sr,0.6143
pk,ss,0.5897
pk,st,0.6388
pk,sv,0.6753
pk,sx,0.5529
pk,sy,0.6502
pk,sz,0.6312
pk,tc,0.6248
pk,td,0.7257
pk,tf,0.6355
pk,tg,0.6159
pk,th,0.6366
pk,tj,0.6899
pk,tk,0.6777
pk,tl,0.7491
pk,tm,0.6006
pk,tn,0.7869
pk,to,0.7228
pk,tr,0.7728
pk,tt,0.6985
pk,tv,0.6512
pk,tw,0.7792
pk,tz,0.6445
pk,ua,0.6969
pk,ug,0.6845
pk,um,0.6633
pk,us,0.6633
pk,uy,0.6773
pk,uz,0.6444
pk,va,0.7978
pk,vc,0.6932
pk,ve,0.6782
pk,vg,0.605
pk,vi,0.7158
pk,vn,0.8322
pk,vu,0.6499
pk,wf,0.7126
pk,ws,0.7084
pk,xk,0.6532
pk,ye,0.697
pk,yt,0.7358
pk,za,0.6523
pk,zm,0.665
pk,zw,0.577
pl,ad,0.6429
pl,ae,0.6274
pl,af,0.7454
pl,ag,0.6911
pl,ai,0.732
pl,al,0.7778
pl,am,0.7446
pl,ao,0.7052
pl,aq,0.7077
pl,ar,0.601
pl,as,0.703
pl,at,0.5219
pl,au,0.7559
pl,aw,0.6965
pl,ax,0.7127
pl,az,0.6297
pl,ba,0.7489
pl,bb,0.7584
pl,bd,0.7863
pl,be,0.7128
pl,bf,0.7649
pl,bg,0.4783
pl,bh,0.6178
pl,bi,0.5603
pl,bj,0.644
pl,bl,0.5465
pl,bm,0.4918
pl,bn,0.5948
pl,bo,0.7074
pl,bq,0.6139
pl,br,0.7595
pl,bs,0.7655
pl,bt,0.5869
pl,bv,0.6569
pl,bw,0.6922
pl,by,0.6496
pl,bz,0.7234
pl,ca,0.644
pl,cc,0.8605
pl,cd,0.7243
pl,cf,0.5719
pl,cg,0.6554
pl,ch,0.7087
pl,ci,0.6318
pl,ck,0.7304
pl,cl,0.4332
pl,cm,0.6451
pl,cn,0.7173
pl,co,0.5987
pl,cr,0.6345
pl,cu,0.6711
pl,cv,0.7798
pl,cw,0.8118
pl,cx,0.7633
pl,cy,0.5686
pl,cz,0.4246
pl,de,0.8256
pl,dj,0.5815
pl,dk,0.5374
pl,dm,0.7556
pl,do,0.6015
pl,dz,0.6528
pl,ec,0.6162
pl,ee,0.7881
pl,eg,0.6186
pl,eh,0.7681
pl,er,0.6829
pl,es,0.6693
pl,et,0.6592
pl,fi,0.6293
pl,fj,0.6693
pl,fk,0.7124
pl,fm,0.7018
pl,fo,0.5502
pl,fr,0.6071
pl,ga,0.7061
pl,gb-eng,0.5114
pl,gb-nir,0.554
pl,gb-sct,0.6556
pl,gb-wls,0.5129
pl,gb,0.5646
pl,gd,0.6153
pl,ge,0.5689
pl,gf,0.7576
pl,gg,0.5386
pl,gh,0.6773
pl,gi,0.4225
pl,gl,0.3356
pl,gm,0.6585
pl,gn,0.6434
pl,gp,0.7837
pl,gq,0.6215
pl,gr,0.625
pl,gs,0.7244
pl,gt,0.6267
pl,gu,0.7869
pl,gw,0.6385
pl,gy,0.6648
pl,hk,0.6848
pl,hm,0.7774
pl,hn,0.7184
pl,hr,0.6747
pl,ht,0.6017
pl,hu,0.6114
pl,id,0.8202
pl,ie,0.5954
pl,il,0.5986
pl,im,0.5908
pl,in,0.6238
pl,io,0.6032
pl,iq,0.6187
pl,ir,0.558
pl,is,0.688
pl,it,0.6298
pl,je,0.5209
pl,jm,0.7604
pl,jo,0.7359
pl,jp,0.5617
pl,ke,0.7881
pl,kg,0.7573
pl,kh,0.7151
pl,ki,0.7382
pl,km,0.5789
pl,kn,0.6898
pl,kp,0.6688
pl,kr,0.557
pl,kw,0.6258
pl,ky,0.7328
pl,kz,0.7781
pl,la,0.6531
pl,lb,0.512
pl,lc,0.7096
pl,li,0.6439
pl,lk,0.6204
pl,lr,0.555
pl,ls,0.6964
pl,lt,0.6402
pl,lu,0.696
pl,lv,0.6578
pl,ly,0.8381
pl,ma,0.7137
pl,mc,0.7245
pl,md,0.6441
pl,me,0.7143
pl,mf,0.6071
pl,mg,0.6383
pl,mh,0.7353
pl,mk,0.6356
pl,ml,0.6423
pl,mm,0.5946
pl,mn,0.6853
pl,mo,0.7891
pl,mp,0.7732
pl,mq,0.7014
pl,mr,0.7267
pl,ms,0.729
pl,mt,0.5096
pl,mu,0.7381
pl,mv,0.6274
pl,mw,0.7578
pl,mx,0.6009
pl,my,0.6654
pl,mz,0.7111
pl,na,0.6815
pl,nc,0.7121
pl,ne,0.6754
pl,nf,0.7038
pl,ng,0.7109
pl,ni,0.7031
pl,nl,0.6523
pl,no,0.6569
pl,np,0.6101
pl,nr,0.8326
pl,nu,0.6868
pl,nz,0.7585
pl,om,0.4809
pl,pa,0.619
pl,pe,0.5271
pl,pf,0.506
pl,pg,0.7121
pl,ph,0.5776
pl,pk,0.7538
pl,pl,0.0
pl,pm,0.649
pl,pn,0.7194
pl,pr,0.6664
pl,ps,0.7669
pl,pt,0.7587
pl,pw,0.8123
pl,py,0.6661
pl,qa,0.6383
pl,re,0.6322
pl,ro,0.6507
pl,rs,0.6986
pl,ru,0.4843
pl,rw,0.6625
pl,sa,0.8286
pl,sb,0.7119
pl,sc,0.6723
pl,sd,0.6442
pl,se,0.7466
pl,sg,0.7235
pl,sh,0.742
pl,si,0.5272
pl,sj,0.6569
pl,sk,0.4493
pl,sl,0.684
pl,sm,0.5096
pl,sn,0.6831
pl,so,0.7421
pl,sr,0.6336
pl,ss,0.7883
pl,st,0.729
pl,sv,0.7072
pl,sx,0.7158
pl,sy,0.6769
pl,sz,0.6477
pl,tc,0.7409
pl,td,0.6623
pl,tf,0.7074
pl,tg,0.6846
pl,th,0.6201
pl,tj,0.6801
pl,tk,0.7887
pl,tl,0.7117
pl,tm,0.7834
pl,tn,0.7261
pl,to,0.6555
pl,tr,0.7293
pl,tt,0.6021
pl,tv,0.7533
pl,tw,0.7309
pl,tz,0.7933
pl,ua,0.7353
pl,ug,0.7295
pl,um,0.592
pl,us,0.592
pl,uy,0.5807
pl,uz,0.572
pl,va,0.6008
pl,vc,0.7071
pl,ve,0.594
pl,vg,0.7271
pl,vi,0.5446
pl,vn,0.776
pl,vu,0.7309
pl,wf,0.5485
pl,ws,0.606
pl,xk,0.7436
pl,ye,0.6196
pl,yt,0.5227
pl,za,0.6982
pl,zm,0.804
pl,zw,0.7019
pm,ad,0.6282
pm,ae,0.555
pm,af,0.5608
pm,ag,0.5916
pm,ai,0.5599
pm,al,0.7477
pm,am,0.6136
pm,ao,0.6392
pm,aq,0.5225
pm,ar,0.5405
pm,as,0.5968
pm,at,0.6206
pm,au,0.5717
pm,aw,0.5394
pm,ax,0.5457
pm,az,0.5019
pm,ba,0.566
pm,bb,0.5898
pm,bd,0.5771
pm,be,0.651
pm,bf,0.5855
pm,bg,0.6025
pm,bh,0.6435
pm,bi,0.5853
pm,bj,0.5986
pm,bl,0.629
pm,bm,0.5834
pm,bn,0.6441
pm,bo,0.5414
pm,bq,0.5659
pm,br,0.5335
pm,bs,0.5351
pm,bt,0.6206
pm,bv,0.5509
pm,bw,0.5551
pm,by,0.5736
pm,bz,0.569
pm,ca,0.6693
pm,cc,0.6158
pm,cd,0.5148
pm,cf,0.5302
pm,cg,0.5872
pm,ch,0.7425
pm,ci,0.5556
pm,ck,0.5503
pm,cl,0.6271
pm,cm,0.6061
pm,cn,0.7067
pm,co,0.6104
pm,cr,0.5598
pm,cu,0.5455
pm,cv,0.5513
pm,cw,0.5705
pm,cx,0.5231
pm,cy,0.6812
pm,cz,0.6341
pm,de,0.6364
pm,dj,0.5179
pm,dk,0.6236
pm,dm,0.519
pm,do,0.5485
pm,dz,0.6234
pm,ec,0.6023
pm,ee,0.6174
pm,eg,0.5964
pm,eh,0.5589
pm,er,0.4874
pm,es,0.5824
pm,et,0.519
pm,fi,0.6386
pm,fj,0.4953
pm,fk,0.5383
pm,fm,0.5884
pm,fo,0.625
pm,fr,0.6368
pm,ga,0.477
pm,gb-eng,0.6672
pm,gb-nir,0.6762
pm,gb-sct,0.5715
pm,gb-wls,0.5354
pm,gb,0.5134
pm,gd,0.5609
pm,ge,0.6689
pm,gf,0.5631
pm,gg,0.6579
pm,gh,0.5481
pm,gi,0.6224
pm,gl,0.6343
pm,gm,0.5412
pm,gn,0.5341
pm,gp,0.5828
pm,gq,0.5798
pm,gr,0.539
pm,gs,0.5363
pm,gt,0.5613
pm,gu,0.5776
pm,gw,0.5495
pm,gy,0.4655
pm,hk,0.6907
pm,hm,0.6052
pm,hn,0.5742
pm,hr,0.5849
pm,ht,0.5553
pm,hu,0.5362
pm,id,0.7041
pm,ie,0.6101
pm,il,0.5861
pm,im,0.6743
pm,in,0.5603
pm,io,0.4846
pm,iq,0.5926
pm,ir,0.5465
pm,is,0.5428
pm,it,0.6134
pm,je,0.6312
pm,jm,0.5687
pm,jo,0.5575
pm,jp,0.678
pm,ke,0.5739
pm,kg,0.751
pm,kh,0.5368
pm,ki,0.5582
pm,km,0.5538
pm,kn,0.5724
pm,kp,0.5343
pm,kr,0.6323
pm,kw,0.6039
pm,ky,0.5414
pm,kz,0.527
pm,la,0.6158
pm,lb,0.6149
pm,lc,0.5983
pm,li,0.58
pm,lk,0.5508
pm,lr,0.5747
pm,ls,0.5187
pm,lt,0.5837
pm,lu,0.5793
pm,lv,0.5907
pm,ly,0.6361
pm,ma,0.6461
pm,mc,0.6559
pm,md,0.6091
pm,me,0.6867
pm,mf,0.6368
pm,mg,0.5675
pm,mh,0.5395
pm,mk,0.5993
pm,ml,0.6051
pm,mm,0.5898
pm,mn,0.5516
pm,mo,0.5588
pm,mp,0.5636
pm,mq,0.524
pm,mr,0.5655
pm,ms,0.5426
pm,mt,0.6426
pm,mu,0.5419
pm,mv,0.6098
pm,mw,0.5544
pm,mx,0.6068
pm,my,0.5876
pm,mz,0.5452
pm,na,0.4883
pm,nc,0.5015
pm,ne,0.5579
pm,nf,0.5761
pm,ng,0.5966
pm,ni,0.5478
pm,nl,0.5412
pm,no,0.5509
pm,np,0.4833
pm,nr,0.6012
pm,nu,0.6439
pm,nz,0.5744
pm,om,0.5735
pm,pa,0.6038
pm,pe,0.6572
pm,pf,0.6107
pm,pg,0.6466
pm,ph,0.5483
pm,pk,0.5569
pm,pl,0.649
pm,pm,0.0
pm,pn,0.5225
pm,pr,0.6694
pm,ps,0.56
pm,pt,0.6952
pm,pw,0.6219
pm,py,0.5583
pm,qa,0.5966
pm,re,0.588
pm,ro,0.6149
pm,rs,0.5759
pm,ru,0.6164
pm,rw,0.5051
pm,sa,0.593
pm,sb,0.4938
pm,sc,0.5563
pm,sd,0.6313
pm,se,0.5605
pm,sg,0.6396
pm,sh,0.5554
pm,si,0.6856
pm,sj,0.5509
pm,sk,0.6088
pm,sl,0.5172
pm,sm,0.5585
pm,sn,0.6134
pm,so,0.5838
pm,sr,0.5317
pm,ss,0.5322
pm,st,0.5142
pm,sv,0.5409
pm,sx,0.5434
pm,sy,0.5443
pm,sz,0.5038
pm,tc,0.5505
pm,td,0.6201
pm,tf,0.5506
pm,tg,0.5171
pm,th,0.5808
pm,tj,0.6055
pm,tk,0.563
pm,tl,0.6609
pm,tm,0.5285
pm,tn,0.7228
pm,to,0.6703
pm,tr,0.7015
pm,tt,0.6144
pm,tv,0.4727
pm,tw,0.7085
pm,tz,0.5066
pm,ua,0.5897
pm,ug,0.6242
pm,um,0.5282
pm,us,0.5282
pm,uy,0.5724
pm,uz,0.5002
pm,va,0.6473
pm,vc,0.5761
pm,ve,0.6101
pm,vg,0.5309
pm,vi,0.603
pm,vn,0.7717
pm,vu,0.5583
pm,wf,0.65
pm,ws,0.625
pm,xk,0.5423
pm,ye,0.6089
pm,yt,0.6263
pm,za,0.5537
pm,zm,0.6097
pm,zw,0.562
pn,ad,0.6069
pn,ae,0.576
pn,af,0.5169
pn,ag,0.602
pn,ai,0.168
pn,al,0.72
pn,am,0.6059
pn,ao,0.5329
pn,aq,0.6726
pn,ar,0.6884
pn,as,0.6185
pn,at,0.6797
pn,au,0.1699
pn,aw,0.6078
pn,ax,0.5623
pn,az,0.5707
pn,ba,0.5503
pn,bb,0.4202
pn,bd,0.552
pn,be,0.6514
pn,bf,0.5559
pn,bg,0.6385
pn,bh,0.7001
pn,bi,0.6294
pn,bj,0.6214
pn,bl,0.7874
pn,bm,0.5379
pn,bn,0.7021
pn,bo,0.5555
pn,bq,0.6069
pn,br,0.5453
pn,bs,0.5467
pn,bt,0.7072
pn,bv,0.5639
pn,bw,0.6172
pn,by,0.5504
pn,bz,0.5368
pn,ca,0.7438
pn,cc,0.5988
pn,cd,0.5933
pn,cf,0.6009
pn,cg,0.6516
pn,ch,0.752
pn,ci,0.6704
pn,ck,0.1652
pn,cl,0.6957
pn,cm,0.6138
pn,cn,0.7103
pn,co,0.6012
pn,cr,0.6184
pn,cu,0.5989
pn,cv,0.5795
pn,cw,0.361
pn,cx,0.3954
pn,cy,0.8477
pn,cz,0.6664
pn,de,0.6853
pn,dj,0.6135
pn,dk,0.6556
pn,dm,0.5306
pn,do,0.5707
pn,dz,0.7154
pn,ec,0.6235
pn,ee,0.6816
pn,eg,0.6031
pn,eh,0.5755
pn,er,0.5557
pn,es,0.6305
pn,et,0.582
pn,fi,0.6727
pn,fj,0.5482
pn,fk,0.1461
pn,fm,0.682
pn,fo,0.7426
pn,fr,0.6487
pn,ga,0.5836
pn,gb-eng,0.785
pn,gb-nir,0.7976
pn,gb-sct,0.6446
pn,gb-wls,0.5711
pn,gb,0.5273
pn,gd,0.5792
pn,ge,0.7818
pn,gf,0.6694
pn,gg,0.7776
pn,gh,0.5553
pn,gi,0.7196
pn,gl,0.7151
pn,gm,0.5072
pn,gn,0.5972
pn,gp,0.5374
pn,gq,0.6301
pn,gr,0.6339
pn,gs,0.1104
pn,gt,0.6606
pn,gu,0.3244
pn,gw,0.583
pn,gy,0.5441
pn,hk,0.7015
pn,hm,0.4627
pn,hn,0.7018
pn,hr,0.6163
pn,ht,0.5651
pn,hu,0.6105
pn,id,0.8028
pn,ie,0.687
pn,il,0.7129
pn,im,0.6561
pn,in,0.6069
pn,io,0.4655
pn,iq,0.5945
pn,ir,0.6571
pn,is,0.5428
pn,it,0.6593
pn,je,0.7887
pn,jm,0.5603
pn,jo,0.5709
pn,jp,0.8299
pn,ke,0.5345
pn,kg,0.7495
pn,kh,0.5345
pn,ki,0.5804
pn,km,0.5961
pn,kn,0.553
pn,kp,0.5684
pn,kr,0.7788
pn,kw,0.6159
pn,ky,0.1253
pn,kz,0.6008
pn,la,0.4827
pn,lb,0.6843
pn,lc,0.7071
pn,li,0.4651
pn,lk,0.578
pn,lr,0.6339
pn,ls,0.6001
pn,lt,0.5729
pn,lu,0.6521
pn,lv,0.6269
pn,ly,0.55
pn,ma,0.6367
pn,mc,0.7641
pn,md,0.5871
pn,me,0.689
pn,mf,0.6487
pn,mg,0.6323
pn,mh,0.5505
pn,mk,0.6472
pn,ml,0.6319
pn,mm,0.6408
pn,mn,0.5695
pn,mo,0.5656
pn,mp,0.5381
pn,mq,0.5115
pn,mr,0.5729
pn,ms,0.128
pn,mt,0.7144
pn,mu,0.536
pn,mv,0.5748
pn,mw,0.5346
pn,mx,0.626
pn,my,0.6562
pn,mz,0.6002
pn,na,0.5164
pn,nc,0.5274
pn,ne,0.6276
pn,nf,0.6078
pn,ng,0.6498
pn,ni,0.6424
pn,nl,0.5973
pn,no,0.5639
pn,np,0.4994
pn,nr,0.3447
pn,nu,0.7463
pn,nz,0.1395
pn,om,0.6224
pn,pa,0.6336
pn,pe,0.7078
pn,pf,0.6835
pn,pg,0.5584
pn,ph,0.5983
pn,pk,0.599
pn,pl,0.7194
pn,pm,0.5225
pn,pn,0.0
pn,pr,0.6884
pn,ps,0.5949
pn,pt,0.6586
pn,pw,0.6871
pn,py,0.6019
pn,qa,0.6392
pn,re,0.6086
pn,ro,0.5487
pn,rs,0.641
pn,ru,0.6324
pn,rw,0.5941
pn,sa,0.5432
pn,sb,0.4982
pn,sc,0.5639
pn,sd,0.5775
pn,se,0.5646
pn,sg,0.7646
pn,sh,0.1284
pn,si,0.6892
pn,sj,0.5639
pn,sk,0.6347
pn,sl,0.6238
pn,sm,0.6728
pn,sn,0.6314
pn,so,0.6424
pn,sr,0.5753
pn,ss,0.5448
pn,st,0.5914
pn,sv,0.6164
pn,sx,0.5504
pn,sy,0.5843
pn,sz,0.525
pn,tc,0.1422
pn,td,0.5498
pn,tf,0.5129
pn,tg,0.565
pn,th,0.5939
pn,tj,0.6542
pn,tk,0.4265
pn,tl,0.644
pn,tm,0.5307
pn,tn,0.7127
pn,to,0.6615
pn,tr,0.7058
pn,tt,0.6157
pn,tv,0.5063
pn,tw,0.717
pn,tz,0.5357
pn,ua,0.6994
pn,ug,0.6273
pn,um,0.6143
pn,us,0.6143
pn,uy,0.667
pn,uz,0.6158
pn,va,0.8086
pn,vc,0.5267
pn,ve,0.5313
pn,vg,0.1071
pn,vi,0.7515
pn,vn,0.7681
pn,vu,0.5142
pn,wf,0.6335
pn,ws,0.5898
pn,xk,0.5483
pn,ye,0.6154
pn,yt,0.7819
pn,za,0.5241
pn,zm,0.5921
pn,zw,0.6046
pr,ad,0.5723
pr,ae,0.7114
pr,af,0.6485
pr,ag,0.635
pr,ai,0.7091
pr,al,0.6502
pr,am,0.6244
pr,ao,0.7048
pr,aq,0.7109
pr,ar,0.6736
pr,as,0.6191
pr,at,0.6323
pr,au,0.7326
pr,aw,0.701
pr,ax,0.6834
pr,az,0.686
pr,ba,0.6581
pr,bb,0.6752
pr,bd,0.7379
pr,be,0.6262
pr,bf,0.6887
pr,bg,0.648
pr,bh,0.6587
pr,bi,0.5717
pr,bj,0.6008
pr,bl,0.6923
pr,bm,0.607
pr,bn,0.6997
pr,bo,0.6643
pr,bq,0.731
pr,br,0.7125
pr,bs,0.7219
pr,bt,0.6483
pr,bv,0.6171
pr,bw,0.6691
pr,by,0.6786
pr,bz,0.6043
pr,ca,0.6537
pr,cc,0.8127
pr,cd,0.7525
pr,cf,0.6212
pr,cg,0.6148
pr,ch,0.6038
pr,ci,0.7309
pr,ck,0.7033
pr,cl,0.6255
pr,cm,0.5928
pr,cn,0.7101
pr,co,0.6529
pr,cr,0.6044
pr,cu,0.6182
pr,cv,0.6992
pr,cw,0.7299
pr,cx,0.6952
pr,cy,0.7411
pr,cz,0.5841
pr,de,0.733
pr,dj,0.7183
pr,dk,0.6698
pr,dm,0.6967
pr,do,0.6533
pr,dz,0.6634
pr,ec,0.6368
pr,ee,0.737
pr,eg,0.6657
pr,eh,0.7215
pr,er,0.6992
pr,es,0.6373
pr,et,0.6552
pr,fi,0.686
pr,fj,0.6593
pr,fk,0.6853
pr,fm,0.714
pr,fo,0.6498
pr,fr,0.5985
pr,ga,0.7035
pr,gb-eng,0.6751
pr,gb-nir,0.6774
pr,gb-sct,0.6909
pr,gb-wls,0.6755
pr,gb,0.5865
pr,gd,0.5759
pr,ge,0.6375
pr,gf,0.7845
pr,gg,0.6731
pr,gh,0.6736
pr,gi,0.6705
pr,gl,0.6585
pr,gm,0.5872
pr,gn,0.6964
pr,gp,0.7157
pr,gq,0.5964
pr,gr,0.6542
pr,gs,0.693
pr,gt,0.653
pr,gu,0.6945
pr,gw,0.684
pr,gy,0.6804
pr,hk,0.6681
pr,hm,0.7487
pr,hn,0.7637
pr,hr,0.603
pr,ht,0.6328
pr,hu,0.6095
pr,id,0.6502
pr,ie,0.5888
pr,il,0.6753
pr,im,0.6832
pr,in,0.6393
pr,io,0.6193
pr,iq,0.6589
pr,ir,0.6138
pr,is,0.6768
pr,it,0.6047
pr,je,0.6873
pr,jm,0.7373
pr,jo,0.7277
pr,jp,0.7534
pr,ke,0.6772
pr,kg,0.639
pr,kh,0.7029
pr,ki,0.6288
pr,km,0.5965
pr,kn,0.6474
pr,kp,0.7113
pr,kr,0.715
pr,kw,0.6528
pr,ky,0.6943
pr,kz,0.7549
pr,la,0.6118
pr,lb,0.5512
pr,lc,0.7344
pr,li,0.6804
pr,lk,0.6026
pr,lr,0.5779
pr,ls,0.678
pr,lt,0.631
pr,lu,0.6641
pr,lv,0.6713
pr,ly,0.7131
pr,ma,0.6796
pr,mc,0.6736
pr,md,0.5707
pr,me,0.6197
pr,mf,0.5985
pr,mg,0.68
pr,mh,0.6819
pr,mk,0.653
pr,ml,0.6226
pr,mm,0.6175
pr,mn,0.6674
pr,mo,0.7238
pr,mp,0.6897
pr,mq,0.7568
pr,mr,0.6062
pr,ms,0.7093
pr,mt,0.6574
pr,mu,0.6595
pr,mv,0.6363
pr,mw,0.6864
pr,mx,0.5948
pr,my,0.6028
pr,mz,0.6825
pr,na,0.6586
pr,nc,0.6997
pr,ne,0.6578
pr,nf,0.7034
pr,ng,0.702
pr,ni,0.7234
pr,nl,0.6276
pr,no,0.6171
pr,np,0.617
pr,nr,0.757
pr,nu,0.7117
pr,nz,0.7336
pr,om,0.6869
pr,pa,0.6342
pr,pe,0.6638
pr,pf,0.5475
pr,pg,0.6604
pr,ph,0.6745
pr,pk,0.7364
pr,pl,0.6664
pr,pm,0.6694
pr,pn,0.6884
pr,pr,0.0
pr,ps,0.7279
pr,pt,0.5941
pr,pw,0.8196
pr,py,0.6417
pr,qa,0.6779
pr,re,0.5963
pr,ro,0.5875
pr,rs,0.6275
pr,ru,0.6369
pr,rw,0.7073
pr,sa,0.7498
pr,sb,0.6673
pr,sc,0.604
pr,sd,0.6501
pr,se,0.7173
pr,sg,0.6561
pr,sh,0.7152
pr,si,0.6297
pr,sj,0.6171
pr,sk,0.6392
pr,sl,0.6955
pr,sm,0.6676
pr,sn,0.6002
pr,so,0.7276
pr,sr,0.5976
pr,ss,0.6102
pr,st,0.7378
pr,sv,0.71
pr,sx,0.6569
pr,sy,0.7001
pr,sz,0.6805
pr,tc,0.7153
pr,td,0.6008
pr,tf,0.6766
pr,tg,0.6845
pr,th,0.5135
pr,tj,0.6363
pr,tk,0.6794
pr,tl,0.6481
pr,tm,0.7363
pr,tn,0.592
pr,to,0.7119
pr,tr,0.5916
pr,tt,0.6602
pr,tv,0.727
pr,tw,0.5994
pr,tz,0.7381
pr,ua,0.7218
pr,ug,0.6545
pr,um,0.5528
pr,us,0.5528
pr,uy,0.6719
pr,uz,0.672
pr,va,0.7487
pr,vc,0.6405
pr,ve,0.6315
pr,vg,0.6936
pr,vi,0.6959
pr,vn,0.6594
pr,vu,0.6702
pr,wf,0.6582
pr,ws,0.6417
pr,xk,0.6867
pr,ye,0.671
pr,yt,0.6817
pr,za,0.6223
pr,zm,0.7339
pr,zw,0.6705
ps,ad,0.6584
ps,ae,0.3206
ps,af,0.5249
ps,ag,0.5573
ps,ai,0.6095
ps,al,0.759
ps,am,0.6573
ps,ao,0.6118
ps,aq,0.659
ps,ar,0.6214
ps,as,0.5378
ps,at,0.5522
ps,au,0.6425
ps,aw,0.664
ps,ax,0.5916
ps,az,0.5828
ps,ba,0.6586
ps,bb,0.6603
ps,bd,0.6184
ps,be,0.6281
ps,bf,0.5801
ps,bg,0.7918
ps,bh,0.7353
ps,bi,0.6396
ps,bj,0.6732
ps,bl,0.7593
ps,bm,0.6273
ps,bn,0.673
ps,bo,0.4957
ps,bq,0.6997
ps,br,0.5738
ps,bs,0.5277
ps,bt,0.6636
ps,bv,0.5987
ps,bw,0.6952
ps,by,0.5758
ps,bz,0.5988
ps,ca,0.7486
ps,cc,0.6581
ps,cd,0.6677
ps,cf,0.5887
ps,cg,0.6575
ps,ch,0.6935
ps,ci,0.6264
ps,ck,0.6266
ps,cl,0.7112
ps,cm,0.6457
ps,cn,0.7304
ps,co,0.6981
ps,cr,0.6648
ps,cu,0.6064
ps,cv,0.5915
ps,cw,0.644
ps,cx,0.591
ps,cy,0.8064
ps,cz,0.7568
ps,de,0.5961
ps,dj,0.6115
ps,dk,0.6276
ps,dm,0.5407
ps,do,0.5513
ps,dz,0.6692
ps,ec,0.6905
ps,ee,0.7685
ps,eg,0.4464
ps,eh,0.2109
ps,er,0.5696
ps,es,0.6003
ps,et,0.5339
ps,fi,0.8168
ps,fj,0.6152
ps,fk,0.6016
ps,fm,0.7115
ps,fo,0.7702
ps,fr,0.6596
ps,ga,0.5384
ps,gb-eng,0.8006
ps,gb-nir,0.8006
ps,gb-sct,0.6676
ps,gb-wls,0.6629
ps,gb,0.5957
ps,gd,0.638
ps,ge,0.7896
ps,gf,0.598
ps,gg,0.7832
ps,gh,0.5202
ps,gi,0.7426
ps,gl,0.738
ps,gm,0.5373
ps,gn,0.5956
ps,gp,0.6079
ps,gq,0.5264
ps,gr,0.614
ps,gs,0.6086
ps,gt,0.6841
ps,gu,0.6187
ps,gw,0.6017
ps,gy,0.529
ps,hk,0.6787
ps,hm,0.6727
ps,hn,0.6124
ps,hr,0.5127
ps,ht,0.5955
ps,hu,0.4476
ps,id,0.6924
ps,ie,0.6621
ps,il,0.6533
ps,im,0.6831
ps,in,0.501
ps,io,0.5807
ps,iq,0.4506
ps,ir,0.5338
ps,is,0.5676
ps,it,0.6558
ps,je,0.7392
ps,jm,0.609
ps,jo,0.273
ps,jp,0.8291
ps,ke,0.5016
ps,kg,0.7474
ps,kh,0.5476
ps,ki,0.5702
ps,km,0.6163
ps,kn,0.5955
ps,kp,0.598
ps,kr,0.7621
ps,kw,0.4715
ps,ky,0.6141
ps,kz,0.6527
ps,la,0.6209
ps,lb,0.6128
ps,lc,0.7496
ps,li,0.6427
ps,lk,0.6022
ps,lr,0.6356
ps,ls,0.4504
ps,lt,0.7088
ps,lu,0.4999
ps,lv,0.5588
ps,ly,0.6275
ps,ma,0.6765
ps,mc,0.6595
ps,md,0.663
ps,me,0.6922
ps,mf,0.6596
ps,mg,0.6585
ps,mh,0.594
ps,mk,0.6361
ps,ml,0.656
ps,mm,0.6558
ps,mn,0.6059
ps,mo,0.5959
ps,mp,0.6291
ps,mq,0.5742
ps,mr,0.6278
ps,ms,0.6131
ps,mt,0.7345
ps,mu,0.5548
ps,mv,0.6436
ps,mw,0.4799
ps,mx,0.6648
ps,my,0.6316
ps,mz,0.6487
ps,na,0.5657
ps,nc,0.5203
ps,ne,0.4913
ps,nf,0.6506
ps,ng,0.659
ps,ni,0.5408
ps,nl,0.4394
ps,no,0.5987
ps,np,0.5552
ps,nr,0.6326
ps,nu,0.7134
ps,nz,0.6456
ps,om,0.6909
ps,pa,0.6707
ps,pe,0.6814
ps,pf,0.603
ps,pg,0.6178
ps,ph,0.6411
ps,pk,0.6553
ps,pl,0.7669
ps,pm,0.56
ps,pn,0.5949
ps,pr,0.7279
ps,ps,0.0
ps,pt,0.6825
ps,pw,0.7388
ps,py,0.4823
ps,qa,0.6993
ps,re,0.6982
ps,ro,0.6527
ps,rs,0.6613
ps,ru,0.8004
ps,rw,0.6108
ps,sa,0.6284
ps,sb,0.6095
ps,sc,0.5608
ps,sd,0.4469
ps,se,0.5903
ps,sg,0.6517
ps,sh,0.6199
ps,si,0.8414
ps,sj,0.5987
ps,sk,0.7741
ps,sl,0.4781
ps,sm,0.7235
ps,sn,0.6331
ps,so,0.6868
ps,sr,0.616
ps,ss,0.5028
ps,st,0.4651
ps,sv,0.5125
ps,sx,0.5897
ps,sy,0.4129
ps,sz,0.5781
ps,tc,0.6191
ps,td,0.6513
ps,tf,0.6431
ps,tg,0.5867
ps,th,0.709
ps,tj,0.4828
ps,tk,0.6266
ps,tl,0.6812
ps,tm,0.5465
ps,tn,0.6968
ps,to,0.7411
ps,tr,0.725
ps,tt,0.6274
ps,tv,0.6373
ps,tw,0.7516
ps,tz,0.5852
ps,ua,0.669
ps,ug,0.6412
ps,um,0.6058
ps,us,0.6058
ps,uy,0.7144
ps,uz,0.5017
ps,va,0.7408
ps,vc,0.6332
ps,ve,0.7239
ps,vg,0.6058
ps,vi,0.7415
ps,vn,0.7664
ps,vu,0.5688
ps,wf,0.6761
ps,ws,0.674
ps,xk,0.6305
ps,ye,0.4438
ps,yt,0.7719
ps,za,0.5598
ps,zm,0.6371
ps,zw,0.658
pt,ad,0.5109
pt,ae,0.6881
pt,af,0.5468
pt,ag,0.5888
pt,ai,0.6949
pt,al,0.4606
pt,am,0.5952
pt,ao,0.5677
pt,aq,0.826
pt,ar,0.8134
pt,as,0.6612
pt,at,0.6685
pt,au,0.7061
pt,aw,0.7766
pt,ax,0.6584
pt,az,0.6555
pt,ba,0.6598
pt,bb,0.64
pt,bd,0.6503
pt,be,0.4892
pt,bf,0.6158
pt,bg,0.7213
pt,bh,0.668
pt,bi,0.6505
pt,bj,0.4777
pt,bl,0.8634
pt,bm,0.5659
pt,bn,0.6899
pt,bo,0.5729
pt,bq,0.7823
pt,br,0.6388
pt,bs,0.6506
pt,bt,0.6052
pt,bv,0.5823
pt,bw,0.7655
pt,by,0.5799
pt,bz,0.628
pt,ca,0.6147
pt,cc,0.6944
pt,cd,0.7736
pt,cf,0.6385
pt,cg,0.5132
pt,ch,0.5142
pt,ci,0.7758
pt,ck,0.6845
pt,cl,0.6658
pt,cm,0.4976
pt,cn,0.6109
pt,co,0.6112
pt,cr,0.6958
pt,cu,0.7372
pt,cv,0.714
pt,cw,0.7055
pt,cx,0.6551
pt,cy,0.9137
pt,cz,0.6679
pt,de,0.586
pt,dj,0.7927
pt,dk,0.6277
pt,dm,0.6107
pt,do,0.6507
pt,dz,0.7157
pt,ec,0.6126
pt,ee,0.7863
pt,eg,0.6537
pt,eh,0.6602
pt,er,0.6507
pt,es,0.5422
pt,et,0.5863
pt,fi,0.8306
pt,fj,0.7452
pt,fk,0.6787
pt,fm,0.8289
pt,fo,0.8179
pt,fr,0.5967
pt,ga,0.665
pt,gb-eng,0.836
pt,gb-nir,0.8403
pt,gb-sct,0.8043
pt,gb-wls,0.6766
pt,gb,0.6367
pt,gd,0.555
pt,ge,0.7532
pt,gf,0.7008
pt,gg,0.8003
pt,gh,0.5741
pt,gi,0.759
pt,gl,0.7421
pt,gm,0.5889
pt,gn,0.6738
pt,gp,0.5915
pt,gq,0.6113
pt,gr,0.7837
pt,gs,0.6626
pt,gt,0.7852
pt,gu,0.6685
pt,gw,0.6548
pt,gy,0.6525
pt,hk,0.6068
pt,hm,0.7306
pt,hn,0.8802
pt,hr,0.6339
pt,ht,0.615
pt,hu,0.6595
pt,id,0.6961
pt,ie,0.6265
pt,il,0.8364
pt,im,0.598
pt,in,0.674
pt,io,0.6789
pt,iq,0.6539
pt,ir,0.6726
pt,is,0.711
pt,it,0.5949
pt,je,0.832
pt,jm,0.6053
pt,jo,0.6729
pt,jp,0.8979
pt,ke,0.5398
pt,kg,0.439
pt,kh,0.6178
pt,ki,0.6097
pt,km,0.6212
pt,kn,0.5174
pt,kp,0.6036
pt,kr,0.8662
pt,kw,0.6119
pt,ky,0.6747
pt,kz,0.8083
pt,la,0.5891
pt,lb,0.7077
pt,lc,0.8575
pt,li,0.6084
pt,lk,0.5107
pt,lr,0.6372
pt,ls,0.7382
pt,lt,0.5836
pt,lu,0.7523
pt,lv,0.6228
pt,ly,0.5654
pt,ma,0.5888
pt,mc,0.7533
pt,md,0.5012
pt,me,0.4125
pt,mf,0.5967
pt,mg,0.7304
pt,mh,0.7059
pt,mk,0.5591
pt,ml,0.474
pt,mm,0.5974
pt,mn,0.6286
pt,mo,0.6991
pt,mp,0.7126
pt,mq,0.6641
pt,mr,0.6135
pt,ms,0.6854
pt,mt,0.7153
pt,mu,0.5924
pt,mv,0.5889
pt,mw,0.5447
pt,mx,0.5632
pt,my,0.619
pt,mz,0.6443
pt,na,0.6282
pt,nc,0.6183
pt,ne,0.6714
pt,nf,0.7012
pt,ng,0.7353
pt,ni,0.8136
pt,nl,0.6766
pt,no,0.5823
pt,np,0.6037
pt,nr,0.7034
pt,nu,0.673
pt,nz,0.7006
pt,om,0.692
pt,pa,0.6951
pt,pe,0.6784
pt,pf,0.6971
pt,pg,0.5253
pt,ph,0.6782
pt,pk,0.767
pt,pl,0.7587
pt,pm,0.6952
pt,pn,0.6586
pt,pr,0.5941
pt,ps,0.6825
pt,pt,0.0
pt,pw,0.8671
pt,py,0.6946
pt,qa,0.7007
pt,re,0.6736
pt,ro,0.4933
pt,rs,0.6837
pt,ru,0.7295
pt,rw,0.7053
pt,sa,0.6721
pt,sb,0.6524
pt,sc,0.5978
pt,sd,0.5924
pt,se,0.6858
pt,sg,0.7588
pt,sh,0.6881
pt,si,0.7289
pt,sj,0.5823
pt,sk,0.7129
pt,sl,0.7625
pt,sm,0.8261
pt,sn,0.4856
pt,so,0.8241
pt,sr,0.6103
pt,ss,0.6136
pt,st,0.6435
pt,sv,0.7804
pt,sx,0.6398
pt,sy,0.6767
pt,sz,0.5888
pt,tc,0.6862
pt,td,0.4835
pt,tf,0.7205
pt,tg,0.6463
pt,th,0.6606
pt,tj,0.6704
pt,tk,0.6323
pt,tl,0.5161
pt,tm,0.6997
pt,tn,0.4511
pt,to,0.6207
pt,tr,0.4344
pt,tt,0.5842
pt,tv,0.8024
pt,tw,0.4252
pt,tz,0.683
pt,ua,0.7107
pt,ug,0.5678
pt,um,0.6093
pt,us,0.6093
pt,uy,0.8097
pt,uz,0.7435
pt,va,0.7867
pt,vc,0.6063
pt,ve,0.5982
pt,vg,0.6681
pt,vi,0.8236
pt,vn,0.4515
pt,vu,0.5613
pt,wf,0.5809
pt,ws,0.54
pt,xk,0.706
pt,ye,0.6653
pt,yt,0.8604
pt,za,0.5957
pt,zm,0.5829
pt,zw,0.589
pw,ad,0.7542
pw,ae,0.7485
pw,af,0.708
pw,ag,0.8128
pw,ai,0.7051
pw,al,0.9985
pw,am,0.829
pw,ao,0.8289
pw,aq,0.575
pw,ar,0.6299
pw,as,0.7071
pw,at,0.8278
pw,au,0.7075
pw,aw,0.6314
pw,ax,0.6439
pw,az,0.6462
pw,ba,0.7011
pw,bb,0.6705
pw,bd,0.665
pw,be,0.7977
pw,bf,0.7581
pw,bg,0.7588
pw,bh,0.83
pw,bi,0.7265
pw,bj,0.7642
pw,bl,0.7602
pw,bm,0.7886
pw,bn,0.8099
pw,bo,0.7581
pw,bq,0.6997
pw,br,0.6872
pw,bs,0.6626
pw,bt,0.8413
pw,bv,0.7838
pw,bw,0.6481
pw,by,0.7843
pw,bz,0.6802
pw,ca,0.8839
pw,cc,0.7893
pw,cd,0.6144
pw,cf,0.7225
pw,cg,0.7463
pw,ch,0.9635
pw,ci,0.7397
pw,ck,0.6867
pw,cl,0.7779
pw,cm,0.7694
pw,cn,0.927
pw,co,0.8235
pw,cr,0.6979
pw,cu,0.689
pw,cv,0.651
pw,cw,0.6974
pw,cx,0.6639
pw,cy,0.7809
pw,cz,0.7674
pw,de,0.8674
pw,dj,0.641
pw,dk,0.8367
pw,dm,0.6852
pw,do,0.7343
pw,dz,0.722
pw,ec,0.8173
pw,ee,0.7123
pw,eg,0.7909
pw,eh,0.7361
pw,er,0.7014
pw,es,0.8346
pw,et,0.7808
pw,fi,0.7486
pw,fj,0.615
pw,fk,0.685
pw,fm,0.655
pw,fo,0.73
pw,fr,0.756
pw,ga,0.6256
pw,gb-eng,0.786
pw,gb-nir,0.793
pw,gb-sct,0.6276
pw,gb-wls,0.6864
pw,gb,0.6841
pw,gd,0.75
pw,ge,0.8097
pw,gf,0.7741
pw,gg,0.7756
pw,gh,0.763
pw,gi,0.8144
pw,gl,0.7997
pw,gm,0.7372
pw,gn,0.723
pw,gp,0.7208
pw,gq,0.7347
pw,gr,0.633
pw,gs,0.6909
pw,gt,0.5986
pw,gu,0.6959
pw,gw,0.7716
pw,gy,0.6505
pw,hk,0.9074
pw,hm,0.7249
pw,hn,0.6081
pw,hr,0.7631
pw,ht,0.7154
pw,hu,0.7259
pw,id,0.8743
pw,ie,0.7284
pw,il,0.6853
pw,im,0.8875
pw,in,0.7513
pw,io,0.6338
pw,iq,0.7924
pw,ir,0.7503
pw,is,0.6232
pw,it,0.728
pw,je,0.7798
pw,jm,0.7404
pw,jo,0.7441
pw,jp,0.7997
pw,ke,0.7651
pw,kg,0.9782
pw,kh,0.6989
pw,ki,0.7432
pw,km,0.7077
pw,kn,0.7645
pw,kp,0.7281
pw,kr,0.7632
pw,kw,0.743
pw,ky,0.6955
pw,kz,0.5725
pw,la,0.7802
pw,lb,0.8096
pw,lc,0.6314
pw,li,0.7705
pw,lk,0.7599
pw,lr,0.7285
pw,ls,0.6597
pw,lt,0.7936
pw,lu,0.7072
pw,lv,0.7959
pw,ly,0.8142
pw,ma,0.8639
pw,mc,0.8174
pw,md,0.7345
pw,me,0.9208
pw,mf,0.756
pw,mg,0.7482
pw,mh,0.6596
pw,mk,0.8302
pw,ml,0.749
pw,mm,0.7998
pw,mn,0.8098
pw,mo,0.6598
pw,mp,0.6161
pw,mq,0.7334
pw,mr,0.7335
pw,ms,0.6884
pw,mt,0.8123
pw,mu,0.7299
pw,mv,0.8212
pw,mw,0.7504
pw,mx,0.7351
pw,my,0.7571
pw,mz,0.757
pw,na,0.6649
pw,nc,0.6349
pw,ne,0.7483
pw,nf,0.6789
pw,ng,0.6687
pw,ni,0.6207
pw,nl,0.7101
pw,no,0.7838
pw,np,0.6848
pw,nr,0.7257
pw,nu,0.8682
pw,nz,0.7102
pw,om,0.78
pw,pa,0.7683
pw,pe,0.8542
pw,pf,0.8006
pw,pg,0.839
pw,ph,0.7354
pw,pk,0.7448
pw,pl,0.8123
pw,pm,0.6219
pw,pn,0.6871
pw,pr,0.8196
pw,ps,0.7388
pw,pt,0.8671
pw,pw,0.0
pw,py,0.7201
pw,qa,0.78
pw,re,0.6952
pw,ro,0.7417
pw,rs,0.7074
pw,ru,0.7659
pw,rw,0.6336
pw,sa,0.7294
pw,sb,0.6455
pw,sc,0.6976
pw,sd,0.7674
pw,se,0.6434
pw,sg,0.8014
pw,sh,0.7042
pw,si,0.8331
pw,sj,0.7838
pw,sk,0.7572
pw,sl,0.6299
pw,sm,0.6451
pw,sn,0.7512
pw,so,0.6232
pw,sr,0.6967
pw,ss,0.6758
pw,st,0.7115
pw,sv,0.6373
pw,sx,0.7345
pw,sy,0.7196
pw,sz,0.7001
pw,tc,0.7095
pw,td,0.7511
pw,tf,0.6432
pw,tg,0.7309
pw,th,0.7344
pw,tj,0.7853
pw,tk,0.7144
pw,tl,0.8511
pw,tm,0.7029
pw,tn,0.9401
pw,to,0.9033
pw,tr,0.9289
pw,tt,0.836
pw,tv,0.6063
pw,tw,0.929
pw,tz,0.6583
pw,ua,0.7565
pw,ug,0.8443
pw,um,0.6867
pw,us,0.6867
pw,uy,0.6768
pw,uz,0.6292
pw,va,0.7851
pw,vc,0.6936
pw,ve,0.8181
pw,vg,0.6926
pw,vi,0.7243
pw,vn,0.9946
pw,vu,0.7493
pw,wf,0.8472
pw,ws,0.8342
pw,xk,0.6163
pw,ye,0.8
pw,yt,0.7487
pw,za,0.6937
pw,zm,0.7899
pw,zw,0.7892
py,ad,0.645
py,ae,0.5007
py,af,0.6156
py,ag,0.6589
py,ai,0.6101
py,al,0.7705
py,am,0.6593
py,ao,0.6502
py,aq,0.6224
py,ar,0.5284
py,as,0.5521
py,at,0.466
py,au,0.6455
py,aw,0.6607
py,ax,0.6178
py,az,0.6744
py,ba,0.6326
py,bb,0.6776
py,bd,0.6742
py,be,0.6765
py,bf,0.5729
py,bg,0.6913
py,bh,0.5839
py,bi,0.5916
py,bj,0.6418
py,bl,0.6398
py,bm,0.6099
py,bn,0.6723
py,bo,0.4088
py,bq,0.5917
py,br,0.6424
py,bs,0.6415
py,bt,0.6272
py,bv,0.5731
py,bw,0.6808
py,by,0.5771
py,bz,0.6061
py,ca,0.7138
py,cc,0.7441
py,cd,0.6457
py,cf,0.6247
py,cg,0.6408
py,ch,0.6787
py,ci,0.636
py,ck,0.6254
py,cl,0.6261
py,cm,0.6352
py,cn,0.7188
py,co,0.6238
py,cr,0.627
py,cu,0.6145
py,cv,0.6325
py,cw,0.7062
py,cx,0.6363
py,cy,0.6774
py,cz,0.6724
py,de,0.7834
py,dj,0.5928
py,dk,0.5847
py,dm,0.6081
py,do,0.517
py,dz,0.6416
py,ec,0.619
py,ee,0.8494
py,eg,0.3659
py,eh,0.4867
py,er,0.5926
py,es,0.6036
py,et,0.6296
py,fi,0.7534
py,fj,0.5589
py,fk,0.6018
py,fm,0.6566
py,fo,0.6871
py,fr,0.6347
py,ga,0.5695
py,gb-eng,0.7134
py,gb-nir,0.7226
py,gb-sct,0.6304
py,gb-wls,0.5859
py,gb,0.5622
py,gd,0.6304
py,ge,0.7124
py,gf,0.7396
py,gg,0.7076
py,gh,0.4824
py,gi,0.6223
py,gl,0.6461
py,gm,0.5137
py,gn,0.6437
py,gp,0.7304
py,gq,0.5375
py,gr,0.5559
py,gs,0.6154
py,gt,0.6158
py,gu,0.6618
py,gw,0.5909
py,gy,0.5947
py,hk,0.669
py,hm,0.6598
py,hn,0.582
py,hr,0.3106
py,ht,0.669
py,hu,0.3279
py,id,0.629
py,ie,0.6086
py,il,0.5292
py,im,0.6849
py,in,0.3413
py,io,0.5335
py,iq,0.3734
py,ir,0.5298
py,is,0.571
py,it,0.6196
py,je,0.6122
py,jm,0.7073
py,jo,0.5078
py,jp,0.7013
py,ke,0.6447
py,kg,0.7495
py,kh,0.5551
py,ki,0.5309
py,km,0.4878
py,kn,0.6876
py,kp,0.6139
py,kr,0.6401
py,kw,0.5894
py,ky,0.6196
py,kz,0.6669
py,la,0.6289
py,lb,0.504
py,lc,0.6953
py,li,0.7225
py,lk,0.5934
py,lr,0.5835
py,ls,0.4744
py,lt,0.6591
py,lu,0.3234
py,lv,0.5291
py,ly,0.7012
py,ma,0.6803
py,mc,0.6088
py,md,0.6396
py,me,0.7052
py,mf,0.6347
py,mg,0.5622
py,mh,0.5974
py,mk,0.6225
py,ml,0.6482
py,mm,0.6098
py,mn,0.6219
py,mo,0.6549
py,mp,0.5759
py,mq,0.6671
py,mr,0.6309
py,ms,0.619
py,mt,0.6308
py,mu,0.578
py,mv,0.6512
py,mw,0.6244
py,mx,0.6309
py,my,0.6408
py,mz,0.7704
py,na,0.605
py,nc,0.5784
py,ne,0.3926
py,nf,0.6549
py,ng,0.6626
py,ni,0.5054
py,nl,0.2919
py,no,0.5731
py,np,0.5768
py,nr,0.6843
py,nu,0.7272
py,nz,0.6508
py,om,0.6527
py,pa,0.5785
py,pe,0.6569
py,pf,0.4942
py,pg,0.6522
py,ph,0.633
py,pk,0.6704
py,pl,0.6661
py,pm,0.5583
py,pn,0.6019
py,pr,0.6417
py,ps,0.4823
py,pt,0.6946
py,pw,0.7201
py,py,0.0
py,qa,0.6262
py,re,0.674
py,ro,0.6459
py,rs,0.6254
py,ru,0.6761
py,rw,0.6673
py,sa,0.7049
py,sb,0.6453
py,sc,0.5395
py,sd,0.4464
py,se,0.6208
py,sg,0.5871
py,sh,0.6237
py,si,0.7784
py,sj,0.5731
py,sk,0.6991
py,sl,0.4232
py,sm,0.5673
py,sn,0.6477
py,so,0.6588
py,sr,0.6458
py,ss,0.5805
py,st,0.6229
py,sv,0.4813
py,sx,0.5146
py,sy,0.4867
py,sz,0.6086
py,tc,0.6227
py,td,0.6543
py,tf,0.6064
py,tg,0.6262
py,th,0.6748
py,tj,0.3959
py,tk,0.7079
py,tl,0.6073
py,tm,0.6762
py,tn,0.6987
py,to,0.7152
py,tr,0.7091
py,tt,0.6474
py,tv,0.6074
py,tw,0.7739
py,tz,0.6379
py,ua,0.7786
py,ug,0.7431
py,um,0.5739
py,us,0.5739
py,uy,0.6036
py,uz,0.4956
py,va,0.6885
py,vc,0.649
py,ve,0.673
py,vg,0.6143
py,vi,0.6307
py,vn,0.7692
py,vu,0.606
py,wf,0.6636
py,ws,0.7029
py,xk,0.6388
py,ye,0.3668
py,yt,0.6419
py,za,0.551
py,zm,0.7152
py,zw,0.6699
qa,ad,0.6689
qa,ae,0.6858
qa,af,0.7224
qa,ag,0.6781
qa,ai,0.6724
qa,al,0.7113
qa,am,0.6395
qa,ao,0.6951
qa,aq,0.7436
qa,ar,0.6445
qa,as,0.733
qa,at,0.6337
qa,au,0.6586
qa,aw,0.6774
qa,ax,0.6505
qa,az,0.6393
qa,ba,0.7104
qa,bb,0.7101
qa,bd,0.7023
qa,be,0.7703
qa,bf,0.6619
qa,bg,0.6383
qa,bh,0.4388
qa,bi,0.6111
qa,bj,0.6669
qa,bl,0.6055
qa,bm,0.5966
qa,bn,0.6542
qa,bo,0.6268
qa,bq,0.6089
qa,br,0.6847
qa,bs,0.7544
qa,bt,0.6267
qa,bv,0.6
qa,bw,0.6682
qa,by,0.6056
qa,bz,0.6696
qa,ca,0.6976
qa,cc,0.7604
qa,cd,0.6931
qa,cf,0.5962
qa,cg,0.637
qa,ch,0.7303
qa,ci,0.7083
qa,ck,0.659
qa,cl,0.7034
qa,cm,0.6604
qa,cn,0.6829
qa,co,0.6503
qa,cr,0.6198
qa,cu,0.6969
qa,cv,0.6804
qa,cw,0.7048
qa,cx,0.7048
qa,cy,0.669
qa,cz,0.6785
qa,de,0.692
qa,dj,0.5799
qa,dk,0.649
qa,dm,0.6607
qa,do,0.6507
qa,dz,0.7927
qa,ec,0.6388
qa,ee,0.6955
qa,eg,0.6531
qa,eh,0.7072
qa,er,0.6301
qa,es,0.6337
qa,et,0.6258
qa,fi,0.6709
qa,fj,0.6426
qa,fk,0.6566
qa,fm,0.7072
qa,fo,0.63
qa,fr,0.7351
qa,ga,0.6474
qa,gb-eng,0.6231
qa,gb-nir,0.6429
qa,gb-sct,0.6617
qa,gb-wls,0.5918
qa,gb,0.5786
qa,gd,0.6197
qa,ge,0.6259
qa,gf,0.6582
qa,gg,0.6085
qa,gh,0.6305
qa,gi,0.5987
qa,gl,0.6296
qa,gm,0.6093
qa,gn,0.6936
qa,gp,0.7217
qa,gq,0.6418
qa,gr,0.6363
qa,gs,0.6415
qa,gt,0.6892
qa,gu,0.6992
qa,gw,0.6986
qa,gy,0.649
qa,hk,0.6849
qa,hm,0.6803
qa,hn,0.731
qa,hr,0.6281
qa,ht,0.6507
qa,hu,0.5968
qa,id,0.6744
qa,ie,0.703
qa,il,0.6463
qa,im,0.6772
qa,in,0.6195
qa,io,0.5859
qa,iq,0.6505
qa,ir,0.6204
qa,is,0.6428
qa,it,0.7008
qa,je,0.6388
qa,jm,0.6916
qa,jo,0.7014
qa,jp,0.6356
qa,ke,0.6716
qa,kg,0.7288
qa,kh,0.6569
qa,ki,0.6107
qa,km,0.6534
qa,kn,0.6477
qa,kp,0.6146
qa,kr,0.6393
qa,kw,0.7241
qa,ky,0.6542
qa,kz,0.7274
qa,la,0.6658
qa,lb,0.6019
qa,lc,0.7149
qa,li,0.6488
qa,lk,0.5325
qa,lr,0.6031
qa,ls,0.6485
qa,lt,0.6271
qa,lu,0.6472
qa,lv,0.6305
qa,ly,0.7037
qa,ma,0.6578
qa,mc,0.6436
qa,md,0.6296
qa,me,0.6757
qa,mf,0.7351
qa,mg,0.437
qa,mh,0.6725
qa,mk,0.6111
qa,ml,0.6446
qa,mm,0.6399
qa,mn,0.6252
qa,mo,0.721
qa,mp,0.7157
qa,mq,0.6548
qa,mr,0.6582
qa,ms,0.6572
qa,mt,0.4751
qa,mu,0.6282
qa,mv,0.6453
qa,mw,0.6517
qa,mx,0.6932
qa,my,0.6409
qa,mz,0.6438
qa,na,0.6303
qa,nc,0.6365
qa,ne,0.625
qa,nf,0.7304
qa,ng,0.7584
qa,ni,0.6935
qa,nl,0.6137
qa,no,0.6
qa,np,0.5455
qa,nr,0.7164
qa,nu,0.7028
qa,nz,0.6717
qa,om,0.6809
qa,pa,0.6453
qa,pe,0.7229
qa,pf,0.5956
qa,pg,0.712
qa,ph,0.5261
qa,pk,0.5459
qa,pl,0.6383
qa,pm,0.5966
qa,pn,0.6392
qa,pr,0.6779
qa,ps,0.6993
qa,pt,0.7007
qa,pw,0.78
qa,py,0.6262
qa,qa,0.0
qa,re,0.6481
qa,ro,0.6776
qa,rs,0.5907
qa,ru,0.6348
qa,rw,0.6761
qa,sa,0.7406
qa,sb,0.623
qa,sc,0.6325
qa,sd,0.7006
qa,se,0.6836
qa,sg,0.614
qa,sh,0.6642
qa,si,0.6879
qa,sj,0.6
qa,sk,0.6132
qa,sl,0.6648
qa,sm,0.6181
qa,sn,0.6784
qa,so,0.7237
qa,sr,0.5997
qa,ss,0.6243
qa,st,0.6749
qa,sv,0.6815
qa,sx,0.5122
qa,sy,0.6789
qa,sz,0.6111
qa,tc,0.6656
qa,td,0.6889
qa,tf,0.628
qa,tg,0.6439
qa,th,0.5993
qa,tj,0.6591
qa,tk,0.7145
qa,tl,0.6704
qa,tm,0.6862
qa,tn,0.7141
qa,to,0.6183
qa,tr,0.6719
qa,tt,0.6368
qa,tv,0.7004
qa,tw,0.6857
qa,tz,0.7055
qa,ua,0.6979
qa,ug,0.6811
qa,um,0.6035
qa,us,0.6035
qa,uy,0.6217
qa,uz,0.6295
qa,va,0.7306
qa,vc,0.6819
qa,ve,0.6378
qa,vg,0.647
qa,vi,0.6073
qa,vn,0.7467
qa,vu,0.6665
qa,wf,0.6267
qa,ws,0.6485
qa,xk,0.6845
qa,ye,0.6626
qa,yt,0.6152
qa,za,0.6483
qa,zm,0.7134
qa,zw,0.5629
re,ad,0.6324
re,ae,0.632
re,af,0.6143
re,ag,0.6578
re,ai,0.6301
re,al,0.7164
re,am,0.6333
re,ao,0.7037
re,aq,0.6612
re,ar,0.635
re,as,0.6376
re,at,0.6514
re,au,0.639
re,aw,0.5955
re,ax,0.6412
re,az,0.5863
re,ba,0.6618
re,bb,0.6248
re,bd,0.6528
re,be,0.6851
re,bf,0.7108
re,bg,0.5734
re,bh,0.679
re,bi,0.6067
re,bj,0.6311
re,bl,0.7062
re,bm,0.5886
re,bn,0.6771
re,bo,0.6876
re,bq,0.6524
re,br,0.6497
re,bs,0.6714
re,bt,0.6852
re,bv,0.6137
re,bw,0.6379
re,by,0.6961
re,bz,0.5702
re,ca,0.7245
re,cc,0.7507
re,cd,0.6476
re,cf,0.5757
re,cg,0.6136
re,ch,0.7129
re,ci,0.6902
re,ck,0.6172
re,cl,0.5966
re,cm,0.6322
re,cn,0.7332
re,co,0.6633
re,cr,0.6576
re,cu,0.6601
re,cv,0.6224
re,cw,0.653
re,cx,0.6334
re,cy,0.7643
re,cz,0.568
re,de,0.7247
re,dj,0.6085
re,dk,0.6671
re,dm,0.642
re,do,0.6227
re,dz,0.6803
re,ec,0.6397
re,ee,0.6864
re,eg,0.6715
re,eh,0.6879
re,er,0.6455
re,es,0.6785
re,et,0.6007
re,fi,0.6885
re,fj,0.6066
re,fk,0.6071
re,fm,0.6497
re,fo,0.665
re,fr,0.673
re,ga,0.6498
re,gb-eng,0.7215
re,gb-nir,0.7336
re,gb-sct,0.6304
re,gb-wls,0.6143
re,gb,0.5839
re,gd,0.5851
re,ge,0.7013
re,gf,0.6715
re,gg,0.7112
re,gh,0.6981
re,gi,0.6211
re,gl,0.6536
re,gm,0.6202
re,gn,0.6455
re,gp,0.6341
re,gq,0.5669
re,gr,0.6188
re,gs,0.608
re,gt,0.6132
re,gu,0.6188
re,gw,0.6991
re,gy,0.6233
re,hk,0.716
re,hm,0.651
re,hn,0.6956
re,hr,0.6611
re,ht,0.5489
re,hu,0.6372
re,id,0.7902
re,ie,0.6638
re,il,0.6625
re,im,0.7015
re,in,0.6694
re,io,0.566
re,iq,0.6689
re,ir,0.5698
re,is,0.6042
re,it,0.6638
re,je,0.7115
re,jm,0.6741
re,jo,0.6921
re,jp,0.7438
re,ke,0.6835
re,kg,0.7315
re,kh,0.6579
re,ki,0.6773
re,km,0.647
re,kn,0.618
re,kp,0.6585
re,kr,0.7128
re,kw,0.5906
re,ky,0.617
re,kz,0.6492
re,la,0.601
re,lb,0.6346
re,lc,0.6327
re,li,0.5754
re,lk,0.6015
re,lr,0.5998
re,ls,0.638
re,lt,0.6143
re,lu,0.7154
re,lv,0.6363
re,ly,0.7089
re,ma,0.685
re,mc,0.7646
re,md,0.6155
re,me,0.6856
re,mf,0.673
re,mg,0.6899
re,mh,0.621
re,mk,0.6537
re,ml,0.6572
re,mm,0.6378
re,mn,0.6522
re,mo,0.6515
re,mp,0.6117
re,mq,0.6289
re,mr,0.5983
re,ms,0.6173
re,mt,0.6935
re,mu,0.6673
re,mv,0.6353
re,mw,0.68
re,mx,0.655
re,my,0.6288
re,mz,0.6186
re,na,0.5933
re,nc,0.6306
re,ne,0.6959
re,nf,0.6632
re,ng,0.6794
re,ni,0.6545
re,nl,0.6497
re,no,0.6137
re,np,0.5524
re,nr,0.6566
re,nu,0.7377
re,nz,0.6405
re,om,0.6729
re,pa,0.6891
re,pe,0.7245
re,pf,0.6343
re,pg,0.7049
re,ph,0.537
re,pk,0.6815
re,pl,0.6322
re,pm,0.588
re,pn,0.6086
re,pr,0.5963
re,ps,0.6982
re,pt,0.6736
re,pw,0.6952
re,py,0.674
re,qa,0.6481
re,re,0.0
re,ro,0.6408
re,rs,0.6525
re,ru,0.5631
re,rw,0.5882
re,sa,0.6834
re,sb,0.5494
re,sc,0.6459
re,sd,0.6546
re,se,0.6429
re,sg,0.7488
re,sh,0.6314
re,si,0.5635
re,sj,0.6137
re,sk,0.5611
re,sl,0.662
re,sm,0.6452
re,sn,0.6555
re,so,0.6353
re,sr,0.6248
re,ss,0.6421
re,st,0.7038
re,sv,0.6418
re,sx,0.6623
re,sy,0.6302
re,sz,0.6193
re,tc,0.638
re,td,0.6477
re,tf,0.615
re,tg,0.6797
re,th,0.596
re,tj,0.701
re,tk,0.6263
re,tl,0.674
re,tm,0.6557
re,tn,0.6873
re,to,0.7071
re,tr,0.674
re,tt,0.6603
re,tv,0.6345
re,tw,0.65
re,tz,0.6652
re,ua,0.6298
re,ug,0.6865
re,um,0.5636
re,us,0.5636
re,uy,0.6317
re,uz,0.5794
re,va,0.7427
re,vc,0.6303
re,ve,0.6143
re,vg,0.6137
re,vi,0.6742
re,vn,0.746
re,vu,0.6871
re,wf,0.6592
re,ws,0.632
re,xk,0.5991
re,ye,0.6808
re,yt,0.6854
re,za,0.6401
re,zm,0.7037
re,zw,0.673
ro,ad,0.2352
ro,ae,0.6355
ro,af,0.504
ro,ag,0.4999
ro,ai,0.5831
ro,al,0.6624
ro,am,0.5737
ro,ao,0.5299
ro,aq,0.7022
ro,ar,0.7083
ro,as,0.6186
ro,at,0.583
ro,au,0.5932
ro,aw,0.6762
ro,ax,0.5693
ro,az,0.5922
ro,ba,0.5349
ro,bb,0.4133
ro,bd,0.6116
ro,be,0.3881
ro,bf,0.5857
ro,bg,0.6464
ro,bh,0.643
ro,bi,0.5788
ro,bj,0.4193
ro,bl,0.7693
ro,bm,0.4763
ro,bn,0.6336
ro,bo,0.5685
ro,bq,0.7069
ro,br,0.6014
ro,bs,0.5854
ro,bt,0.5478
ro,bv,0.5666
ro,bw,0.6687
ro,by,0.5091
ro,bz,0.5494
ro,ca,0.6421
ro,cc,0.6778
ro,cd,0.6805
ro,cf,0.5767
ro,cg,0.4827
ro,ch,0.6456
ro,ci,0.6871
ro,ck,0.5657
ro,cl,0.5881
ro,cm,0.4231
ro,cn,0.6297
ro,co,0.5084
ro,cr,0.6318
ro,cu,0.6734
ro,cv,0.6537
ro,cw,0.5894
ro,cx,0.5426
ro,cy,0.8063
ro,cz,0.5874
ro,de,0.5694
ro,dj,0.7048
ro,dk,0.5256
ro,dm,0.5731
ro,do,0.5226
ro,dz,0.6527
ro,ec,0.5375
ro,ee,0.6999
ro,eg,0.6096
ro,eh,0.6358
ro,er,0.6021
ro,es,0.5537
ro,et,0.5796
ro,fi,0.7151
ro,fj,0.6361
ro,fk,0.5682
ro,fm,0.7226
ro,fo,0.7149
ro,fr,0.4184
ro,ga,0.5717
ro,gb-eng,0.7361
ro,gb-nir,0.7542
ro,gb-sct,0.7148
ro,gb-wls,0.6157
ro,gb,0.5352
ro,gd,0.426
ro,ge,0.726
ro,gf,0.6296
ro,gg,0.7191
ro,gh,0.5077
ro,gi,0.7164
ro,gl,0.6369
ro,gm,0.5197
ro,gn,0.4874
ro,gp,0.5279
ro,gq,0.5652
ro,gr,0.6815
ro,gs,0.5546
ro,gt,0.6264
ro,gu,0.5455
ro,gw,0.5194
ro,gy,0.5612
ro,hk,0.6054
ro,hm,0.6959
ro,hn,0.777
ro,hr,0.6417
ro,ht,0.5161
ro,hu,0.6075
ro,id,0.7126
ro,ie,0.515
ro,il,0.7458
ro,im,0.5036
ro,in,0.6335
ro,io,0.568
ro,iq,0.6108
ro,ir,0.6295
ro,is,0.6174
ro,it,0.4856
ro,je,0.7215
ro,jm,0.5762
ro,jo,0.62
ro,jp,0.8176
ro,ke,0.5751
ro,kg,0.6271
ro,kh,0.5722
ro,ki,0.5431
ro,km,0.5417
ro,kn,0.4857
ro,kp,0.5776
ro,kr,0.7689
ro,kw,0.5521
ro,ky,0.5638
ro,kz,0.7052
ro,la,0.4514
ro,lb,0.6268
ro,lc,0.7353
ro,li,0.496
ro,lk,0.5033
ro,lr,0.5496
ro,ls,0.682
ro,lt,0.5533
ro,lu,0.6813
ro,lv,0.6072
ro,ly,0.5975
ro,ma,0.5952
ro,mc,0.649
ro,md,0.2429
ro,me,0.5711
ro,mf,0.4184
ro,mg,0.6768
ro,mh,0.6455
ro,mk,0.5542
ro,ml,0.2835
ro,mm,0.5218
ro,mn,0.6334
ro,mo,0.6318
ro,mp,0.6174
ro,mq,0.6362
ro,mr,0.5705
ro,ms,0.573
ro,mt,0.6159
ro,mu,0.5186
ro,mv,0.5033
ro,mw,0.5062
ro,mx,0.4059
ro,my,0.5702
ro,mz,0.5873
ro,na,0.5472
ro,nc,0.5731
ro,ne,0.6295
ro,nf,0.592
ro,ng,0.6078
ro,ni,0.7295
ro,nl,0.628
ro,no,0.5666
ro,np,0.5328
ro,nr,0.5939
ro,nu,0.5491
ro,nz,0.5828
ro,om,0.588
ro,pa,0.6291
ro,pe,0.5195
ro,pf,0.6158
ro,pg,0.5029
ro,ph,0.6218
ro,pk,0.7188
ro,pl,0.6507
ro,pm,0.6149
ro,pn,0.5487
ro,pr,0.5875
ro,ps,0.6527
ro,pt,0.4933
ro,pw,0.7417
ro,py,0.6459
ro,qa,0.6776
ro,re,0.6408
ro,ro,0.0
ro,rs,0.6079
ro,ru,0.652
ro,rw,0.6186
ro,sa,0.6415
ro,sb,0.587
ro,sc,0.5127
ro,sd,0.5582
ro,se,0.5804
ro,sg,0.6881
ro,sh,0.575
ro,si,0.704
ro,sj,0.5666
ro,sk,0.641
ro,sl,0.6837
ro,sm,0.7129
ro,sn,0.379
ro,so,0.7191
ro,sr,0.5511
ro,ss,0.5688
ro,st,0.5798
ro,sv,0.7093
ro,sx,0.6223
ro,sy,0.6466
ro,sz,0.5316
ro,tc,0.572
ro,td,0.0577
ro,tf,0.6512
ro,tg,0.5575
ro,th,0.5948
ro,tj,0.6621
ro,tk,0.4598
ro,tl,0.5337
ro,tm,0.6548
ro,tn,0.6195
ro,to,0.6359
ro,tr,0.6276
ro,tt,0.5122
ro,tv,0.6986
ro,tw,0.6023
ro,tz,0.6356
ro,ua,0.6118
ro,ug,0.5438
ro,um,0.5297
ro,us,0.5297
ro,uy,0.7154
ro,uz,0.6634
ro,va,0.7313
ro,vc,0.4645
ro,ve,0.4646
ro,vg,0.5586
ro,vi,0.7208
ro,vn,0.6523
ro,vu,0.5129
ro,wf,0.4958
ro,ws,0.439
ro,xk,0.6175
ro,ye,0.6213
ro,yt,0.7635
ro,za,0.5653
ro,zm,0.5838
ro,zw,0.5707
rs,ad,0.5995
rs,ae,0.7156
rs,af,0.617
rs,ag,0.6015
rs,ai,0.6784
rs,al,0.7233
rs,am,0.5013
rs,ao,0.7158
rs,aq,0.6409
rs,ar,0.6092
rs,as,0.6487
rs,at,0.6483
rs,au,0.6618
rs,aw,0.6026
rs,ax,0.6585
rs,az,0.6673
rs,ba,0.6579
rs,bb,0.6275
rs,bd,0.6685
rs,be,0.6393
rs,bf,0.6091
rs,bg,0.6351
rs,bh,0.5991
rs,bi,0.5274
rs,bj,0.6464
rs,bl,0.5356
rs,bm,0.6108
rs,bn,0.635
rs,bo,0.6407
rs,bq,0.6266
rs,br,0.654
rs,bs,0.6935
rs,bt,0.597
rs,bv,0.5901
rs,bw,0.5857
rs,by,0.6278
rs,bz,0.6041
rs,ca,0.6199
rs,cc,0.7465
rs,cd,0.6316
rs,cf,0.583
rs,cg,0.6033
rs,ch,0.697
rs,ci,0.5688
rs,ck,0.6465
rs,cl,0.6726
rs,cm,0.6103
rs,cn,0.6874
rs,co,0.638
rs,cr,0.5921
rs,cu,0.6097
rs,cv,0.6363
rs,cw,0.6687
rs,cx,0.6705
rs,cy,0.5989
rs,cz,0.6603
rs,de,0.6299
rs,dj,0.6226
rs,dk,0.6251
rs,dm,0.6581
rs,do,0.6179
rs,dz,0.62
rs,ec,0.615
rs,ee,0.4957
rs,eg,0.7261
rs,eh,0.6669
rs,er,0.5545
rs,es,0.6488
rs,et,0.6597
rs,fi,0.5136
rs,fj,0.5223
rs,fk,0.6514
rs,fm,0.624
rs,fo,0.5012
rs,fr,0.589
rs,ga,0.6359
rs,gb-eng,0.5499
rs,gb-nir,0.5561
rs,gb-sct,0.5657
rs,gb-wls,0.6248
rs,gb,0.566
rs,gd,0.5405
rs,ge,0.5753
rs,gf,0.6193
rs,gg,0.5386
rs,gh,0.6463
rs,gi,0.7155
rs,gl,0.6768
rs,gm,0.5544
rs,gn,0.5923
rs,gp,0.7006
rs,gq,0.6192
rs,gr,0.5804
rs,gs,0.6424
rs,gt,0.5506
rs,gu,0.6529
rs,gw,0.6162
rs,gy,0.5987
rs,hk,0.6587
rs,hm,0.6823
rs,hn,0.7154
rs,hr,0.6368
rs,ht,0.6286
rs,hu,0.5628
rs,id,0.481
rs,ie,0.5521
rs,il,0.6176
rs,im,0.6636
rs,in,0.6418
rs,io,0.4946
rs,iq,0.7228
rs,ir,0.6738
rs,is,0.6394
rs,it,0.5374
rs,je,0.5651
rs,jm,0.626
rs,jo,0.6726
rs,jp,0.5933
rs,ke,0.6743
rs,kg,0.7291
rs,kh,0.651
rs,ki,0.4909
rs,km,0.6316
rs,kn,0.6555
rs,kp,0.6148
rs,kr,0.5584
rs,kw,0.6599
rs,ky,0.6463
rs,kz,0.6631
rs,la,0.5907
rs,lb,0.6007
rs,lc,0.6437
rs,li,0.6494
rs,lk,0.5411
rs,lr,0.5174
rs,ls,0.67
rs,lt,0.5376
rs,lu,0.5853
rs,lv,0.6379
rs,ly,0.6228
rs,ma,0.5704
rs,mc,0.4417
rs,md,0.5889
rs,me,0.6657
rs,mf,0.589
rs,mg,0.5765
rs,mh,0.6638
rs,mk,0.5448
rs,ml,0.6016
rs,mm,0.5616
rs,mn,0.5581
rs,mo,0.6609
rs,mp,0.6474
rs,mq,0.6793
rs,mr,0.5989
rs,ms,0.6573
rs,mt,0.5682
rs,mu,0.5701
rs,mv,0.6052
rs,mw,0.6184
rs,mx,0.5632
rs,my,0.5146
rs,mz,0.5534
rs,na,0.579
rs,nc,0.6576
rs,ne,0.6291
rs,nf,0.5989
rs,ng,0.6125
rs,ni,0.7064
rs,nl,0.61
rs,no,0.5901
rs,np,0.5344
rs,nr,0.7169
rs,nu,0.6521
rs,nz,0.6735
rs,om,0.6655
rs,pa,0.5769
rs,pe,0.6023
rs,pf,0.6071
rs,pg,0.7133
rs,ph,0.6277
rs,pk,0.6507
rs,pl,0.6986
rs,pm,0.5759
rs,pn,0.641
rs,pr,0.6275
rs,ps,0.6613
rs,pt,0.6837
rs,pw,0.7074
rs,py,0.6254
rs,qa,0.5907
rs,re,0.6525
rs,ro,0.6079
rs,rs,0.0
rs,ru,0.6227
rs,rw,0.6906
rs,sa,0.7071
rs,sb,0.6301
rs,sc,0.5284
rs,sd,0.7001
rs,se,0.6724
rs,sg,0.4375
rs,sh,0.67
rs,si,0.6869
rs,sj,0.5901
rs,sk,0.6038
rs,sl,0.6567
rs,sm,0.5746
rs,sn,0.5947
rs,so,0.6496
rs,sr,0.5544
rs,ss,0.6314
rs,st,0.6772
rs,sv,0.7091
rs,sx,0.5592
rs,sy,0.7668
rs,sz,0.5695
rs,tc,0.6727
rs,td,0.6172
rs,tf,0.6083
rs,tg,0.6099
rs,th,0.4916
rs,tj,0.6761
rs,tk,0.6586
rs,tl,0.6387
rs,tm,0.6513
rs,tn,0.696
rs,to,0.7152
rs,tr,0.6964
rs,tt,0.6246
rs,tv,0.6037
rs,tw,0.724
rs,tz,0.6223
rs,ua,0.6462
rs,ug,0.6215
rs,um,0.493
rs,us,0.493
rs,uy,0.5239
rs,uz,0.6781
rs,va,0.5909
rs,vc,0.5832
rs,ve,0.58
rs,vg,0.6419
rs,vi,0.4978
rs,vn,0.7498
rs,vu,0.5996
rs,wf,0.6584
rs,ws,0.6578
rs,xk,0.637
rs,ye,0.7304
rs,yt,0.536
rs,za,0.5908
rs,zm,0.6997
rs,zw,0.6133
ru,ad,0.6383
ru,ae,0.6988
ru,af,0.6583
ru,ag,0.6977
ru,ai,0.663
ru,al,0.7491
ru,am,0.5684
ru,ao,0.6928
ru,aq,0.7
ru,ar,0.6732
ru,as,0.7112
ru,at,0.6947
ru,au,0.66
ru,aw,0.6122
ru,ax,0.7214
ru,az,0.6302
ru,ba,0.6684
ru,bb,0.6602
ru,bd,0.7142
ru,be,0.6818
ru,bf,0.6979
ru,bg,0.2425
ru,bh,0.5891
ru,bi,0.5846
ru,bj,0.6227
ru,bl,0.6132
ru,bm,0.5862
ru,bn,0.5859
ru,bo,0.7013
ru,bq,0.5746
ru,br,0.6997
ru,bs,0.7384
ru,bt,0.6334
ru,bv,0.6106
ru,bw,0.6226
ru,by,0.7029
ru,bz,0.6361
ru,ca,0.679
ru,cc,0.7738
ru,cd,0.6726
ru,cf,0.6122
ru,cg,0.5969
ru,ch,0.7435
ru,ci,0.6346
ru,ck,0.6358
ru,cl,0.432
ru,cm,0.6489
ru,cn,0.7225
ru,co,0.5952
ru,cr,0.627
ru,cu,0.6452
ru,cv,0.7186
ru,cw,0.7023
ru,cx,0.673
ru,cy,0.6573
ru,cz,0.4487
ru,de,0.8019
ru,dj,0.5845
ru,dk,0.6742
ru,dm,0.7023
ru,do,0.665
ru,dz,0.6475
ru,ec,0.5815
ru,ee,0.6703
ru,eg,0.72
ru,eh,0.7923
ru,er,0.6734
ru,es,0.6976
ru,et,0.6637
ru,fi,0.5355
ru,fj,0.6251
ru,fk,0.6334
ru,fm,0.6651
ru,fo,0.5498
ru,fr,0.6336
ru,ga,0.7504
ru,gb-eng,0.6038
ru,gb-nir,0.6125
ru,gb-sct,0.617
ru,gb-wls,0.5173
ru,gb,0.6197
ru,gd,0.5753
ru,ge,0.633
ru,gf,0.7152
ru,gg,0.6042
ru,gh,0.7397
ru,gi,0.5046
ru,gl,0.5138
ru,gm,0.6124
ru,gn,0.6496
ru,gp,0.6712
ru,gq,0.6421
ru,gr,0.6171
ru,gs,0.6313
ru,gt,0.6021
ru,gu,0.6767
ru,gw,0.6399
ru,gy,0.6493
ru,hk,0.7051
ru,hm,0.6817
ru,hn,0.7749
ru,hr,0.7386
ru,ht,0.614
ru,hu,0.6794
ru,id,0.8169
ru,ie,0.6073
ru,il,0.6512
ru,im,0.7044
ru,in,0.6705
ru,io,0.564
ru,iq,0.7125
ru,ir,0.635
ru,is,0.6864
ru,it,0.6183
ru,je,0.6384
ru,jm,0.6715
ru,jo,0.7832
ru,jp,0.6406
ru,ke,0.7568
ru,kg,0.7722
ru,kh,0.677
ru,ki,0.702
ru,km,0.587
ru,kn,0.6517
ru,kp,0.6805
ru,kr,0.6128
ru,kw,0.677
ru,ky,0.6441
ru,kz,0.695
ru,la,0.6146
ru,lb,0.6398
ru,lc,0.6636
ru,li,0.636
ru,lk,0.5917
ru,lr,0.5892
ru,ls,0.7471
ru,lt,0.4928
ru,lu,0.7612
ru,lv,0.6839
ru,ly,0.705
ru,ma,0.6828
ru,mc,0.7716
ru,md,0.6242
ru,me,0.7099
ru,mf,0.6336
ru,mg,0.6309
ru,mh,0.687
ru,mk,0.6511
ru,ml,0.654
ru,mm,0.5479
ru,mn,0.6389
ru,mo,0.7026
ru,mp,0.6092
ru,mq,0.6432
ru,mr,0.6299
ru,ms,0.6408
ru,mt,0.6392
ru,mu,0.675
ru,mv,0.6278
ru,mw,0.7663
ru,mx,0.6105
ru,my,0.6341
ru,mz,0.6218
ru,na,0.6274
ru,nc,0.6904
ru,ne,0.7193
ru,nf,0.6351
ru,ng,0.6614
ru,ni,0.7646
ru,nl,0.7211
ru,no,0.6106
ru,np,0.5945
ru,nr,0.7527
ru,nu,0.706
ru,nz,0.6629
ru,om,0.5641
ru,pa,0.6331
ru,pe,0.6563
ru,pf,0.6483
ru,pg,0.6926
ru,ph,0.5811
ru,pk,0.698
ru,pl,0.4843
ru,pm,0.6164
ru,pn,0.6324
ru,pr,0.6369
ru,ps,0.8004
ru,pt,0.7295
ru,pw,0.7659
ru,py,0.6761
ru,qa,0.6348
ru,re,0.5631
ru,ro,0.652
ru,rs,0.6227
ru,ru,0.0
ru,rw,0.6333
ru,sa,0.7281
ru,sb,0.6085
ru,sc,0.656
ru,sd,0.6893
ru,se,0.7332
ru,sg,0.7349
ru,sh,0.6594
ru,si,0.3357
ru,sj,0.6106
ru,sk,0.3226
ru,sl,0.75
ru,sm,0.5426
ru,sn,0.6412
ru,so,0.685
ru,sr,0.6041
ru,ss,0.7579
ru,st,0.7443
ru,sv,0.7634
ru,sx,0.6754
ru,sy,0.7278
ru,sz,0.6037
ru,tc,0.665
ru,td,0.6607
ru,tf,0.6293
ru,tg,0.6617
ru,th,0.5088
ru,tj,0.7441
ru,tk,0.708
ru,tl,0.6134
ru,tm,0.6785
ru,tn,0.7354
ru,to,0.6735
ru,tr,0.7314
ru,tt,0.6606
ru,tv,0.6635
ru,tw,0.7106
ru,tz,0.7002
ru,ua,0.6828
ru,ug,0.6688
ru,um,0.5737
ru,us,0.5737
ru,uy,0.5416
ru,uz,0.641
ru,va,0.6609
ru,vc,0.6311
ru,ve,0.4836
ru,vg,0.6391
ru,vi,0.5826
ru,vn,0.792
ru,vu,0.6744
ru,wf,0.6607
ru,ws,0.6633
ru,xk,0.6639
ru,ye,0.7255
ru,yt,0.5826
ru,za,0.6165
ru,zm,0.7144
ru,zw,0.6483
rw,ad,0.6372
rw,ae,0.5843
rw,af,0.592
rw,ag,0.6505
rw,ai,0.6267
rw,al,0.8098
rw,am,0.6898
rw,ao,0.7131
rw,aq,0.6016
rw,ar,0.6003
rw,as,0.6067
rw,at,0.6941
rw,au,0.6413
rw,aw,0.5548
rw,ax,0.5586
rw,az,0.4231
rw,ba,0.6325
rw,bb,0.6252
rw,bd,0.5978
rw,be,0.6692
rw,bf,0.6976
rw,bg,0.6095
rw,bh,0.7149
rw,bi,0.618
rw,bj,0.6069
rw,bl,0.7196
rw,bm,0.6253
rw,bn,0.683
rw,bo,0.6178
rw,bq,0.6481
rw,br,0.5451
rw,bs,0.5563
rw,bt,0.6546
rw,bv,0.6395
rw,bw,0.6052
rw,by,0.6612
rw,bz,0.6164
rw,ca,0.763
rw,cc,0.6538
rw,cd,0.6043
rw,cf,0.5808
rw,cg,0.5885
rw,ch,0.796
rw,ci,0.6468
rw,ck,0.6171
rw,cl,0.589
rw,cm,0.5972
rw,cn,0.7768
rw,co,0.7376
rw,cr,0.6008
rw,cu,0.594
rw,cv,0.5085
rw,cw,0.5534
rw,cx,0.5552
rw,cy,0.7694
rw,cz,0.6184
rw,de,0.6704
rw,dj,0.5322
rw,dk,0.7009
rw,dm,0.5685
rw,do,0.6173
rw,dz,0.6497
rw,ec,0.718
rw,ee,0.6671
rw,eg,0.661
rw,eh,0.6068
rw,er,0.621
rw,es,0.6429
rw,et,0.532
rw,fi,0.7084
rw,fj,0.5916
rw,fk,0.599
rw,fm,0.634
rw,fo,0.6921
rw,fr,0.6556
rw,ga,0.5097
rw,gb-eng,0.7416
rw,gb-nir,0.7445
rw,gb-sct,0.6213
rw,gb-wls,0.5828
rw,gb,0.5881
rw,gd,0.6165
rw,ge,0.7462
rw,gf,0.5882
rw,gg,0.7271
rw,gh,0.6108
rw,gi,0.6671
rw,gl,0.6674
rw,gm,0.5957
rw,gn,0.6096
rw,gp,0.5628
rw,gq,0.5922
rw,gr,0.5962
rw,gs,0.6018
rw,gt,0.6095
rw,gu,0.6143
rw,gw,0.6598
rw,gy,0.5374
rw,hk,0.7502
rw,hm,0.6842
rw,hn,0.5149
rw,hr,0.6953
rw,ht,0.5303
rw,hu,0.6239
rw,id,0.8548
rw,ie,0.6221
rw,il,0.6266
rw,im,0.7368
rw,in,0.6451
rw,io,0.5629
rw,iq,0.6595
rw,ir,0.5729
rw,is,0.567
rw,it,0.6264
rw,je,0.7305
rw,jm,0.6161
rw,jo,0.6137
rw,jp,0.7723
rw,ke,0.6022
rw,kg,0.8173
rw,kh,0.5764
rw,ki,0.692
rw,km,0.5773
rw,kn,0.5793
rw,kp,0.5999
rw,kr,0.7346
rw,kw,0.5862
rw,ky,0.6099
rw,kz,0.5512
rw,la,0.6767
rw,lb,0.6765
rw,lc,0.6268
rw,li,0.5542
rw,lk,0.601
rw,lr,0.6176
rw,ls,0.5494
rw,lt,0.6523
rw,lu,0.6884
rw,lv,0.6585
rw,ly,0.7098
rw,ma,0.7107
rw,mc,0.7907
rw,md,0.6135
rw,me,0.7502
rw,mf,0.6556
rw,mg,0.6897
rw,mh,0.5895
rw,mk,0.6711
rw,ml,0.6051
rw,mm,0.6402
rw,mn,0.6238
rw,mo,0.575
rw,mp,0.5908
rw,mq,0.5607
rw,mr,0.606
rw,ms,0.6036
rw,mt,0.7164
rw,mu,0.4967
rw,mv,0.6706
rw,mw,0.614
rw,mx,0.6272
rw,my,0.6355
rw,mz,0.594
rw,na,0.551
rw,nc,0.5051
rw,ne,0.6508
rw,nf,0.6036
rw,ng,0.6199
rw,ni,0.5831
rw,nl,0.6378
rw,no,0.6395
rw,np,0.5644
rw,nr,0.6291
rw,nu,0.633
rw,nz,0.6419
rw,om,0.6429
rw,pa,0.7083
rw,pe,0.7262
rw,pf,0.6803
rw,pg,0.6864
rw,ph,0.5386
rw,pk,0.6363
rw,pl,0.6625
rw,pm,0.5051
rw,pn,0.5941
rw,pr,0.7073
rw,ps,0.6108
rw,pt,0.7053
rw,pw,0.6336
rw,py,0.6673
rw,qa,0.6761
rw,re,0.5882
rw,ro,0.6186
rw,rs,0.6906
rw,ru,0.6333
rw,rw,0.0
rw,sa,0.6144
rw,sb,0.5113
rw,sc,0.6019
rw,sd,0.637
rw,se,0.5565
rw,sg,0.7785
rw,sh,0.6261
rw,si,0.7021
rw,sj,0.6395
rw,sk,0.6361
rw,sl,0.5878
rw,sm,0.6538
rw,sn,0.6216
rw,so,0.6209
rw,sr,0.5464
rw,ss,0.5559
rw,st,0.5363
rw,sv,0.58
rw,sx,0.6777
rw,sy,0.5601
rw,sz,0.5632
rw,tc,0.6252
rw,td,0.6261
rw,tf,0.6097
rw,tg,0.5503
rw,th,0.6331
rw,tj,0.6617
rw,tk,0.5806
rw,tl,0.7068
rw,tm,0.5738
rw,tn,0.7794
rw,to,0.7322
rw,tr,0.7746
rw,tt,0.6794
rw,tv,0.613
rw,tw,0.7161
rw,tz,0.591
rw,ua,0.4587
rw,ug,0.6836
rw,um,0.5714
rw,us,0.5714
rw,uy,0.6473
rw,uz,0.501
rw,va,0.7193
rw,vc,0.6005
rw,ve,0.6687
rw,vg,0.5982
rw,vi,0.6893
rw,vn,0.8367
rw,vu,0.6395
rw,wf,0.6919
rw,ws,0.6401
rw,xk,0.5693
rw,ye,0.6703
rw,yt,0.7029
rw,za,0.5992
rw,zm,0.6169
rw,zw,0.6221
sa,ad,0.6517
sa,ae,0.6323
sa,af,0.5204
sa,ag,0.6312
sa,ai,0.5844
sa,al,0.7881
sa,am,0.6523
sa,ao,0.6036
sa,aq,0.7254
sa,ar,0.7765
sa,as,0.658
sa,at,0.7712
sa,au,0.5842
sa,aw,0.6772
sa,ax,0.6152
sa,az,0.6099
sa,ba,0.6082
sa,bb,0.5956
sa,bd,0.564
sa,be,0.6617
sa,bf,0.6218
sa,bg,0.7216
sa,bh,0.7942
sa,bi,0.6852
sa,bj,0.6364
sa,bl,0.8832
sa,bm,0.6681
sa,bn,0.7473
sa,bo,0.6169
sa,bq,0.7021
sa,br,0.5471
sa,bs,0.5633
sa,bt,0.7567
sa,bv,0.6522
sa,bw,0.6853
sa,by,0.6303
sa,bz,0.5872
sa,ca,0.824
sa,cc,0.5819
sa,cd,0.6628
sa,cf,0.6525
sa,cg,0.6445
sa,ch,0.8179
sa,ci,0.7224
sa,ck,0.5672
sa,cl,0.7452
sa,cm,0.6434
sa,cn,0.7844
sa,co,0.6808
sa,cr,0.7002
sa,cu,0.6669
sa,cv,0.6221
sa,cw,0.5902
sa,cx,0.5151
sa,cy,0.9462
sa,cz,0.7368
sa,de,0.679
sa,dj,0.6904
sa,dk,0.7472
sa,dm,0.5468
sa,do,0.6746
sa,dz,0.7387
sa,ec,0.6914
sa,ee,0.7063
sa,eg,0.6943
sa,eh,0.6068
sa,er,0.6274
sa,es,0.6822
sa,et,0.6063
sa,fi,0.8054
sa,fj,0.674
sa,fk,0.5664
sa,fm,0.7566
sa,fo,0.8282
sa,fr,0.6943
sa,ga,0.6128
sa,gb-eng,0.8827
sa,gb-nir,0.8881
sa,gb-sct,0.7165
sa,gb-wls,0.6745
sa,gb,0.6619
sa,gd,0.6208
sa,ge,0.8753
sa,gf,0.6685
sa,gg,0.869
sa,gh,0.623
sa,gi,0.83
sa,gl,0.8201
sa,gm,0.5864
sa,gn,0.6397
sa,gp,0.5405
sa,gq,0.6676
sa,gr,0.7154
sa,gs,0.5486
sa,gt,0.7301
sa,gu,0.5609
sa,gw,0.6331
sa,gy,0.5927
sa,hk,0.7709
sa,hm,0.6203
sa,hn,0.7627
sa,hr,0.7224
sa,ht,0.6066
sa,hu,0.6996
sa,id,0.8786
sa,ie,0.7261
sa,il,0.8003
sa,im,0.7339
sa,in,0.6978
sa,io,0.6397
sa,iq,0.6854
sa,ir,0.7097
sa,is,0.6172
sa,it,0.6919
sa,je,0.8836
sa,jm,0.5682
sa,jo,0.6129
sa,jp,0.9365
sa,ke,0.5518
sa,kg,0.811
sa,kh,0.6117
sa,ki,0.6731
sa,km,0.6473
sa,kn,0.5648
sa,kp,0.6609
sa,kr,0.8766
sa,kw,0.6371
sa,ky,0.5646
sa,kz,0.6296
sa,la,0.6219
sa,lb,0.7736
sa,lc,0.7764
sa,li,0.6122
sa,lk,0.6266
sa,lr,0.7183
sa,ls,0.6593
sa,lt,0.6277
sa,lu,0.7515
sa,lv,0.6999
sa,ly,0.5811
sa,ma,0.7036
sa,mc,0.84
sa,md,0.6313
sa,me,0.7421
sa,mf,0.6943
sa,mg,0.7275
sa,mh,0.6131
sa,mk,0.7102
sa,ml,0.6449
sa,mm,0.6876
sa,mn,0.6454
sa,mo,0.5753
sa,mp,0.5866
sa,mq,0.548
sa,mr,0.5907
sa,ms,0.5578
sa,mt,0.8212
sa,mu,0.6143
sa,mv,0.6409
sa,mw,0.5533
sa,mx,0.6679
sa,my,0.6945
sa,mz,0.6156
sa,na,0.5535
sa,nc,0.5678
sa,ne,0.6965
sa,nf,0.6266
sa,ng,0.6667
sa,ni,0.7141
sa,nl,0.6899
sa,no,0.6522
sa,np,0.5751
sa,nr,0.5905
sa,nu,0.791
sa,nz,0.5775
sa,om,0.7077
sa,pa,0.7613
sa,pe,0.7834
sa,pf,0.775
sa,pg,0.604
sa,ph,0.6737
sa,pk,0.6543
sa,pl,0.8286
sa,pm,0.593
sa,pn,0.5432
sa,pr,0.7498
sa,ps,0.6284
sa,pt,0.6721
sa,pw,0.7294
sa,py,0.7049
sa,qa,0.7406
sa,re,0.6834
sa,ro,0.6415
sa,rs,0.7071
sa,ru,0.7281
sa,rw,0.6144
sa,sa,0.0
sa,sb,0.5358
sa,sc,0.6465
sa,sd,0.6398
sa,se,0.6048
sa,sg,0.851
sa,sh,0.5716
sa,si,0.7887
sa,sj,0.6522
sa,sk,0.7368
sa,sl,0.6784
sa,sm,0.7878
sa,sn,0.6445
sa,so,0.7095
sa,sr,0.6241
sa,ss,0.5687
sa,st,0.6044
sa,sv,0.6877
sa,sx,0.6438
sa,sy,0.6228
sa,sz,0.5987
sa,tc,0.5731
sa,td,0.6368
sa,tf,0.6189
sa,tg,0.6159
sa,th,0.6661
sa,tj,0.7265
sa,tk,0.5933
sa,tl,0.6908
sa,tm,0.5419
sa,tn,0.7777
sa,to,0.7559
sa,tr,0.775
sa,tt,0.6835
sa,tv,0.6372
sa,tw,0.7557
sa,tz,0.5576
sa,ua,0.7008
sa,ug,0.6526
sa,um,0.6754
sa,us,0.6754
sa,uy,0.7643
sa,uz,0.6897
sa,va,0.8555
sa,vc,0.5908
sa,ve,0.6524
sa,vg,0.5528
sa,vi,0.8507
sa,vn,0.829
sa,vu,0.5515
sa,wf,0.7169
sa,ws,0.6671
sa,xk,0.6047
sa,ye,0.7061
sa,yt,0.8813
sa,za,0.5706
sa,zm,0.5646
sa,zw,0.6511
sb,ad,0.5919
sb,ae,0.5896
sb,af,0.5307
sb,ag,0.6152
sb,ai,0.5448
sb,al,0.7534
sb,am,0.5994
sb,ao,0.5944
sb,aq,0.6317
sb,ar,0.6545
sb,as,0.6003
sb,at,0.6958
sb,au,0.5395
sb,aw,0.5674
sb,ax,0.5655
sb,az,0.5111
sb,ba,0.5741
sb,bb,0.5669
sb,bd,0.5415
sb,be,0.6455
sb,bf,0.589
sb,bg,0.607
sb,bh,0.6783
sb,bi,0.6048
sb,bj,0.5823
sb,bl,0.7559
sb,bm,0.5922
sb,bn,0.6805
sb,bo,0.5877
sb,bq,0.6176
sb,br,0.5284
sb,bs,0.5373
sb,bt,0.7022
sb,bv,0.5899
sb,bw,0.5926
sb,by,0.5849
sb,bz,0.5319
sb,ca,0.7528
sb,cc,0.5973
sb,cd,0.5484
sb,cf,0.5717
sb,cg,0.5628
sb,ch,0.7722
sb,ci,0.672
sb,ck,0.5238
sb,cl,0.6461
sb,cm,0.5779
sb,cn,0.7357
sb,co,0.6407
sb,cr,0.6185
sb,cu,0.6216
sb,cv,0.5522
sb,cw,0.5432
sb,cx,0.4846
sb,cy,0.8213
sb,cz,0.632
sb,de,0.6499
sb,dj,0.553
sb,dk,0.6777
sb,dm,0.5241
sb,do,0.5958
sb,dz,0.6834
sb,ec,0.6219
sb,ee,0.6257
sb,eg,0.6405
sb,eh,0.5987
sb,er,0.5841
sb,es,0.6444
sb,et,0.5535
sb,fi,0.6934
sb,fj,0.5749
sb,fk,0.5232
sb,fm,0.6469
sb,fo,0.7004
sb,fr,0.634
sb,ga,0.5558
sb,gb-eng,0.7648
sb,gb-nir,0.7733
sb,gb-sct,0.5336
sb,gb-wls,0.5684
sb,gb,0.5647
sb,gd,0.5645
sb,ge,0.768
sb,gf,0.6193
sb,gg,0.7532
sb,gh,0.5925
sb,gi,0.7082
sb,gl,0.7004
sb,gm,0.5397
sb,gn,0.6081
sb,gp,0.5069
sb,gq,0.596
sb,gr,0.5633
sb,gs,0.5075
sb,gt,0.6259
sb,gu,0.5224
sb,gw,0.5986
sb,gy,0.5436
sb,hk,0.721
sb,hm,0.5769
sb,hn,0.661
sb,hr,0.6649
sb,ht,0.534
sb,hu,0.6227
sb,id,0.8125
sb,ie,0.6438
sb,il,0.6923
sb,im,0.6878
sb,in,0.636
sb,io,0.5437
sb,iq,0.6348
sb,ir,0.6274
sb,is,0.545
sb,it,0.6276
sb,je,0.774
sb,jm,0.5119
sb,jo,0.6005
sb,jp,0.8059
sb,ke,0.552
sb,kg,0.7763
sb,kh,0.5593
sb,ki,0.6268
sb,km,0.603
sb,kn,0.5505
sb,kp,0.5533
sb,kr,0.7565
sb,kw,0.6005
sb,ky,0.522
sb,kz,0.55
sb,la,0.5718
sb,lb,0.6929
sb,lc,0.6567
sb,li,0.5501
sb,lk,0.5704
sb,lr,0.6233
sb,ls,0.5819
sb,lt,0.5847
sb,lu,0.6801
sb,lv,0.6346
sb,ly,0.576
sb,ma,0.6582
sb,mc,0.7635
sb,md,0.5251
sb,me,0.7085
sb,mf,0.634
sb,mg,0.6128
sb,mh,0.5119
sb,mk,0.6459
sb,ml,0.6013
sb,mm,0.6357
sb,mn,0.5791
sb,mo,0.5338
sb,mp,0.5306
sb,mq,0.5213
sb,mr,0.5454
sb,ms,0.5194
sb,mt,0.6961
sb,mu,0.5583
sb,mv,0.5955
sb,mw,0.5469
sb,mx,0.6083
sb,my,0.6176
sb,mz,0.5576
sb,na,0.4684
sb,nc,0.5103
sb,ne,0.6393
sb,nf,0.5857
sb,ng,0.6196
sb,ni,0.6187
sb,nl,0.6247
sb,no,0.5899
sb,np,0.5036
sb,nr,0.5511
sb,nu,0.6998
sb,nz,0.5401
sb,om,0.6284
sb,pa,0.6798
sb,pe,0.7198
sb,pf,0.6933
sb,pg,0.5961
sb,ph,0.5559
sb,pk,0.5749
sb,pl,0.7119
sb,pm,0.4938
sb,pn,0.4982
sb,pr,0.6673
sb,ps,0.6095
sb,pt,0.6524
sb,pw,0.6455
sb,py,0.6453
sb,qa,0.623
sb,re,0.5494
sb,ro,0.587
sb,rs,0.6301
sb,ru,0.6085
sb,rw,0.5113
sb,sa,0.5358
sb,sb,0.0
sb,sc,0.5926
sb,sd,0.6103
sb,se,0.5538
sb,sg,0.7609
sb,sh,0.5322
sb,si,0.6689
sb,sj,0.5899
sb,sk,0.6003
sb,sl,0.6135
sb,sm,0.6614
sb,sn,0.6047
sb,so,0.6044
sb,sr,0.5588
sb,ss,0.5107
sb,st,0.5729
sb,sv,0.529
sb,sx,0.5773
sb,sy,0.5765
sb,sz,0.5374
sb,tc,0.5337
sb,td,0.5946
sb,tf,0.5528
sb,tg,0.5717
sb,th,0.589
sb,tj,0.6715
sb,tk,0.53
sb,tl,0.6468
sb,tm,0.5161
sb,tn,0.7391
sb,to,0.6884
sb,tr,0.7275
sb,tt,0.6245
sb,tv,0.5668
sb,tw,0.6793
sb,tz,0.5635
sb,ua,0.5435
sb,ug,0.6292
sb,um,0.5779
sb,us,0.5779
sb,uy,0.6448
sb,uz,0.5681
sb,va,0.7891
sb,vc,0.557
sb,ve,0.605
sb,vg,0.5103
sb,vi,0.7216
sb,vn,0.794
sb,vu,0.5385
sb,wf,0.6558
sb,ws,0.595
sb,xk,0.526
sb,ye,0.6522
sb,yt,0.7501
sb,za,0.5434
sb,zm,0.5664
sb,zw,0.5832
sc,ad,0.5283
sc,ae,0.5813
sc,af,0.5099
sc,ag,0.5927
sc,ai,0.5867
sc,al,0.6922
sc,am,0.5859
sc,ao,0.6114
sc,aq,0.639
sc,ar,0.6025
sc,as,0.5795
sc,at,0.5924
sc,au,0.6095
sc,aw,0.6341
sc,ax,0.5536
sc,az,0.5702
sc,ba,0.5865
sc,bb,0.5447
sc,bd,0.5905
sc,be,0.546
sc,bf,0.5501
sc,bg,0.652
sc,bh,0.6272
sc,bi,0.5745
sc,bj,0.5593
sc,bl,0.6492
sc,bm,0.5483
sc,bn,0.5853
sc,bo,0.4849
sc,bq,0.6532
sc,br,0.5537
sc,bs,0.5686
sc,bt,0.5805
sc,bv,0.5573
sc,bw,0.6261
sc,by,0.526
sc,bz,0.5937
sc,ca,0.6217
sc,cc,0.6857
sc,cd,0.5917
sc,cf,0.5796
sc,cg,0.545
sc,ch,0.6692
sc,ci,0.6053
sc,ck,0.5878
sc,cl,0.6053
sc,cm,0.534
sc,cn,0.6477
sc,co,0.6037
sc,cr,0.563
sc,cu,0.575
sc,cv,0.5873
sc,cw,0.6029
sc,cx,0.5705
sc,cy,0.6906
sc,cz,0.6232
sc,de,0.6184
sc,dj,0.6347
sc,dk,0.5853
sc,dm,0.5166
sc,do,0.4933
sc,dz,0.5843
sc,ec,0.5935
sc,ee,0.6876
sc,eg,0.568
sc,eh,0.5352
sc,er,0.5187
sc,es,0.5551
sc,et,0.575
sc,fi,0.6875
sc,fj,0.5719
sc,fk,0.571
sc,fm,0.6604
sc,fo,0.6528
sc,fr,0.566
sc,ga,0.5525
sc,gb-eng,0.6747
sc,gb-nir,0.6872
sc,gb-sct,0.6479
sc,gb-wls,0.5444
sc,gb,0.5101
sc,gd,0.5364
sc,ge,0.6585
sc,gf,0.6453
sc,gg,0.6598
sc,gh,0.4952
sc,gi,0.6396
sc,gl,0.6578
sc,gm,0.519
sc,gn,0.555
sc,gp,0.6148
sc,gq,0.5386
sc,gr,0.5972
sc,gs,0.5748
sc,gt,0.5935
sc,gu,0.6029
sc,gw,0.5307
sc,gy,0.4986
sc,hk,0.6342
sc,hm,0.6732
sc,hn,0.6703
sc,hr,0.5406
sc,ht,0.6052
sc,hu,0.4772
sc,id,0.6175
sc,ie,0.5485
sc,il,0.6328
sc,im,0.6283
sc,in,0.507
sc,io,0.5213
sc,iq,0.5677
sc,ir,0.578
sc,is,0.5634
sc,it,0.52
sc,je,0.6262
sc,jm,0.5974
sc,jo,0.5318
sc,jp,0.6957
sc,ke,0.5484
sc,kg,0.6812
sc,kh,0.5694
sc,ki,0.5
sc,km,0.5307
sc,kn,0.5835
sc,kp,0.5498
sc,kr,0.6555
sc,kw,0.5563
sc,ky,0.5718
sc,kz,0.6612
sc,la,0.5966
sc,lb,0.5723
sc,lc,0.6833
sc,li,0.6013
sc,lk,0.495
sc,lr,0.5087
sc,ls,0.5618
sc,lt,0.552
sc,lu,0.5568
sc,lv,0.5757
sc,ly,0.6235
sc,ma,0.52
sc,mc,0.5926
sc,md,0.5244
sc,me,0.6247
sc,mf,0.566
sc,mg,0.5665
sc,mh,0.597
sc,mk,0.491
sc,ml,0.5303
sc,mm,0.5761
sc,mn,0.5448
sc,mo,0.6237
sc,mp,0.6167
sc,mq,0.6208
sc,mr,0.5953
sc,ms,0.5903
sc,mt,0.6338
sc,mu,0.4927
sc,mv,0.6084
sc,mw,0.5265
sc,mx,0.5377
sc,my,0.537
sc,mz,0.6118
sc,na,0.501
sc,nc,0.5232
sc,ne,0.5109
sc,nf,0.5668
sc,ng,0.6085
sc,ni,0.6312
sc,nl,0.5285
sc,no,0.5573
sc,np,0.5157
sc,nr,0.6201
sc,nu,0.6218
sc,nz,0.6124
sc,om,0.5594
sc,pa,0.5796
sc,pe,0.6128
sc,pf,0.5641
sc,pg,0.585
sc,ph,0.6529
sc,pk,0.6758
sc,pl,0.6723
sc,pm,0.5563
sc,pn,0.5639
sc,pr,0.604
sc,ps,0.5608
sc,pt,0.5978
sc,pw,0.6976
sc,py,0.5395
sc,qa,0.6325
sc,re,0.6459
sc,ro,0.5127
sc,rs,0.5284
sc,ru,0.656
sc,rw,0.6019
sc,sa,0.6465
sc,sb,0.5926
sc,sc,0.0
sc,sd,0.5276
sc,se,0.5788
sc,sg,0.5841
sc,sh,0.5896
sc,si,0.7149
sc,sj,0.5573
sc,sk,0.6339
sc,sl,0.579
sc,sm,0.6115
sc,sn,0.5272
sc,so,0.673
sc,sr,0.5173
sc,ss,0.5481
sc,st,0.557
sc,sv,0.6155
sc,sx,0.561
sc,sy,0.5815
sc,sz,0.535
sc,tc,0.5885
sc,td,0.5152
sc,tf,0.5898
sc,tg,0.5611
sc,th,0.5664
sc,tj,0.5554
sc,tk,0.5772
sc,tl,0.5841
sc,tm,0.6132
sc,tn,0.6593
sc,to,0.6561
sc,tr,0.6517
sc,tt,0.5783
sc,tv,0.642
sc,tw,0.6496
sc,tz,0.5504
sc,ua,0.6503
sc,ug,0.6212
sc,um,0.4955
sc,us,0.4955
sc,uy,0.6368
sc,uz,0.5735
sc,va,0.6457
sc,vc,0.4971
sc,ve,0.5897
sc,vg,0.5722
sc,vi,0.6219
sc,vn,0.7055
sc,vu,0.5172
sc,wf,0.5869
sc,ws,0.5802
sc,xk,0.6095
sc,ye,0.5807
sc,yt,0.6535
sc,za,0.4979
sc,zm,0.6305
sc,zw,0.5735
sd,ad,0.5677
sd,ae,0.3813
sd,af,0.4812
sd,ag,0.5778
sd,ai,0.5886
sd,al,0.7241
sd,am,0.6303
sd,ao,0.4719
sd,aq,0.6812
sd,ar,0.6631
sd,as,0.5315
sd,at,0.4379
sd,au,0.6334
sd,aw,0.6908
sd,ax,0.6291
sd,az,0.649
sd,ba,0.6117
sd,bb,0.639
sd,bd,0.626
sd,be,0.5554
sd,bf,0.5607
sd,bg,0.6714
sd,bh,0.7124
sd,bi,0.5563
sd,bj,0.5817
sd,bl,0.781
sd,bm,0.5153
sd,bn,0.6238
sd,bo,0.443
sd,bq,0.6649
sd,br,0.6119
sd,bs,0.5657
sd,bt,0.634
sd,bv,0.5605
sd,bw,0.7126
sd,by,0.5005
sd,bz,0.5631
sd,ca,0.7432
sd,cc,0.6871
sd,cd,0.6764
sd,cf,0.5996
sd,cg,0.6084
sd,ch,0.65
sd,ci,0.672
sd,ck,0.608
sd,cl,0.6244
sd,cm,0.5508
sd,cn,0.6919
sd,co,0.5926
sd,cr,0.6977
sd,cu,0.6574
sd,cv,0.6504
sd,cw,0.6745
sd,cx,0.5998
sd,cy,0.8183
sd,cz,0.61
sd,de,0.7159
sd,dj,0.6487
sd,dk,0.5279
sd,dm,0.5442
sd,do,0.5106
sd,dz,0.6216
sd,ec,0.612
sd,ee,0.8522
sd,eg,0.2863
sd,eh,0.4067
sd,er,0.6417
sd,es,0.5741
sd,et,0.6041
sd,fi,0.813
sd,fj,0.6409
sd,fk,0.5805
sd,fm,0.7307
sd,fo,0.7746
sd,fr,0.5721
sd,ga,0.6271
sd,gb-eng,0.7915
sd,gb-nir,0.8091
sd,gb-sct,0.6691
sd,gb-wls,0.5897
sd,gb,0.5742
sd,gd,0.5626
sd,ge,0.7907
sd,gf,0.7426
sd,gg,0.7921
sd,gh,0.4396
sd,gi,0.6554
sd,gl,0.6342
sd,gm,0.4535
sd,gn,0.6031
sd,gp,0.5832
sd,gq,0.5021
sd,gr,0.6382
sd,gs,0.5905
sd,gt,0.6855
sd,gu,0.616
sd,gw,0.5483
sd,gy,0.5993
sd,hk,0.6414
sd,hm,0.6585
sd,hn,0.699
sd,hr,0.457
sd,ht,0.5759
sd,hu,0.4279
sd,id,0.754
sd,ie,0.6122
sd,il,0.684
sd,im,0.5695
sd,in,0.4165
sd,io,0.5885
sd,iq,0.2938
sd,ir,0.5512
sd,is,0.5916
sd,it,0.5986
sd,je,0.732
sd,jm,0.6073
sd,jo,0.4118
sd,jp,0.8362
sd,ke,0.5692
sd,kg,0.7025
sd,kh,0.5877
sd,ki,0.5927
sd,km,0.5174
sd,kn,0.5789
sd,kp,0.6294
sd,kr,0.7767
sd,kw,0.4191
sd,ky,0.6009
sd,kz,0.7007
sd,la,0.5057
sd,lb,0.5433
sd,lc,0.7702
sd,li,0.6218
sd,lk,0.5564
sd,lr,0.6047
sd,ls,0.5459
sd,lt,0.6131
sd,lu,0.522
sd,lv,0.5348
sd,ly,0.5899
sd,ma,0.6484
sd,mc,0.6982
sd,md,0.5715
sd,me,0.6568
sd,mf,0.5721
sd,mg,0.6446
sd,mh,0.6041
sd,mk,0.612
sd,ml,0.5629
sd,mm,0.5838
sd,mn,0.6225
sd,mo,0.6213
sd,mp,0.633
sd,mq,0.6415
sd,mr,0.5793
sd,ms,0.5955
sd,mt,0.686
sd,mu,0.5611
sd,mv,0.5389
sd,mw,0.5405
sd,mx,0.5772
sd,my,0.641
sd,mz,0.7398
sd,na,0.5486
sd,nc,0.5861
sd,ne,0.4838
sd,nf,0.6114
sd,ng,0.6548
sd,ni,0.6118
sd,nl,0.4307
sd,no,0.5605
sd,np,0.571
sd,nr,0.6557
sd,nu,0.717
sd,nz,0.6295
sd,om,0.5916
sd,pa,0.6415
sd,pe,0.6122
sd,pf,0.5303
sd,pg,0.4499
sd,ph,0.6575
sd,pk,0.7226
sd,pl,0.6442
sd,pm,0.6313
sd,pn,0.5775
sd,pr,0.6501
sd,ps,0.4469
sd,pt,0.5924
sd,pw,0.7674
sd,py,0.4464
sd,qa,0.7006
sd,re,0.6546
sd,ro,0.5582
sd,rs,0.7001
sd,ru,0.6893
sd,rw,0.637
sd,sa,0.6398
sd,sb,0.6103
sd,sc,0.5276
sd,sd,0.0
sd,se,0.623
sd,sg,0.7244
sd,sh,0.6019
sd,si,0.7343
sd,sj,0.5605
sd,sk,0.6756
sd,sl,0.5607
sd,sm,0.6908
sd,sn,0.5926
sd,so,0.7084
sd,sr,0.6515
sd,ss,0.5641
sd,st,0.6284
sd,sv,0.5763
sd,sx,0.5867
sd,sy,0.413
sd,sz,0.5934
sd,tc,0.6019
sd,td,0.5556
sd,tf,0.6279
sd,tg,0.6098
sd,th,0.6798
sd,tj,0.4596
sd,tk,0.6491
sd,tl,0.5876
sd,tm,0.6441
sd,tn,0.654
sd,to,0.6865
sd,tr,0.6854
sd,tt,0.5627
sd,tv,0.665
sd,tw,0.7016
sd,tz,0.6213
sd,ua,0.7384
sd,ug,0.6522
sd,um,0.5963
sd,us,0.5963
sd,uy,0.723
sd,uz,0.5363
sd,va,0.7476
sd,vc,0.5983
sd,ve,0.6016
sd,vg,0.5919
sd,vi,0.7537
sd,vn,0.721
sd,vu,0.4952
sd,wf,0.548
sd,ws,0.5786
sd,xk,0.6356
sd,ye,0.2822
sd,yt,0.7797
sd,za,0.5047
sd,zm,0.6405
sd,zw,0.6883
se,ad,0.5921
se,ae,0.6006
se,af,0.5457
se,ag,0.6514
se,ai,0.5906
se,al,0.7814
se,am,0.7113
se,ao,0.6463
se,aq,0.6549
se,ar,0.6423
se,as,0.6213
se,at,0.7019
se,au,0.6065
se,aw,0.64
se,ax,0.4613
se,az,0.5336
se,ba,0.6009
se,bb,0.5785
se,bd,0.5735
se,be,0.6377
se,bf,0.6158
se,bg,0.7127
se,bh,0.7197
se,bi,0.6417
se,bj,0.6177
se,bl,0.7618
se,bm,0.639
se,bn,0.7192
se,bo,0.5639
se,bq,0.661
se,br,0.5332
se,bs,0.5299
se,bt,0.6621
se,bv,0.6766
se,bw,0.6451
se,by,0.6063
se,bz,0.5929
se,ca,0.7575
se,cc,0.6441
se,cd,0.638
se,cf,0.6063
se,cg,0.6232
se,ch,0.7826
se,ci,0.6604
se,ck,0.5882
se,cl,0.6883
se,cm,0.597
se,cn,0.7474
se,co,0.6419
se,cr,0.6216
se,cu,0.653
se,cv,0.5821
se,cw,0.6396
se,cx,0.5524
se,cy,0.8128
se,cz,0.6912
se,de,0.6491
se,dj,0.6217
se,dk,0.6837
se,dm,0.5359
se,do,0.6101
se,dz,0.6997
se,ec,0.6458
se,ee,0.6834
se,eg,0.6442
se,eh,0.5786
se,er,0.567
se,es,0.6379
se,et,0.55
se,fi,0.8041
se,fj,0.5995
se,fk,0.5778
se,fm,0.6813
se,fo,0.7427
se,fr,0.6548
se,ga,0.4621
se,gb-eng,0.7788
se,gb-nir,0.7813
se,gb-sct,0.6774
se,gb-wls,0.6149
se,gb,0.6002
se,gd,0.6053
se,ge,0.765
se,gf,0.6132
se,gg,0.7521
se,gh,0.5391
se,gi,0.7435
se,gl,0.7289
se,gm,0.6407
se,gn,0.5682
se,gp,0.5712
se,gq,0.6305
se,gr,0.6463
se,gs,0.5725
se,gt,0.6374
se,gu,0.6026
se,gw,0.6016
se,gy,0.5173
se,hk,0.7317
se,hm,0.6364
se,hn,0.6417
se,hr,0.6463
se,ht,0.5963
se,hu,0.619
se,id,0.7848
se,ie,0.6589
se,il,0.6892
se,im,0.7091
se,in,0.6386
se,io,0.5823
se,iq,0.6463
se,ir,0.6421
se,is,0.3037
se,it,0.6426
se,je,0.7664
se,jm,0.6159
se,jo,0.5855
se,jp,0.8146
se,ke,0.5716
se,kg,0.78
se,kh,0.5585
se,ki,0.6047
se,km,0.5975
se,kn,0.5895
se,kp,0.5948
se,kr,0.7618
se,kw,0.6118
se,ky,0.5818
se,kz,0.6079
se,la,0.6497
se,lb,0.7078
se,lc,0.6958
se,li,0.6232
se,lk,0.5858
se,lr,0.6393
se,ls,0.5848
se,lt,0.6689
se,lu,0.6498
se,lv,0.642
se,ly,0.648
se,ma,0.6865
se,mc,0.7448
se,md,0.5802
se,me,0.7161
se,mf,0.6548
se,mg,0.6696
se,mh,0.5837
se,mk,0.6503
se,ml,0.5821
se,mm,0.6535
se,mn,0.646
se,mo,0.5874
se,mp,0.5861
se,mq,0.5725
se,mr,0.6085
se,ms,0.581
se,mt,0.7312
se,mu,0.5695
se,mv,0.6512
se,mw,0.5495
se,mx,0.6299
se,my,0.6638
se,mz,0.6362
se,na,0.5686
se,nc,0.4776
se,ne,0.6361
se,nf,0.6019
se,ng,0.6315
se,ni,0.5993
se,nl,0.6049
se,no,0.6766
se,np,0.548
se,nr,0.5873
se,nu,0.6919
se,nz,0.6051
se,om,0.6512
se,pa,0.7052
se,pe,0.725
se,pf,0.6989
se,pg,0.6435
se,ph,0.6259
se,pk,0.6639
se,pl,0.7466
se,pm,0.5605
se,pn,0.5646
se,pr,0.7173
se,ps,0.5903
se,pt,0.6858
se,pw,0.6434
se,py,0.6208
se,qa,0.6836
se,re,0.6429
se,ro,0.5804
se,rs,0.6724
se,ru,0.7332
se,rw,0.5565
se,sa,0.6048
se,sb,0.5538
se,sc,0.5788
se,sd,0.623
se,se,0.0
se,sg,0.7429
se,sh,0.5917
se,si,0.8057
se,sj,0.6766
se,sk,0.7092
se,sl,0.582
se,sm,0.6862
se,sn,0.6146
se,so,0.6552
se,sr,0.5806
se,ss,0.5521
se,st,0.5449
se,sv,0.5862
se,sx,0.6147
se,sy,0.581
se,sz,0.5653
se,tc,0.585
se,td,0.5808
se,tf,0.5884
se,tg,0.6153
se,th,0.661
se,tj,0.6723
se,tk,0.5905
se,tl,0.6744
se,tm,0.5879
se,tn,0.7521
se,to,0.7316
se,tr,0.7455
se,tt,0.66
se,tv,0.6089
se,tw,0.7565
se,tz,0.5704
se,ua,0.6306
se,ug,0.6682
se,um,0.6124
se,us,0.6124
se,uy,0.6776
se,uz,0.5829
se,va,0.7436
se,vc,0.5694
se,ve,0.6829
se,vg,0.5743
se,vi,0.7377
se,vn,0.7972
se,vu,0.5804
se,wf,0.6797
se,ws,0.669
se,xk,0.5849
se,ye,0.656
se,yt,0.7657
se,za,0.5916
se,zm,0.6173
se,zw,0.6442
sg,ad,0.6818
sg,ae,0.7378
sg,af,0.7483
sg,ag,0.6883
sg,ai,0.7861
sg,al,0.7797
sg,am,0.6564
sg,ao,0.8166
sg,aq,0.6905
sg,ar,0.5718
sg,as,0.6897
sg,at,0.6089
sg,au,0.7931
sg,aw,0.7035
sg,ax,0.7062
sg,az,0.7195
sg,ba,0.7626
sg,bb,0.7589
sg,bd,0.7883
sg,be,0.7153
sg,bf,0.6224
sg,bg,0.7365
sg,bh,0.587
sg,bi,0.5825
sg,bj,0.7246
sg,bl,0.4613
sg,bm,0.676
sg,bn,0.6667
sg,bo,0.6582
sg,bq,0.6979
sg,br,0.7582
sg,bs,0.769
sg,bt,0.5992
sg,bv,0.655
sg,bw,0.6773
sg,by,0.6797
sg,bz,0.723
sg,ca,0.6198
sg,cc,0.8693
sg,cd,0.731
sg,cf,0.6641
sg,cg,0.6798
sg,ch,0.7
sg,ci,0.6173
sg,ck,0.7783
sg,cl,0.7362
sg,cm,0.6748
sg,cn,0.7179
sg,co,0.7175
sg,cr,0.6221
sg,cu,0.6689
sg,cv,0.7155
sg,cw,0.7986
sg,cx,0.7967
sg,cy,0.4803
sg,cz,0.7423
sg,de,0.7049
sg,dj,0.6764
sg,dk,0.6406
sg,dm,0.7305
sg,do,0.6426
sg,dz,0.646
sg,ec,0.6882
sg,ee,0.6644
sg,eg,0.7027
sg,eh,0.6861
sg,er,0.6225
sg,es,0.663
sg,et,0.7123
sg,fi,0.6039
sg,fj,0.5833
sg,fk,0.7693
sg,fm,0.6829
sg,fo,0.5141
sg,fr,0.6473
sg,ga,0.664
sg,gb-eng,0.5084
sg,gb-nir,0.5134
sg,gb-sct,0.6374
sg,gb-wls,0.6801
sg,gb,0.5932
sg,gd,0.6484
sg,ge,0.5293
sg,gf,0.713
sg,gg,0.4866
sg,gh,0.6649
sg,gi,0.6796
sg,gl,0.6571
sg,gm,0.6478
sg,gn,0.6823
sg,gp,0.83
sg,gq,0.6539
sg,gr,0.5949
sg,gs,0.7729
sg,gt,0.6075
sg,gu,0.7947
sg,gw,0.6945
sg,gy,0.6594
sg,hk,0.6831
sg,hm,0.8101
sg,hn,0.6979
sg,hr,0.5973
sg,ht,0.7405
sg,hu,0.5446
sg,id,0.3095
sg,ie,0.5739
sg,il,0.572
sg,im,0.7172
sg,in,0.6123
sg,io,0.5617
sg,iq,0.7074
sg,ir,0.6553
sg,is,0.6953
sg,it,0.6161
sg,je,0.4836
sg,jm,0.7611
sg,jo,0.6859
sg,jp,0.5164
sg,ke,0.7503
sg,kg,0.7571
sg,kh,0.7
sg,ki,0.4985
sg,km,0.6856
sg,kn,0.7653
sg,kp,0.6594
sg,kr,0.5034
sg,kw,0.7142
sg,ky,0.7695
sg,kz,0.7681
sg,la,0.7149
sg,lb,0.5683
sg,lc,0.7088
sg,li,0.7741
sg,lk,0.6077
sg,lr,0.5353
sg,ls,0.6603
sg,lt,0.7093
sg,lu,0.4799
sg,lv,0.6544
sg,ly,0.7809
sg,ma,0.714
sg,mc,0.2966
sg,md,0.6775
sg,me,0.7125
sg,mf,0.6473
sg,mg,0.5426
sg,mh,0.7409
sg,mk,0.6262
sg,ml,0.6721
sg,mm,0.6075
sg,mn,0.6781
sg,mo,0.7731
sg,mp,0.774
sg,mq,0.807
sg,mr,0.7228
sg,ms,0.789
sg,mt,0.5457
sg,mu,0.6101
sg,mv,0.7125
sg,mw,0.6968
sg,mx,0.6337
sg,my,0.5675
sg,mz,0.6973
sg,na,0.6942
sg,nc,0.7107
sg,ne,0.5966
sg,nf,0.7101
sg,ng,0.7013
sg,ni,0.6917
sg,nl,0.5699
sg,no,0.655
sg,np,0.6314
sg,nr,0.828
sg,nu,0.6631
sg,nz,0.8084
sg,om,0.701
sg,pa,0.5688
sg,pe,0.6175
sg,pf,0.5547
sg,pg,0.8046
sg,ph,0.7078
sg,pk,0.7252
sg,pl,0.7235
sg,pm,0.6396
sg,pn,0.7646
sg,pr,0.6561
sg,ps,0.6517
sg,pt,0.7588
sg,pw,0.8014
sg,py,0.5871
sg,qa,0.614
sg,re,0.7488
sg,ro,0.6881
sg,rs,0.4375
sg,ru,0.7349
sg,rw,0.7785
sg,sa,0.851
sg,sb,0.7609
sg,sc,0.5841
sg,sd,0.7244
sg,se,0.7429
sg,sg,0.0
sg,sh,0.7913
sg,si,0.7946
sg,sj,0.655
sg,sk,0.6988
sg,sl,0.637
sg,sm,0.5799
sg,sn,0.6729
sg,so,0.7324
sg,sr,0.6219
sg,ss,0.6785
sg,st,0.723
sg,sv,0.7018
sg,sx,0.613
sg,sy,0.7741
sg,sz,0.6506
sg,tc,0.7887
sg,td,0.7009
sg,tf,0.7116
sg,tg,0.6852
sg,th,0.6066
sg,tj,0.6287
sg,tk,0.7654
sg,tl,0.7109
sg,tm,0.7873
sg,tn,0.7261
sg,to,0.7765
sg,tr,0.7262
sg,tt,0.69
sg,tv,0.7095
sg,tw,0.7861
sg,tz,0.7485
sg,ua,0.7328
sg,ug,0.7258
sg,um,0.5335
sg,us,0.5335
sg,uy,0.5762
sg,uz,0.6548
sg,va,0.5654
sg,vc,0.7037
sg,ve,0.7236
sg,vg,0.7702
sg,vi,0.4556
sg,vn,0.7788
sg,vu,0.71
sg,wf,0.7012
sg,ws,0.7427
sg,xk,0.7479
sg,ye,0.7017
sg,yt,0.4827
sg,za,0.6711
sg,zm,0.8156
sg,zw,0.6857
sh,ad,0.6397
sh,ae,0.5997
sh,af,0.5507
sh,ag,0.6334
sh,ai,0.101
sh,al,0.7461
sh,am,0.638
sh,ao,0.5619
sh,aq,0.6935
sh,ar,0.7104
sh,as,0.6492
sh,at,0.7043
sh,au,0.1641
sh,aw,0.6352
sh,ax,0.5883
sh,az,0.6
sh,ba,0.5829
sh,bb,0.4301
sh,bd,0.5811
sh,be,0.6834
sh,bf,0.5869
sh,bg,0.6684
sh,bh,0.7274
sh,bi,0.662
sh,bj,0.653
sh,bl,0.8114
sh,bm,0.5672
sh,bn,0.7271
sh,bo,0.5879
sh,bq,0.6287
sh,br,0.5733
sh,bs,0.5759
sh,bt,0.7362
sh,bv,0.592
sh,bw,0.6413
sh,by,0.58
sh,bz,0.5614
sh,ca,0.7695
sh,cc,0.6321
sh,cd,0.6152
sh,cf,0.6305
sh,cg,0.681
sh,ch,0.778
sh,ci,0.6989
sh,ck,0.1743
sh,cl,0.7206
sh,cm,0.65
sh,cn,0.7368
sh,co,0.629
sh,cr,0.6492
sh,cu,0.6239
sh,cv,0.6051
sh,cw,0.3613
sh,cx,0.4197
sh,cy,0.8705
sh,cz,0.6916
sh,de,0.7164
sh,dj,0.6401
sh,dk,0.6826
sh,dm,0.5617
sh,do,0.5852
sh,dz,0.7417
sh,ec,0.6527
sh,ee,0.7088
sh,eg,0.6266
sh,eh,0.6005
sh,er,0.582
sh,es,0.6654
sh,et,0.6114
sh,fi,0.6891
sh,fj,0.5721
sh,fk,0.1315
sh,fm,0.7045
sh,fo,0.7678
sh,fr,0.6804
sh,ga,0.6127
sh,gb-eng,0.8087
sh,gb-nir,0.8213
sh,gb-sct,0.6693
sh,gb-wls,0.599
sh,gb,0.5499
sh,gd,0.6175
sh,ge,0.8056
sh,gf,0.7013
sh,gg,0.8028
sh,gh,0.5878
sh,gi,0.7431
sh,gl,0.7377
sh,gm,0.5367
sh,gn,0.6307
sh,gp,0.5696
sh,gq,0.6586
sh,gr,0.6569
sh,gs,0.1228
sh,gt,0.6858
sh,gu,0.3144
sh,gw,0.6152
sh,gy,0.5748
sh,hk,0.7284
sh,hm,0.4877
sh,hn,0.7202
sh,hr,0.6378
sh,ht,0.5948
sh,hu,0.6373
sh,id,0.829
sh,ie,0.7184
sh,il,0.7318
sh,im,0.6832
sh,in,0.6328
sh,io,0.4924
sh,iq,0.6174
sh,ir,0.6825
sh,is,0.5668
sh,it,0.6889
sh,je,0.8116
sh,jm,0.5957
sh,jo,0.5961
sh,jp,0.851
sh,ke,0.5619
sh,kg,0.7767
sh,kh,0.5624
sh,ki,0.6082
sh,km,0.6211
sh,kn,0.5815
sh,kp,0.6004
sh,kr,0.8014
sh,kw,0.6426
sh,ky,0.1261
sh,kz,0.6246
sh,la,0.4994
sh,lb,0.709
sh,lc,0.7277
sh,li,0.48
sh,lk,0.6101
sh,lr,0.6582
sh,ls,0.6226
sh,lt,0.6067
sh,lu,0.6736
sh,lv,0.6543
sh,ly,0.5802
sh,ma,0.6648
sh,mc,0.7909
sh,md,0.6215
sh,me,0.7172
sh,mf,0.6804
sh,mg,0.6591
sh,mh,0.5724
sh,mk,0.6807
sh,ml,0.6645
sh,mm,0.6745
sh,mn,0.5969
sh,mo,0.5948
sh,mp,0.563
sh,mq,0.5409
sh,mr,0.6035
sh,ms,0.1219
sh,mt,0.7392
sh,mu,0.5669
sh,mv,0.6082
sh,mw,0.5657
sh,mx,0.6569
sh,my,0.6857
sh,mz,0.6339
sh,na,0.5482
sh,nc,0.556
sh,ne,0.6547
sh,nf,0.6391
sh,ng,0.6791
sh,ni,0.6614
sh,nl,0.6202
sh,no,0.592
sh,np,0.5334
sh,nr,0.3334
sh,nu,0.781
sh,nz,0.1265
sh,om,0.6489
sh,pa,0.6668
sh,pe,0.7356
sh,pf,0.7086
sh,pg,0.5846
sh,ph,0.6241
sh,pk,0.6235
sh,pl,0.742
sh,pm,0.5554
sh,pn,0.1284
sh,pr,0.7152
sh,ps,0.6199
sh,pt,0.6881
sh,pw,0.7042
sh,py,0.6237
sh,qa,0.6642
sh,re,0.6314
sh,ro,0.575
sh,rs,0.67
sh,ru,0.6594
sh,rw,0.6261
sh,sa,0.5716
sh,sb,0.5322
sh,sc,0.5896
sh,sd,0.6019
sh,se,0.5917
sh,sg,0.7913
sh,sh,0.0
sh,si,0.7115
sh,sj,0.592
sh,sk,0.6621
sh,sl,0.6454
sh,sm,0.6948
sh,sn,0.6648
sh,so,0.6624
sh,sr,0.6083
sh,ss,0.5708
sh,st,0.6254
sh,sv,0.6354
sh,sx,0.5762
sh,sy,0.608
sh,sz,0.5607
sh,tc,0.0775
sh,td,0.5755
sh,tf,0.5374
sh,tg,0.6022
sh,th,0.6257
sh,tj,0.6775
sh,tk,0.4447
sh,tl,0.6736
sh,tm,0.5618
sh,tn,0.7395
sh,to,0.6891
sh,tr,0.732
sh,tt,0.6393
sh,tv,0.5334
sh,tw,0.7442
sh,tz,0.5627
sh,ua,0.7305
sh,ug,0.6634
sh,um,0.6425
sh,us,0.6425
sh,uy,0.6906
sh,uz,0.6404
sh,va,0.8335
sh,vc,0.5565
sh,ve,0.5555
sh,vg,0.1209
sh,vi,0.7769
sh,vn,0.7938
sh,vu,0.5461
sh,wf,0.6603
sh,ws,0.6134
sh,xk,0.5728
sh,ye,0.6385
sh,yt,0.8067
sh,za,0.5485
sh,zm,0.6225
sh,zw,0.6411
si,ad,0.68
si,ae,0.7303
si,af,0.7199
si,ag,0.7248
si,ai,0.7144
si,al,0.7085
si,am,0.6216
si,ao,0.7435
si,aq,0.7597
si,ar,0.7329
si,as,0.7507
si,at,0.7114
si,au,0.7107
si,aw,0.6619
si,ax,0.7942
si,az,0.6907
si,ba,0.725
si,bb,0.7119
si,bd,0.772
si,be,0.733
si,bf,0.7749
si,bg,0.4054
si,bh,0.7026
si,bi,0.663
si,bj,0.6836
si,bl,0.6849
si,bm,0.6214
si,bn,0.6532
si,bo,0.8035
si,bq,0.6406
si,br,0.7688
si,bs,0.8156
si,bt,0.6962
si,bv,0.6443
si,bw,0.6963
si,by,0.764
si,bz,0.6703
si,ca,0.6814
si,cc,0.8502
si,cd,0.7332
si,cf,0.6632
si,cg,0.6855
si,ch,0.7026
si,ci,0.7065
si,ck,0.688
si,cl,0.5466
si,cm,0.7116
si,cn,0.754
si,co,0.6543
si,cr,0.7291
si,cu,0.703
si,cv,0.7677
si,cw,0.7486
si,cx,0.7433
si,cy,0.7324
si,cz,0.5013
si,de,0.8384
si,dj,0.6614
si,dk,0.7028
si,dm,0.7634
si,do,0.7011
si,dz,0.713
si,ec,0.6406
si,ee,0.746
si,eg,0.7533
si,eh,0.833
si,er,0.7323
si,es,0.7601
si,et,0.7117
si,fi,0.6168
si,fj,0.6913
si,fk,0.6854
si,fm,0.7228
si,fo,0.6257
si,fr,0.6824
si,ga,0.8334
si,gb-eng,0.6797
si,gb-nir,0.6915
si,gb-sct,0.6869
si,gb-wls,0.5988
si,gb,0.6779
si,gd,0.6405
si,ge,0.6734
si,gf,0.7826
si,gg,0.6868
si,gh,0.8195
si,gi,0.541
si,gl,0.562
si,gm,0.6576
si,gn,0.7133
si,gp,0.7334
si,gq,0.6613
si,gr,0.6855
si,gs,0.6846
si,gt,0.6678
si,gu,0.7188
si,gw,0.7153
si,gy,0.7242
si,hk,0.7335
si,hm,0.7181
si,hn,0.8351
si,hr,0.7592
si,ht,0.6397
si,hu,0.7236
si,id,0.8395
si,ie,0.6769
si,il,0.7224
si,im,0.7342
si,in,0.7224
si,io,0.6283
si,iq,0.7456
si,ir,0.6507
si,is,0.7405
si,it,0.6817
si,je,0.6928
si,jm,0.7472
si,jo,0.8263
si,jp,0.7086
si,ke,0.809
si,kg,0.7366
si,kh,0.763
si,ki,0.7652
si,km,0.6791
si,kn,0.7026
si,kp,0.7329
si,kr,0.6731
si,kw,0.7006
si,ky,0.6969
si,kz,0.768
si,la,0.6456
si,lb,0.6756
si,lc,0.7232
si,li,0.6667
si,lk,0.6566
si,lr,0.6373
si,ls,0.7937
si,lt,0.5617
si,lu,0.8214
si,lv,0.713
si,ly,0.7531
si,ma,0.7204
si,mc,0.8279
si,md,0.6736
si,me,0.6909
si,mf,0.6824
si,mg,0.7096
si,mh,0.738
si,mk,0.707
si,ml,0.7221
si,mm,0.6144
si,mn,0.6859
si,mo,0.7653
si,mp,0.7231
si,mq,0.6964
si,mr,0.6954
si,ms,0.6933
si,mt,0.6929
si,mu,0.7527
si,mv,0.675
si,mw,0.8172
si,mx,0.6708
si,my,0.6839
si,mz,0.6721
si,na,0.6926
si,nc,0.7878
si,ne,0.777
si,nf,0.7116
si,ng,0.7329
si,ni,0.814
si,nl,0.7649
si,no,0.6443
si,np,0.6405
si,nr,0.8016
si,nu,0.7745
si,nz,0.7128
si,om,0.6321
si,pa,0.69
si,pe,0.6976
si,pf,0.6821
si,pg,0.7401
si,ph,0.6431
si,pk,0.7612
si,pl,0.5272
si,pm,0.6856
si,pn,0.6892
si,pr,0.6297
si,ps,0.8414
si,pt,0.7289
si,pw,0.8331
si,py,0.7784
si,qa,0.6879
si,re,0.5635
si,ro,0.704
si,rs,0.6869
si,ru,0.3357
si,rw,0.7021
si,sa,0.7887
si,sb,0.6689
si,sc,0.7149
si,sd,0.7343
si,se,0.8057
si,sg,0.7946
si,sh,0.7115
si,si,0.0
si,sj,0.6443
si,sk,0.3665
si,sl,0.8041
si,sm,0.6293
si,sn,0.7056
si,so,0.7378
si,sr,0.6792
si,ss,0.8153
si,st,0.8204
si,sv,0.8075
si,sx,0.7326
si,sy,0.7585
si,sz,0.6681
si,tc,0.7217
si,td,0.7125
si,tf,0.6886
si,tg,0.7338
si,th,0.5862
si,tj,0.7876
si,tk,0.7602
si,tl,0.7279
si,tm,0.7517
si,tn,0.6884
si,to,0.7031
si,tr,0.684
si,tt,0.6948
si,tv,0.7299
si,tw,0.6772
si,tz,0.7729
si,ua,0.7334
si,ug,0.7171
si,um,0.6213
si,us,0.6213
si,uy,0.6286
si,uz,0.6889
si,va,0.7421
si,vc,0.7033
si,ve,0.5227
si,vg,0.6942
si,vi,0.6588
si,vn,0.7511
si,vu,0.7507
si,wf,0.695
si,ws,0.6888
si,xk,0.718
si,ye,0.7566
si,yt,0.6587
si,za,0.6847
si,zm,0.7882
si,zw,0.713
sj,ad,0.5642
sj,ae,0.571
sj,af,0.5662
sj,ag,0.5352
sj,ai,0.5961
sj,al,0.615
sj,am,0.5209
sj,ao,0.5731
sj,aq,0.7296
sj,ar,0.6758
sj,as,0.6255
sj,at,0.5508
sj,au,0.6005
sj,aw,0.6476
sj,ax,0.6399
sj,az,0.6292
sj,ba,0.6208
sj,bb,0.6182
sj,bd,0.6447
sj,be,0.593
sj,bf,0.5922
sj,bg,0.6118
sj,bh,0.6179
sj,bi,0.5927
sj,bj,0.5659
sj,bl,0.7235
sj,bm,0.5036
sj,bn,0.6299
sj,bo,0.5496
sj,bq,0.6515
sj,br,0.6374
sj,bs,0.6346
sj,bt,0.587
sj,bv,0.0
sj,bw,0.6321
sj,by,0.5658
sj,bz,0.5603
sj,ca,0.6206
sj,cc,0.6938
sj,cd,0.6526
sj,cf,0.5749
sj,cg,0.5698
sj,ch,0.6124
sj,ci,0.6497
sj,ck,0.5866
sj,cl,0.6207
sj,cm,0.5812
sj,cn,0.6093
sj,co,0.5711
sj,cr,0.6426
sj,cu,0.6046
sj,cv,0.6405
sj,cw,0.6281
sj,cx,0.606
sj,cy,0.7739
sj,cz,0.6128
sj,de,0.6283
sj,dj,0.661
sj,dk,0.5806
sj,dm,0.5621
sj,do,0.563
sj,dz,0.6887
sj,ec,0.5699
sj,ee,0.7175
sj,eg,0.5611
sj,eh,0.5852
sj,er,0.5732
sj,es,0.5426
sj,et,0.5444
sj,fi,0.7279
sj,fj,0.615
sj,fk,0.5789
sj,fm,0.7046
sj,fo,0.7319
sj,fr,0.5974
sj,ga,0.6329
sj,gb-eng,0.7289
sj,gb-nir,0.7365
sj,gb-sct,0.6798
sj,gb-wls,0.5852
sj,gb,0.5438
sj,gd,0.5167
sj,ge,0.7126
sj,gf,0.6532
sj,gg,0.7364
sj,gh,0.5582
sj,gi,0.6398
sj,gl,0.6423
sj,gm,0.4941
sj,gn,0.5933
sj,gp,0.6127
sj,gq,0.5561
sj,gr,0.6149
sj,gs,0.569
sj,gt,0.676
sj,gu,0.5935
sj,gw,0.5797
sj,gy,0.537
sj,hk,0.5822
sj,hm,0.6275
sj,hn,0.7598
sj,hr,0.5596
sj,ht,0.5512
sj,hu,0.5414
sj,id,0.6827
sj,ie,0.627
sj,il,0.6915
sj,im,0.5788
sj,in,0.5698
sj,io,0.5703
sj,iq,0.5504
sj,ir,0.5706
sj,is,0.5918
sj,it,0.6142
sj,je,0.6936
sj,jm,0.6038
sj,jo,0.5758
sj,jp,0.7431
sj,ke,0.602
sj,kg,0.627
sj,kh,0.5822
sj,ki,0.5517
sj,km,0.5859
sj,kn,0.557
sj,kp,0.5753
sj,kr,0.7251
sj,kw,0.5718
sj,ky,0.5832
sj,kz,0.7059
sj,la,0.5104
sj,lb,0.5779
sj,lc,0.7349
sj,li,0.5479
sj,lk,0.5133
sj,lr,0.5658
sj,ls,0.6374
sj,lt,0.5303
sj,lu,0.6272
sj,lv,0.5558
sj,ly,0.6022
sj,ma,0.5707
sj,mc,0.6577
sj,md,0.5607
sj,me,0.5799
sj,mf,0.5974
sj,mg,0.6139
sj,mh,0.6147
sj,mk,0.5548
sj,ml,0.5824
sj,mm,0.5482
sj,mn,0.5304
sj,mo,0.6496
sj,mp,0.6345
sj,mq,0.5849
sj,mr,0.5611
sj,ms,0.5827
sj,mt,0.62
sj,mu,0.5591
sj,mv,0.5205
sj,mw,0.574
sj,mx,0.5918
sj,my,0.5649
sj,mz,0.5929
sj,na,0.5497
sj,nc,0.6054
sj,ne,0.5927
sj,nf,0.6612
sj,ng,0.689
sj,ni,0.6905
sj,nl,0.4908
sj,no,0.0
sj,np,0.5027
sj,nr,0.6652
sj,nu,0.6645
sj,nz,0.6052
sj,om,0.6242
sj,pa,0.6243
sj,pe,0.6105
sj,pf,0.5756
sj,pg,0.5722
sj,ph,0.5841
sj,pk,0.6631
sj,pl,0.6569
sj,pm,0.5509
sj,pn,0.5639
sj,pr,0.6171
sj,ps,0.5987
sj,pt,0.5823
sj,pw,0.7838
sj,py,0.5731
sj,qa,0.6
sj,re,0.6137
sj,ro,0.5666
sj,rs,0.5901
sj,ru,0.6106
sj,rw,0.6395
sj,sa,0.6522
sj,sb,0.5899
sj,sc,0.5573
sj,sd,0.5605
sj,se,0.6766
sj,sg,0.655
sj,sh,0.592
sj,si,0.6443
sj,sj,0.0
sj,sk,0.5987
sj,sl,0.6573
sj,sm,0.6819
sj,sn,0.5783
sj,so,0.7024
sj,sr,0.5213
sj,ss,0.6228
sj,st,0.627
sj,sv,0.6601
sj,sx,0.5686
sj,sy,0.605
sj,sz,0.5338
sj,tc,0.5975
sj,td,0.5689
sj,tf,0.6101
sj,tg,0.5725
sj,th,0.5181
sj,tj,0.606
sj,tk,0.6102
sj,tl,0.5703
sj,tm,0.6231
sj,tn,0.5986
sj,to,0.6139
sj,tr,0.5973
sj,tt,0.5514
sj,tv,0.6661
sj,tw,0.5981
sj,tz,0.6281
sj,ua,0.658
sj,ug,0.5882
sj,um,0.504
sj,us,0.504
sj,uy,0.699
sj,uz,0.6215
sj,va,0.7271
sj,vc,0.5908
sj,ve,0.5333
sj,vg,0.5734
sj,vi,0.692
sj,vn,0.6479
sj,vu,0.5652
sj,wf,0.5665
sj,ws,0.5419
sj,xk,0.6236
sj,ye,0.5711
sj,yt,0.7208
sj,za,0.5316
sj,zm,0.6326
sj,zw,0.589
sk,ad,0.6286
sk,ae,0.6711
sk,af,0.6577
sk,ag,0.6863
sk,ai,0.6646
sk,al,0.721
sk,am,0.6026
sk,ao,0.6841
sk,aq,0.6932
sk,ar,0.6459
sk,as,0.6872
sk,at,0.653
sk,au,0.6593
sk,aw,0.6218
sk,ax,0.696
sk,az,0.614
sk,ba,0.6784
sk,bb,0.6608
sk,bd,0.7064
sk,be,0.6664
sk,bf,0.6854
sk,bg,0.3373
sk,bh,0.6208
sk,bi,0.5662
sk,bj,0.5905
sk,bl,0.5868
sk,bm,0.5629
sk,bn,0.5839
sk,bo,0.6974
sk,bq,0.5658
sk,br,0.6905
sk,bs,0.7364
sk,bt,0.585
sk,bv,0.5987
sk,bw,0.6249
sk,by,0.6837
sk,bz,0.6342
sk,ca,0.6415
sk,cc,0.7725
sk,cd,0.6813
sk,cf,0.5949
sk,cg,0.6146
sk,ch,0.7064
sk,ci,0.6059
sk,ck,0.6389
sk,cl,0.4922
sk,cm,0.637
sk,cn,0.6003
sk,co,0.5655
sk,cr,0.6357
sk,cu,0.6305
sk,cv,0.7181
sk,cw,0.7178
sk,cx,0.6806
sk,cy,0.6291
sk,cz,0.4549
sk,de,0.7757
sk,dj,0.5686
sk,dk,0.6432
sk,dm,0.6925
sk,do,0.645
sk,dz,0.6411
sk,ec,0.5109
sk,ee,0.6795
sk,eg,0.6915
sk,eh,0.7685
sk,er,0.6113
sk,es,0.6643
sk,et,0.6289
sk,fi,0.5482
sk,fj,0.614
sk,fk,0.635
sk,fm,0.66
sk,fo,0.5242
sk,fr,0.6284
sk,ga,0.7163
sk,gb-eng,0.5811
sk,gb-nir,0.5876
sk,gb-sct,0.59
sk,gb-wls,0.5066
sk,gb,0.5965
sk,gd,0.5713
sk,ge,0.5993
sk,gf,0.6851
sk,gg,0.5592
sk,gh,0.7076
sk,gi,0.4681
sk,gl,0.469
sk,gm,0.6154
sk,gn,0.6199
sk,gp,0.6768
sk,gq,0.612
sk,gr,0.591
sk,gs,0.6342
sk,gt,0.5966
sk,gu,0.6874
sk,gw,0.6232
sk,gy,0.6289
sk,hk,0.5854
sk,hm,0.6825
sk,hn,0.759
sk,hr,0.7048
sk,ht,0.6074
sk,hu,0.6471
sk,id,0.781
sk,ie,0.5971
sk,il,0.6488
sk,im,0.6745
sk,in,0.6462
sk,io,0.5492
sk,iq,0.6861
sk,ir,0.5964
sk,is,0.6686
sk,it,0.6123
sk,je,0.6065
sk,jm,0.6702
sk,jo,0.7611
sk,jp,0.6133
sk,ke,0.748
sk,kg,0.7326
sk,kh,0.6662
sk,ki,0.6748
sk,km,0.6118
sk,kn,0.6445
sk,kp,0.5859
sk,kr,0.5826
sk,kw,0.651
sk,ky,0.6465
sk,kz,0.7102
sk,la,0.6107
sk,lb,0.6113
sk,lc,0.664
sk,li,0.6299
sk,lk,0.56
sk,lr,0.5619
sk,ls,0.729
sk,lt,0.4972
sk,lu,0.7323
sk,lv,0.6525
sk,ly,0.7168
sk,ma,0.6572
sk,mc,0.7402
sk,md,0.5972
sk,me,0.6739
sk,mf,0.6284
sk,mg,0.6124
sk,mh,0.6943
sk,mk,0.6112
sk,ml,0.639
sk,mm,0.5216
sk,mn,0.6247
sk,mo,0.7084
sk,mp,0.6851
sk,mq,0.5995
sk,mr,0.6282
sk,ms,0.6436
sk,mt,0.6129
sk,mu,0.6712
sk,mv,0.6239
sk,mw,0.7493
sk,mx,0.6063
sk,my,0.6259
sk,mz,0.6071
sk,na,0.6287
sk,nc,0.6964
sk,ne,0.6946
sk,nf,0.6359
sk,ng,0.6622
sk,ni,0.7427
sk,nl,0.6891
sk,no,0.5987
sk,np,0.5629
sk,nr,0.7515
sk,nu,0.6804
sk,nz,0.6669
sk,om,0.5442
sk,pa,0.6214
sk,pe,0.6264
sk,pf,0.6154
sk,pg,0.6937
sk,ph,0.5924
sk,pk,0.6968
sk,pl,0.4493
sk,pm,0.6088
sk,pn,0.6347
sk,pr,0.6392
sk,ps,0.7741
sk,pt,0.7129
sk,pw,0.7572
sk,py,0.6991
sk,qa,0.6132
sk,re,0.5611
sk,ro,0.641
sk,rs,0.6038
sk,ru,0.3226
sk,rw,0.6361
sk,sa,0.7368
sk,sb,0.6003
sk,sc,0.6339
sk,sd,0.6756
sk,se,0.7092
sk,sg,0.6988
sk,sh,0.6621
sk,si,0.3665
sk,sj,0.5987
sk,sk,0.0
sk,sl,0.7257
sk,sm,0.5309
sk,sn,0.5996
sk,so,0.6894
sk,sr,0.5925
sk,ss,0.7626
sk,st,0.7178
sk,sv,0.7032
sk,sx,0.6565
sk,sy,0.7045
sk,sz,0.5892
sk,tc,0.6668
sk,td,0.6486
sk,tf,0.622
sk,tg,0.6502
sk,th,0.5194
sk,tj,0.7225
sk,tk,0.7139
sk,tl,0.6605
sk,tm,0.6793
sk,tn,0.6998
sk,to,0.6455
sk,tr,0.7003
sk,tt,0.6378
sk,tv,0.6649
sk,tw,0.7037
sk,tz,0.7024
sk,ua,0.6464
sk,ug,0.6518
sk,um,0.559
sk,us,0.559
sk,uy,0.5377
sk,uz,0.6181
sk,va,0.6175
sk,vc,0.622
sk,ve,0.4931
sk,vg,0.6413
sk,vi,0.5547
sk,vn,0.7524
sk,vu,0.6754
sk,wf,0.6345
sk,ws,0.6554
sk,xk,0.6673
sk,ye,0.6969
sk,yt,0.5652
sk,za,0.6142
sk,zm,0.7216
sk,zw,0.6407
sl,ad,0.6927
sl,ae,0.4919
sl,af,0.6452
sl,ag,0.6784
sl,ai,0.632
sl,al,0.8841
sl,am,0.7736
sl,ao,0.7593
sl,aq,0.5163
sl,ar,0.4597
sl,as,0.5528
sl,at,0.583
sl,au,0.668
sl,aw,0.6079
sl,ax,0.581
sl,az,0.5805
sl,ba,0.6415
sl,bb,0.6789
sl,bd,0.6466
sl,be,0.7216
sl,bf,0.6681
sl,bg,0.739
sl,bh,0.7041
sl,bi,0.6144
sl,bj,0.6527
sl,bl,0.6119
sl,bm,0.6854
sl,bn,0.6949
sl,bo,0.5688
sl,bq,0.5975
sl,br,0.5869
sl,bs,0.5857
sl,bt,0.6716
sl,bv,0.6573
sl,bw,0.6365
sl,by,0.6697
sl,bz,0.6368
sl,ca,0.7764
sl,cc,0.7144
sl,cd,0.6127
sl,cf,0.6221
sl,cg,0.6544
sl,ch,0.7918
sl,ci,0.6162
sl,ck,0.645
sl,cl,0.6868
sl,cm,0.6636
sl,cn,0.8182
sl,co,0.687
sl,cr,0.634
sl,cu,0.6083
sl,cv,0.5878
sl,cw,0.6851
sl,cx,0.5451
sl,cy,0.6494
sl,cz,0.6863
sl,de,0.779
sl,dj,0.5037
sl,dk,0.6741
sl,dm,0.5743
sl,do,0.5555
sl,dz,0.6071
sl,ec,0.6724
sl,ee,0.7509
sl,eg,0.5231
sl,eh,0.4918
sl,er,0.5991
sl,es,0.6853
sl,et,0.5937
sl,fi,0.7293
sl,fj,0.5338
sl,fk,0.6221
sl,fm,0.6021
sl,fo,0.6654
sl,fr,0.649
sl,ga,0.4695
sl,gb-eng,0.6994
sl,gb-nir,0.7008
sl,gb-sct,0.5708
sl,gb-wls,0.6078
sl,gb,0.575
sl,gd,0.6888
sl,ge,0.7199
sl,gf,0.6967
sl,gg,0.6965
sl,gh,0.598
sl,gi,0.6608
sl,gl,0.6706
sl,gm,0.6204
sl,gn,0.6649
sl,gp,0.7296
sl,gq,0.4958
sl,gr,0.5
sl,gs,0.6379
sl,gt,0.5571
sl,gu,0.6605
sl,gw,0.6549
sl,gy,0.5726
sl,hk,0.7707
sl,hm,0.6931
sl,hn,0.4229
sl,hr,0.4944
sl,ht,0.6624
sl,hu,0.4448
sl,id,0.7093
sl,ie,0.5886
sl,il,0.502
sl,im,0.7778
sl,in,0.4694
sl,io,0.5333
sl,iq,0.5271
sl,ir,0.4895
sl,is,0.5298
sl,it,0.6088
sl,je,0.6181
sl,jm,0.7007
sl,jo,0.5194
sl,jp,0.6835
sl,ke,0.6524
sl,kg,0.8669
sl,kh,0.6075
sl,ki,0.6107
sl,km,0.5355
sl,kn,0.6775
sl,kp,0.6381
sl,kr,0.6175
sl,kw,0.5477
sl,ky,0.639
sl,kz,0.5639
sl,la,0.6986
sl,lb,0.5925
sl,lc,0.6274
sl,li,0.7204
sl,lk,0.6444
sl,lr,0.6083
sl,ls,0.4343
sl,lt,0.7237
sl,lu,0.4362
sl,lv,0.606
sl,ly,0.7786
sl,ma,0.764
sl,mc,0.6584
sl,md,0.6759
sl,me,0.8055
sl,mf,0.649
sl,mg,0.622
sl,mh,0.5768
sl,mk,0.7011
sl,ml,0.64
sl,mm,0.6593
sl,mn,0.6716
sl,mo,0.598
sl,mp,0.6178
sl,mq,0.6453
sl,mr,0.6626
sl,ms,0.6381
sl,mt,0.6657
sl,mu,0.6437
sl,mv,0.7299
sl,mw,0.637
sl,mx,0.6408
sl,my,0.6599
sl,mz,0.7438
sl,na,0.6143
sl,nc,0.571
sl,ne,0.4525
sl,nf,0.612
sl,ng,0.5993
sl,ni,0.2951
sl,nl,0.4066
sl,no,0.6573
sl,np,0.5909
sl,nr,0.6718
sl,nu,0.7479
sl,nz,0.6713
sl,om,0.6943
sl,pa,0.6185
sl,pe,0.7138
sl,pf,0.5824
sl,pg,0.7439
sl,ph,0.6485
sl,pk,0.6448
sl,pl,0.684
sl,pm,0.5172
sl,pn,0.6238
sl,pr,0.6955
sl,ps,0.4781
sl,pt,0.7625
sl,pw,0.6299
sl,py,0.4232
sl,qa,0.6648
sl,re,0.662
sl,ro,0.6837
sl,rs,0.6567
sl,ru,0.75
sl,rw,0.5878
sl,sa,0.6784
sl,sb,0.6135
sl,sc,0.579
sl,sd,0.5607
sl,se,0.582
sl,sg,0.637
sl,sh,0.6454
sl,si,0.8041
sl,sj,0.6573
sl,sk,0.7257
sl,sl,0.0
sl,sm,0.5469
sl,sn,0.6699
sl,so,0.5922
sl,sr,0.6286
sl,ss,0.5535
sl,st,0.5803
sl,sv,0.4115
sl,sx,0.6005
sl,sy,0.4386
sl,sz,0.6251
sl,tc,0.643
sl,td,0.6957
sl,tf,0.6033
sl,tg,0.6502
sl,th,0.7041
sl,tj,0.5113
sl,tk,0.6923
sl,tl,0.7602
sl,tm,0.6415
sl,tn,0.8072
sl,to,0.7959
sl,tr,0.8128
sl,tt,0.7257
sl,tv,0.5669
sl,tw,0.8419
sl,tz,0.5755
sl,ua,0.7259
sl,ug,0.7642
sl,um,0.5801
sl,us,0.5801
sl,uy,0.5938
sl,uz,0.4255
sl,va,0.6786
sl,vc,0.649
sl,ve,0.7349
sl,vg,0.634
sl,vi,0.6079
sl,vn,0.885
sl,vu,0.6857
sl,wf,0.7419
sl,ws,0.7505
sl,xk,0.6116
sl,ye,0.5191
sl,yt,0.6234
sl,za,0.6056
sl,zm,0.6978
sl,zw,0.6902
sm,ad,0.7113
sm,ae,0.6973
sm,af,0.7506
sm,ag,0.7949
sm,ai,0.6823
sm,al,0.8854
sm,am,0.7427
sm,ao,0.786
sm,aq,0.5493
sm,ar,0.4467
sm,as,0.683
sm,at,0.6709
sm,au,0.7051
sm,aw,0.5846
sm,ax,0.6617
sm,az,0.6269
sm,ba,0.6888
sm,bb,0.7192
sm,bd,0.7449
sm,be,0.7597
sm,bf,0.6667
sm,bg,0.5376
sm,bh,0.6342
sm,bi,0.5864
sm,bj,0.675
sm,bl,0.3788
sm,bm,0.6772
sm,bn,0.6127
sm,bo,0.663
sm,bq,0.5352
sm,br,0.6985
sm,bs,0.7108
sm,bt,0.6483
sm,bv,0.6819
sm,bw,0.5673
sm,by,0.7044
sm,bz,0.7076
sm,ca,0.6878
sm,cc,0.8185
sm,cd,0.6229
sm,cf,0.6048
sm,cg,0.6908
sm,ch,0.8311
sm,ci,0.606
sm,ck,0.6803
sm,cl,0.6029
sm,cm,0.6808
sm,cn,0.8127
sm,co,0.651
sm,cr,0.5913
sm,cu,0.6217
sm,cv,0.7057
sm,cw,0.7589
sm,cx,0.7038
sm,cy,0.4035
sm,cz,0.5514
sm,de,0.8689
sm,dj,0.4795
sm,dk,0.7015
sm,dm,0.7042
sm,do,0.6515
sm,dz,0.5662
sm,ec,0.6315
sm,ee,0.688
sm,eg,0.6702
sm,eh,0.7354
sm,er,0.6492
sm,es,0.7339
sm,et,0.7222
sm,fi,0.5
sm,fj,0.501
sm,fk,0.6641
sm,fm,0.5544
sm,fo,0.4343
sm,fr,0.6649
sm,ga,0.6245
sm,gb-eng,0.4535
sm,gb-nir,0.4676
sm,gb-sct,0.5261
sm,gb-wls,0.4633
sm,gb,0.5732
sm,gd,0.6758
sm,ge,0.5194
sm,gf,0.7471
sm,gg,0.4645
sm,gh,0.6771
sm,gi,0.5173
sm,gl,0.5212
sm,gm,0.6497
sm,gn,0.6913
sm,gp,0.7987
sm,gq,0.6605
sm,gr,0.4851
sm,gs,0.6827
sm,gt,0.4818
sm,gu,0.7459
sm,gw,0.6481
sm,gy,0.6271
sm,hk,0.7902
sm,hm,0.7272
sm,hn,0.5373
sm,hr,0.6125
sm,ht,0.7438
sm,hu,0.5532
sm,id,0.6909
sm,ie,0.5557
sm,il,0.4575
sm,im,0.7975
sm,in,0.5504
sm,io,0.5046
sm,iq,0.6674
sm,ir,0.6332
sm,is,0.6257
sm,it,0.6119
sm,je,0.4515
sm,jm,0.7537
sm,jo,0.7364
sm,jp,0.4122
sm,ke,0.7869
sm,kg,0.8806
sm,kh,0.7143
sm,ki,0.6481
sm,km,0.5445
sm,kn,0.7575
sm,kp,0.6741
sm,kr,0.3915
sm,kw,0.724
sm,ky,0.683
sm,kz,0.6117
sm,la,0.7468
sm,lb,0.588
sm,lc,0.5429
sm,li,0.7886
sm,lk,0.6474
sm,lr,0.5695
sm,ls,0.6038
sm,lt,0.6639
sm,lu,0.5242
sm,lv,0.6944
sm,ly,0.7979
sm,ma,0.7756
sm,mc,0.645
sm,md,0.6866
sm,me,0.8175
sm,mf,0.6649
sm,mg,0.5249
sm,mh,0.6506
sm,mk,0.699
sm,ml,0.6949
sm,mm,0.6427
sm,mn,0.7013
sm,mo,0.7112
sm,mp,0.6952
sm,mq,0.7336
sm,mr,0.703
sm,ms,0.6854
sm,mt,0.5801
sm,mu,0.6836
sm,mv,0.744
sm,mw,0.7767
sm,mx,0.6369
sm,my,0.6461
sm,mz,0.7384
sm,na,0.6635
sm,nc,0.6735
sm,ne,0.5836
sm,nf,0.6321
sm,ng,0.6339
sm,ni,0.5771
sm,nl,0.5746
sm,no,0.6819
sm,np,0.6321
sm,nr,0.7862
sm,nu,0.7142
sm,nz,0.7148
sm,om,0.601
sm,pa,0.5444
sm,pe,0.6942
sm,pf,0.5876
sm,pg,0.7949
sm,ph,0.6842
sm,pk,0.6893
sm,pl,0.5096
sm,pm,0.5585
sm,pn,0.6728
sm,pr,0.6676
sm,ps,0.7235
sm,pt,0.8261
sm,pw,0.6451
sm,py,0.5673
sm,qa,0.6181
sm,re,0.6452
sm,ro,0.7129
sm,rs,0.5746
sm,ru,0.5426
sm,rw,0.6538
sm,sa,0.7878
sm,sb,0.6614
sm,sc,0.6115
sm,sd,0.6908
sm,se,0.6862
sm,sg,0.5799
sm,sh,0.6948
sm,si,0.6293
sm,sj,0.6819
sm,sk,0.5309
sm,sl,0.5469
sm,sm,0.0
sm,sn,0.6892
sm,so,0.6004
sm,sr,0.612
sm,ss,0.7029
sm,st,0.7015
sm,sv,0.6078
sm,sx,0.6294
sm,sy,0.6955
sm,sz,0.6441
sm,tc,0.6926
sm,td,0.7307
sm,tf,0.6111
sm,tg,0.6805
sm,th,0.5881
sm,tj,0.6361
sm,tk,0.7689
sm,tl,0.7806
sm,tm,0.7217
sm,tn,0.8413
sm,to,0.775
sm,tr,0.8216
sm,tt,0.7438
sm,tv,0.5746
sm,tw,0.8579
sm,tz,0.6876
sm,ua,0.7574
sm,ug,0.7887
sm,um,0.5632
sm,us,0.5632
sm,uy,0.4349
sm,uz,0.5155
sm,va,0.5536
sm,vc,0.6761
sm,ve,0.6841
sm,vg,0.681
sm,vi,0.3764
sm,vn,0.8986
sm,vu,0.7121
sm,wf,0.7506
sm,ws,0.7895
sm,xk,0.6639
sm,ye,0.673
sm,yt,0.3611
sm,za,0.635
sm,zm,0.7968
sm,zw,0.7
sn,ad,0.401
sn,ae,0.6492
sn,af,0.5325
sn,ag,0.5608
sn,ai,0.669
sn,al,0.6789
sn,am,0.5735
sn,ao,0.609
sn,aq,0.6926
sn,ar,0.6889
sn,as,0.6388
sn,at,0.6505
sn,au,0.678
sn,aw,0.6709
sn,ax,0.5943
sn,az,0.5865
sn,ba,0.5895
sn,bb,0.5335
sn,bd,0.6257
sn,be,0.3993
sn,bf,0.5899
sn,bg,0.6249
sn,bh,0.6434
sn,bi,0.5848
sn,bj,0.4103
sn,bl,0.7445
sn,bm,0.5696
sn,bn,0.6021
sn,bo,0.5565
sn,bq,0.6946
sn,br,0.5863
sn,bs,0.5965
sn,bt,0.5406
sn,bv,0.5783
sn,bw,0.6539
sn,by,0.588
sn,bz,0.5847
sn,ca,0.6308
sn,cc,0.6641
sn,cd,0.6962
sn,cf,0.5966
sn,cg,0.4547
sn,ch,0.652
sn,ci,0.6482
sn,ck,0.6524
sn,cl,0.5894
sn,cm,0.5032
sn,cn,0.5525
sn,co,0.5743
sn,cr,0.6326
sn,cu,0.6669
sn,cv,0.6662
sn,cw,0.6743
sn,cx,0.6093
sn,cy,0.7771
sn,cz,0.5838
sn,de,0.6079
sn,dj,0.6891
sn,dk,0.6092
sn,dm,0.5791
sn,do,0.5897
sn,dz,0.6262
sn,ec,0.5378
sn,ee,0.6914
sn,eg,0.6506
sn,eh,0.6457
sn,er,0.583
sn,es,0.5514
sn,et,0.5471
sn,fi,0.7229
sn,fj,0.6297
sn,fk,0.6497
sn,fm,0.7055
sn,fo,0.6943
sn,fr,0.444
sn,ga,0.5901
sn,gb-eng,0.7353
sn,gb-nir,0.7319
sn,gb-sct,0.7108
sn,gb-wls,0.6048
sn,gb,0.5903
sn,gd,0.4962
sn,ge,0.7119
sn,gf,0.5932
sn,gg,0.6964
sn,gh,0.5604
sn,gi,0.7081
sn,gl,0.6672
sn,gm,0.5572
sn,gn,0.5849
sn,gp,0.5724
sn,gq,0.561
sn,gr,0.6672
sn,gs,0.6388
sn,gt,0.6118
sn,gu,0.6488
sn,gw,0.5931
sn,gy,0.5761
sn,hk,0.5274
sn,hm,0.7191
sn,hn,0.7601
sn,hr,0.6525
sn,ht,0.583
sn,hu,0.6053
sn,id,0.7041
sn,ie,0.4558
sn,il,0.7271
sn,im,0.6242
sn,in,0.6129
sn,io,0.5866
sn,iq,0.6502
sn,ir,0.6189
sn,is,0.6392
sn,it,0.4267
sn,je,0.7111
sn,jm,0.5782
sn,jo,0.6577
sn,jp,0.7963
sn,ke,0.5913
sn,kg,0.6515
sn,kh,0.5775
sn,ki,0.5681
sn,km,0.5216
sn,kn,0.4764
sn,kp,0.5427
sn,kr,0.7371
sn,kw,0.5852
sn,ky,0.6497
sn,kz,0.6963
sn,la,0.5801
sn,lb,0.6544
sn,lc,0.7227
sn,li,0.6181
sn,lk,0.4846
sn,lr,0.5671
sn,ls,0.6728
sn,lt,0.5376
sn,lu,0.6747
sn,lv,0.6206
sn,ly,0.6105
sn,ma,0.6096
sn,mc,0.6811
sn,md,0.3854
sn,me,0.5907
sn,mf,0.444
sn,mg,0.6706
sn,mh,0.6586
sn,mk,0.5524
sn,ml,0.3563
sn,mm,0.5289
sn,mn,0.6138
sn,mo,0.6326
sn,mp,0.6414
sn,mq,0.6265
sn,mr,0.5685
sn,ms,0.6581
sn,mt,0.6431
sn,mu,0.5538
sn,mv,0.5844
sn,mw,0.5609
sn,mx,0.4011
sn,my,0.569
sn,mz,0.5937
sn,na,0.5875
sn,nc,0.5771
sn,ne,0.613
sn,nf,0.5546
sn,ng,0.5774
sn,ni,0.7278
sn,nl,0.632
sn,no,0.5783
sn,np,0.5767
sn,nr,0.6967
sn,nu,0.6003
sn,nz,0.6772
sn,om,0.6372
sn,pa,0.6186
sn,pe,0.5701
sn,pf,0.6528
sn,pg,0.5727
sn,ph,0.6583
sn,pk,0.7231
sn,pl,0.6831
sn,pm,0.6134
sn,pn,0.6314
sn,pr,0.6002
sn,ps,0.6331
sn,pt,0.4856
sn,pw,0.7512
sn,py,0.6477
sn,qa,0.6784
sn,re,0.6555
sn,ro,0.379
sn,rs,0.5947
sn,ru,0.6412
sn,rw,0.6216
sn,sa,0.6445
sn,sb,0.6047
sn,sc,0.5272
sn,sd,0.5926
sn,se,0.6146
sn,sg,0.6729
sn,sh,0.6648
sn,si,0.7056
sn,sj,0.5783
sn,sk,0.5996
sn,sl,0.6699
sn,sm,0.6892
sn,sn,0.0
sn,so,0.7217
sn,sr,0.5539
sn,ss,0.5799
sn,st,0.5319
sn,sv,0.7118
sn,sx,0.628
sn,sy,0.6508
sn,sz,0.5371
sn,tc,0.6603
sn,td,0.3828
sn,tf,0.6616
sn,tg,0.5954
sn,th,0.5889
sn,tj,0.6567
sn,tk,0.5895
sn,tl,0.5454
sn,tm,0.5735
sn,tn,0.6362
sn,to,0.6499
sn,tr,0.6475
sn,tt,0.5912
sn,tv,0.6995
sn,tw,0.6315
sn,tz,0.6169
sn,ua,0.6385
sn,ug,0.5704
sn,um,0.5316
sn,us,0.5316
sn,uy,0.6937
sn,uz,0.6534
sn,va,0.6684
sn,vc,0.4995
sn,ve,0.5614
sn,vg,0.6425
sn,vi,0.691
sn,vn,0.6797
sn,vu,0.5503
sn,wf,0.6009
sn,ws,0.5751
sn,xk,0.6414
sn,ye,0.6614
sn,yt,0.7311
sn,za,0.5527
sn,zm,0.5607
sn,zw,0.5833
so,ad,0.7195
so,ae,0.688
so,af,0.6882
so,ag,0.7417
so,ai,0.6619
so,al,0.922
so,am,0.7463
so,ao,0.7908
so,aq,0.5719
so,ar,0.5856
so,as,0.6578
so,at,0.7472
so,au,0.6677
so,aw,0.2407
so,ax,0.6572
so,az,0.6208
so,ba,0.6643
so,bb,0.6787
so,bd,0.6848
so,be,0.7676
so,bf,0.7175
so,bg,0.6931
so,bh,0.7748
so,bi,0.6602
so,bj,0.719
so,bl,0.6945
so,bm,0.7242
so,bn,0.7626
so,bo,0.7214
so,bq,0.6481
so,br,0.6717
so,bs,0.6509
so,bt,0.7756
so,bv,0.7024
so,bw,0.6115
so,by,0.7403
so,bz,0.6339
so,ca,0.8214
so,cc,0.7826
so,cd,0.6065
so,cf,0.6774
so,cg,0.7058
so,ch,0.8708
so,ci,0.6862
so,ck,0.6461
so,cl,0.7158
so,cm,0.7222
so,cn,0.8653
so,co,0.7615
so,cr,0.6675
so,cu,0.6522
so,cv,0.6214
so,cw,0.674
so,cx,0.6452
so,cy,0.7404
so,cz,0.7003
so,de,0.8283
so,dj,0.5976
so,dk,0.7606
so,dm,0.6711
so,do,0.6744
so,dz,0.6803
so,ec,0.7522
so,ee,0.6814
so,eg,0.7332
so,eh,0.6892
so,er,0.6118
so,es,0.7866
so,et,0.707
so,fi,0.6796
so,fj,0.5523
so,fk,0.6401
so,fm,0.6044
so,fo,0.6677
so,fr,0.6855
so,ga,0.6248
so,gb-eng,0.7328
so,gb-nir,0.7344
so,gb-sct,0.551
so,gb-wls,0.6535
so,gb,0.6416
so,gd,0.7102
so,ge,0.7621
so,gf,0.758
so,gg,0.7317
so,gh,0.7352
so,gi,0.7575
so,gl,0.7317
so,gm,0.6702
so,gn,0.716
so,gp,0.7167
so,gq,0.6802
so,gr,0.5508
so,gs,0.6462
so,gt,0.3153
so,gu,0.6475
so,gw,0.7287
so,gy,0.6462
so,hk,0.8274
so,hm,0.6806
so,hn,0.5874
so,hr,0.7014
so,ht,0.6644
so,hu,0.6547
so,id,0.8085
so,ie,0.6556
so,il,0.6278
so,im,0.818
so,in,0.6867
so,io,0.5727
so,iq,0.729
so,ir,0.6879
so,is,0.6018
so,it,0.6619
so,je,0.7228
so,jm,0.7185
so,jo,0.6962
so,jp,0.7524
so,ke,0.7398
so,kg,0.9226
so,kh,0.6622
so,ki,0.6897
so,km,0.6577
so,kn,0.7297
so,kp,0.6957
so,kr,0.6992
so,kw,0.6872
so,ky,0.6509
so,kz,0.5666
so,la,0.6971
so,lb,0.7327
so,lc,0.6159
so,li,0.7165
so,lk,0.7069
so,lr,0.6635
so,ls,0.6306
so,lt,0.7303
so,lu,0.6455
so,lv,0.7261
so,ly,0.7657
so,ma,0.8035
so,mc,0.751
so,md,0.7021
so,me,0.8616
so,mf,0.6855
so,mg,0.6997
so,mh,0.6208
so,mk,0.7719
so,ml,0.7293
so,mm,0.7227
so,mn,0.708
so,mo,0.6337
so,mp,0.6005
so,mq,0.7021
so,mr,0.6896
so,ms,0.6479
so,mt,0.7403
so,mu,0.6925
so,mv,0.7421
so,mw,0.7223
so,mx,0.6761
so,my,0.6886
so,mz,0.7242
so,na,0.6299
so,nc,0.6462
so,ne,0.7086
so,nf,0.6528
so,ng,0.6398
so,ni,0.5707
so,nl,0.644
so,no,0.7024
so,np,0.6383
so,nr,0.6955
so,nu,0.8198
so,nz,0.6719
so,om,0.7299
so,pa,0.6971
so,pe,0.7674
so,pf,0.7275
so,pg,0.7892
so,ph,0.6779
so,pk,0.7024
so,pl,0.7421
so,pm,0.5838
so,pn,0.6424
so,pr,0.7276
so,ps,0.6868
so,pt,0.8241
so,pw,0.6232
so,py,0.6588
so,qa,0.7237
so,re,0.6353
so,ro,0.7191
so,rs,0.6496
so,ru,0.685
so,rw,0.6209
so,sa,0.7095
so,sb,0.6044
so,sc,0.673
so,sd,0.7084
so,se,0.6552
so,sg,0.7324
so,sh,0.6624
so,si,0.7378
so,sj,0.7024
so,sk,0.6894
so,sl,0.5922
so,sm,0.6004
so,sn,0.7217
so,so,0.0
so,sr,0.6586
so,ss,0.6511
so,st,0.7182
so,sv,0.5869
so,sx,0.681
so,sy,0.6826
so,sz,0.6532
so,tc,0.667
so,td,0.7338
so,tf,0.6107
so,tg,0.7156
so,th,0.6679
so,tj,0.7257
so,tk,0.6972
so,tl,0.804
so,tm,0.6777
so,tn,0.8618
so,to,0.846
so,tr,0.8627
so,tt,0.7696
so,tv,0.5665
so,tw,0.8584
so,tz,0.6611
so,ua,0.7189
so,ug,0.7938
so,um,0.6144
so,us,0.6144
so,uy,0.6112
so,uz,0.5823
so,va,0.7673
so,vc,0.69
so,ve,0.7414
so,vg,0.6477
so,vi,0.6705
so,vn,0.937
so,vu,0.7116
so,wf,0.7899
so,ws,0.768
so,xk,0.5994
so,ye,0.7348
so,yt,0.6869
so,za,0.649
so,zm,0.7638
so,zw,0.7597
sr,ad,0.5536
sr,ae,0.6196
sr,af,0.5447
sr,ag,0.5693
sr,ai,0.6131
sr,al,0.6769
sr,am,0.6034
sr,ao,0.5965
sr,aq,0.6468
sr,ar,0.631
sr,as,0.5976
sr,at,0.6851
sr,au,0.6115
sr,aw,0.6171
sr,ax,0.5372
sr,az,0.4814
sr,ba,0.6023
sr,bb,0.5908
sr,bd,0.578
sr,be,0.5729
sr,bf,0.5697
sr,bg,0.6153
sr,bh,0.6103
sr,bi,0.5708
sr,bj,0.5568
sr,bl,0.6567
sr,bm,0.552
sr,bn,0.6084
sr,bo,0.5738
sr,bq,0.6125
sr,br,0.5582
sr,bs,0.5629
sr,bt,0.5626
sr,bv,0.5213
sr,bw,0.5832
sr,by,0.5307
sr,bz,0.5861
sr,ca,0.6193
sr,cc,0.6546
sr,cd,0.619
sr,cf,0.5682
sr,cg,0.5425
sr,ch,0.6762
sr,ci,0.5923
sr,ck,0.5905
sr,cl,0.5889
sr,cm,0.5516
sr,cn,0.6346
sr,co,0.597
sr,cr,0.4066
sr,cu,0.5019
sr,cv,0.5781
sr,cw,0.6147
sr,cx,0.5726
sr,cy,0.7031
sr,cz,0.6067
sr,de,0.5703
sr,dj,0.5809
sr,dk,0.6248
sr,dm,0.5458
sr,do,0.6055
sr,dz,0.6231
sr,ec,0.5979
sr,ee,0.5785
sr,eg,0.6789
sr,eh,0.6118
sr,er,0.49
sr,es,0.5627
sr,et,0.5597
sr,fi,0.6251
sr,fj,0.5718
sr,fk,0.582
sr,fm,0.6563
sr,fo,0.5941
sr,fr,0.5852
sr,ga,0.5295
sr,gb-eng,0.6207
sr,gb-nir,0.6238
sr,gb-sct,0.6172
sr,gb-wls,0.5256
sr,gb,0.5168
sr,gd,0.538
sr,ge,0.6192
sr,gf,0.5991
sr,gg,0.5873
sr,gh,0.5707
sr,gi,0.6722
sr,gl,0.6175
sr,gm,0.5348
sr,gn,0.547
sr,gp,0.5679
sr,gq,0.6195
sr,gr,0.6115
sr,gs,0.5806
sr,gt,0.6075
sr,gu,0.6144
sr,gw,0.5511
sr,gy,0.457
sr,hk,0.6264
sr,hm,0.6431
sr,hn,0.6847
sr,hr,0.6559
sr,ht,0.5689
sr,hu,0.6152
sr,id,0.6653
sr,ie,0.5755
sr,il,0.6626
sr,im,0.6147
sr,in,0.63
sr,io,0.5486
sr,iq,0.677
sr,ir,0.6305
sr,is,0.5719
sr,it,0.5739
sr,je,0.6648
sr,jm,0.5491
sr,jo,0.597
sr,jp,0.6832
sr,ke,0.5334
sr,kg,0.6709
sr,kh,0.5134
sr,ki,0.529
sr,km,0.5492
sr,kn,0.555
sr,kp,0.5054
sr,kr,0.6816
sr,kw,0.6251
sr,ky,0.5832
sr,kz,0.6377
sr,la,0.6179
sr,lb,0.6389
sr,lc,0.6793
sr,li,0.5685
sr,lk,0.5091
sr,lr,0.5485
sr,ls,0.6385
sr,lt,0.5687
sr,lu,0.6536
sr,lv,0.6217
sr,ly,0.6166
sr,ma,0.5949
sr,mc,0.6332
sr,md,0.548
sr,me,0.6066
sr,mf,0.5852
sr,mg,0.5886
sr,mh,0.5964
sr,mk,0.5519
sr,ml,0.5474
sr,mm,0.5815
sr,mn,0.5545
sr,mo,0.6064
sr,mp,0.6041
sr,mq,0.5422
sr,mr,0.6235
sr,ms,0.5965
sr,mt,0.6254
sr,mu,0.5341
sr,mv,0.6046
sr,mw,0.5054
sr,mx,0.5583
sr,my,0.5571
sr,mz,0.5283
sr,na,0.5234
sr,nc,0.4972
sr,ne,0.6222
sr,nf,0.6098
sr,ng,0.6231
sr,ni,0.6702
sr,nl,0.5991
sr,no,0.5213
sr,np,0.4831
sr,nr,0.6368
sr,nu,0.6306
sr,nz,0.6186
sr,om,0.5214
sr,pa,0.6211
sr,pe,0.6077
sr,pf,0.6274
sr,pg,0.6011
sr,ph,0.5777
sr,pk,0.6143
sr,pl,0.6336
sr,pm,0.5317
sr,pn,0.5753
sr,pr,0.5976
sr,ps,0.616
sr,pt,0.6103
sr,pw,0.6967
sr,py,0.6458
sr,qa,0.5997
sr,re,0.6248
sr,ro,0.5511
sr,rs,0.5544
sr,ru,0.6041
sr,rw,0.5464
sr,sa,0.6241
sr,sb,0.5588
sr,sc,0.5173
sr,sd,0.6515
sr,se,0.5806
sr,sg,0.6219
sr,sh,0.6083
sr,si,0.6792
sr,sj,0.5213
sr,sk,0.5925
sr,sl,0.6286
sr,sm,0.612
sr,sn,0.5539
sr,so,0.6586
sr,sr,0.0
sr,ss,0.5654
sr,st,0.5306
sr,sv,0.6676
sr,sx,0.5587
sr,sy,0.6509
sr,sz,0.4777
sr,tc,0.6062
sr,td,0.5537
sr,tf,0.5891
sr,tg,0.4914
sr,th,0.3993
sr,tj,0.6717
sr,tk,0.586
sr,tl,0.5983
sr,tm,0.5852
sr,tn,0.6518
sr,to,0.6478
sr,tr,0.6417
sr,tt,0.5739
sr,tv,0.627
sr,tw,0.64
sr,tz,0.5901
sr,ua,0.6196
sr,ug,0.5111
sr,um,0.4926
sr,us,0.4926
sr,uy,0.593
sr,uz,0.6011
sr,va,0.6376
sr,vc,0.5562
sr,ve,0.5817
sr,vg,0.5792
sr,vi,0.6334
sr,vn,0.6896
sr,vu,0.543
sr,wf,0.5963
sr,ws,0.5814
sr,xk,0.5858
sr,ye,0.6889
sr,yt,0.6444
sr,za,0.5591
sr,zm,0.6
sr,zw,0.4755
ss,ad,0.5776
ss,ae,0.5843
ss,af,0.516
ss,ag,0.5776
ss,ai,0.5732
ss,al,0.7642
ss,am,0.6387
ss,ao,0.5795
ss,aq,0.6405
ss,ar,0.6465
ss,as,0.5862
ss,at,0.6752
ss,au,0.594
ss,aw,0.6334
ss,ax,0.5361
ss,az,0.5255
ss,ba,0.5878
ss,bb,0.5854
ss,bd,0.5507
ss,be,0.6059
ss,bf,0.514
ss,bg,0.7594
ss,bh,0.6564
ss,bi,0.6276
ss,bj,0.5491
ss,bl,0.7636
ss,bm,0.6227
ss,bn,0.6994
ss,bo,0.536
ss,bq,0.6878
ss,br,0.4734
ss,bs,0.5251
ss,bt,0.6974
ss,bv,0.6228
ss,bw,0.6231
ss,by,0.5443
ss,bz,0.5624
ss,ca,0.7686
ss,cc,0.6158
ss,cd,0.6202
ss,cf,0.5724
ss,cg,0.5569
ss,ch,0.7682
ss,ci,0.7198
ss,ck,0.5761
ss,cl,0.7241
ss,cm,0.5599
ss,cn,0.7306
ss,co,0.6851
ss,cr,0.5812
ss,cu,0.6343
ss,cv,0.5437
ss,cw,0.5724
ss,cx,0.5379
ss,cy,0.8258
ss,cz,0.7221
ss,de,0.5791
ss,dj,0.6227
ss,dk,0.6863
ss,dm,0.508
ss,do,0.6106
ss,dz,0.6847
ss,ec,0.6852
ss,ee,0.6549
ss,eg,0.5821
ss,eh,0.5039
ss,er,0.576
ss,es,0.6131
ss,et,0.5826
ss,fi,0.7495
ss,fj,0.594
ss,fk,0.5613
ss,fm,0.6853
ss,fo,0.7326
ss,fr,0.6388
ss,ga,0.519
ss,gb-eng,0.7722
ss,gb-nir,0.7835
ss,gb-sct,0.6503
ss,gb-wls,0.6213
ss,gb,0.5605
ss,gd,0.5988
ss,ge,0.7577
ss,gf,0.6557
ss,gg,0.7546
ss,gh,0.5422
ss,gi,0.765
ss,gl,0.7608
ss,gm,0.5274
ss,gn,0.6467
ss,gp,0.5409
ss,gq,0.583
ss,gr,0.6253
ss,gs,0.5533
ss,gt,0.6566
ss,gu,0.5697
ss,gw,0.6227
ss,gy,0.5685
ss,hk,0.7177
ss,hm,0.6259
ss,hn,0.6074
ss,hr,0.5983
ss,ht,0.5861
ss,hu,0.5734
ss,id,0.7276
ss,ie,0.6401
ss,il,0.6694
ss,im,0.6934
ss,in,0.595
ss,io,0.5612
ss,iq,0.5806
ss,ir,0.611
ss,is,0.546
ss,it,0.5987
ss,je,0.759
ss,jm,0.5656
ss,jo,0.5228
ss,jp,0.8193
ss,ke,0.413
ss,kg,0.7692
ss,kh,0.5437
ss,ki,0.5755
ss,km,0.5728
ss,kn,0.5228
ss,kp,0.5795
ss,kr,0.7755
ss,kw,0.6054
ss,ky,0.5626
ss,kz,0.5972
ss,la,0.6249
ss,lb,0.6525
ss,lc,0.6992
ss,li,0.6065
ss,lk,0.5787
ss,lr,0.5926
ss,ls,0.4634
ss,lt,0.6684
ss,lu,0.5875
ss,lv,0.6356
ss,ly,0.5782
ss,ma,0.6685
ss,mc,0.6907
ss,md,0.5482
ss,me,0.7076
ss,mf,0.6388
ss,mg,0.6014
ss,mh,0.5448
ss,mk,0.6565
ss,ml,0.5697
ss,mm,0.6734
ss,mn,0.6216
ss,mo,0.5647
ss,mp,0.5684
ss,mq,0.6125
ss,mr,0.5898
ss,ms,0.5693
ss,mt,0.6886
ss,mu,0.5339
ss,mv,0.6439
ss,mw,0.4492
ss,mx,0.6086
ss,my,0.6118
ss,mz,0.5883
ss,na,0.492
ss,nc,0.4513
ss,ne,0.5643
ss,nf,0.6305
ss,ng,0.6013
ss,ni,0.5915
ss,nl,0.5608
ss,no,0.6228
ss,np,0.5368
ss,nr,0.583
ss,nu,0.7188
ss,nz,0.5925
ss,om,0.6854
ss,pa,0.6584
ss,pe,0.7416
ss,pf,0.6418
ss,pg,0.5577
ss,ph,0.587
ss,pk,0.5897
ss,pl,0.7883
ss,pm,0.5322
ss,pn,0.5448
ss,pr,0.6102
ss,ps,0.5028
ss,pt,0.6136
ss,pw,0.6758
ss,py,0.5805
ss,qa,0.6243
ss,re,0.6421
ss,ro,0.5688
ss,rs,0.6314
ss,ru,0.7579
ss,rw,0.5559
ss,sa,0.5687
ss,sb,0.5107
ss,sc,0.5481
ss,sd,0.5641
ss,se,0.5521
ss,sg,0.6785
ss,sh,0.5708
ss,si,0.8153
ss,sj,0.6228
ss,sk,0.7626
ss,sl,0.5535
ss,sm,0.7029
ss,sn,0.5799
ss,so,0.6511
ss,sr,0.5654
ss,ss,0.0
ss,st,0.5339
ss,sv,0.5704
ss,sx,0.5228
ss,sy,0.5246
ss,sz,0.5814
ss,tc,0.5691
ss,td,0.5745
ss,tf,0.5827
ss,tg,0.5827
ss,th,0.6197
ss,tj,0.565
ss,tk,0.5593
ss,tl,0.6348
ss,tm,0.5736
ss,tn,0.7357
ss,to,0.7064
ss,tr,0.7179
ss,tt,0.6289
ss,tv,0.6073
ss,tw,0.703
ss,tz,0.5345
ss,ua,0.6528
ss,ug,0.6198
ss,um,0.5978
ss,us,0.5978
ss,uy,0.6961
ss,uz,0.588
ss,va,0.7974
ss,vc,0.5849
ss,ve,0.6888
ss,vg,0.5553
ss,vi,0.7506
ss,vn,0.7906
ss,vu,0.5003
ss,wf,0.6668
ss,ws,0.6196
ss,xk,0.5685
ss,ye,0.5957
ss,yt,0.771
ss,za,0.5578
ss,zm,0.5708
ss,zw,0.5557
st,ad,0.6054
st,ae,0.501
st,af,0.5492
st,ag,0.5976
st,ai,0.63
st,al,0.7296
st,am,0.6861
st,ao,0.6176
st,aq,0.6983
st,ar,0.6606
st,as,0.624
st,at,0.6853
st,au,0.6436
st,aw,0.663
st,ax,0.519
st,az,0.4899
st,ba,0.6295
st,bb,0.6287
st,bd,0.5758
st,be,0.6012
st,bf,0.5887
st,bg,0.7182
st,bh,0.6907
st,bi,0.6453
st,bj,0.5699
st,bl,0.7595
st,bm,0.613
st,bn,0.6526
st,bo,0.5015
st,bq,0.6736
st,br,0.5122
st,bs,0.519
st,bt,0.5779
st,bv,0.627
st,bw,0.6543
st,by,0.5498
st,bz,0.6452
st,ca,0.7074
st,cc,0.5846
st,cd,0.6593
st,cf,0.5759
st,cg,0.5847
st,ch,0.7369
st,ci,0.6312
st,ck,0.6244
st,cl,0.6764
st,cm,0.5631
st,cn,0.6982
st,co,0.6049
st,cr,0.5895
st,cu,0.5986
st,cv,0.612
st,cw,0.6269
st,cx,0.5386
st,cy,0.8029
st,cz,0.7079
st,de,0.5638
st,dj,0.6043
st,dk,0.6741
st,dm,0.5138
st,do,0.6245
st,dz,0.6837
st,ec,0.6052
st,ee,0.7181
st,eg,0.6229
st,eh,0.5144
st,er,0.5134
st,es,0.5478
st,et,0.4476
st,fi,0.7715
st,fj,0.6243
st,fk,0.6144
st,fm,0.7163
st,fo,0.7347
st,fr,0.6732
st,ga,0.4397
st,gb-eng,0.7588
st,gb-nir,0.7609
st,gb-sct,0.7035
st,gb-wls,0.5932
st,gb,0.5757
st,gd,0.5781
st,ge,0.739
st,gf,0.4362
st,gg,0.7285
st,gh,0.4731
st,gi,0.7226
st,gl,0.7123
st,gm,0.5868
st,gn,0.5254
st,gp,0.5818
st,gq,0.6018
st,gr,0.6625
st,gs,0.6093
st,gt,0.6918
st,gu,0.6485
st,gw,0.5192
st,gy,0.464
st,hk,0.6864
st,hm,0.6923
st,hn,0.6723
st,hr,0.6408
st,ht,0.6097
st,hu,0.5984
st,id,0.7552
st,ie,0.6522
st,il,0.6928
st,im,0.6764
st,in,0.5956
st,io,0.5883
st,iq,0.6239
st,ir,0.5967
st,is,0.5947
st,it,0.6555
st,je,0.7563
st,jm,0.5603
st,jo,0.522
st,jp,0.8106
st,ke,0.49
st,kg,0.7156
st,kh,0.5294
st,ki,0.5938
st,km,0.549
st,kn,0.5146
st,kp,0.5428
st,kr,0.7704
st,kw,0.5999
st,ky,0.6184
st,kz,0.6467
st,la,0.6911
st,lb,0.6835
st,lc,0.7311
st,li,0.6223
st,lk,0.5415
st,lr,0.6366
st,ls,0.5567
st,lt,0.6354
st,lu,0.6554
st,lv,0.6395
st,ly,0.6507
st,ma,0.6493
st,mc,0.7267
st,md,0.5936
st,me,0.6454
st,mf,0.6732
st,mg,0.6389
st,mh,0.6236
st,mk,0.5954
st,ml,0.5592
st,mm,0.6105
st,mn,0.6012
st,mo,0.6078
st,mp,0.6548
st,mq,0.5085
st,mr,0.6232
st,ms,0.6186
st,mt,0.7216
st,mu,0.5291
st,mv,0.6467
st,mw,0.4975
st,mx,0.641
st,my,0.6332
st,mz,0.562
st,na,0.5467
st,nc,0.4568
st,ne,0.5745
st,nf,0.6277
st,ng,0.6638
st,ni,0.6416
st,nl,0.6063
st,no,0.627
st,np,0.5302
st,nr,0.6499
st,nu,0.5804
st,nz,0.6459
st,om,0.5981
st,pa,0.6958
st,pe,0.6952
st,pf,0.677
st,pg,0.6187
st,ph,0.6316
st,pk,0.6388
st,pl,0.729
st,pm,0.5142
st,pn,0.5914
st,pr,0.7378
st,ps,0.4651
st,pt,0.6435
st,pw,0.7115
st,py,0.6229
st,qa,0.6749
st,re,0.7038
st,ro,0.5798
st,rs,0.6772
st,ru,0.7443
st,rw,0.5363
st,sa,0.6044
st,sb,0.5729
st,sc,0.557
st,sd,0.6284
st,se,0.5449
st,sg,0.723
st,sh,0.6254
st,si,0.8204
st,sj,0.627
st,sk,0.7178
st,sl,0.5803
st,sm,0.7015
st,sn,0.5319
st,so,0.7182
st,sr,0.5306
st,ss,0.5339
st,st,0.0
st,sv,0.624
st,sx,0.6044
st,sy,0.5486
st,sz,0.5269
st,tc,0.6164
st,td,0.5775
st,tf,0.6449
st,tg,0.4727
st,th,0.6588
st,tj,0.6196
st,tk,0.6005
st,tl,0.6511
st,tm,0.4238
st,tn,0.708
st,to,0.6958
st,tr,0.7022
st,tt,0.6191
st,tv,0.6558
st,tw,0.7121
st,tz,0.5756
st,ua,0.6066
st,ug,0.5832
st,um,0.6103
st,us,0.6103
st,uy,0.713
st,uz,0.5821
st,va,0.6979
st,vc,0.5605
st,ve,0.6517
st,vg,0.6065
st,vi,0.7261
st,vn,0.7401
st,vu,0.5587
st,wf,0.659
st,ws,0.6462
st,xk,0.6362
st,ye,0.6376
st,yt,0.7611
st,za,0.5718
st,zm,0.565
st,zw,0.5413
sv,ad,0.7122
sv,ae,0.5212
sv,af,0.6615
sv,ag,0.6977
sv,ai,0.6218
sv,al,0.8842
sv,am,0.7876
sv,ao,0.7525
sv,aq,0.5525
sv,ar,0.4971
sv,as,0.5573
sv,at,0.6026
sv,au,0.6586
sv,aw,0.5962
sv,ax,0.5852
sv,az,0.5798
sv,ba,0.6643
sv,bb,0.6864
sv,bd,0.6618
sv,be,0.7532
sv,bf,0.6989
sv,bg,0.7525
sv,bh,0.7342
sv,bi,0.6603
sv,bj,0.7045
sv,bl,0.6779
sv,bm,0.6866
sv,bn,0.763
sv,bo,0.6007
sv,bq,0.6422
sv,br,0.6273
sv,bs,0.5947
sv,bt,0.7493
sv,bv,0.6601
sv,bw,0.6526
sv,by,0.6886
sv,bz,0.6257
sv,ca,0.8033
sv,cc,0.7533
sv,cd,0.6168
sv,cf,0.6248
sv,cg,0.7003
sv,ch,0.8135
sv,ci,0.6826
sv,ck,0.6375
sv,cl,0.6923
sv,cm,0.7003
sv,cn,0.8306
sv,co,0.757
sv,cr,0.6462
sv,cu,0.6142
sv,cv,0.5755
sv,cw,0.6638
sv,cx,0.6252
sv,cy,0.7175
sv,cz,0.6999
sv,de,0.7875
sv,dj,0.5683
sv,dk,0.69
sv,dm,0.5978
sv,do,0.5681
sv,dz,0.6519
sv,ec,0.7259
sv,ee,0.7781
sv,eg,0.5354
sv,eh,0.5148
sv,er,0.6417
sv,es,0.7116
sv,et,0.6007
sv,fi,0.7704
sv,fj,0.5719
sv,fk,0.612
sv,fm,0.6302
sv,fo,0.7072
sv,fr,0.6791
sv,ga,0.5215
sv,gb-eng,0.7509
sv,gb-nir,0.7601
sv,gb-sct,0.5112
sv,gb-wls,0.6392
sv,gb,0.5878
sv,gd,0.7251
sv,ge,0.7655
sv,gf,0.7424
sv,gg,0.7521
sv,gh,0.6118
sv,gi,0.6711
sv,gl,0.6996
sv,gm,0.6367
sv,gn,0.7072
sv,gp,0.715
sv,gq,0.5707
sv,gr,0.4345
sv,gs,0.6279
sv,gt,0.5841
sv,gu,0.6478
sv,gw,0.7117
sv,gy,0.609
sv,hk,0.7875
sv,hm,0.6744
sv,hn,0.4662
sv,hr,0.533
sv,ht,0.6228
sv,hu,0.4946
sv,id,0.7725
sv,ie,0.6544
sv,il,0.5356
sv,im,0.7852
sv,in,0.5419
sv,io,0.5648
sv,iq,0.5402
sv,ir,0.5325
sv,is,0.5282
sv,it,0.6594
sv,je,0.6753
sv,jm,0.7358
sv,jo,0.5426
sv,jp,0.7376
sv,ke,0.6575
sv,kg,0.8774
sv,kh,0.5914
sv,ki,0.6597
sv,km,0.6187
sv,kn,0.689
sv,kp,0.5792
sv,kr,0.6658
sv,kw,0.5752
sv,ky,0.6309
sv,kz,0.5886
sv,la,0.7091
sv,lb,0.6158
sv,lc,0.6455
sv,li,0.6942
sv,lk,0.6845
sv,lr,0.6362
sv,ls,0.4123
sv,lt,0.7773
sv,lu,0.511
sv,lv,0.6218
sv,ly,0.789
sv,ma,0.7702
sv,mc,0.7168
sv,md,0.6386
sv,me,0.8262
sv,mf,0.6791
sv,mg,0.6636
sv,mh,0.5729
sv,mk,0.7352
sv,ml,0.7183
sv,mm,0.7455
sv,mn,0.6751
sv,mo,0.6269
sv,mp,0.6014
sv,mq,0.6594
sv,mr,0.6819
sv,ms,0.6269
sv,mt,0.7051
sv,mu,0.6632
sv,mv,0.7345
sv,mw,0.6485
sv,mx,0.6722
sv,my,0.6798
sv,mz,0.7504
sv,na,0.6186
sv,nc,0.5569
sv,ne,0.5634
sv,nf,0.6517
sv,ng,0.6535
sv,ni,0.399
sv,nl,0.4579
sv,no,0.6601
sv,np,0.6054
sv,nr,0.651
sv,nu,0.8031
sv,nz,0.6604
sv,om,0.7154
sv,pa,0.6611
sv,pe,0.7475
sv,pf,0.6095
sv,pg,0.7422
sv,ph,0.6198
sv,pk,0.6753
sv,pl,0.7072
sv,pm,0.5409
sv,pn,0.6164
sv,pr,0.71
sv,ps,0.5125
sv,pt,0.7804
sv,pw,0.6373
sv,py,0.4813
sv,qa,0.6815
sv,re,0.6418
sv,ro,0.7093
sv,rs,0.7091
sv,ru,0.7634
sv,rw,0.58
sv,sa,0.6877
sv,sb,0.529
sv,sc,0.6155
sv,sd,0.5763
sv,se,0.5862
sv,sg,0.7018
sv,sh,0.6354
sv,si,0.8075
sv,sj,0.6601
sv,sk,0.7032
sv,sl,0.4115
sv,sm,0.6078
sv,sn,0.7118
sv,so,0.5869
sv,sr,0.6676
sv,ss,0.5704
sv,st,0.624
sv,sv,0.0
sv,sx,0.6273
sv,sy,0.463
sv,sz,0.6393
sv,tc,0.6361
sv,td,0.7208
sv,tf,0.6056
sv,tg,0.6823
sv,th,0.7265
sv,tj,0.5565
sv,tk,0.6857
sv,tl,0.7752
sv,tm,0.667
sv,tn,0.8167
sv,to,0.7992
sv,tr,0.8208
sv,tt,0.7262
sv,tv,0.5889
sv,tw,0.8261
sv,tz,0.6402
sv,ua,0.6281
sv,ug,0.8045
sv,um,0.6068
sv,us,0.6068
sv,uy,0.6245
sv,uz,0.4163
sv,va,0.7648
sv,vc,0.6914
sv,ve,0.7952
sv,vg,0.6257
sv,vi,0.6792
sv,vn,0.895
sv,vu,0.6978
sv,wf,0.7428
sv,ws,0.7369
sv,xk,0.6003
sv,ye,0.5386
sv,yt,0.6824
sv,za,0.6317
sv,zm,0.7343
sv,zw,0.7345
sx,ad,0.6169
sx,ae,0.6183
sx,af,0.6053
sx,ag,0.6149
sx,ai,0.5864
sx,al,0.6803
sx,am,0.5837
sx,ao,0.5703
sx,aq,0.7078
sx,ar,0.6473
sx,as,0.6548
sx,at,0.6113
sx,au,0.581
sx,aw,0.655
sx,ax,0.5981
sx,az,0.633
sx,ba,0.5439
sx,bb,0.6312
sx,bd,0.6208
sx,be,0.684
sx,bf,0.5191
sx,bg,0.6785
sx,bh,0.5545
sx,bi,0.6019
sx,bj,0.6255
sx,bl,0.6863
sx,bm,0.5784
sx,bn,0.6583
sx,bo,0.5023
sx,bq,0.492
sx,br,0.6088
sx,bs,0.6795
sx,bt,0.6247
sx,bv,0.5686
sx,bw,0.6491
sx,by,0.4915
sx,bz,0.5827
sx,ca,0.7064
sx,cc,0.6773
sx,cd,0.6186
sx,cf,0.5907
sx,cg,0.6399
sx,ch,0.6922
sx,ci,0.6676
sx,ck,0.5717
sx,cl,0.7222
sx,cm,0.6168
sx,cn,0.657
sx,co,0.5535
sx,cr,0.5875
sx,cu,0.5966
sx,cv,0.5463
sx,cw,0.6339
sx,cx,0.6119
sx,cy,0.7543
sx,cz,0.7337
sx,de,0.6775
sx,dj,0.5775
sx,dk,0.6157
sx,dm,0.5778
sx,do,0.5762
sx,dz,0.7405
sx,ec,0.5867
sx,ee,0.7181
sx,eg,0.5593
sx,eh,0.5905
sx,er,0.5451
sx,es,0.5289
sx,et,0.6077
sx,fi,0.6943
sx,fj,0.5904
sx,fk,0.574
sx,fm,0.6848
sx,fo,0.6729
sx,fr,0.6777
sx,ga,0.5886
sx,gb-eng,0.7108
sx,gb-nir,0.7281
sx,gb-sct,0.6598
sx,gb-wls,0.5698
sx,gb,0.5646
sx,gd,0.5806
sx,ge,0.6987
sx,gf,0.6543
sx,gg,0.6933
sx,gh,0.5073
sx,gi,0.6733
sx,gl,0.6842
sx,gm,0.5053
sx,gn,0.6217
sx,gp,0.6271
sx,gq,0.6308
sx,gr,0.6285
sx,gs,0.5572
sx,gt,0.6692
sx,gu,0.6092
sx,gw,0.5619
sx,gy,0.6016
sx,hk,0.6497
sx,hm,0.5999
sx,hn,0.7076
sx,hr,0.5176
sx,ht,0.6007
sx,hu,0.5285
sx,id,0.6393
sx,ie,0.6768
sx,il,0.6677
sx,im,0.6356
sx,in,0.5281
sx,io,0.5476
sx,iq,0.5577
sx,ir,0.6406
sx,is,0.5967
sx,it,0.6615
sx,je,0.6855
sx,jm,0.6322
sx,jo,0.5978
sx,jp,0.7365
sx,ke,0.5477
sx,kg,0.6955
sx,kh,0.5629
sx,ki,0.5035
sx,km,0.5907
sx,kn,0.6143
sx,kp,0.5703
sx,kr,0.6908
sx,kw,0.7001
sx,ky,0.5683
sx,kz,0.6631
sx,la,0.5967
sx,lb,0.596
sx,lc,0.7169
sx,li,0.6507
sx,lk,0.548
sx,lr,0.5927
sx,ls,0.5971
sx,lt,0.5775
sx,lu,0.5445
sx,lv,0.582
sx,ly,0.5851
sx,ma,0.6125
sx,mc,0.6257
sx,md,0.5893
sx,me,0.6395
sx,mf,0.6777
sx,mg,0.4563
sx,mh,0.5286
sx,mk,0.5983
sx,ml,0.6099
sx,mm,0.6039
sx,mn,0.5626
sx,mo,0.6385
sx,mp,0.6276
sx,mq,0.5955
sx,mr,0.5934
sx,ms,0.5748
sx,mt,0.5879
sx,mu,0.5514
sx,mv,0.5845
sx,mw,0.5511
sx,mx,0.6419
sx,my,0.6284
sx,mz,0.6531
sx,na,0.5162
sx,nc,0.5746
sx,ne,0.5393
sx,nf,0.6668
sx,ng,0.7002
sx,ni,0.6513
sx,nl,0.5202
sx,no,0.5686
sx,np,0.5009
sx,nr,0.6299
sx,nu,0.714
sx,nz,0.5854
sx,om,0.6276
sx,pa,0.6128
sx,pe,0.6872
sx,pf,0.5873
sx,pg,0.6067
sx,ph,0.569
sx,pk,0.5529
sx,pl,0.7158
sx,pm,0.5434
sx,pn,0.5504
sx,pr,0.6569
sx,ps,0.5897
sx,pt,0.6398
sx,pw,0.7345
sx,py,0.5146
sx,qa,0.5122
sx,re,0.6623
sx,ro,0.6223
sx,rs,0.5592
sx,ru,0.6754
sx,rw,0.6777
sx,sa,0.6438
sx,sb,0.5773
sx,sc,0.561
sx,sd,0.5867
sx,se,0.6147
sx,sg,0.613
sx,sh,0.5762
sx,si,0.7326
sx,sj,0.5686
sx,sk,0.6565
sx,sl,0.6005
sx,sm,0.6294
sx,sn,0.628
sx,so,0.681
sx,sr,0.5587
sx,ss,0.5228
sx,st,0.6044
sx,sv,0.6273
sx,sx,0.0
sx,sy,0.6181
sx,sz,0.5303
sx,tc,0.5776
sx,td,0.6275
sx,tf,0.5753
sx,tg,0.5738
sx,th,0.5722
sx,tj,0.5771
sx,tk,0.6712
sx,tl,0.632
sx,tm,0.6113
sx,tn,0.6719
sx,to,0.6282
sx,tr,0.6507
sx,tt,0.5732
sx,tv,0.6227
sx,tw,0.6912
sx,tz,0.5881
sx,ua,0.7437
sx,ug,0.6289
sx,um,0.5832
sx,us,0.5832
sx,uy,0.6382
sx,uz,0.6274
sx,va,0.7376
sx,vc,0.6222
sx,ve,0.5903
sx,vg,0.5625
sx,vi,0.6691
sx,vn,0.7154
sx,vu,0.5234
sx,wf,0.6198
sx,ws,0.6224
sx,xk,0.6189
sx,ye,0.572
sx,yt,0.6935
sx,za,0.5449
sx,zm,0.6462
sx,zw,0.5283
sy,ad,0.6543
sy,ae,0.3575
sy,af,0.5118
sy,ag,0.6104
sy,ai,0.5999
sy,al,0.7884
sy,am,0.7284
sy,ao,0.6084
sy,aq,0.6496
sy,ar,0.6026
sy,as,0.5565
sy,at,0.5398
sy,au,0.635
sy,aw,0.6616
sy,ax,0.5824
sy,az,0.5546
sy,ba,0.6421
sy,bb,0.6537
sy,bd,0.6093
sy,be,0.6438
sy,bf,0.6617
sy,bg,0.7128
sy,bh,0.717
sy,bi,0.6496
sy,bj,0.6217
sy,bl,0.7665
sy,bm,0.6181
sy,bn,0.6899
sy,bo,0.4968
sy,bq,0.6483
sy,br,0.5704
sy,bs,0.5514
sy,bt,0.6766
sy,bv,0.605
sy,bw,0.6925
sy,by,0.5982
sy,bz,0.6012
sy,ca,0.7926
sy,cc,0.6553
sy,cd,0.6626
sy,cf,0.5868
sy,cg,0.6291
sy,ch,0.7469
sy,ci,0.6728
sy,ck,0.6119
sy,cl,0.6479
sy,cm,0.6367
sy,cn,0.7557
sy,co,0.6633
sy,cr,0.688
sy,cu,0.6325
sy,cv,0.6089
sy,cw,0.6501
sy,cx,0.5597
sy,cy,0.8094
sy,cz,0.6594
sy,de,0.6889
sy,dj,0.588
sy,dk,0.6461
sy,dm,0.4531
sy,do,0.5443
sy,dz,0.64
sy,ec,0.6589
sy,ee,0.8307
sy,eg,0.3799
sy,eh,0.3582
sy,er,0.619
sy,es,0.62
sy,et,0.518
sy,fi,0.837
sy,fj,0.6448
sy,fk,0.5902
sy,fm,0.7099
sy,fo,0.787
sy,fr,0.6643
sy,ga,0.5359
sy,gb-eng,0.8145
sy,gb-nir,0.8204
sy,gb-sct,0.6752
sy,gb-wls,0.617
sy,gb,0.5859
sy,gd,0.652
sy,ge,0.8057
sy,gf,0.6757
sy,gg,0.8122
sy,gh,0.5209
sy,gi,0.629
sy,gl,0.6763
sy,gm,0.5736
sy,gn,0.6404
sy,gp,0.5913
sy,gq,0.4702
sy,gr,0.6041
sy,gs,0.5959
sy,gt,0.6799
sy,gu,0.6216
sy,gw,0.6401
sy,gy,0.5737
sy,hk,0.7152
sy,hm,0.6655
sy,hn,0.5839
sy,hr,0.5182
sy,ht,0.5768
sy,hu,0.4702
sy,id,0.8259
sy,ie,0.6627
sy,il,0.6384
sy,im,0.7107
sy,in,0.443
sy,io,0.5999
sy,iq,0.387
sy,ir,0.4298
sy,is,0.5453
sy,it,0.6525
sy,je,0.7406
sy,jm,0.6304
sy,jo,0.3992
sy,jp,0.8247
sy,ke,0.5423
sy,kg,0.7823
sy,kh,0.5802
sy,ki,0.6643
sy,km,0.5747
sy,kn,0.5695
sy,kp,0.625
sy,kr,0.7619
sy,kw,0.4211
sy,ky,0.6069
sy,kz,0.6434
sy,la,0.6371
sy,lb,0.598
sy,lc,0.7295
sy,li,0.6261
sy,lk,0.6142
sy,lr,0.6519
sy,ls,0.4423
sy,lt,0.6883
sy,lu,0.5786
sy,lv,0.5669
sy,ly,0.6887
sy,ma,0.7009
sy,mc,0.7811
sy,md,0.6453
sy,me,0.7288
sy,mf,0.6643
sy,mg,0.6473
sy,mh,0.5853
sy,mk,0.6667
sy,ml,0.6434
sy,mm,0.6578
sy,mn,0.6382
sy,mo,0.5992
sy,mp,0.623
sy,mq,0.5617
sy,mr,0.6233
sy,ms,0.5982
sy,mt,0.72
sy,mu,0.6303
sy,mv,0.6428
sy,mw,0.5571
sy,mx,0.6566
sy,my,0.6847
sy,mz,0.6894
sy,na,0.5861
sy,nc,0.5347
sy,ne,0.5102
sy,nf,0.5883
sy,ng,0.6592
sy,ni,0.4992
sy,nl,0.4548
sy,no,0.605
sy,np,0.5645
sy,nr,0.6297
sy,nu,0.7445
sy,nz,0.6304
sy,om,0.6519
sy,pa,0.6837
sy,pe,0.7195
sy,pf,0.5892
sy,pg,0.597
sy,ph,0.5966
sy,pk,0.6502
sy,pl,0.6769
sy,pm,0.5443
sy,pn,0.5843
sy,pr,0.7001
sy,ps,0.4129
sy,pt,0.6767
sy,pw,0.7196
sy,py,0.4867
sy,qa,0.6789
sy,re,0.6302
sy,ro,0.6466
sy,rs,0.7668
sy,ru,0.7278
sy,rw,0.5601
sy,sa,0.6228
sy,sb,0.5765
sy,sc,0.5815
sy,sd,0.413
sy,se,0.581
sy,sg,0.7741
sy,sh,0.608
sy,si,0.7585
sy,sj,0.605
sy,sk,0.7045
sy,sl,0.4386
sy,sm,0.6955
sy,sn,0.6508
sy,so,0.6826
sy,sr,0.6509
sy,ss,0.5246
sy,st,0.5486
sy,sv,0.463
sy,sx,0.6181
sy,sy,0.0
sy,sz,0.6101
sy,tc,0.6068
sy,td,0.6479
sy,tf,0.6284
sy,tg,0.6233
sy,th,0.7326
sy,tj,0.5015
sy,tk,0.6458
sy,tl,0.6775
sy,tm,0.6122
sy,tn,0.7334
sy,to,0.7112
sy,tr,0.7467
sy,tt,0.6489
sy,tv,0.6535
sy,tw,0.7444
sy,tz,0.5893
sy,ua,0.6912
sy,ug,0.6799
sy,um,0.6243
sy,us,0.6243
sy,uy,0.7238
sy,uz,0.44
sy,va,0.7697
sy,vc,0.6138
sy,ve,0.6944
sy,vg,0.5969
sy,vi,0.7542
sy,vn,0.8027
sy,vu,0.6244
sy,wf,0.6689
sy,ws,0.6637
sy,xk,0.6211
sy,ye,0.3843
sy,yt,0.7712
sy,za,0.5927
sy,zm,0.6229
sy,zw,0.6548
sz,ad,0.5311
sz,ae,0.5756
sz,af,0.5178
sz,ag,0.5258
sz,ai,0.5667
sz,al,0.6351
sz,am,0.56
sz,ao,0.5527
sz,aq,0.6653
sz,ar,0.6402
sz,as,0.5801
sz,at,0.6408
sz,au,0.569
sz,aw,0.5836
sz,ax,0.5329
sz,az,0.5069
sz,ba,0.5657
sz,bb,0.5726
sz,bd,0.5722
sz,be,0.5492
sz,bf,0.5527
sz,bg,0.6066
sz,bh,0.6314
sz,bi,0.5815
sz,bj,0.5389
sz,bl,0.6999
sz,bm,0.5229
sz,bn,0.623
sz,bo,0.5358
sz,bq,0.6218
sz,br,0.5373
sz,bs,0.5278
sz,bt,0.5722
sz,bv,0.5338
sz,bw,0.5903
sz,by,0.5206
sz,bz,0.5798
sz,ca,0.6217
sz,cc,0.6367
sz,cd,0.5896
sz,cf,0.5813
sz,cg,0.5361
sz,ch,0.6484
sz,ci,0.595
sz,ck,0.546
sz,cl,0.5894
sz,cm,0.5433
sz,cn,0.615
sz,co,0.5738
sz,cr,0.5289
sz,cu,0.5453
sz,cv,0.5806
sz,cw,0.5874
sz,cx,0.5479
sz,cy,0.7507
sz,cz,0.5972
sz,de,0.5658
sz,dj,0.6162
sz,dk,0.5997
sz,dm,0.5409
sz,do,0.568
sz,dz,0.6176
sz,ec,0.5799
sz,ee,0.608
sz,eg,0.6265
sz,eh,0.5614
sz,er,0.486
sz,es,0.5015
sz,et,0.5213
sz,fi,0.658
sz,fj,0.5444
sz,fk,0.5389
sz,fm,0.6558
sz,fo,0.6379
sz,fr,0.5658
sz,ga,0.5238
sz,gb-eng,0.6846
sz,gb-nir,0.6867
sz,gb-sct,0.63
sz,gb-wls,0.5498
sz,gb,0.5259
sz,gd,0.5162
sz,ge,0.6724
sz,gf,0.599
sz,gg,0.6571
sz,gh,0.5224
sz,gi,0.6754
sz,gl,0.6376
sz,gm,0.5265
sz,gn,0.5364
sz,gp,0.5422
sz,gq,0.5951
sz,gr,0.596
sz,gs,0.5329
sz,gt,0.6221
sz,gu,0.5796
sz,gw,0.5245
sz,gy,0.4698
sz,hk,0.595
sz,hm,0.5925
sz,hn,0.696
sz,hr,0.6256
sz,ht,0.5305
sz,hu,0.587
sz,id,0.684
sz,ie,0.5798
sz,il,0.6956
sz,im,0.5866
sz,in,0.6042
sz,io,0.5097
sz,iq,0.6233
sz,ir,0.6219
sz,is,0.5608
sz,it,0.568
sz,je,0.6991
sz,jm,0.518
sz,jo,0.546
sz,jp,0.7434
sz,ke,0.524
sz,kg,0.6417
sz,kh,0.4619
sz,ki,0.5368
sz,km,0.5512
sz,kn,0.5307
sz,kp,0.4374
sz,kr,0.7019
sz,kw,0.5776
sz,ky,0.541
sz,kz,0.6318
sz,la,0.5773
sz,lb,0.6793
sz,lc,0.6828
sz,li,0.5343
sz,lk,0.486
sz,lr,0.5668
sz,ls,0.6244
sz,lt,0.5323
sz,lu,0.638
sz,lv,0.5823
sz,ly,0.5536
sz,ma,0.5664
sz,mc,0.6534
sz,md,0.5274
sz,me,0.5798
sz,mf,0.5658
sz,mg,0.6087
sz,mh,0.5636
sz,mk,0.537
sz,ml,0.5397
sz,mm,0.5592
sz,mn,0.5035
sz,mo,0.5901
sz,mp,0.5763
sz,mq,0.5135
sz,mr,0.6136
sz,ms,0.5485
sz,mt,0.6627
sz,mu,0.5174
sz,mv,0.5569
sz,mw,0.4947
sz,mx,0.5466
sz,my,0.5253
sz,mz,0.532
sz,na,0.5008
sz,nc,0.4898
sz,ne,0.6144
sz,nf,0.5883
sz,ng,0.6227
sz,ni,0.6555
sz,nl,0.5951
sz,no,0.5338
sz,np,0.4818
sz,nr,0.6046
sz,nu,0.6213
sz,nz,0.5731
sz,om,0.5441
sz,pa,0.6157
sz,pe,0.5895
sz,pf,0.6777
sz,pg,0.545
sz,ph,0.5814
sz,pk,0.6312
sz,pl,0.6477
sz,pm,0.5038
sz,pn,0.525
sz,pr,0.6805
sz,ps,0.5781
sz,pt,0.5888
sz,pw,0.7001
sz,py,0.6086
sz,qa,0.6111
sz,re,0.6193
sz,ro,0.5316
sz,rs,0.5695
sz,ru,0.6037
sz,rw,0.5632
sz,sa,0.5987
sz,sb,0.5374
sz,sc,0.535
sz,sd,0.5934
sz,se,0.5653
sz,sg,0.6506
sz,sh,0.5607
sz,si,0.6681
sz,sj,0.5338
sz,sk,0.5892
sz,sl,0.6251
sz,sm,0.6441
sz,sn,0.5371
sz,so,0.6532
sz,sr,0.4777
sz,ss,0.5814
sz,st,0.5269
sz,sv,0.6393
sz,sx,0.5303
sz,sy,0.6101
sz,sz,0.0
sz,tc,0.558
sz,td,0.5335
sz,tf,0.5735
sz,tg,0.4726
sz,th,0.5641
sz,tj,0.6705
sz,tk,0.5516
sz,tl,0.573
sz,tm,0.5626
sz,tn,0.6122
sz,to,0.6294
sz,tr,0.6279
sz,tt,0.536
sz,tv,0.5992
sz,tw,0.6159
sz,tz,0.5642
sz,ua,0.6099
sz,ug,0.512
sz,um,0.5267
sz,us,0.5267
sz,uy,0.6359
sz,uz,0.5955
sz,va,0.6665
sz,vc,0.5437
sz,ve,0.5486
sz,vg,0.5349
sz,vi,0.6522
sz,vn,0.6646
sz,vu,0.5028
sz,wf,0.5676
sz,ws,0.5503
sz,xk,0.4758
sz,ye,0.6375
sz,yt,0.6925
sz,za,0.5039
sz,zm,0.5759
sz,zw,0.5109
tc,ad,0.6382
tc,ae,0.5997
tc,af,0.5515
tc,ag,0.6377
tc,ai,0.1041
tc,al,0.7464
tc,am,0.6438
tc,ao,0.563
tc,aq,0.6933
tc,ar,0.7082
tc,as,0.6492
tc,at,0.7047
tc,au,0.1838
tc,aw,0.639
tc,ax,0.5843
tc,az,0.5969
tc,ba,0.5826
tc,bb,0.4369
tc,bd,0.5843
tc,be,0.6803
tc,bf,0.582
tc,bg,0.6695
tc,bh,0.7252
tc,bi,0.6583
tc,bj,0.6474
tc,bl,0.8078
tc,bm,0.5692
tc,bn,0.7215
tc,bo,0.5796
tc,bq,0.6327
tc,br,0.564
tc,bs,0.5693
tc,bt,0.7298
tc,bv,0.5975
tc,bw,0.6438
tc,by,0.5777
tc,bz,0.5705
tc,ca,0.7677
tc,cc,0.6284
tc,cd,0.6204
tc,cf,0.626
tc,cg,0.6767
tc,ch,0.7778
tc,ci,0.6967
tc,ck,0.1952
tc,cl,0.719
tc,cm,0.6426
tc,cn,0.7365
tc,co,0.6243
tc,cr,0.6465
tc,cu,0.6302
tc,cv,0.6106
tc,cw,0.3731
tc,cx,0.4165
tc,cy,0.8672
tc,cz,0.6897
tc,de,0.7141
tc,dj,0.6375
tc,dk,0.6828
tc,dm,0.5605
tc,do,0.5841
tc,dz,0.7391
tc,ec,0.6478
tc,ee,0.7112
tc,eg,0.6264
tc,eh,0.6004
tc,er,0.5805
tc,es,0.6576
tc,et,0.6048
tc,fi,0.6911
tc,fj,0.569
tc,fk,0.1417
tc,fm,0.7053
tc,fo,0.7661
tc,fr,0.6783
tc,ga,0.6037
tc,gb-eng,0.8068
tc,gb-nir,0.8182
tc,gb-sct,0.673
tc,gb-wls,0.5958
tc,gb,0.5512
tc,gd,0.6193
tc,ge,0.8024
tc,gf,0.698
tc,gg,0.7986
tc,gh,0.5786
tc,gi,0.7423
tc,gl,0.7355
tc,gm,0.5439
tc,gn,0.6298
tc,gp,0.5731
tc,gq,0.6578
tc,gr,0.66
tc,gs,0.1407
tc,gt,0.6873
tc,gu,0.3295
tc,gw,0.6073
tc,gy,0.5671
tc,hk,0.7272
tc,hm,0.499
tc,hn,0.718
tc,hr,0.6381
tc,ht,0.601
tc,hu,0.6351
tc,id,0.826
tc,ie,0.7117
tc,il,0.7298
tc,im,0.684
tc,in,0.6296
tc,io,0.4921
tc,iq,0.618
tc,ir,0.6816
tc,is,0.567
tc,it,0.6851
tc,je,0.8092
tc,jm,0.5955
tc,jo,0.5963
tc,jp,0.8495
tc,ke,0.5614
tc,kg,0.7753
tc,kh,0.5628
tc,ki,0.6055
tc,km,0.6166
tc,kn,0.5813
tc,kp,0.5986
tc,kr,0.7978
tc,kw,0.6433
tc,ky,0.1402
tc,kz,0.627
tc,la,0.5083
tc,lb,0.7082
tc,lc,0.7293
tc,li,0.4887
tc,lk,0.6043
tc,lr,0.6585
tc,ls,0.6215
tc,lt,0.607
tc,lu,0.6711
tc,lv,0.6538
tc,ly,0.5838
tc,ma,0.6641
tc,mc,0.789
tc,md,0.6201
tc,me,0.7152
tc,mf,0.6783
tc,mg,0.6547
tc,mh,0.5737
tc,mk,0.6749
tc,ml,0.66
tc,mm,0.6701
tc,mn,0.5959
tc,mo,0.5966
tc,mp,0.5711
tc,mq,0.5437
tc,mr,0.6038
tc,ms,0.1419
tc,mt,0.7379
tc,mu,0.5646
tc,mv,0.612
tc,mw,0.5648
tc,mx,0.6542
tc,my,0.6842
tc,mz,0.6354
tc,na,0.5486
tc,nc,0.5523
tc,ne,0.6507
tc,nf,0.6358
tc,ng,0.6778
tc,ni,0.6612
tc,nl,0.6198
tc,no,0.5975
tc,np,0.5352
tc,nr,0.3366
tc,nu,0.7695
tc,nz,0.1543
tc,om,0.6447
tc,pa,0.6663
tc,pe,0.7328
tc,pf,0.7082
tc,pg,0.5836
tc,ph,0.6302
tc,pk,0.6248
tc,pl,0.7409
tc,pm,0.5505
tc,pn,0.1422
tc,pr,0.7153
tc,ps,0.6191
tc,pt,0.6862
tc,pw,0.7095
tc,py,0.6227
tc,qa,0.6656
tc,re,0.638
tc,ro,0.572
tc,rs,0.6727
tc,ru,0.665
tc,rw,0.6252
tc,sa,0.5731
tc,sb,0.5337
tc,sc,0.5885
tc,sd,0.6019
tc,se,0.585
tc,sg,0.7887
tc,sh,0.0775
tc,si,0.7217
tc,sj,0.5975
tc,sk,0.6668
tc,sl,0.643
tc,sm,0.6926
tc,sn,0.6603
tc,so,0.667
tc,sr,0.6062
tc,ss,0.5691
tc,st,0.6164
tc,sv,0.6361
tc,sx,0.5776
tc,sy,0.6068
tc,sz,0.558
tc,tc,0.0
tc,td,0.5732
tc,tf,0.5465
tc,tg,0.6006
tc,th,0.6285
tc,tj,0.6755
tc,tk,0.4431
tc,tl,0.6723
tc,tm,0.5618
tc,tn,0.739
tc,to,0.6899
tc,tr,0.7321
tc,tt,0.6406
tc,tv,0.5373
tc,tw,0.7454
tc,tz,0.5655
tc,ua,0.7294
tc,ug,0.6602
tc,um,0.6407
tc,us,0.6407
tc,uy,0.6896
tc,uz,0.6383
tc,va,0.8272
tc,vc,0.5504
tc,ve,0.5598
tc,vg,0.1368
tc,vi,0.7738
tc,vn,0.7926
tc,vu,0.5445
tc,wf,0.663
tc,ws,0.6159
tc,xk,0.5797
tc,ye,0.6383
tc,yt,0.8038
tc,za,0.553
tc,zm,0.6201
tc,zw,0.6402
td,ad,0.2441
td,ae,0.634
td,af,0.4913
td,ag,0.4973
td,ai,0.584
td,al,0.6519
td,am,0.5702
td,ao,0.5166
td,aq,0.7192
td,ar,0.7267
td,as,0.6239
td,at,0.5886
td,au,0.5936
td,aw,0.6893
td,ax,0.5689
td,az,0.5978
td,ba,0.5385
td,bb,0.4066
td,bd,0.6072
td,be,0.3771
td,bf,0.5829
td,bg,0.654
td,bh,0.6555
td,bi,0.5866
td,bj,0.4226
td,bl,0.7856
td,bm,0.4756
td,bn,0.6369
td,bo,0.565
td,bq,0.7153
td,br,0.6003
td,bs,0.5838
td,bt,0.5487
td,bv,0.5689
td,bw,0.6799
td,by,0.5043
td,bz,0.5513
td,ca,0.6477
td,cc,0.6691
td,cd,0.6894
td,cf,0.5795
td,cg,0.4861
td,ch,0.6446
td,ci,0.6911
td,ck,0.5664
td,cl,0.5947
td,cm,0.427
td,cn,0.6234
td,co,0.5056
td,cr,0.6404
td,cu,0.6769
td,cv,0.6596
td,cw,0.5904
td,cx,0.543
td,cy,0.8236
td,cz,0.5966
td,de,0.5584
td,dj,0.719
td,dk,0.5295
td,dm,0.5694
td,do,0.5295
td,dz,0.6551
td,ec,0.5365
td,ee,0.7074
td,eg,0.6102
td,eh,0.6321
td,er,0.5982
td,es,0.5474
td,et,0.5794
td,fi,0.729
td,fj,0.6503
td,fk,0.5693
td,fm,0.7391
td,fo,0.73
td,fr,0.4384
td,ga,0.5773
td,gb-eng,0.7503
td,gb-nir,0.7688
td,gb-sct,0.7297
td,gb-wls,0.6212
td,gb,0.5423
td,gd,0.4203
td,ge,0.7367
td,gf,0.6239
td,gg,0.7313
td,gh,0.5034
td,gi,0.7238
td,gl,0.6477
td,gm,0.519
td,gn,0.4756
td,gp,0.5174
td,gq,0.5709
td,gr,0.6971
td,gs,0.5553
td,gt,0.6445
td,gu,0.5458
td,gw,0.5157
td,gy,0.5589
td,hk,0.6036
td,hm,0.6965
td,hn,0.7943
td,hr,0.6473
td,ht,0.5183
td,hu,0.6188
td,id,0.7202
td,ie,0.5372
td,il,0.7634
td,im,0.4976
td,in,0.6396
td,io,0.5793
td,iq,0.6115
td,ir,0.636
td,is,0.6238
td,it,0.5035
td,je,0.7373
td,jm,0.5709
td,jo,0.615
td,jp,0.8323
td,ke,0.5656
td,kg,0.6166
td,kh,0.5746
td,ki,0.5455
td,km,0.5471
td,kn,0.4788
td,kp,0.5804
td,kr,0.7855
td,kw,0.551
td,ky,0.5648
td,kz,0.7152
td,la,0.4487
td,lb,0.6349
td,lc,0.7509
td,li,0.4907
td,lk,0.5
td,lr,0.5597
td,ls,0.6904
td,lt,0.5496
td,lu,0.694
td,lv,0.6084
td,ly,0.5872
td,ma,0.5894
td,mc,0.6592
td,md,0.2538
td,me,0.5608
td,mf,0.4384
td,mg,0.6902
td,mh,0.6523
td,mk,0.5511
td,ml,0.2814
td,mm,0.524
td,mn,0.6381
td,mo,0.6347
td,mp,0.6233
td,mq,0.6293
td,mr,0.5685
td,ms,0.5734
td,mt,0.6372
td,mu,0.5167
td,mv,0.4987
td,mw,0.4962
td,mx,0.4239
td,my,0.5754
td,mz,0.5839
td,na,0.5493
td,nc,0.5714
td,ne,0.6327
td,nf,0.6001
td,ng,0.6188
td,ni,0.7436
td,nl,0.6362
td,no,0.5689
td,np,0.538
td,nr,0.592
td,nu,0.5545
td,nz,0.5826
td,om,0.5868
td,pa,0.6423
td,pe,0.5313
td,pf,0.6236
td,pg,0.4908
td,ph,0.6285
td,pk,0.7257
td,pl,0.6623
td,pm,0.6201
td,pn,0.5498
td,pr,0.6008
td,ps,0.6513
td,pt,0.4835
td,pw,0.7511
td,py,0.6543
td,qa,0.6889
td,re,0.6477
td,ro,0.0577
td,rs,0.6172
td,ru,0.6607
td,rw,0.6261
td,sa,0.6368
td,sb,0.5946
td,sc,0.5152
td,sd,0.5556
td,se,0.5808
td,sg,0.7009
td,sh,0.5755
td,si,0.7125
td,sj,0.5689
td,sk,0.6486
td,sl,0.6957
td,sm,0.7307
td,sn,0.3828
td,so,0.7338
td,sr,0.5537
td,ss,0.5745
td,st,0.5775
td,sv,0.7208
td,sx,0.6275
td,sy,0.6479
td,sz,0.5335
td,tc,0.5732
td,td,0.0
td,tf,0.6576
td,tg,0.5553
td,th,0.6004
td,tj,0.6667
td,tk,0.4571
td,tl,0.526
td,tm,0.6523
td,tn,0.615
td,to,0.6349
td,tr,0.6224
td,tt,0.508
td,tv,0.7085
td,tw,0.6003
td,tz,0.63
td,ua,0.6157
td,ug,0.5354
td,um,0.5405
td,us,0.5405
td,uy,0.7308
td,uz,0.6766
td,va,0.7316
td,vc,0.4637
td,ve,0.4611
td,vg,0.5598
td,vi,0.7369
td,vn,0.642
td,vu,0.5034
td,wf,0.4926
td,ws,0.4368
td,xk,0.6232
td,ye,0.6229
td,yt,0.7811
td,za,0.5644
td,zm,0.5752
td,zw,0.5704
tf,ad,0.6451
tf,ae,0.6348
tf,af,0.5882
tf,ag,0.6652
tf,ai,0.5415
tf,al,0.7913
tf,am,0.6482
tf,ao,0.6422
tf,aq,0.6209
tf,ar,0.6291
tf,as,0.6308
tf,at,0.6949
tf,au,0.5461
tf,aw,0.5899
tf,ax,0.5738
tf,az,0.589
tf,ba,0.5846
tf,bb,0.6009
tf,bd,0.5983
tf,be,0.7033
tf,bf,0.6038
tf,bg,0.6406
tf,bh,0.6882
tf,bi,0.6232
tf,bj,0.6619
tf,bl,0.7077
tf,bm,0.6339
tf,bn,0.7138
tf,bo,0.6162
tf,bq,0.6046
tf,br,0.5924
tf,bs,0.6053
tf,bt,0.7132
tf,bv,0.6101
tf,bw,0.5981
tf,by,0.6254
tf,bz,0.5709
tf,ca,0.7496
tf,cc,0.6808
tf,cd,0.5991
tf,cf,0.6126
tf,cg,0.6788
tf,ch,0.7905
tf,ci,0.6761
tf,ck,0.5258
tf,cl,0.7063
tf,cm,0.6458
tf,cn,0.7554
tf,co,0.6547
tf,cr,0.6158
tf,cu,0.6047
tf,cv,0.5864
tf,cw,0.5962
tf,cx,0.5708
tf,cy,0.7694
tf,cz,0.6651
tf,de,0.7383
tf,dj,0.6005
tf,dk,0.6957
tf,dm,0.5849
tf,do,0.6442
tf,dz,0.6903
tf,ec,0.654
tf,ee,0.6639
tf,eg,0.6486
tf,eh,0.6335
tf,er,0.5871
tf,es,0.6894
tf,et,0.6271
tf,fi,0.6878
tf,fj,0.5583
tf,fk,0.5153
tf,fm,0.6374
tf,fo,0.6798
tf,fr,0.6763
tf,ga,0.5971
tf,gb-eng,0.7246
tf,gb-nir,0.7377
tf,gb-sct,0.6027
tf,gb-wls,0.5881
tf,gb,0.5673
tf,gd,0.6176
tf,ge,0.7389
tf,gf,0.7045
tf,gg,0.7172
tf,gh,0.6219
tf,gi,0.6959
tf,gl,0.7051
tf,gm,0.5637
tf,gn,0.6409
tf,gp,0.6214
tf,gq,0.6384
tf,gr,0.5884
tf,gs,0.5139
tf,gt,0.6103
tf,gu,0.5782
tf,gw,0.6456
tf,gy,0.5832
tf,hk,0.7422
tf,hm,0.5607
tf,hn,0.6516
tf,hr,0.6333
tf,ht,0.6071
tf,hu,0.6131
tf,id,0.7729
tf,ie,0.6755
tf,il,0.6529
tf,im,0.7171
tf,in,0.6204
tf,io,0.5301
tf,iq,0.6418
tf,ir,0.6587
tf,is,0.545
tf,it,0.6635
tf,je,0.7287
tf,jm,0.6293
tf,jo,0.6352
tf,jp,0.7538
tf,ke,0.6238
tf,kg,0.8095
tf,kh,0.5887
tf,ki,0.6132
tf,km,0.6074
tf,kn,0.6216
tf,kp,0.6149
tf,kr,0.7202
tf,kw,0.6473
tf,ky,0.5212
tf,kz,0.5911
tf,la,0.6199
tf,lb,0.676
tf,lc,0.6538
tf,li,0.627
tf,lk,0.6043
tf,lr,0.6295
tf,ls,0.6051
tf,lt,0.6222
tf,lu,0.6239
tf,lv,0.656
tf,ly,0.6361
tf,ma,0.6921
tf,mc,0.7308
tf,md,0.6208
tf,me,0.7486
tf,mf,0.6763
tf,mg,0.6075
tf,mh,0.5787
tf,mk,0.6824
tf,ml,0.6609
tf,mm,0.6579
tf,mn,0.6315
tf,mo,0.5998
tf,mp,0.5597
tf,mq,0.5994
tf,mr,0.6119
tf,ms,0.5226
tf,mt,0.6982
tf,mu,0.6063
tf,mv,0.6453
tf,mw,0.6115
tf,mx,0.6506
tf,my,0.6633
tf,mz,0.6445
tf,na,0.5645
tf,nc,0.5677
tf,ne,0.6399
tf,nf,0.6229
tf,ng,0.6513
tf,ni,0.616
tf,nl,0.5238
tf,no,0.6101
tf,np,0.5374
tf,nr,0.6166
tf,nu,0.791
tf,nz,0.5481
tf,om,0.6653
tf,pa,0.6391
tf,pe,0.7395
tf,pf,0.6717
tf,pg,0.6485
tf,ph,0.6236
tf,pk,0.6355
tf,pl,0.7074
tf,pm,0.5506
tf,pn,0.5129
tf,pr,0.6766
tf,ps,0.6431
tf,pt,0.7205
tf,pw,0.6432
tf,py,0.6064
tf,qa,0.628
tf,re,0.615
tf,ro,0.6512
tf,rs,0.6083
tf,ru,0.6293
tf,rw,0.6097
tf,sa,0.6189
tf,sb,0.5528
tf,sc,0.5898
tf,sd,0.6279
tf,se,0.5884
tf,sg,0.7116
tf,sh,0.5374
tf,si,0.6886
tf,sj,0.6101
tf,sk,0.622
tf,sl,0.6033
tf,sm,0.6111
tf,sn,0.6616
tf,so,0.6107
tf,sr,0.5891
tf,ss,0.5827
tf,st,0.6449
tf,sv,0.6056
tf,sx,0.5753
tf,sy,0.6284
tf,sz,0.5735
tf,tc,0.5465
tf,td,0.6576
tf,tf,0.0
tf,tg,0.6168
tf,th,0.5962
tf,tj,0.6702
tf,tk,0.6362
tf,tl,0.6902
tf,tm,0.5896
tf,tn,0.7661
tf,to,0.7231
tf,tr,0.7478
tf,tt,0.675
tf,tv,0.5397
tf,tw,0.7664
tf,tz,0.5734
tf,ua,0.7066
tf,ug,0.6961
tf,um,0.6066
tf,us,0.6066
tf,uy,0.6157
tf,uz,0.5962
tf,va,0.7625
tf,vc,0.6004
tf,ve,0.6325
tf,vg,0.517
tf,vi,0.6933
tf,vn,0.8265
tf,vu,0.588
tf,wf,0.6624
tf,ws,0.6876
tf,xk,0.5517
tf,ye,0.6581
tf,yt,0.7111
tf,za,0.5525
tf,zm,0.6677
tf,zw,0.653
tg,ad,0.5723
tg,ae,0.582
tg,af,0.5479
tg,ag,0.5364
tg,ai,0.611
tg,al,0.6774
tg,am,0.58
tg,ao,0.5604
tg,aq,0.7073
tg,ar,0.6856
tg,as,0.6294
tg,at,0.6304
tg,au,0.6147
tg,aw,0.6348
tg,ax,0.5718
tg,az,0.5651
tg,ba,0.615
tg,bb,0.6185
tg,bd,0.4743
tg,be,0.611
tg,bf,0.5588
tg,bg,0.6476
tg,bh,0.6598
tg,bi,0.5887
tg,bj,0.5791
tg,bl,0.7403
tg,bm,0.5455
tg,bn,0.6291
tg,bo,0.5162
tg,bq,0.6433
tg,br,0.5477
tg,bs,0.5984
tg,bt,0.5553
tg,bv,0.5725
tg,bw,0.6316
tg,by,0.5142
tg,bz,0.6299
tg,ca,0.6817
tg,cc,0.6134
tg,cd,0.653
tg,cf,0.5645
tg,cg,0.5963
tg,ch,0.691
tg,ci,0.6103
tg,ck,0.5961
tg,cl,0.6589
tg,cm,0.4988
tg,cn,0.6562
tg,co,0.5668
tg,cr,0.5464
tg,cu,0.5186
tg,cv,0.6155
tg,cw,0.5854
tg,cx,0.5613
tg,cy,0.7854
tg,cz,0.6784
tg,de,0.5741
tg,dj,0.6072
tg,dk,0.6172
tg,dm,0.5609
tg,do,0.6308
tg,dz,0.689
tg,ec,0.5813
tg,ee,0.6929
tg,eg,0.6104
tg,eh,0.5815
tg,er,0.5187
tg,es,0.5225
tg,et,0.548
tg,fi,0.705
tg,fj,0.6033
tg,fk,0.5828
tg,fm,0.708
tg,fo,0.6922
tg,fr,0.6509
tg,ga,0.5439
tg,gb-eng,0.7127
tg,gb-nir,0.7275
tg,gb-sct,0.6852
tg,gb-wls,0.5788
tg,gb,0.5467
tg,gd,0.4507
tg,ge,0.712
tg,gf,0.5435
tg,gg,0.7019
tg,gh,0.475
tg,gi,0.7008
tg,gl,0.6639
tg,gm,0.482
tg,gn,0.4771
tg,gp,0.5788
tg,gq,0.6178
tg,gr,0.658
tg,gs,0.5786
tg,gt,0.682
tg,gu,0.6395
tg,gw,0.4778
tg,gy,0.4906
tg,hk,0.644
tg,hm,0.6577
tg,hn,0.7366
tg,hr,0.6334
tg,ht,0.5801
tg,hu,0.5913
tg,id,0.7141
tg,ie,0.6565
tg,il,0.7007
tg,im,0.5885
tg,in,0.5901
tg,io,0.568
tg,iq,0.6017
tg,ir,0.6245
tg,is,0.6265
tg,it,0.6579
tg,je,0.7248
tg,jm,0.5163
tg,jo,0.5574
tg,jp,0.7857
tg,ke,0.5182
tg,kg,0.6725
tg,kh,0.5392
tg,ki,0.5706
tg,km,0.5635
tg,kn,0.555
tg,kp,0.5243
tg,kr,0.7575
tg,kw,0.6218
tg,ky,0.5849
tg,kz,0.6701
tg,la,0.6226
tg,lb,0.6143
tg,lc,0.7228
tg,li,0.5797
tg,lk,0.5332
tg,lr,0.6132
tg,ls,0.6151
tg,lt,0.5095
tg,lu,0.654
tg,lv,0.6337
tg,ly,0.6112
tg,ma,0.6061
tg,mc,0.6692
tg,md,0.566
tg,me,0.6093
tg,mf,0.6509
tg,mg,0.6189
tg,mh,0.6189
tg,mk,0.5752
tg,ml,0.5513
tg,mm,0.5578
tg,mn,0.5601
tg,mo,0.6221
tg,mp,0.6379
tg,mq,0.528
tg,mr,0.6082
tg,ms,0.589
tg,mt,0.6756
tg,mu,0.4835
tg,mv,0.5681
tg,mw,0.5092
tg,mx,0.5812
tg,my,0.609
tg,mz,0.5323
tg,na,0.5319
tg,nc,0.5263
tg,ne,0.5826
tg,nf,0.6408
tg,ng,0.6722
tg,ni,0.702
tg,nl,0.6137
tg,no,0.5725
tg,np,0.4865
tg,nr,0.6671
tg,nu,0.5606
tg,nz,0.6198
tg,om,0.5632
tg,pa,0.6792
tg,pe,0.6312
tg,pf,0.6155
tg,pg,0.5737
tg,ph,0.6004
tg,pk,0.6159
tg,pl,0.6846
tg,pm,0.5171
tg,pn,0.565
tg,pr,0.6845
tg,ps,0.5867
tg,pt,0.6463
tg,pw,0.7309
tg,py,0.6262
tg,qa,0.6439
tg,re,0.6797
tg,ro,0.5575
tg,rs,0.6099
tg,ru,0.6617
tg,rw,0.5503
tg,sa,0.6159
tg,sb,0.5717
tg,sc,0.5611
tg,sd,0.6098
tg,se,0.6153
tg,sg,0.6852
tg,sh,0.6022
tg,si,0.7338
tg,sj,0.5725
tg,sk,0.6502
tg,sl,0.6502
tg,sm,0.6805
tg,sn,0.5954
tg,so,0.7156
tg,sr,0.4914
tg,ss,0.5827
tg,st,0.4727
tg,sv,0.6823
tg,sx,0.5738
tg,sy,0.6233
tg,sz,0.4726
tg,tc,0.6006
tg,td,0.5553
tg,tf,0.6168
tg,tg,0.0
tg,th,0.5643
tg,tj,0.6158
tg,tk,0.5837
tg,tl,0.6195
tg,tm,0.5644
tg,tn,0.6646
tg,to,0.6784
tg,tr,0.6602
tg,tt,0.5644
tg,tv,0.6361
tg,tw,0.6829
tg,tz,0.5909
tg,ua,0.5987
tg,ug,0.5083
tg,um,0.5936
tg,us,0.5936
tg,uy,0.6874
tg,uz,0.6279
tg,va,0.6861
tg,vc,0.5519
tg,ve,0.5457
tg,vg,0.573
tg,vi,0.7049
tg,vn,0.6971
tg,vu,0.5173
tg,wf,0.5776
tg,ws,0.5932
tg,xk,0.6315
tg,ye,0.6238
tg,yt,0.7307
tg,za,0.5012
tg,zm,0.593
tg,zw,0.4661
th,ad,0.5861
th,ae,0.694
th,af,0.5886
th,ag,0.5874
th,ai,0.6309
th,al,0.688
th,am,0.5403
th,ao,0.6395
th,aq,0.6693
th,ar,0.6567
th,as,0.6328
th,at,0.6837
th,au,0.6208
th,aw,0.6184
th,ax,0.6361
th,az,0.6113
th,ba,0.6278
th,bb,0.6121
th,bd,0.6517
th,be,0.6211
th,bf,0.6133
th,bg,0.5219
th,bh,0.6152
th,bi,0.5212
th,bj,0.5977
th,bl,0.6188
th,bm,0.5575
th,bn,0.612
th,bo,0.6432
th,bq,0.6034
th,br,0.6365
th,bs,0.6675
th,bt,0.59
th,bv,0.5181
th,bw,0.5821
th,by,0.6125
th,bz,0.5724
th,ca,0.6406
th,cc,0.7127
th,cd,0.6473
th,cf,0.57
th,cg,0.5877
th,ch,0.6863
th,ci,0.6076
th,ck,0.5991
th,cl,0.5914
th,cm,0.592
th,cn,0.6634
th,co,0.5884
th,cr,0.4355
th,cu,0.5202
th,cv,0.6222
th,cw,0.633
th,cx,0.6275
th,cy,0.6735
th,cz,0.5824
th,de,0.6643
th,dj,0.6047
th,dk,0.6422
th,dm,0.6364
th,do,0.6352
th,dz,0.6287
th,ec,0.581
th,ee,0.5481
th,eg,0.7167
th,eh,0.7021
th,er,0.586
th,es,0.6026
th,et,0.6159
th,fi,0.5357
th,fj,0.5779
th,fk,0.5965
th,fm,0.6538
th,fo,0.5427
th,fr,0.5983
th,ga,0.6475
th,gb-eng,0.5868
th,gb-nir,0.5942
th,gb-sct,0.6013
th,gb-wls,0.5734
th,gb,0.5526
th,gd,0.4955
th,ge,0.6136
th,gf,0.6471
th,gg,0.5719
th,gh,0.6426
th,gi,0.6488
th,gl,0.6085
th,gm,0.5577
th,gn,0.5942
th,gp,0.6212
th,gq,0.6399
th,gr,0.5942
th,gs,0.5942
th,gt,0.5948
th,gu,0.6281
th,gw,0.5926
th,gy,0.5619
th,hk,0.6472
th,hm,0.6445
th,hn,0.7501
th,hr,0.6741
th,ht,0.5859
th,hu,0.6443
th,id,0.6611
th,ie,0.585
th,il,0.6708
th,im,0.6433
th,in,0.6606
th,io,0.5251
th,iq,0.7102
th,ir,0.6491
th,is,0.634
th,it,0.5881
th,je,0.6382
th,jm,0.6175
th,jo,0.691
th,jp,0.6553
th,ke,0.6191
th,kg,0.7036
th,kh,0.635
th,ki,0.5688
th,km,0.5808
th,kn,0.593
th,kp,0.612
th,kr,0.6537
th,kw,0.6694
th,ky,0.5997
th,kz,0.6651
th,la,0.5745
th,lb,0.5717
th,lc,0.6711
th,li,0.5944
th,lk,0.5542
th,lr,0.5157
th,ls,0.6838
th,lt,0.5132
th,lu,0.6813
th,lv,0.6538
th,ly,0.6305
th,ma,0.6221
th,mc,0.6242
th,md,0.5739
th,me,0.6566
th,mf,0.5983
th,mg,0.5955
th,mh,0.6293
th,mk,0.6018
th,ml,0.5977
th,mm,0.5478
th,mn,0.5775
th,mo,0.652
th,mp,0.6222
th,mq,0.6168
th,mr,0.557
th,ms,0.6098
th,mt,0.6172
th,mu,0.5778
th,mv,0.5698
th,mw,0.6275
th,mx,0.5697
th,my,0.5433
th,mz,0.5462
th,na,0.5608
th,nc,0.6305
th,ne,0.6704
th,nf,0.6193
th,ng,0.6366
th,ni,0.7314
th,nl,0.6376
th,no,0.5181
th,np,0.512
th,nr,0.682
th,nu,0.6656
th,nz,0.6316
th,om,0.5804
th,pa,0.6169
th,pe,0.6204
th,pf,0.5738
th,pg,0.6373
th,ph,0.5875
th,pk,0.6366
th,pl,0.6201
th,pm,0.5808
th,pn,0.5939
th,pr,0.5135
th,ps,0.709
th,pt,0.6606
th,pw,0.7344
th,py,0.6748
th,qa,0.5993
th,re,0.596
th,ro,0.5948
th,rs,0.4916
th,ru,0.5088
th,rw,0.6331
th,sa,0.6661
th,sb,0.589
th,sc,0.5664
th,sd,0.6798
th,se,0.661
th,sg,0.6066
th,sh,0.6257
th,si,0.5862
th,sj,0.5181
th,sk,0.5194
th,sl,0.7041
th,sm,0.5881
th,sn,0.5889
th,so,0.6679
th,sr,0.3993
th,ss,0.6197
th,st,0.6588
th,sv,0.7265
th,sx,0.5722
th,sy,0.7326
th,sz,0.5641
th,tc,0.6285
th,td,0.6004
th,tf,0.5962
th,tg,0.5643
th,th,0.0
th,tj,0.6801
th,tk,0.6292
th,tl,0.6227
th,tm,0.6249
th,tn,0.6731
th,to,0.6735
th,tr,0.6656
th,tt,0.5997
th,tv,0.6259
th,tw,0.6647
th,tz,0.6298
th,ua,0.6496
th,ug,0.5236
th,um,0.52
th,us,0.52
th,uy,0.5799
th,uz,0.6735
th,va,0.6455
th,vc,0.5843
th,ve,0.5269
th,vg,0.5981
th,vi,0.6066
th,vn,0.7278
th,vu,0.5845
th,wf,0.6235
th,ws,0.6103
th,xk,0.6152
th,ye,0.7259
th,yt,0.6033
th,za,0.5609
th,zm,0.6583
th,zw,0.547
tj,ad,0.6656
tj,ae,0.515
tj,af,0.6422
tj,ag,0.6722
tj,ai,0.6611
tj,al,0.7765
tj,am,0.635
tj,ao,0.671
tj,aq,0.6732
tj,ar,0.5928
tj,as,0.5818
tj,at,0.4708
tj,au,0.6999
tj,aw,0.6999
tj,ax,0.6611
tj,az,0.6814
tj,ba,0.697
tj,bb,0.7146
tj,bd,0.7027
tj,be,0.6816
tj,bf,0.5999
tj,bg,0.7271
tj,bh,0.659
tj,bi,0.5984
tj,bj,0.666
tj,bl,0.683
tj,bm,0.623
tj,bn,0.6569
tj,bo,0.4736
tj,bq,0.6511
tj,br,0.6623
tj,bs,0.6912
tj,bt,0.615
tj,bv,0.606
tj,bw,0.7403
tj,by,0.6032
tj,bz,0.6332
tj,ca,0.7381
tj,cc,0.7473
tj,cd,0.7186
tj,cf,0.5919
tj,cg,0.6742
tj,ch,0.6717
tj,ci,0.6511
tj,ck,0.6814
tj,cl,0.6806
tj,cm,0.645
tj,cn,0.7294
tj,co,0.6692
tj,cr,0.6709
tj,cu,0.6207
tj,cv,0.6625
tj,cw,0.7261
tj,cx,0.6861
tj,cy,0.7161
tj,cz,0.6624
tj,de,0.7313
tj,dj,0.5926
tj,dk,0.6044
tj,dm,0.6386
tj,do,0.5586
tj,dz,0.6751
tj,ec,0.6562
tj,ee,0.892
tj,eg,0.3803
tj,eh,0.4842
tj,er,0.656
tj,es,0.583
tj,et,0.6227
tj,fi,0.792
tj,fj,0.6322
tj,fk,0.6516
tj,fm,0.7174
tj,fo,0.7256
tj,fr,0.6669
tj,ga,0.6401
tj,gb-eng,0.7443
tj,gb-nir,0.7365
tj,gb-sct,0.6827
tj,gb-wls,0.613
tj,gb,0.6017
tj,gd,0.6315
tj,ge,0.7342
tj,gf,0.7191
tj,gg,0.7341
tj,gh,0.515
tj,gi,0.5957
tj,gl,0.6663
tj,gm,0.5209
tj,gn,0.6505
tj,gp,0.738
tj,gq,0.5416
tj,gr,0.6293
tj,gs,0.666
tj,gt,0.6718
tj,gu,0.7117
tj,gw,0.6178
tj,gy,0.6213
tj,hk,0.6736
tj,hm,0.7292
tj,hn,0.6472
tj,hr,0.4078
tj,ht,0.6821
tj,hu,0.3491
tj,id,0.6697
tj,ie,0.6307
tj,il,0.5769
tj,im,0.6989
tj,in,0.369
tj,io,0.5774
tj,iq,0.3883
tj,ir,0.4629
tj,is,0.6367
tj,it,0.6453
tj,je,0.6469
tj,jm,0.7252
tj,jo,0.5192
tj,jp,0.749
tj,ke,0.5739
tj,kg,0.7453
tj,kh,0.6599
tj,ki,0.5403
tj,km,0.5478
tj,kn,0.7041
tj,kp,0.6612
tj,kr,0.6986
tj,kw,0.6017
tj,ky,0.6706
tj,kz,0.7248
tj,la,0.6539
tj,lb,0.4514
tj,lc,0.7478
tj,li,0.7374
tj,lk,0.6065
tj,lr,0.5719
tj,ls,0.4361
tj,lt,0.6855
tj,lu,0.4294
tj,lv,0.5514
tj,ly,0.7379
tj,ma,0.6985
tj,mc,0.6503
tj,md,0.6651
tj,me,0.7041
tj,mf,0.6669
tj,mg,0.5951
tj,mh,0.6541
tj,mk,0.6294
tj,ml,0.6481
tj,mm,0.6265
tj,mn,0.6573
tj,mo,0.6886
tj,mp,0.7085
tj,mq,0.6939
tj,mr,0.6109
tj,ms,0.6711
tj,mt,0.6559
tj,mu,0.5723
tj,mv,0.6775
tj,mw,0.6348
tj,mx,0.6638
tj,my,0.6454
tj,mz,0.7422
tj,na,0.6298
tj,nc,0.6171
tj,ne,0.3855
tj,nf,0.691
tj,ng,0.6926
tj,ni,0.5816
tj,nl,0.3751
tj,no,0.606
tj,np,0.6113
tj,nr,0.7346
tj,nu,0.6879
tj,nz,0.7064
tj,om,0.6746
tj,pa,0.6055
tj,pe,0.6772
tj,pf,0.4397
tj,pg,0.674
tj,ph,0.6759
tj,pk,0.6899
tj,pl,0.6801
tj,pm,0.6055
tj,pn,0.6542
tj,pr,0.6363
tj,ps,0.4828
tj,pt,0.6704
tj,pw,0.7853
tj,py,0.3959
tj,qa,0.6591
tj,re,0.701
tj,ro,0.6621
tj,rs,0.6761
tj,ru,0.7441
tj,rw,0.6617
tj,sa,0.7265
tj,sb,0.6715
tj,sc,0.5554
tj,sd,0.4596
tj,se,0.6723
tj,sg,0.6287
tj,sh,0.6775
tj,si,0.7876
tj,sj,0.606
tj,sk,0.7225
tj,sl,0.5113
tj,sm,0.6361
tj,sn,0.6567
tj,so,0.7257
tj,sr,0.6717
tj,ss,0.565
tj,st,0.6196
tj,sv,0.5565
tj,sx,0.5771
tj,sy,0.5015
tj,sz,0.6705
tj,tc,0.6755
tj,td,0.6667
tj,tf,0.6702
tj,tg,0.6158
tj,th,0.6801
tj,tj,0.0
tj,tk,0.7173
tj,tl,0.6865
tj,tm,0.7017
tj,tn,0.698
tj,to,0.6609
tj,tr,0.7103
tj,tt,0.6756
tj,tv,0.681
tj,tw,0.7715
tj,tz,0.6943
tj,ua,0.7446
tj,ug,0.6988
tj,um,0.6094
tj,us,0.6094
tj,uy,0.6652
tj,uz,0.5062
tj,va,0.6889
tj,vc,0.664
tj,ve,0.7019
tj,vg,0.6658
tj,vi,0.682
tj,vn,0.7669
tj,vu,0.6339
tj,wf,0.6792
tj,ws,0.7195
tj,xk,0.698
tj,ye,0.3776
tj,yt,0.6878
tj,za,0.6133
tj,zm,0.7246
tj,zw,0.6411
tk,ad,0.5516
tk,ae,0.6451
tk,af,0.5059
tk,ag,0.5982
tk,ai,0.4568
tk,al,0.7449
tk,am,0.6096
tk,ao,0.6259
tk,aq,0.6782
tk,ar,0.7348
tk,as,0.6193
tk,at,0.7188
tk,au,0.4604
tk,aw,0.644
tk,ax,0.5886
tk,az,0.5796
tk,ba,0.5583
tk,bb,0.3958
tk,bd,0.5792
tk,be,0.5889
tk,bf,0.6403
tk,bg,0.7045
tk,bh,0.7388
tk,bi,0.6442
tk,bj,0.5899
tk,bl,0.8263
tk,bm,0.6114
tk,bn,0.7335
tk,bo,0.6323
tk,bq,0.7454
tk,br,0.5691
tk,bs,0.5565
tk,bt,0.7001
tk,bv,0.6102
tk,bw,0.669
tk,by,0.6316
tk,bz,0.5749
tk,ca,0.7554
tk,cc,0.6412
tk,cd,0.6506
tk,cf,0.5992
tk,cg,0.5762
tk,ch,0.7603
tk,ci,0.7054
tk,ck,0.4471
tk,cl,0.6933
tk,cm,0.5739
tk,cn,0.7279
tk,co,0.6703
tk,cr,0.6479
tk,cu,0.6534
tk,cv,0.5984
tk,cw,0.3996
tk,cx,0.4603
tk,cy,0.8775
tk,cz,0.6872
tk,de,0.5826
tk,dj,0.7007
tk,dk,0.6952
tk,dm,0.5668
tk,do,0.5852
tk,dz,0.6945
tk,ec,0.6673
tk,ee,0.652
tk,eg,0.6985
tk,eh,0.609
tk,er,0.611
tk,es,0.6328
tk,et,0.5955
tk,fi,0.7083
tk,fj,0.6408
tk,fk,0.4426
tk,fm,0.7313
tk,fo,0.7724
tk,fr,0.6315
tk,ga,0.587
tk,gb-eng,0.817
tk,gb-nir,0.8223
tk,gb-sct,0.6738
tk,gb-wls,0.668
tk,gb,0.5684
tk,gd,0.5423
tk,ge,0.8056
tk,gf,0.6142
tk,gg,0.7925
tk,gh,0.6189
tk,gi,0.7856
tk,gl,0.759
tk,gm,0.5893
tk,gn,0.5771
tk,gp,0.4886
tk,gq,0.6209
tk,gr,0.6754
tk,gs,0.4303
tk,gt,0.6814
tk,gu,0.4109
tk,gw,0.6415
tk,gy,0.5453
tk,hk,0.7125
tk,hm,0.6606
tk,hn,0.7561
tk,hr,0.711
tk,ht,0.553
tk,hu,0.6744
tk,id,0.795
tk,ie,0.6678
tk,il,0.7817
tk,im,0.6844
tk,in,0.7106
tk,io,0.5656
tk,iq,0.6974
tk,ir,0.6671
tk,is,0.6091
tk,it,0.6424
tk,je,0.82
tk,jm,0.5503
tk,jo,0.6077
tk,jp,0.8745
tk,ke,0.5623
tk,kg,0.745
tk,kh,0.5831
tk,ki,0.6051
tk,km,0.6524
tk,kn,0.5601
tk,kp,0.61
tk,kr,0.8433
tk,kw,0.5942
tk,ky,0.4347
tk,kz,0.6478
tk,la,0.5043
tk,lb,0.7338
tk,lc,0.7317
tk,li,0.4511
tk,lk,0.5891
tk,lr,0.6373
tk,ls,0.6546
tk,lt,0.6345
tk,lu,0.7413
tk,lv,0.6623
tk,ly,0.6096
tk,ma,0.6648
tk,mc,0.7533
tk,md,0.5444
tk,me,0.6934
tk,mf,0.6315
tk,mg,0.7347
tk,mh,0.5952
tk,mk,0.6494
tk,ml,0.5694
tk,mm,0.6477
tk,mn,0.6515
tk,mo,0.5928
tk,mp,0.5813
tk,mq,0.5997
tk,mr,0.5845
tk,ms,0.4443
tk,mt,0.7694
tk,mu,0.5291
tk,mv,0.6293
tk,mw,0.5432
tk,mx,0.6181
tk,my,0.6139
tk,mz,0.5696
tk,na,0.533
tk,nc,0.5568
tk,ne,0.6943
tk,nf,0.6273
tk,ng,0.6507
tk,ni,0.7065
tk,nl,0.6785
tk,no,0.6102
tk,np,0.5504
tk,nr,0.4142
tk,nu,0.6737
tk,nz,0.4511
tk,om,0.6986
tk,pa,0.7247
tk,pe,0.7217
tk,pf,0.7289
tk,pg,0.6144
tk,ph,0.6332
tk,pk,0.6777
tk,pl,0.7887
tk,pm,0.563
tk,pn,0.4265
tk,pr,0.6794
tk,ps,0.6266
tk,pt,0.6323
tk,pw,0.7144
tk,py,0.7079
tk,qa,0.7145
tk,re,0.6263
tk,ro,0.4598
tk,rs,0.6586
tk,ru,0.708
tk,rw,0.5806
tk,sa,0.5933
tk,sb,0.53
tk,sc,0.5772
tk,sd,0.6491
tk,se,0.5905
tk,sg,0.7654
tk,sh,0.4447
tk,si,0.7602
tk,sj,0.6102
tk,sk,0.7139
tk,sl,0.6923
tk,sm,0.7689
tk,sn,0.5895
tk,so,0.6972
tk,sr,0.586
tk,ss,0.5593
tk,st,0.6005
tk,sv,0.6857
tk,sx,0.6712
tk,sy,0.6458
tk,sz,0.5516
tk,tc,0.4431
tk,td,0.4571
tk,tf,0.6362
tk,tg,0.5837
tk,th,0.6292
tk,tj,0.7173
tk,tk,0.0
tk,tl,0.6399
tk,tm,0.5958
tk,tn,0.7223
tk,to,0.7251
tk,tr,0.7209
tk,tt,0.6534
tk,tv,0.6585
tk,tw,0.6744
tk,tz,0.6093
tk,ua,0.5874
tk,ug,0.5962
tk,um,0.5894
tk,us,0.5894
tk,uy,0.7517
tk,uz,0.6603
tk,va,0.8121
tk,vc,0.4865
tk,ve,0.5841
tk,vg,0.4308
tk,vi,0.7854
tk,vn,0.7639
tk,vu,0.578
tk,wf,0.6617
tk,ws,0.562
tk,xk,0.5819
tk,ye,0.7097
tk,yt,0.8263
tk,za,0.6009
tk,zm,0.6013
tk,zw,0.6116
tl,ad,0.5335
tl,ae,0.6566
tl,af,0.5144
tl,ag,0.5813
tl,ai,0.6791
tl,al,0.5816
tl,am,0.5604
tl,ao,0.5535
tl,aq,0.8207
tl,ar,0.7808
tl,as,0.6743
tl,at,0.6365
tl,au,0.6816
tl,aw,0.7519
tl,ax,0.6492
tl,az,0.6562
tl,ba,0.6645
tl,bb,0.6352
tl,bd,0.6591
tl,be,0.5121
tl,bf,0.6088
tl,bg,0.6079
tl,bh,0.4872
tl,bi,0.6078
tl,bj,0.5522
tl,bl,0.8053
tl,bm,0.5382
tl,bn,0.6496
tl,bo,0.4882
tl,bq,0.7495
tl,br,0.6615
tl,bs,0.6482
tl,bt,0.5773
tl,bv,0.5703
tl,bw,0.7372
tl,by,0.5731
tl,bz,0.6116
tl,ca,0.646
tl,cc,0.7125
tl,cd,0.7454
tl,cf,0.6201
tl,cg,0.4524
tl,ch,0.62
tl,ci,0.7131
tl,ck,0.6682
tl,cl,0.5282
tl,cm,0.539
tl,cn,0.578
tl,co,0.5827
tl,cr,0.6242
tl,cu,0.7058
tl,cv,0.7104
tl,cw,0.7079
tl,cx,0.6634
tl,cy,0.8562
tl,cz,0.6387
tl,de,0.574
tl,dj,0.7616
tl,dk,0.5956
tl,dm,0.6285
tl,do,0.6348
tl,dz,0.7246
tl,ec,0.5791
tl,ee,0.7486
tl,eg,0.6346
tl,eh,0.6573
tl,er,0.5943
tl,es,0.5326
tl,et,0.5857
tl,fi,0.7965
tl,fj,0.7075
tl,fk,0.6617
tl,fm,0.7989
tl,fo,0.7664
tl,fr,0.6239
tl,ga,0.6674
tl,gb-eng,0.7837
tl,gb-nir,0.7921
tl,gb-sct,0.7602
tl,gb-wls,0.6544
tl,gb,0.6068
tl,gd,0.5179
tl,ge,0.7472
tl,gf,0.6793
tl,gg,0.7516
tl,gh,0.5717
tl,gi,0.7075
tl,gl,0.6967
tl,gm,0.5742
tl,gn,0.6051
tl,gp,0.5921
tl,gq,0.6034
tl,gr,0.7573
tl,gs,0.6489
tl,gt,0.7562
tl,gu,0.6719
tl,gw,0.602
tl,gy,0.6184
tl,hk,0.5765
tl,hm,0.7073
tl,hn,0.8702
tl,hr,0.6498
tl,ht,0.5998
tl,hu,0.6378
tl,id,0.7156
tl,ie,0.65
tl,il,0.8019
tl,im,0.5711
tl,in,0.6536
tl,io,0.641
tl,iq,0.6357
tl,ir,0.6548
tl,is,0.6847
tl,it,0.6337
tl,je,0.7859
tl,jm,0.5737
tl,jo,0.6571
tl,jp,0.8407
tl,ke,0.586
tl,kg,0.5747
tl,kh,0.6228
tl,ki,0.5801
tl,km,0.62
tl,kn,0.5539
tl,kp,0.5995
tl,kr,0.819
tl,kw,0.6013
tl,ky,0.66
tl,kz,0.8044
tl,la,0.5685
tl,lb,0.6675
tl,lc,0.8273
tl,li,0.5904
tl,lk,0.4868
tl,lr,0.604
tl,ls,0.7362
tl,lt,0.5513
tl,lu,0.7286
tl,lv,0.6003
tl,ly,0.5825
tl,ma,0.5645
tl,mc,0.7083
tl,md,0.5392
tl,me,0.5316
tl,mf,0.6239
tl,mg,0.6918
tl,mh,0.699
tl,mk,0.5222
tl,ml,0.5375
tl,mm,0.566
tl,mn,0.6008
tl,mo,0.7085
tl,mp,0.7125
tl,mq,0.6477
tl,mr,0.5985
tl,ms,0.6687
tl,mt,0.6945
tl,mu,0.5827
tl,mv,0.5636
tl,mw,0.5552
tl,mx,0.6003
tl,my,0.5996
tl,mz,0.6126
tl,na,0.6035
tl,nc,0.6211
tl,ne,0.6554
tl,nf,0.6953
tl,ng,0.7362
tl,ni,0.8061
tl,nl,0.6603
tl,no,0.5703
tl,np,0.5585
tl,nr,0.7024
tl,nu,0.6531
tl,nz,0.6863
tl,om,0.6321
tl,pa,0.6937
tl,pe,0.6409
tl,pf,0.6551
tl,pg,0.5227
tl,ph,0.67
tl,pk,0.7491
tl,pl,0.7117
tl,pm,0.6609
tl,pn,0.644
tl,pr,0.6481
tl,ps,0.6812
tl,pt,0.5161
tl,pw,0.8511
tl,py,0.6073
tl,qa,0.6704
tl,re,0.674
tl,ro,0.5337
tl,rs,0.6387
tl,ru,0.6134
tl,rw,0.7068
tl,sa,0.6908
tl,sb,0.6468
tl,sc,0.5841
tl,sd,0.5876
tl,se,0.6744
tl,sg,0.7109
tl,sh,0.6736
tl,si,0.7279
tl,sj,0.5703
tl,sk,0.6605
tl,sl,0.7602
tl,sm,0.7806
tl,sn,0.5454
tl,so,0.804
tl,sr,0.5983
tl,ss,0.6348
tl,st,0.6511
tl,sv,0.7752
tl,sx,0.632
tl,sy,0.6775
tl,sz,0.573
tl,tc,0.6723
tl,td,0.526
tl,tf,0.6902
tl,tg,0.6195
tl,th,0.6227
tl,tj,0.6865
tl,tk,0.6399
tl,tl,0.0
tl,tm,0.6775
tl,tn,0.5845
tl,to,0.6081
tl,tr,0.5823
tl,tt,0.5591
tl,tv,0.7709
tl,tw,0.5737
tl,tz,0.6784
tl,ua,0.6953
tl,ug,0.5566
tl,um,0.5926
tl,us,0.5926
tl,uy,0.762
tl,uz,0.7304
tl,va,0.7402
tl,vc,0.583
tl,ve,0.562
tl,vg,0.6532
tl,vi,0.7707
tl,vn,0.598
tl,vu,0.5458
tl,wf,0.5522
tl,ws,0.5526
tl,xk,0.696
tl,ye,0.6479
tl,yt,0.799
tl,za,0.6061
tl,zm,0.6113
tl,zw,0.6181
tm,ad,0.6631
tm,ae,0.5458
tm,af,0.5416
tm,ag,0.6197
tm,ai,0.5748
tm,al,0.7592
tm,am,0.6203
tm,ao,0.6144
tm,aq,0.7045
tm,ar,0.7198
tm,as,0.667
tm,at,0.7405
tm,au,0.5654
tm,aw,0.6326
tm,ax,0.5953
tm,az,0.572
tm,ba,0.6117
tm,bb,0.6008
tm,bd,0.5681
tm,be,0.6758
tm,bf,0.5934
tm,bg,0.6647
tm,bh,0.7455
tm,bi,0.6467
tm,bj,0.6391
tm,bl,0.8032
tm,bm,0.6428
tm,bn,0.6931
tm,bo,0.5836
tm,bq,0.65
tm,br,0.5069
tm,bs,0.5624
tm,bt,0.697
tm,bv,0.6231
tm,bw,0.6389
tm,by,0.6093
tm,bz,0.5912
tm,ca,0.7842
tm,cc,0.552
tm,cd,0.626
tm,cf,0.6199
tm,cg,0.6238
tm,ch,0.7947
tm,ci,0.6493
tm,ck,0.5548
tm,cl,0.7229
tm,cm,0.6455
tm,cn,0.7583
tm,co,0.6415
tm,cr,0.6688
tm,cu,0.6405
tm,cv,0.6047
tm,cw,0.5826
tm,cx,0.4999
tm,cy,0.8653
tm,cz,0.7136
tm,de,0.6557
tm,dj,0.6222
tm,dk,0.7191
tm,dm,0.5303
tm,do,0.6483
tm,dz,0.7209
tm,ec,0.6428
tm,ee,0.6617
tm,eg,0.6785
tm,eh,0.5999
tm,er,0.5781
tm,es,0.6482
tm,et,0.4878
tm,fi,0.7392
tm,fj,0.6187
tm,fk,0.5548
tm,fm,0.7063
tm,fo,0.7625
tm,fr,0.7061
tm,ga,0.5706
tm,gb-eng,0.816
tm,gb-nir,0.8211
tm,gb-sct,0.6797
tm,gb-wls,0.6147
tm,gb,0.6261
tm,gd,0.5925
tm,ge,0.8141
tm,gf,0.4719
tm,gg,0.8016
tm,gh,0.591
tm,gi,0.7744
tm,gl,0.7645
tm,gm,0.5609
tm,gn,0.5791
tm,gp,0.5477
tm,gq,0.6372
tm,gr,0.6593
tm,gs,0.5379
tm,gt,0.6932
tm,gu,0.5691
tm,gw,0.574
tm,gy,0.5398
tm,hk,0.7461
tm,hm,0.6085
tm,hn,0.7191
tm,hr,0.6985
tm,ht,0.6055
tm,hu,0.6613
tm,id,0.8215
tm,ie,0.7119
tm,il,0.7516
tm,im,0.714
tm,in,0.6571
tm,io,0.5866
tm,iq,0.6698
tm,ir,0.6727
tm,is,0.5994
tm,it,0.6912
tm,je,0.8156
tm,jm,0.55
tm,jo,0.5953
tm,jp,0.8587
tm,ke,0.5557
tm,kg,0.789
tm,kh,0.6049
tm,ki,0.6359
tm,km,0.5981
tm,kn,0.4942
tm,kp,0.6381
tm,kr,0.8064
tm,kw,0.6335
tm,ky,0.5532
tm,kz,0.6002
tm,la,0.6143
tm,lb,0.7299
tm,lc,0.7233
tm,li,0.5932
tm,lk,0.5818
tm,lr,0.6828
tm,ls,0.6342
tm,lt,0.5805
tm,lu,0.7124
tm,lv,0.675
tm,ly,0.5621
tm,ma,0.6753
tm,mc,0.7811
tm,md,0.6412
tm,me,0.7145
tm,mf,0.7061
tm,mg,0.6558
tm,mh,0.5907
tm,mk,0.664
tm,ml,0.6453
tm,mm,0.6392
tm,mn,0.592
tm,mo,0.5624
tm,mp,0.5944
tm,mq,0.5087
tm,mr,0.5591
tm,ms,0.5464
tm,mt,0.7701
tm,mu,0.5707
tm,mv,0.6158
tm,mw,0.5488
tm,mx,0.6737
tm,my,0.6626
tm,mz,0.5628
tm,na,0.5169
tm,nc,0.5391
tm,ne,0.6525
tm,nf,0.6136
tm,ng,0.6512
tm,ni,0.6864
tm,nl,0.6625
tm,no,0.6231
tm,np,0.5266
tm,nr,0.5883
tm,nu,0.7305
tm,nz,0.568
tm,om,0.6502
tm,pa,0.7334
tm,pe,0.749
tm,pf,0.7364
tm,pg,0.6186
tm,ph,0.6337
tm,pk,0.6006
tm,pl,0.7834
tm,pm,0.5285
tm,pn,0.5307
tm,pr,0.7363
tm,ps,0.5465
tm,pt,0.6997
tm,pw,0.7029
tm,py,0.6762
tm,qa,0.6862
tm,re,0.6557
tm,ro,0.6548
tm,rs,0.6513
tm,ru,0.6785
tm,rw,0.5738
tm,sa,0.5419
tm,sb,0.5161
tm,sc,0.6132
tm,sd,0.6441
tm,se,0.5879
tm,sg,0.7873
tm,sh,0.5618
tm,si,0.7517
tm,sj,0.6231
tm,sk,0.6793
tm,sl,0.6415
tm,sm,0.7217
tm,sn,0.5735
tm,so,0.6777
tm,sr,0.5852
tm,ss,0.5736
tm,st,0.4238
tm,sv,0.667
tm,sx,0.6113
tm,sy,0.6122
tm,sz,0.5626
tm,tc,0.5618
tm,td,0.6523
tm,tf,0.5896
tm,tg,0.5644
tm,th,0.6249
tm,tj,0.7017
tm,tk,0.5958
tm,tl,0.6775
tm,tm,0.0
tm,tn,0.7621
tm,to,0.7353
tm,tr,0.756
tm,tt,0.6571
tm,tv,0.5929
tm,tw,0.7493
tm,tz,0.5236
tm,ua,0.6512
tm,ug,0.6328
tm,um,0.6428
tm,us,0.6428
tm,uy,0.7067
tm,uz,0.6494
tm,va,0.7772
tm,vc,0.5627
tm,ve,0.6147
tm,vg,0.5401
tm,vi,0.7687
tm,vn,0.8083
tm,vu,0.5286
tm,wf,0.6922
tm,ws,0.6635
tm,xk,0.5941
tm,ye,0.6911
tm,yt,0.8023
tm,za,0.5515
tm,zm,0.5542
tm,zw,0.6091
tn,ad,0.6098
tn,ae,0.6721
tn,af,0.6406
tn,ag,0.5869
tn,ai,0.745
tn,al,0.2913
tn,am,0.6181
tn,ao,0.6231
tn,aq,0.8816
tn,ar,0.8201
tn,as,0.709
tn,at,0.6313
tn,au,0.7447
tn,aw,0.8128
tn,ax,0.7218
tn,az,0.7235
tn,ba,0.7429
tn,bb,0.7275
tn,bd,0.7557
tn,be,0.6056
tn,bf,0.6747
tn,bg,0.7374
tn,bh,0.6868
tn,bi,0.654
tn,bj,0.6608
tn,bl,0.8524
tn,bm,0.5767
tn,bn,0.7113
tn,bo,0.628
tn,bq,0.7779
tn,br,0.7573
tn,bs,0.7451
tn,bt,0.5986
tn,bv,0.5986
tn,bw,0.8046
tn,by,0.6177
tn,bz,0.6565
tn,ca,0.5238
tn,cc,0.8065
tn,cd,0.8182
tn,cf,0.6919
tn,cg,0.6414
tn,ch,0.2717
tn,ci,0.7125
tn,ck,0.7305
tn,cl,0.6815
tn,cm,0.6621
tn,cn,0.587
tn,co,0.6391
tn,cr,0.7164
tn,cu,0.7241
tn,cv,0.7686
tn,cw,0.7789
tn,cx,0.7537
tn,cy,0.8913
tn,cz,0.7077
tn,de,0.6416
tn,dj,0.8027
tn,dk,0.6097
tn,dm,0.7229
tn,do,0.661
tn,dz,0.8072
tn,ec,0.6349
tn,ee,0.8389
tn,eg,0.6652
tn,eh,0.6845
tn,er,0.646
tn,es,0.5593
tn,et,0.6301
tn,fi,0.8473
tn,fj,0.7588
tn,fk,0.7289
tn,fm,0.8525
tn,fo,0.8025
tn,fr,0.6578
tn,ga,0.7378
tn,gb-eng,0.8216
tn,gb-nir,0.8196
tn,gb-sct,0.8231
tn,gb-wls,0.7338
tn,gb,0.6584
tn,gd,0.5915
tn,ge,0.7128
tn,gf,0.7347
tn,gg,0.7883
tn,gh,0.629
tn,gi,0.7522
tn,gl,0.7154
tn,gm,0.6281
tn,gn,0.6406
tn,gp,0.6938
tn,gq,0.6662
tn,gr,0.8038
tn,gs,0.7162
tn,gt,0.8099
tn,gu,0.736
tn,gw,0.6429
tn,gy,0.6636
tn,hk,0.5441
tn,hm,0.7537
tn,hn,0.9194
tn,hr,0.5939
tn,ht,0.6262
tn,hu,0.6568
tn,id,0.6113
tn,ie,0.7057
tn,il,0.831
tn,im,0.5769
tn,in,0.6889
tn,io,0.6928
tn,iq,0.6668
tn,ir,0.6759
tn,is,0.7454
tn,it,0.6865
tn,je,0.8101
tn,jm,0.6826
tn,jo,0.6718
tn,jp,0.9023
tn,ke,0.6559
tn,kg,0.1979
tn,kh,0.6431
tn,ki,0.6142
tn,km,0.6962
tn,kn,0.6675
tn,kp,0.6415
tn,kr,0.8661
tn,kw,0.664
tn,ky,0.7276
tn,kz,0.8854
tn,la,0.6049
tn,lb,0.6745
tn,lc,0.9001
tn,li,0.6479
tn,lk,0.5637
tn,lr,0.6451
tn,ls,0.7837
tn,lt,0.6273
tn,lu,0.7513
tn,lv,0.6244
tn,ly,0.6344
tn,ma,0.5952
tn,mc,0.7263
tn,md,0.6379
tn,me,0.2636
tn,mf,0.6578
tn,mg,0.74
tn,mh,0.7662
tn,mk,0.5573
tn,ml,0.6378
tn,mm,0.6018
tn,mn,0.6089
tn,mo,0.782
tn,mp,0.7762
tn,mq,0.6814
tn,mr,0.6826
tn,ms,0.7343
tn,mt,0.7218
tn,mu,0.6506
tn,mv,0.5984
tn,mw,0.6348
tn,mx,0.6611
tn,my,0.6529
tn,mz,0.6766
tn,na,0.6807
tn,nc,0.6957
tn,ne,0.7071
tn,nf,0.7765
tn,ng,0.7958
tn,ni,0.8478
tn,nl,0.6798
tn,no,0.5986
tn,np,0.616
tn,nr,0.7802
tn,nu,0.7033
tn,nz,0.7492
tn,om,0.6653
tn,pa,0.7355
tn,pe,0.6053
tn,pf,0.6649
tn,pg,0.6322
tn,ph,0.6982
tn,pk,0.7869
tn,pl,0.7261
tn,pm,0.7228
tn,pn,0.7127
tn,pr,0.592
tn,ps,0.6968
tn,pt,0.4511
tn,pw,0.9401
tn,py,0.6987
tn,qa,0.7141
tn,re,0.6873
tn,ro,0.6195
tn,rs,0.696
tn,ru,0.7354
tn,rw,0.7794
tn,sa,0.7777
tn,sb,0.7391
tn,sc,0.6593
tn,sd,0.654
tn,se,0.7521
tn,sg,0.7261
tn,sh,0.7395
tn,si,0.6884
tn,sj,0.5986
tn,sk,0.6998
tn,sl,0.8072
tn,sm,0.8413
tn,sn,0.6362
tn,so,0.8618
tn,sr,0.6518
tn,ss,0.7357
tn,st,0.708
tn,sv,0.8167
tn,sx,0.6719
tn,sy,0.7334
tn,sz,0.6122
tn,tc,0.739
tn,td,0.615
tn,tf,0.7661
tn,tg,0.6646
tn,th,0.6731
tn,tj,0.698
tn,tk,0.7223
tn,tl,0.5845
tn,tm,0.7621
tn,tn,0.0
tn,to,0.6399
tn,tr,0.2543
tn,tt,0.5907
tn,tv,0.8341
tn,tw,0.3855
tn,tz,0.7837
tn,ua,0.7603
tn,ug,0.6069
tn,um,0.6379
tn,us,0.6379
tn,uy,0.8028
tn,uz,0.7692
tn,va,0.7741
tn,vc,0.6899
tn,ve,0.6253
tn,vg,0.7215
tn,vi,0.8203
tn,vn,0.2203
tn,vu,0.648
tn,wf,0.591
tn,ws,0.6091
tn,xk,0.7689
tn,ye,0.6716
tn,yt,0.848
tn,za,0.67
tn,zm,0.7295
tn,zw,0.6783
to,ad,0.6278
to,ae,0.6994
to,af,0.6694
to,ag,0.6554
to,ai,0.6984
to,al,0.62
to,am,0.569
to,ao,0.6227
to,aq,0.8731
to,ar,0.7993
to,as,0.7569
to,at,0.6679
to,au,0.6987
to,aw,0.789
to,ax,0.6791
to,az,0.6833
to,ba,0.7317
to,bb,0.7173
to,bd,0.7294
to,be,0.6708
to,bf,0.6854
to,bg,0.6729
to,bh,0.6042
to,bi,0.6879
to,bj,0.6518
to,bl,0.8027
to,bm,0.5513
to,bn,0.6881
to,bo,0.6361
to,bq,0.7471
to,br,0.7269
to,bs,0.7564
to,bt,0.6343
to,bv,0.6139
to,bw,0.7791
to,by,0.606
to,bz,0.6451
to,ca,0.672
to,cc,0.7718
to,cd,0.7709
to,cf,0.6415
to,cg,0.6552
to,ch,0.6705
to,ci,0.7501
to,ck,0.6864
to,cl,0.6861
to,cm,0.6489
to,cn,0.6236
to,co,0.6266
to,cr,0.705
to,cu,0.7167
to,cv,0.7691
to,cw,0.7611
to,cx,0.7312
to,cy,0.8531
to,cz,0.6
to,de,0.5982
to,dj,0.7424
to,dk,0.6176
to,dm,0.7015
to,do,0.6839
to,dz,0.8346
to,ec,0.6274
to,ee,0.8172
to,eg,0.6703
to,eh,0.7005
to,er,0.6494
to,es,0.5938
to,et,0.5558
to,fi,0.83
to,fj,0.7744
to,fk,0.6835
to,fm,0.8362
to,fo,0.7945
to,fr,0.7113
to,ga,0.724
to,gb-eng,0.775
to,gb-nir,0.7542
to,gb-sct,0.812
to,gb-wls,0.648
to,gb,0.6522
to,gd,0.6096
to,ge,0.7309
to,gf,0.7117
to,gg,0.748
to,gh,0.6348
to,gi,0.5783
to,gl,0.6867
to,gm,0.6393
to,gn,0.6721
to,gp,0.6859
to,gq,0.674
to,gr,0.7932
to,gs,0.6646
to,gt,0.8019
to,gu,0.7337
to,gw,0.6713
to,gy,0.672
to,hk,0.6294
to,hm,0.7224
to,hn,0.8914
to,hr,0.6901
to,ht,0.6432
to,hu,0.6764
to,id,0.8069
to,ie,0.7326
to,il,0.8089
to,im,0.6241
to,in,0.6854
to,io,0.6913
to,iq,0.6691
to,ir,0.6028
to,is,0.7302
to,it,0.7144
to,je,0.7748
to,jm,0.6848
to,jo,0.7252
to,jp,0.8271
to,ke,0.6594
to,kg,0.6294
to,kh,0.6713
to,ki,0.5844
to,km,0.6929
to,kn,0.6229
to,kp,0.6275
to,kr,0.8023
to,kw,0.7083
to,ky,0.6782
to,kz,0.8493
to,la,0.6531
to,lb,0.6852
to,lc,0.858
to,li,0.6367
to,lk,0.564
to,lr,0.6651
to,ls,0.7636
to,lt,0.6092
to,lu,0.7759
to,lv,0.6458
to,ly,0.6829
to,ma,0.6129
to,mc,0.7945
to,md,0.6224
to,me,0.588
to,mf,0.7113
to,mg,0.6534
to,mh,0.7527
to,mk,0.584
to,ml,0.6323
to,mm,0.6318
to,mn,0.6361
to,mo,0.7787
to,mp,0.774
to,mq,0.6599
to,mr,0.5925
to,ms,0.685
to,mt,0.643
to,mu,0.6635
to,mv,0.6269
to,mw,0.6516
to,mx,0.6834
to,my,0.6492
to,mz,0.6639
to,na,0.6699
to,nc,0.6755
to,ne,0.6973
to,nf,0.7614
to,ng,0.8057
to,ni,0.8286
to,nl,0.7027
to,no,0.6139
to,np,0.602
to,nr,0.7632
to,nu,0.7063
to,nz,0.6982
to,om,0.6693
to,pa,0.5957
to,pe,0.6882
to,pf,0.6771
to,pg,0.6444
to,ph,0.6372
to,pk,0.7228
to,pl,0.6555
to,pm,0.6703
to,pn,0.6615
to,pr,0.7119
to,ps,0.7411
to,pt,0.6207
to,pw,0.9033
to,py,0.7152
to,qa,0.6183
to,re,0.7071
to,ro,0.6359
to,rs,0.7152
to,ru,0.6735
to,rw,0.7322
to,sa,0.7559
to,sb,0.6884
to,sc,0.6561
to,sd,0.6865
to,se,0.7316
to,sg,0.7765
to,sh,0.6891
to,si,0.7031
to,sj,0.6139
to,sk,0.6455
to,sl,0.7959
to,sm,0.775
to,sn,0.6499
to,so,0.846
to,sr,0.6478
to,ss,0.7064
to,st,0.6958
to,sv,0.7992
to,sx,0.6282
to,sy,0.7112
to,sz,0.6294
to,tc,0.6899
to,td,0.6349
to,tf,0.7231
to,tg,0.6784
to,th,0.6735
to,tj,0.6609
to,tk,0.7251
to,tl,0.6081
to,tm,0.7353
to,tn,0.6399
to,to,0.0
to,tr,0.6237
to,tt,0.6074
to,tv,0.8263
to,tw,0.6066
to,tz,0.7321
to,ua,0.7476
to,ug,0.5806
to,um,0.6805
to,us,0.6805
to,uy,0.7579
to,uz,0.7379
to,va,0.8001
to,vc,0.6819
to,ve,0.6155
to,vg,0.6704
to,vi,0.7752
to,vn,0.6503
to,vu,0.6522
to,wf,0.5997
to,ws,0.6003
to,xk,0.753
to,ye,0.6836
to,yt,0.7995
to,za,0.6763
to,zm,0.7063
to,zw,0.587
tr,ad,0.6181
tr,ae,0.7044
tr,af,0.6506
tr,ag,0.6232
tr,ai,0.7382
tr,al,0.2542
tr,am,0.6157
tr,ao,0.6248
tr,aq,0.8935
tr,ar,0.8215
tr,as,0.7413
tr,at,0.6499
tr,au,0.7367
tr,aw,0.8098
tr,ax,0.712
tr,az,0.7122
tr,ba,0.7433
tr,bb,0.7241
tr,bd,0.7426
tr,be,0.6331
tr,bf,0.6682
tr,bg,0.7344
tr,bh,0.6435
tr,bi,0.6811
tr,bj,0.6499
tr,bl,0.8338
tr,bm,0.5731
tr,bn,0.7012
tr,bo,0.6238
tr,bq,0.7747
tr,br,0.7452
tr,bs,0.7522
tr,bt,0.6088
tr,bv,0.5973
tr,bw,0.7992
tr,by,0.6073
tr,bz,0.6811
tr,ca,0.4935
tr,cc,0.7949
tr,cd,0.8086
tr,cf,0.6746
tr,cg,0.6429
tr,ch,0.352
tr,ci,0.7494
tr,ck,0.7265
tr,cl,0.6967
tr,cm,0.6384
tr,cn,0.5826
tr,co,0.635
tr,cr,0.7066
tr,cu,0.7387
tr,cv,0.7641
tr,cw,0.7685
tr,cx,0.7486
tr,cy,0.8785
tr,cz,0.7133
tr,de,0.6297
tr,dj,0.7981
tr,dk,0.6144
tr,dm,0.7067
tr,do,0.6817
tr,dz,0.8145
tr,ec,0.6304
tr,ee,0.8231
tr,eg,0.6778
tr,eh,0.7133
tr,er,0.6279
tr,es,0.5588
tr,et,0.631
tr,fi,0.8454
tr,fj,0.762
tr,fk,0.7228
tr,fm,0.852
tr,fo,0.8031
tr,fr,0.7051
tr,ga,0.7308
tr,gb-eng,0.8046
tr,gb-nir,0.8124
tr,gb-sct,0.8306
tr,gb-wls,0.7121
tr,gb,0.6489
tr,gd,0.5893
tr,ge,0.6863
tr,gf,0.723
tr,gg,0.772
tr,gh,0.6236
tr,gi,0.7247
tr,gl,0.7179
tr,gm,0.6289
tr,gn,0.653
tr,gp,0.6961
tr,gq,0.6794
tr,gr,0.8031
tr,gs,0.7092
tr,gt,0.8219
tr,gu,0.7367
tr,gw,0.6543
tr,gy,0.6686
tr,hk,0.5821
tr,hm,0.7469
tr,hn,0.9207
tr,hr,0.6006
tr,ht,0.6535
tr,hu,0.6703
tr,id,0.6091
tr,ie,0.7359
tr,il,0.8298
tr,im,0.585
tr,in,0.6948
tr,io,0.6918
tr,iq,0.6758
tr,ir,0.6859
tr,is,0.7417
tr,it,0.7221
tr,je,0.8023
tr,jm,0.685
tr,jo,0.6963
tr,jp,0.8579
tr,ke,0.6452
tr,kg,0.22
tr,kh,0.6609
tr,ki,0.6205
tr,km,0.6987
tr,kn,0.6436
tr,kp,0.6249
tr,kr,0.8435
tr,kw,0.7004
tr,ky,0.72
tr,kz,0.8783
tr,la,0.6301
tr,lb,0.6735
tr,lc,0.8867
tr,li,0.641
tr,lk,0.5586
tr,lr,0.6436
tr,ls,0.7803
tr,lt,0.6206
tr,lu,0.7608
tr,lv,0.631
tr,ly,0.6219
tr,ma,0.5913
tr,mc,0.7289
tr,md,0.6289
tr,me,0.2668
tr,mf,0.7051
tr,mg,0.7047
tr,mh,0.7591
tr,mk,0.5549
tr,ml,0.6369
tr,mm,0.6245
tr,mn,0.6214
tr,mo,0.7905
tr,mp,0.7868
tr,mq,0.6761
tr,mr,0.6792
tr,ms,0.7284
tr,mt,0.7041
tr,mu,0.6437
tr,mv,0.604
tr,mw,0.6246
tr,mx,0.6922
tr,my,0.6522
tr,mz,0.6595
tr,na,0.6755
tr,nc,0.6839
tr,ne,0.7023
tr,nf,0.7902
tr,ng,0.8231
tr,ni,0.8524
tr,nl,0.6931
tr,no,0.5973
tr,np,0.5907
tr,nr,0.7663
tr,nu,0.7006
tr,nz,0.7428
tr,om,0.6629
tr,pa,0.739
tr,pe,0.6635
tr,pf,0.6586
tr,pg,0.626
tr,ph,0.6774
tr,pk,0.7728
tr,pl,0.7293
tr,pm,0.7015
tr,pn,0.7058
tr,pr,0.5916
tr,ps,0.725
tr,pt,0.4344
tr,pw,0.9289
tr,py,0.7091
tr,qa,0.6719
tr,re,0.674
tr,ro,0.6276
tr,rs,0.6964
tr,ru,0.7314
tr,rw,0.7746
tr,sa,0.775
tr,sb,0.7275
tr,sc,0.6517
tr,sd,0.6854
tr,se,0.7455
tr,sg,0.7262
tr,sh,0.732
tr,si,0.684
tr,sj,0.5973
tr,sk,0.7003
tr,sl,0.8128
tr,sm,0.8216
tr,sn,0.6475
tr,so,0.8627
tr,sr,0.6417
tr,ss,0.7179
tr,st,0.7022
tr,sv,0.8208
tr,sx,0.6507
tr,sy,0.7467
tr,sz,0.6279
tr,tc,0.7321
tr,td,0.6224
tr,tf,0.7478
tr,tg,0.6602
tr,th,0.6656
tr,tj,0.7103
tr,tk,0.7209
tr,tl,0.5823
tr,tm,0.756
tr,tn,0.2543
tr,to,0.6237
tr,tr,0.0
tr,tt,0.5927
tr,tv,0.834
tr,tw,0.3459
tr,tz,0.7668
tr,ua,0.7549
tr,ug,0.6113
tr,um,0.6464
tr,us,0.6464
tr,uy,0.8006
tr,uz,0.7755
tr,va,0.7814
tr,vc,0.6871
tr,ve,0.6227
tr,vg,0.7141
tr,vi,0.8069
tr,vn,0.2187
tr,vu,0.6407
tr,wf,0.5863
tr,ws,0.5989
tr,xk,0.7647
tr,ye,0.6878
tr,yt,0.833
tr,za,0.6795
tr,zm,0.7195
tr,zw,0.6432
tt,ad,0.4996
tt,ae,0.5746
tt,af,0.5623
tt,ag,0.4212
tt,ai,0.6429
tt,al,0.5708
tt,am,0.5677
tt,ao,0.4462
tt,aq,0.8035
tt,ar,0.7364
tt,as,0.6688
tt,at,0.4961
tt,au,0.658
tt,aw,0.7119
tt,ax,0.6254
tt,az,0.6226
tt,ba,0.6651
tt,bb,0.6413
tt,bd,0.6701
tt,be,0.5712
tt,bf,0.6085
tt,bg,0.6659
tt,bh,0.6363
tt,bi,0.5875
tt,bj,0.5986
tt,bl,0.7633
tt,bm,0.3516
tt,bn,0.6509
tt,bo,0.5685
tt,bq,0.6972
tt,br,0.6536
tt,bs,0.6513
tt,bt,0.596
tt,bv,0.5514
tt,bw,0.6934
tt,by,0.3995
tt,bz,0.6086
tt,ca,0.6426
tt,cc,0.7142
tt,cd,0.6703
tt,cf,0.595
tt,cg,0.5891
tt,ch,0.6144
tt,ci,0.6841
tt,ck,0.6417
tt,cl,0.6355
tt,cm,0.5301
tt,cn,0.5864
tt,co,0.5482
tt,cr,0.6391
tt,cu,0.6552
tt,cv,0.6726
tt,cw,0.6717
tt,cx,0.6493
tt,cy,0.8247
tt,cz,0.6702
tt,de,0.5759
tt,dj,0.7046
tt,dk,0.4317
tt,dm,0.6095
tt,do,0.5065
tt,dz,0.7223
tt,ec,0.5956
tt,ee,0.7085
tt,eg,0.5532
tt,eh,0.6092
tt,er,0.5559
tt,es,0.5462
tt,et,0.5583
tt,fi,0.7505
tt,fj,0.6672
tt,fk,0.6293
tt,fm,0.7595
tt,fo,0.7241
tt,fr,0.5819
tt,ga,0.6433
tt,gb-eng,0.7156
tt,gb-nir,0.7638
tt,gb-sct,0.7602
tt,gb-wls,0.6297
tt,gb,0.5381
tt,gd,0.4906
tt,ge,0.7237
tt,gf,0.6631
tt,gg,0.7277
tt,gh,0.4871
tt,gi,0.6854
tt,gl,0.595
tt,gm,0.4859
tt,gn,0.5279
tt,gp,0.6045
tt,gq,0.6283
tt,gr,0.7153
tt,gs,0.6202
tt,gt,0.7332
tt,gu,0.6451
tt,gw,0.5111
tt,gy,0.5918
tt,hk,0.5791
tt,hm,0.6783
tt,hn,0.8213
tt,hr,0.6301
tt,ht,0.4954
tt,hu,0.6214
tt,id,0.7041
tt,ie,0.6731
tt,il,0.7533
tt,im,0.3263
tt,in,0.6376
tt,io,0.606
tt,iq,0.5516
tt,ir,0.6396
tt,is,0.6367
tt,it,0.6583
tt,je,0.7226
tt,jm,0.6138
tt,jo,0.5542
tt,jp,0.8058
tt,ke,0.5637
tt,kg,0.5951
tt,kh,0.5606
tt,ki,0.5705
tt,km,0.64
tt,kn,0.5004
tt,kp,0.572
tt,kr,0.7673
tt,kw,0.5733
tt,ky,0.6315
tt,kz,0.7672
tt,la,0.4898
tt,lb,0.5512
tt,lc,0.7902
tt,li,0.4649
tt,lk,0.5166
tt,lr,0.5739
tt,ls,0.6917
tt,lt,0.5635
tt,lu,0.6998
tt,lv,0.5968
tt,ly,0.5806
tt,ma,0.556
tt,mc,0.601
tt,md,0.5006
tt,me,0.5488
tt,mf,0.5819
tt,mg,0.645
tt,mh,0.6597
tt,mk,0.5465
tt,ml,0.5284
tt,mm,0.5976
tt,mn,0.5473
tt,mo,0.7008
tt,mp,0.6879
tt,mq,0.5833
tt,mr,0.614
tt,ms,0.6382
tt,mt,0.5908
tt,mu,0.5769
tt,mv,0.3834
tt,mw,0.4609
tt,mx,0.5584
tt,my,0.5832
tt,mz,0.5449
tt,na,0.5251
tt,nc,0.6057
tt,ne,0.6465
tt,nf,0.696
tt,ng,0.7393
tt,ni,0.7577
tt,nl,0.637
tt,no,0.5514
tt,np,0.473
tt,nr,0.6775
tt,nu,0.6666
tt,nz,0.6556
tt,om,0.4857
tt,pa,0.6845
tt,pe,0.4934
tt,pf,0.5493
tt,pg,0.4475
tt,ph,0.5265
tt,pk,0.6985
tt,pl,0.6021
tt,pm,0.6144
tt,pn,0.6157
tt,pr,0.6602
tt,ps,0.6274
tt,pt,0.5842
tt,pw,0.836
tt,py,0.6474
tt,qa,0.6368
tt,re,0.6603
tt,ro,0.5122
tt,rs,0.6246
tt,ru,0.6606
tt,rw,0.6794
tt,sa,0.6835
tt,sb,0.6245
tt,sc,0.5783
tt,sd,0.5627
tt,se,0.66
tt,sg,0.69
tt,sh,0.6393
tt,si,0.6948
tt,sj,0.5514
tt,sk,0.6378
tt,sl,0.7257
tt,sm,0.7438
tt,sn,0.5912
tt,so,0.7696
tt,sr,0.5739
tt,ss,0.6289
tt,st,0.6191
tt,sv,0.7262
tt,sx,0.5732
tt,sy,0.6489
tt,sz,0.536
tt,tc,0.6406
tt,td,0.508
tt,tf,0.675
tt,tg,0.5644
tt,th,0.5997
tt,tj,0.6756
tt,tk,0.6534
tt,tl,0.5591
tt,tm,0.6571
tt,tn,0.5907
tt,to,0.6074
tt,tr,0.5927
tt,tt,0.0
tt,tv,0.7319
tt,tw,0.581
tt,tz,0.6404
tt,ua,0.6849
tt,ug,0.5684
tt,um,0.5717
tt,us,0.5717
tt,uy,0.7263
tt,uz,0.6943
tt,va,0.738
tt,vc,0.6205
tt,ve,0.4986
tt,vg,0.6262
tt,vi,0.7355
tt,vn,0.6197
tt,vu,0.4777
tt,wf,0.3573
tt,ws,0.343
tt,xk,0.675
tt,ye,0.5707
tt,yt,0.7602
tt,za,0.5713
tt,zm,0.6414
tt,zw,0.5912
tv,ad,0.7
tv,ae,0.6468
tv,af,0.6254
tv,ag,0.7006
tv,ai,0.5359
tv,al,0.8752
tv,am,0.6858
tv,ao,0.7101
tv,aq,0.4269
tv,ar,0.59
tv,as,0.646
tv,at,0.7299
tv,au,0.5373
tv,aw,0.5545
tv,ax,0.6086
tv,az,0.6078
tv,ba,0.6217
tv,bb,0.6221
tv,bd,0.6281
tv,be,0.7427
tv,bf,0.6257
tv,bg,0.6695
tv,bh,0.7648
tv,bi,0.6347
tv,bj,0.7025
tv,bl,0.6914
tv,bm,0.677
tv,bn,0.7329
tv,bo,0.6426
tv,bq,0.5888
tv,br,0.6038
tv,bs,0.6015
tv,bt,0.7462
tv,bv,0.6661
tv,bw,0.5733
tv,by,0.6667
tv,bz,0.6067
tv,ca,0.8004
tv,cc,0.695
tv,cd,0.5911
tv,cf,0.6485
tv,cg,0.711
tv,ch,0.8526
tv,ci,0.6408
tv,ck,0.517
tv,cl,0.7356
tv,cm,0.6934
tv,cn,0.8343
tv,co,0.6958
tv,cr,0.6424
tv,cu,0.6045
tv,cv,0.5943
tv,cw,0.6117
tv,cx,0.5766
tv,cy,0.7474
tv,cz,0.7013
tv,de,0.7947
tv,dj,0.5641
tv,dk,0.737
tv,dm,0.6068
tv,do,0.6763
tv,dz,0.6614
tv,ec,0.6964
tv,ee,0.6541
tv,eg,0.6844
tv,eh,0.6349
tv,er,0.613
tv,es,0.7461
tv,et,0.6765
tv,fi,0.6518
tv,fj,0.4545
tv,fk,0.5104
tv,fm,0.5926
tv,fo,0.6598
tv,fr,0.6832
tv,ga,0.5922
tv,gb-eng,0.7253
tv,gb-nir,0.7339
tv,gb-sct,0.5723
tv,gb-wls,0.6023
tv,gb,0.603
tv,gd,0.6634
tv,ge,0.7538
tv,gf,0.7074
tv,gg,0.7309
tv,gh,0.651
tv,gi,0.7534
tv,gl,0.7214
tv,gm,0.5846
tv,gn,0.6501
tv,gp,0.67
tv,gq,0.6739
tv,gr,0.5558
tv,gs,0.5135
tv,gt,0.564
tv,gu,0.5948
tv,gw,0.6512
tv,gy,0.5885
tv,hk,0.8044
tv,hm,0.5602
tv,hn,0.5886
tv,hr,0.6535
tv,ht,0.6573
tv,hu,0.6196
tv,id,0.7705
tv,ie,0.6629
tv,il,0.6292
tv,im,0.7791
tv,in,0.6257
tv,io,0.48
tv,iq,0.6769
tv,ir,0.6923
tv,is,0.5624
tv,it,0.6648
tv,je,0.7233
tv,jm,0.6592
tv,jo,0.6385
tv,jp,0.7507
tv,ke,0.6711
tv,kg,0.8912
tv,kh,0.623
tv,ki,0.6311
tv,km,0.6197
tv,kn,0.6883
tv,kp,0.6545
tv,kr,0.6869
tv,kw,0.6765
tv,ky,0.5208
tv,kz,0.522
tv,la,0.6604
tv,lb,0.7046
tv,lc,0.6026
tv,li,0.6854
tv,lk,0.6672
tv,lr,0.6586
tv,ls,0.5898
tv,lt,0.6655
tv,lu,0.595
tv,lv,0.7026
tv,ly,0.6771
tv,ma,0.7587
tv,mc,0.7171
tv,md,0.6774
tv,me,0.8238
tv,mf,0.6832
tv,mg,0.66
tv,mh,0.5851
tv,mk,0.7394
tv,ml,0.7086
tv,mm,0.6927
tv,mn,0.6569
tv,mo,0.5884
tv,mp,0.5606
tv,mq,0.6263
tv,mr,0.6407
tv,ms,0.5112
tv,mt,0.7453
tv,mu,0.6325
tv,mv,0.6869
tv,mw,0.6549
tv,mx,0.6621
tv,my,0.6793
tv,mz,0.6678
tv,na,0.5907
tv,nc,0.597
tv,ne,0.6452
tv,nf,0.6031
tv,ng,0.6146
tv,ni,0.5834
tv,nl,0.6054
tv,no,0.6661
tv,np,0.5774
tv,nr,0.6342
tv,nu,0.7874
tv,nz,0.5433
tv,om,0.6766
tv,pa,0.6809
tv,pe,0.7498
tv,pf,0.7069
tv,pg,0.723
tv,ph,0.6627
tv,pk,0.6512
tv,pl,0.7533
tv,pm,0.4727
tv,pn,0.5063
tv,pr,0.727
tv,ps,0.6373
tv,pt,0.8024
tv,pw,0.6063
tv,py,0.6074
tv,qa,0.7004
tv,re,0.6345
tv,ro,0.6986
tv,rs,0.6037
tv,ru,0.6635
tv,rw,0.613
tv,sa,0.6372
tv,sb,0.5668
tv,sc,0.642
tv,sd,0.665
tv,se,0.6089
tv,sg,0.7095
tv,sh,0.5334
tv,si,0.7299
tv,sj,0.6661
tv,sk,0.6649
tv,sl,0.5669
tv,sm,0.5746
tv,sn,0.6995
tv,so,0.5665
tv,sr,0.627
tv,ss,0.6073
tv,st,0.6558
tv,sv,0.5889
tv,sx,0.6227
tv,sy,0.6535
tv,sz,0.5992
tv,tc,0.5373
tv,td,0.7085
tv,tf,0.5397
tv,tg,0.6361
tv,th,0.6259
tv,tj,0.681
tv,tk,0.6585
tv,tl,0.7709
tv,tm,0.5929
tv,tn,0.8341
tv,to,0.8263
tv,tr,0.834
tv,tt,0.7319
tv,tv,0.0
tv,tw,0.8735
tv,tz,0.5926
tv,ua,0.7197
tv,ug,0.7467
tv,um,0.6189
tv,us,0.6189
tv,uy,0.5888
tv,uz,0.585
tv,va,0.7437
tv,vc,0.63
tv,ve,0.6791
tv,vg,0.5135
tv,vi,0.6614
tv,vn,0.9086
tv,vu,0.6277
tv,wf,0.766
tv,ws,0.766
tv,xk,0.5686
tv,ye,0.6903
tv,yt,0.685
tv,za,0.5907
tv,zm,0.6981
tv,zw,0.6997
tw,ad,0.5741
tw,ae,0.7218
tw,af,0.6492
tw,ag,0.6152
tw,ai,0.7504
tw,al,0.3522
tw,am,0.6178
tw,ao,0.6471
tw,aq,0.8932
tw,ar,0.8402
tw,as,0.7307
tw,at,0.694
tw,au,0.7565
tw,aw,0.7963
tw,ax,0.7241
tw,az,0.6795
tw,ba,0.7301
tw,bb,0.7156
tw,bd,0.734
tw,be,0.6199
tw,bf,0.7283
tw,bg,0.7189
tw,bh,0.6634
tw,bi,0.7033
tw,bj,0.6153
tw,bl,0.8583
tw,bm,0.5463
tw,bn,0.7073
tw,bo,0.6796
tw,bq,0.8293
tw,br,0.7388
tw,bs,0.7271
tw,bt,0.671
tw,bv,0.5981
tw,bw,0.7883
tw,by,0.6379
tw,bz,0.648
tw,ca,0.5644
tw,cc,0.7966
tw,cd,0.769
tw,cf,0.6701
tw,cg,0.5965
tw,ch,0.4797
tw,ci,0.8102
tw,ck,0.7409
tw,cl,0.6511
tw,cm,0.6051
tw,cn,0.6094
tw,co,0.696
tw,cr,0.6901
tw,cu,0.7502
tw,cv,0.7372
tw,cw,0.7336
tw,cx,0.7261
tw,cy,0.9126
tw,cz,0.6846
tw,de,0.5981
tw,dj,0.8142
tw,dk,0.6499
tw,dm,0.7053
tw,do,0.6631
tw,dz,0.7979
tw,ec,0.6884
tw,ee,0.7786
tw,eg,0.7275
tw,eh,0.7303
tw,er,0.6617
tw,es,0.5916
tw,et,0.6071
tw,fi,0.8343
tw,fj,0.7968
tw,fk,0.7355
tw,fm,0.8571
tw,fo,0.8131
tw,fr,0.6906
tw,ga,0.7375
tw,gb-eng,0.824
tw,gb-nir,0.8334
tw,gb-sct,0.8277
tw,gb-wls,0.732
tw,gb,0.6527
tw,gd,0.6059
tw,ge,0.731
tw,gf,0.7364
tw,gg,0.7964
tw,gh,0.673
tw,gi,0.7288
tw,gl,0.7416
tw,gm,0.6444
tw,gn,0.7019
tw,gp,0.6553
tw,gq,0.6693
tw,gr,0.8015
tw,gs,0.7206
tw,gt,0.8331
tw,gu,0.7171
tw,gw,0.6974
tw,gy,0.6838
tw,hk,0.6177
tw,hm,0.7439
tw,hn,0.9284
tw,hr,0.6763
tw,ht,0.5929
tw,hu,0.7279
tw,id,0.7177
tw,ie,0.7306
tw,il,0.8556
tw,im,0.6034
tw,in,0.7592
tw,io,0.7184
tw,iq,0.7267
tw,ir,0.6873
tw,is,0.7474
tw,it,0.715
tw,je,0.8371
tw,jm,0.6691
tw,jo,0.7177
tw,jp,0.8832
tw,ke,0.6393
tw,kg,0.3692
tw,kh,0.6526
tw,ki,0.68
tw,km,0.7209
tw,kn,0.5949
tw,kp,0.6271
tw,kr,0.8801
tw,kw,0.6737
tw,ky,0.7318
tw,kz,0.8673
tw,la,0.6365
tw,lb,0.7188
tw,lc,0.8817
tw,li,0.5656
tw,lk,0.5687
tw,lr,0.6478
tw,ls,0.7787
tw,lt,0.6351
tw,lu,0.8337
tw,lv,0.6602
tw,ly,0.6382
tw,ma,0.6013
tw,mc,0.7849
tw,md,0.594
tw,me,0.3819
tw,mf,0.6906
tw,mg,0.7425
tw,mh,0.7309
tw,mk,0.5874
tw,ml,0.6294
tw,mm,0.6649
tw,mn,0.6243
tw,mo,0.7788
tw,mp,0.7689
tw,mq,0.6785
tw,mr,0.6784
tw,ms,0.7418
tw,mt,0.7207
tw,mu,0.6502
tw,mv,0.6132
tw,mw,0.6233
tw,mx,0.6744
tw,my,0.609
tw,mz,0.6408
tw,na,0.6325
tw,nc,0.6787
tw,ne,0.7623
tw,nf,0.7918
tw,ng,0.831
tw,ni,0.8587
tw,nl,0.75
tw,no,0.5981
tw,np,0.6103
tw,nr,0.7486
tw,nu,0.6838
tw,nz,0.7557
tw,om,0.6942
tw,pa,0.7531
tw,pe,0.6966
tw,pf,0.7094
tw,pg,0.6118
tw,ph,0.654
tw,pk,0.7792
tw,pl,0.7309
tw,pm,0.7085
tw,pn,0.717
tw,pr,0.5994
tw,ps,0.7516
tw,pt,0.4252
tw,pw,0.929
tw,py,0.7739
tw,qa,0.6857
tw,re,0.65
tw,ro,0.6023
tw,rs,0.724
tw,ru,0.7106
tw,rw,0.7161
tw,sa,0.7557
tw,sb,0.6793
tw,sc,0.6496
tw,sd,0.7016
tw,se,0.7565
tw,sg,0.7861
tw,sh,0.7442
tw,si,0.6772
tw,sj,0.5981
tw,sk,0.7037
tw,sl,0.8419
tw,sm,0.8579
tw,sn,0.6315
tw,so,0.8584
tw,sr,0.64
tw,ss,0.703
tw,st,0.7121
tw,sv,0.8261
tw,sx,0.6912
tw,sy,0.7444
tw,sz,0.6159
tw,tc,0.7454
tw,td,0.6003
tw,tf,0.7664
tw,tg,0.6829
tw,th,0.6647
tw,tj,0.7715
tw,tk,0.6744
tw,tl,0.5737
tw,tm,0.7493
tw,tn,0.3855
tw,to,0.6066
tw,tr,0.3459
tw,tt,0.581
tw,tv,0.8735
tw,tw,0.0
tw,tz,0.7517
tw,ua,0.688
tw,ug,0.6127
tw,um,0.6287
tw,us,0.6287
tw,uy,0.8394
tw,uz,0.7777
tw,va,0.848
tw,vc,0.6866
tw,ve,0.6347
tw,vg,0.7257
tw,vi,0.8333
tw,vn,0.3768
tw,vu,0.6523
tw,wf,0.5589
tw,ws,0.494
tw,xk,0.7434
tw,ye,0.7404
tw,yt,0.8549
tw,za,0.6702
tw,zm,0.6964
tw,zw,0.6473
tz,ad,0.6475
tz,ae,0.6207
tz,af,0.5085
tz,ag,0.6101
tz,ai,0.5725
tz,al,0.7746
tz,am,0.633
tz,ao,0.5916
tz,aq,0.673
tz,ar,0.6887
tz,as,0.6619
tz,at,0.7362
tz,au,0.5841
tz,aw,0.6267
tz,ax,0.5721
tz,az,0.5949
tz,ba,0.5849
tz,bb,0.5726
tz,bd,0.5513
tz,be,0.6197
tz,bf,0.5953
tz,bg,0.6924
tz,bh,0.7573
tz,bi,0.6787
tz,bj,0.627
tz,bl,0.7698
tz,bm,0.6442
tz,bn,0.6825
tz,bo,0.5767
tz,bq,0.661
tz,br,0.5233
tz,bs,0.5307
tz,bt,0.7132
tz,bv,0.6281
tz,bw,0.6135
tz,by,0.6029
tz,bz,0.5951
tz,ca,0.765
tz,cc,0.5824
tz,cd,0.5509
tz,cf,0.6325
tz,cg,0.6495
tz,ch,0.8183
tz,ci,0.6578
tz,ck,0.5589
tz,cl,0.74
tz,cm,0.625
tz,cn,0.7599
tz,co,0.6373
tz,cr,0.6588
tz,cu,0.6249
tz,cv,0.5903
tz,cw,0.5847
tz,cx,0.4695
tz,cy,0.8275
tz,cz,0.7354
tz,de,0.6497
tz,dj,0.6429
tz,dk,0.7171
tz,dm,0.5093
tz,do,0.6042
tz,dz,0.6532
tz,ec,0.6381
tz,ee,0.6271
tz,eg,0.6491
tz,eh,0.5653
tz,er,0.5298
tz,es,0.6514
tz,et,0.5863
tz,fi,0.7284
tz,fj,0.6054
tz,fk,0.5598
tz,fm,0.6845
tz,fo,0.7408
tz,fr,0.681
tz,ga,0.5455
tz,gb-eng,0.8022
tz,gb-nir,0.8164
tz,gb-sct,0.7118
tz,gb-wls,0.6056
tz,gb,0.6366
tz,gd,0.6018
tz,ge,0.7973
tz,gf,0.6224
tz,gg,0.7946
tz,gh,0.5814
tz,gi,0.7661
tz,gl,0.7908
tz,gm,0.5666
tz,gn,0.5965
tz,gp,0.5422
tz,gq,0.6412
tz,gr,0.6479
tz,gs,0.5456
tz,gt,0.6551
tz,gu,0.5735
tz,gw,0.5883
tz,gy,0.5374
tz,hk,0.7653
tz,hm,0.6173
tz,hn,0.6926
tz,hr,0.656
tz,ht,0.634
tz,hu,0.649
tz,id,0.7834
tz,ie,0.6801
tz,il,0.7179
tz,im,0.7265
tz,in,0.6379
tz,io,0.5843
tz,iq,0.6412
tz,ir,0.674
tz,is,0.5788
tz,it,0.6592
tz,je,0.7638
tz,jm,0.5721
tz,jo,0.5635
tz,jp,0.8157
tz,ke,0.5417
tz,kg,0.8053
tz,kh,0.6086
tz,ki,0.6139
tz,km,0.5964
tz,kn,0.4762
tz,kp,0.6307
tz,kr,0.7572
tz,kw,0.6295
tz,ky,0.5517
tz,kz,0.505
tz,la,0.6398
tz,lb,0.7197
tz,lc,0.6934
tz,li,0.6191
tz,lk,0.583
tz,lr,0.6697
tz,ls,0.6208
tz,lt,0.5857
tz,lu,0.6465
tz,lv,0.6728
tz,ly,0.5411
tz,ma,0.6864
tz,mc,0.7448
tz,md,0.6195
tz,me,0.7289
tz,mf,0.681
tz,mg,0.6739
tz,mh,0.5761
tz,mk,0.6797
tz,ml,0.59
tz,mm,0.6515
tz,mn,0.621
tz,mo,0.5692
tz,mp,0.5781
tz,mq,0.554
tz,mr,0.5695
tz,ms,0.5555
tz,mt,0.7815
tz,mu,0.5747
tz,mv,0.6377
tz,mw,0.5259
tz,mx,0.6338
tz,my,0.6479
tz,mz,0.5869
tz,na,0.5072
tz,nc,0.5529
tz,ne,0.5989
tz,nf,0.5913
tz,ng,0.6322
tz,ni,0.6594
tz,nl,0.6351
tz,no,0.6281
tz,np,0.558
tz,nr,0.5999
tz,nu,0.7514
tz,nz,0.5739
tz,om,0.6753
tz,pa,0.6492
tz,pe,0.7526
tz,pf,0.7213
tz,pg,0.5943
tz,ph,0.6637
tz,pk,0.6445
tz,pl,0.7933
tz,pm,0.5066
tz,pn,0.5357
tz,pr,0.7381
tz,ps,0.5852
tz,pt,0.683
tz,pw,0.6583
tz,py,0.6379
tz,qa,0.7055
tz,re,0.6652
tz,ro,0.6356
tz,rs,0.6223
tz,ru,0.7002
tz,rw,0.591
tz,sa,0.5576
tz,sb,0.5635
tz,sc,0.5504
tz,sd,0.6213
tz,se,0.5704
tz,sg,0.7485
tz,sh,0.5627
tz,si,0.7729
tz,sj,0.6281
tz,sk,0.7024
tz,sl,0.5755
tz,sm,0.6876
tz,sn,0.6169
tz,so,0.6611
tz,sr,0.5901
tz,ss,0.5345
tz,st,0.5756
tz,sv,0.6402
tz,sx,0.5881
tz,sy,0.5893
tz,sz,0.5642
tz,tc,0.5655
tz,td,0.63
tz,tf,0.5734
tz,tg,0.5909
tz,th,0.6298
tz,tj,0.6943
tz,tk,0.6093
tz,tl,0.6784
tz,tm,0.5236
tz,tn,0.7837
tz,to,0.7321
tz,tr,0.7668
tz,tt,0.6404
tz,tv,0.5926
tz,tw,0.7517
tz,tz,0.0
tz,ua,0.686
tz,ug,0.6459
tz,um,0.625
tz,us,0.625
tz,uy,0.683
tz,uz,0.655
tz,va,0.7441
tz,vc,0.5679
tz,ve,0.62
tz,vg,0.5451
tz,vi,0.7289
tz,vn,0.8264
tz,vu,0.5135
tz,wf,0.692
tz,ws,0.6581
tz,xk,0.5795
tz,ye,0.6664
tz,yt,0.7683
tz,za,0.514
tz,zm,0.5687
tz,zw,0.6101
ua,ad,0.634
ua,ae,0.6815
ua,af,0.64
ua,ag,0.628
ua,ai,0.7335
ua,al,0.7712
ua,am,0.6213
ua,ao,0.7821
ua,aq,0.7208
ua,ar,0.6873
ua,as,0.6959
ua,at,0.714
ua,au,0.7348
ua,aw,0.6251
ua,ax,0.6317
ua,az,0.5492
ua,ba,0.7117
ua,bb,0.6757
ua,bd,0.6779
ua,be,0.6755
ua,bf,0.7522
ua,bg,0.666
ua,bh,0.7115
ua,bi,0.6413
ua,bj,0.6433
ua,bl,0.7307
ua,bm,0.6419
ua,bn,0.6886
ua,bo,0.6961
ua,bq,0.7583
ua,br,0.6206
ua,bs,0.6598
ua,bt,0.6072
ua,bv,0.658
ua,bw,0.674
ua,by,0.7086
ua,bz,0.6694
ua,ca,0.744
ua,cc,0.7221
ua,cd,0.7083
ua,cf,0.5299
ua,cg,0.5952
ua,ch,0.7736
ua,ci,0.6717
ua,ck,0.7171
ua,cl,0.6383
ua,cm,0.5914
ua,cn,0.754
ua,co,0.7434
ua,cr,0.6797
ua,cu,0.6842
ua,cv,0.6193
ua,cw,0.6552
ua,cx,0.6766
ua,cy,0.7873
ua,cz,0.6884
ua,de,0.5285
ua,dj,0.6371
ua,dk,0.7066
ua,dm,0.643
ua,do,0.673
ua,dz,0.7018
ua,ec,0.6932
ua,ee,0.6216
ua,eg,0.7625
ua,eh,0.6708
ua,er,0.6681
ua,es,0.6587
ua,et,0.524
ua,fi,0.7296
ua,fj,0.6639
ua,fk,0.7061
ua,fm,0.7086
ua,fo,0.7017
ua,fr,0.6919
ua,ga,0.5893
ua,gb-eng,0.7476
ua,gb-nir,0.7514
ua,gb-sct,0.6442
ua,gb-wls,0.6889
ua,gb,0.6374
ua,gd,0.5845
ua,ge,0.7439
ua,gf,0.4956
ua,gg,0.7258
ua,gh,0.6666
ua,gi,0.723
ua,gl,0.7231
ua,gm,0.665
ua,gn,0.5935
ua,gp,0.6201
ua,gq,0.6208
ua,gr,0.6171
ua,gs,0.701
ua,gt,0.6791
ua,gu,0.691
ua,gw,0.6998
ua,gy,0.5895
ua,hk,0.7323
ua,hm,0.7785
ua,hn,0.7361
ua,hr,0.7908
ua,ht,0.5405
ua,hu,0.6915
ua,id,0.794
ua,ie,0.6577
ua,il,0.7197
ua,im,0.7268
ua,in,0.746
ua,io,0.6264
ua,iq,0.7615
ua,ir,0.6157
ua,is,0.6632
ua,it,0.6663
ua,je,0.7429
ua,jm,0.655
ua,jo,0.6712
ua,jp,0.7824
ua,ke,0.6545
ua,kg,0.782
ua,kh,0.6745
ua,ki,0.707
ua,km,0.7057
ua,kn,0.6078
ua,kp,0.6198
ua,kr,0.7487
ua,kw,0.6197
ua,ky,0.7103
ua,kz,0.6899
ua,la,0.6761
ua,lb,0.6997
ua,lc,0.6949
ua,li,0.5512
ua,lk,0.5928
ua,lr,0.6295
ua,ls,0.6478
ua,lt,0.6815
ua,lu,0.789
ua,lv,0.6864
ua,ly,0.7328
ua,ma,0.7046
ua,mc,0.7319
ua,md,0.5691
ua,me,0.7118
ua,mf,0.6919
ua,mg,0.7456
ua,mh,0.6994
ua,mk,0.6525
ua,ml,0.5901
ua,mm,0.6387
ua,mn,0.6521
ua,mo,0.6686
ua,mp,0.6925
ua,mq,0.6461
ua,mr,0.6262
ua,ms,0.7113
ua,mt,0.7235
ua,mu,0.5429
ua,mv,0.6686
ua,mw,0.6277
ua,mx,0.6615
ua,my,0.612
ua,mz,0.5162
ua,na,0.6103
ua,nc,0.5876
ua,ne,0.722
ua,nf,0.6693
ua,ng,0.6898
ua,ni,0.7189
ua,nl,0.7318
ua,no,0.658
ua,np,0.5958
ua,nr,0.717
ua,nu,0.5159
ua,nz,0.7399
ua,om,0.7141
ua,pa,0.7576
ua,pe,0.7235
ua,pf,0.7043
ua,pg,0.7478
ua,ph,0.5526
ua,pk,0.6969
ua,pl,0.7353
ua,pm,0.5897
ua,pn,0.6994
ua,pr,0.7218
ua,ps,0.669
ua,pt,0.7107
ua,pw,0.7565
ua,py,0.7786
ua,qa,0.6979
ua,re,0.6298
ua,ro,0.6118
ua,rs,0.6462
ua,ru,0.6828
ua,rw,0.4587
ua,sa,0.7008
ua,sb,0.5435
ua,sc,0.6503
ua,sd,0.7384
ua,se,0.6306
ua,sg,0.7328
ua,sh,0.7305
ua,si,0.7334
ua,sj,0.658
ua,sk,0.6464
ua,sl,0.7259
ua,sm,0.7574
ua,sn,0.6385
ua,so,0.7189
ua,sr,0.6196
ua,ss,0.6528
ua,st,0.6066
ua,sv,0.6281
ua,sx,0.7437
ua,sy,0.6912
ua,sz,0.6099
ua,tc,0.7294
ua,td,0.6157
ua,tf,0.7066
ua,tg,0.5987
ua,th,0.6496
ua,tj,0.7446
ua,tk,0.5874
ua,tl,0.6953
ua,tm,0.6512
ua,tn,0.7603
ua,to,0.7476
ua,tr,0.7549
ua,tt,0.6849
ua,tv,0.7197
ua,tw,0.688
ua,tz,0.686
ua,ua,0.0
ua,ug,0.6378
ua,um,0.5845
ua,us,0.5845
ua,uy,0.7007
ua,uz,0.6139
ua,va,0.7099
ua,vc,0.6314
ua,ve,0.67
ua,vg,0.7021
ua,vi,0.7035
ua,vn,0.8012
ua,vu,0.691
ua,wf,0.6934
ua,ws,0.6361
ua,xk,0.6682
ua,ye,0.7715
ua,yt,0.7228
ua,za,0.6981
ua,zm,0.6628
ua,zw,0.6273
ug,ad,0.5584
ug,ae,0.6374
ug,af,0.5156
ug,ag,0.5009
ug,ai,0.6734
ug,al,0.6135
ug,am,0.5081
ug,ao,0.5382
ug,aq,0.8055
ug,ar,0.8001
ug,as,0.6705
ug,at,0.6878
ug,au,0.6659
ug,aw,0.7184
ug,ax,0.642
ug,az,0.619
ug,ba,0.6636
ug,bb,0.6463
ug,bd,0.6429
ug,be,0.532
ug,bf,0.6063
ug,bg,0.6689
ug,bh,0.6723
ug,bi,0.605
ug,bj,0.5577
ug,bl,0.8211
ug,bm,0.5614
ug,bn,0.6405
ug,bo,0.6253
ug,bq,0.7393
ug,br,0.6144
ug,bs,0.6466
ug,bt,0.5341
ug,bv,0.5882
ug,bw,0.7153
ug,by,0.5968
ug,bz,0.6224
ug,ca,0.6812
ug,cc,0.6516
ug,cd,0.7384
ug,cf,0.5505
ug,cg,0.5476
ug,ch,0.6273
ug,ci,0.6627
ug,ck,0.648
ug,cl,0.6614
ug,cm,0.5513
ug,cn,0.6106
ug,co,0.5191
ug,cr,0.573
ug,cu,0.6104
ug,cv,0.7151
ug,cw,0.6761
ug,cx,0.6264
ug,cy,0.8709
ug,cz,0.6585
ug,de,0.431
ug,dj,0.7203
ug,dk,0.6413
ug,dm,0.6183
ug,do,0.6621
ug,dz,0.7417
ug,ec,0.5184
ug,ee,0.6685
ug,eg,0.6961
ug,eh,0.6219
ug,er,0.5856
ug,es,0.5137
ug,et,0.5128
ug,fi,0.7611
ug,fj,0.6986
ug,fk,0.649
ug,fm,0.7937
ug,fo,0.7492
ug,fr,0.644
ug,ga,0.6392
ug,gb-eng,0.7831
ug,gb-nir,0.7636
ug,gb-sct,0.7526
ug,gb-wls,0.6812
ug,gb,0.6288
ug,gd,0.467
ug,ge,0.7596
ug,gf,0.5538
ug,gg,0.7431
ug,gh,0.6102
ug,gi,0.7405
ug,gl,0.7185
ug,gm,0.5902
ug,gn,0.5413
ug,gp,0.5411
ug,gq,0.6176
ug,gr,0.7474
ug,gs,0.6344
ug,gt,0.7588
ug,gu,0.661
ug,gw,0.5482
ug,gy,0.5691
ug,hk,0.5945
ug,hm,0.6999
ug,hn,0.8673
ug,hr,0.7379
ug,ht,0.5995
ug,hu,0.6852
ug,id,0.7365
ug,ie,0.6635
ug,il,0.8318
ug,im,0.5931
ug,in,0.7105
ug,io,0.6383
ug,iq,0.6875
ug,ir,0.6217
ug,is,0.6957
ug,it,0.6471
ug,je,0.8029
ug,jm,0.5385
ug,jo,0.6164
ug,jp,0.8658
ug,ke,0.5288
ug,kg,0.606
ug,kh,0.6124
ug,ki,0.5562
ug,km,0.645
ug,kn,0.5249
ug,kp,0.5777
ug,kr,0.8403
ug,kw,0.6053
ug,ky,0.6428
ug,kz,0.7721
ug,la,0.5771
ug,lb,0.68
ug,lc,0.8227
ug,li,0.5865
ug,lk,0.5358
ug,lr,0.6312
ug,ls,0.7441
ug,lt,0.5379
ug,lu,0.7817
ug,lv,0.638
ug,ly,0.5826
ug,ma,0.5862
ug,mc,0.7233
ug,md,0.5671
ug,me,0.5555
ug,mf,0.644
ug,mg,0.6898
ug,mh,0.6828
ug,mk,0.5558
ug,ml,0.5326
ug,mm,0.5126
ug,mn,0.5837
ug,mo,0.6751
ug,mp,0.6971
ug,mq,0.5819
ug,mr,0.5679
ug,ms,0.656
ug,mt,0.7153
ug,mu,0.6226
ug,mv,0.5663
ug,mw,0.5246
ug,mx,0.6295
ug,my,0.5853
ug,mz,0.5066
ug,na,0.5807
ug,nc,0.6064
ug,ne,0.7085
ug,nf,0.6926
ug,ng,0.712
ug,ni,0.826
ug,nl,0.7145
ug,no,0.5882
ug,np,0.5261
ug,nr,0.7048
ug,nu,0.578
ug,nz,0.6707
ug,om,0.645
ug,pa,0.7058
ug,pe,0.642
ug,pf,0.6706
ug,pg,0.5595
ug,ph,0.6404
ug,pk,0.6845
ug,pl,0.7295
ug,pm,0.6242
ug,pn,0.6273
ug,pr,0.6545
ug,ps,0.6412
ug,pt,0.5678
ug,pw,0.8443
ug,py,0.7431
ug,qa,0.6811
ug,re,0.6865
ug,ro,0.5438
ug,rs,0.6215
ug,ru,0.6688
ug,rw,0.6836
ug,sa,0.6526
ug,sb,0.6292
ug,sc,0.6212
ug,sd,0.6522
ug,se,0.6682
ug,sg,0.7258
ug,sh,0.6634
ug,si,0.7171
ug,sj,0.5882
ug,sk,0.6518
ug,sl,0.7642
ug,sm,0.7887
ug,sn,0.5704
ug,so,0.7938
ug,sr,0.5111
ug,ss,0.6198
ug,st,0.5832
ug,sv,0.8045
ug,sx,0.6289
ug,sy,0.6799
ug,sz,0.512
ug,tc,0.6602
ug,td,0.5354
ug,tf,0.6961
ug,tg,0.5083
ug,th,0.5236
ug,tj,0.6988
ug,tk,0.5962
ug,tl,0.5566
ug,tm,0.6328
ug,tn,0.6069
ug,to,0.5806
ug,tr,0.6113
ug,tt,0.5684
ug,tv,0.7467
ug,tw,0.6127
ug,tz,0.6459
ug,ua,0.6378
ug,ug,0.0
ug,um,0.6064
ug,us,0.6064
ug,uy,0.7539
ug,uz,0.7426
ug,va,0.7242
ug,vc,0.5909
ug,ve,0.5158
ug,vg,0.6359
ug,vi,0.7816
ug,vn,0.6276
ug,vu,0.5634
ug,wf,0.5994
ug,ws,0.5858
ug,xk,0.6943
ug,ye,0.7015
ug,yt,0.819
ug,za,0.6167
ug,zm,0.5904
ug,zw,0.4717
um,ad,0.5335
um,ae,0.6035
um,af,0.57
um,ag,0.5619
um,ai,0.635
um,al,0.6924
um,am,0.5662
um,ao,0.6747
um,aq,0.5942
um,ar,0.542
um,as,0.5547
um,at,0.5685
um,au,0.6511
um,aw,0.5698
um,ax,0.5777
um,az,0.5472
um,ba,0.6047
um,bb,0.5916
um,bd,0.6358
um,be,0.5568
um,bf,0.6208
um,bg,0.5766
um,bh,0.5932
um,bi,0.505
um,bj,0.5285
um,bl,0.5707
um,bm,0.5289
um,bn,0.588
um,bo,0.588
um,bq,0.6193
um,br,0.6112
um,bs,0.5965
um,bt,0.5452
um,bv,0.504
um,bw,0.5743
um,by,0.5987
um,bz,0.5588
um,ca,0.6072
um,cc,0.7339
um,cd,0.6026
um,cf,0.5355
um,cg,0.5056
um,ch,0.6379
um,ci,0.5879
um,ck,0.6284
um,cl,0.5139
um,cm,0.5242
um,cn,0.6438
um,co,0.6066
um,cr,0.5472
um,cu,0.5684
um,cv,0.5642
um,cw,0.6289
um,cx,0.6027
um,cy,0.6122
um,cz,0.5349
um,de,0.6193
um,dj,0.5868
um,dk,0.5762
um,dm,0.568
um,do,0.4987
um,dz,0.5391
um,ec,0.587
um,ee,0.5961
um,eg,0.6234
um,eh,0.6023
um,er,0.5492
um,es,0.5602
um,et,0.5453
um,fi,0.5867
um,fj,0.5194
um,fk,0.6138
um,fm,0.5967
um,fo,0.5505
um,fr,0.5283
um,ga,0.5546
um,gb-eng,0.5942
um,gb-nir,0.5976
um,gb-sct,0.5704
um,gb-wls,0.5707
um,gb,0.5091
um,gd,0.5316
um,ge,0.5948
um,gf,0.6377
um,gg,0.5845
um,gh,0.5941
um,gi,0.5999
um,gl,0.5673
um,gm,0.572
um,gn,0.5823
um,gp,0.6372
um,gq,0.5248
um,gr,0.5296
um,gs,0.6204
um,gt,0.5351
um,gu,0.6099
um,gw,0.5835
um,gy,0.5384
um,hk,0.6057
um,hm,0.685
um,hn,0.6358
um,hr,0.5843
um,ht,0.5298
um,hu,0.5286
um,id,0.5926
um,ie,0.4893
um,il,0.5802
um,im,0.6186
um,in,0.5783
um,io,0.5231
um,iq,0.6243
um,ir,0.5325
um,is,0.5527
um,it,0.5131
um,je,0.5707
um,jm,0.6192
um,jo,0.6022
um,jp,0.6198
um,ke,0.6352
um,kg,0.682
um,kh,0.579
um,ki,0.4583
um,km,0.5297
um,kn,0.5835
um,kp,0.5702
um,kr,0.5799
um,kw,0.5499
um,ky,0.6243
um,kz,0.6305
um,la,0.565
um,lb,0.5301
um,lc,0.6173
um,li,0.5701
um,lk,0.5151
um,lr,0.4524
um,ls,0.5908
um,lt,0.5679
um,lu,0.5778
um,lv,0.5496
um,ly,0.6732
um,ma,0.6093
um,mc,0.5485
um,md,0.5288
um,me,0.6396
um,mf,0.5283
um,mg,0.5988
um,mh,0.5908
um,mk,0.5497
um,ml,0.5431
um,mm,0.5385
um,mn,0.5671
um,mo,0.6219
um,mp,0.6076
um,mq,0.6291
um,mr,0.5761
um,ms,0.6306
um,mt,0.5888
um,mu,0.5486
um,mv,0.5819
um,mw,0.5848
um,mx,0.5136
um,my,0.4997
um,mz,0.5872
um,na,0.5327
um,nc,0.5724
um,ne,0.5903
um,nf,0.5961
um,ng,0.5973
um,ni,0.6093
um,nl,0.5476
um,no,0.504
um,np,0.5075
um,nr,0.6645
um,nu,0.5994
um,nz,0.6592
um,om,0.5735
um,pa,0.5965
um,pe,0.5735
um,pf,0.5183
um,pg,0.6307
um,ph,0.5723
um,pk,0.6633
um,pl,0.592
um,pm,0.5282
um,pn,0.6143
um,pr,0.5528
um,ps,0.6058
um,pt,0.6093
um,pw,0.6867
um,py,0.5739
um,qa,0.6035
um,re,0.5636
um,ro,0.5297
um,rs,0.493
um,ru,0.5737
um,rw,0.5714
um,sa,0.6754
um,sb,0.5779
um,sc,0.4955
um,sd,0.5963
um,se,0.6124
um,sg,0.5335
um,sh,0.6425
um,si,0.6213
um,sj,0.504
um,sk,0.559
um,sl,0.5801
um,sm,0.5632
um,sn,0.5316
um,so,0.6144
um,sr,0.4926
um,ss,0.5978
um,st,0.6103
um,sv,0.6068
um,sx,0.5832
um,sy,0.6243
um,sz,0.5267
um,tc,0.6407
um,td,0.5405
um,tf,0.6066
um,tg,0.5936
um,th,0.52
um,tj,0.6094
um,tk,0.5894
um,tl,0.5926
um,tm,0.6428
um,tn,0.6379
um,to,0.6805
um,tr,0.6464
um,tt,0.5717
um,tv,0.6189
um,tw,0.6287
um,tz,0.625
um,ua,0.5845
um,ug,0.6064
um,um,0.0
um,us,0.0
um,uy,0.5675
um,uz,0.5406
um,va,0.5887
um,vc,0.5642
um,ve,0.5717
um,vg,0.6204
um,vi,0.5336
um,vn,0.7037
um,vu,0.6044
um,wf,0.5903
um,ws,0.5613
um,xk,0.5901
um,ye,0.6287
um,yt,0.5586
um,za,0.5617
um,zm,0.6568
um,zw,0.6004
us,ad,0.5335
us,ae,0.6035
us,af,0.57
us,ag,0.5619
us,ai,0.635
us,al,0.6924
us,am,0.5662
us,ao,0.6747
us,aq,0.5942
us,ar,0.542
us,as,0.5547
us,at,0.5685
us,au,0.6511
us,aw,0.5698
us,ax,0.5777
us,az,0.5472
us,ba,0.6047
us,bb,0.5916
us,bd,0.6358
us,be,0.5568
us,bf,0.6208
us,bg,0.5766
us,bh,0.5932
us,bi,0.505
us,bj,0.5285
us,bl,0.5707
us,bm,0.5289
us,bn,0.588
us,bo,0.588
us,bq,0.6193
us,br,0.6112
us,bs,0.5965
us,bt,0.5452
us,bv,0.504
us,bw,0.5743
us,by,0.5987
us,bz,0.5588
us,ca,0.6072
us,cc,0.7339
us,cd,0.6026
us,cf,0.5355
us,cg,0.5056
us,ch,0.6379
us,ci,0.5879
us,ck,0.6284
us,cl,0.5139
us,cm,0.5242
us,cn,0.6438
us,co,0.6066
us,cr,0.5472
us,cu,0.5684
us,cv,0.5642
us,cw,0.6289
us,cx,0.6027
us,cy,0.6122
us,cz,0.5349
us,de,0.6193
us,dj,0.5868
us,dk,0.5762
us,dm,0.568
us,do,0.4987
us,dz,0.5391
us,ec,0.587
us,ee,0.5961
us,eg,0.6234
us,eh,0.6023
us,er,0.5492
us,es,0.5602
us,et,0.5453
us,fi,0.5867
us,fj,0.5194
us,fk,0.6138
us,fm,0.5967
us,fo,0.5505
us,fr,0.5283
us,ga,0.5546
us,gb-eng,0.5942
us,gb-nir,0.5976
us,gb-sct,0.5704
us,gb-wls,0.5707
us,gb,0.5091
us,gd,0.5316
us,ge,0.5948
us,gf,0.6377
us,gg,0.5845
us,gh,0.5941
us,gi,0.5999
us,gl,0.5673
us,gm,0.572
us,gn,0.5823
us,gp,0.6372
us,gq,0.5248
us,gr,0.5296
us,gs,0.6204
us,gt,0.5351
us,gu,0.6099
us,gw,0.5835
us,gy,0.5384
us,hk,0.6057
us,hm,0.685
us,hn,0.6358
us,hr,0.5843
us,ht,0.5298
us,hu,0.5286
us,id,0.5926
us,ie,0.4893
us,il,0.5802
us,im,0.6186
us,in,0.5783
us,io,0.5231
us,iq,0.6243
us,ir,0.5325
us,is,0.5527
us,it,0.5131
us,je,0.5707
us,jm,0.6192
us,jo,0.6022
us,jp,0.6198
us,ke,0.6352
us,kg,0.682
us,kh,0.579
us,ki,0.4583
us,km,0.5297
us,kn,0.5835
us,kp,0.5702
us,kr,0.5799
us,kw,0.5499
us,ky,0.6243
us,kz,0.6305
us,la,0.565
us,lb,0.5301
us,lc,0.6173
us,li,0.5701
us,lk,0.5151
us,lr,0.4524
us,ls,0.5908
us,lt,0.5679
us,lu,0.5778
us,lv,0.5496
us,ly,0.6732
us,ma,0.6093
us,mc,0.5485
us,md,0.5288
us,me,0.6396
us,mf,0.5283
us,mg,0.5988
us,mh,0.5908
us,mk,0.5497
us,ml,0.5431
us,mm,0.5385
us,mn,0.5671
us,mo,0.6219
us,mp,0.6076
us,mq,0.6291
us,mr,0.5761
us,ms,0.6306
us,mt,0.5888
us,mu,0.5486
us,mv,0.5819
us,mw,0.5848
us,mx,0.5136
us,my,0.4997
us,mz,0.5872
us,na,0.5327
us,nc,0.5724
us,ne,0.5903
us,nf,0.5961
us,ng,0.5973
us,ni,0.6093
us,nl,0.5476
us,no,0.504
us,np,0.5075
us,nr,0.6645
us,nu,0.5994
us,nz,0.6592
us,om,0.5735
us,pa,0.5965
us,pe,0.5735
us,pf,0.5183
us,pg,0.6307
us,ph,0.5723
us,pk,0.6633
us,pl,0.592
us,pm,0.5282
us,pn,0.6143
us,pr,0.5528
us,ps,0.6058
us,pt,0.6093
us,pw,0.6867
us,py,0.5739
us,qa,0.6035
us,re,0.5636
us,ro,0.5297
us,rs,0.493
us,ru,0.5737
us,rw,0.5714
us,sa,0.6754
us,sb,0.5779
us,sc,0.4955
us,sd,0.5963
us,se,0.6124
us,sg,0.5335
us,sh,0.6425
us,si,0.6213
us,sj,0.504
us,sk,0.559
us,sl,0.5801
us,sm,0.5632
us,sn,0.5316
us,so,0.6144
us,sr,0.4926
us,ss,0.5978
us,st,0.6103
us,sv,0.6068
us,sx,0.5832
us,sy,0.6243
us,sz,0.5267
us,tc,0.6407
us,td,0.5405
us,tf,0.6066
us,tg,0.5936
us,th,0.52
us,tj,0.6094
us,tk,0.5894
us,tl,0.5926
us,tm,0.6428
us,tn,0.6379
us,to,0.6805
us,tr,0.6464
us,tt,0.5717
us,tv,0.6189
us,tw,0.6287
us,tz,0.625
us,ua,0.5845
us,ug,0.6064
us,um,0.0
us,us,0.0
us,uy,0.5675
us,uz,0.5406
us,va,0.5887
us,vc,0.5642
us,ve,0.5717
us,vg,0.6204
us,vi,0.5336
us,vn,0.7037
us,vu,0.6044
us,wf,0.5903
us,ws,0.5613
us,xk,0.5901
us,ye,0.6287
us,yt,0.5586
us,za,0.5617
us,zm,0.6568
us,zw,0.6004
uy,ad,0.7091
uy,ae,0.7017
uy,af,0.7265
uy,ag,0.7347
uy,ai,0.6838
uy,al,0.8569
uy,am,0.6775
uy,ao,0.7919
uy,aq,0.583
uy,ar,0.515
uy,as,0.6769
uy,at,0.6786
uy,au,0.6953
uy,aw,0.5897
uy,ax,0.6912
uy,az,0.634
uy,ba,0.7017
uy,bb,0.7077
uy,bd,0.7312
uy,be,0.755
uy,bf,0.6938
uy,bg,0.5722
uy,bh,0.6475
uy,bi,0.5765
uy,bj,0.7059
uy,bl,0.4638
uy,bm,0.6746
uy,bn,0.6623
uy,bo,0.7008
uy,bq,0.5678
uy,br,0.6925
uy,bs,0.7226
uy,bt,0.6518
uy,bv,0.699
uy,bw,0.625
uy,by,0.7133
uy,bz,0.6514
uy,ca,0.6932
uy,cc,0.8137
uy,cd,0.6359
uy,cf,0.6181
uy,cg,0.6864
uy,ch,0.7865
uy,ci,0.5802
uy,ck,0.6773
uy,cl,0.6376
uy,cm,0.7015
uy,cn,0.7968
uy,co,0.6848
uy,cr,0.6124
uy,cu,0.608
uy,cv,0.6458
uy,cw,0.7224
uy,cx,0.7136
uy,cy,0.5056
uy,cz,0.6084
uy,de,0.8069
uy,dj,0.5362
uy,dk,0.6615
uy,dm,0.7221
uy,do,0.6343
uy,dz,0.6168
uy,ec,0.662
uy,ee,0.6226
uy,eg,0.7163
uy,eh,0.7263
uy,er,0.6401
uy,es,0.7213
uy,et,0.6935
uy,fi,0.5311
uy,fj,0.5264
uy,fk,0.6577
uy,fm,0.5812
uy,fo,0.4727
uy,fr,0.6478
uy,ga,0.6442
uy,gb-eng,0.5379
uy,gb-nir,0.5449
uy,gb-sct,0.538
uy,gb-wls,0.559
uy,gb,0.6177
uy,gd,0.6795
uy,ge,0.5766
uy,gf,0.7097
uy,gg,0.526
uy,gh,0.7147
uy,gi,0.599
uy,gl,0.5835
uy,gm,0.6736
uy,gn,0.6796
uy,gp,0.7806
uy,gq,0.6572
uy,gr,0.6441
uy,gs,0.6714
uy,gt,0.5099
uy,gu,0.7062
uy,gw,0.6871
uy,gy,0.6277
uy,hk,0.7584
uy,hm,0.7113
uy,hn,0.5981
uy,hr,0.6549
uy,ht,0.686
uy,hu,0.5959
uy,id,0.6673
uy,ie,0.5723
uy,il,0.3788
uy,im,0.7721
uy,in,0.6224
uy,io,0.522
uy,iq,0.7179
uy,ir,0.6319
uy,is,0.638
uy,it,0.6051
uy,je,0.5072
uy,jm,0.7365
uy,jo,0.7304
uy,jp,0.5297
uy,ke,0.7616
uy,kg,0.8557
uy,kh,0.6573
uy,ki,0.6232
uy,km,0.5942
uy,kn,0.7278
uy,kp,0.6783
uy,kr,0.469
uy,kw,0.6987
uy,ky,0.6702
uy,kz,0.6274
uy,la,0.7145
uy,lb,0.5937
uy,lc,0.5911
uy,li,0.7319
uy,lk,0.6128
uy,lr,0.5775
uy,ls,0.6234
uy,lt,0.6575
uy,lu,0.5885
uy,lv,0.6666
uy,ly,0.785
uy,ma,0.7553
uy,mc,0.6147
uy,md,0.6835
uy,me,0.7837
uy,mf,0.6478
uy,mg,0.5888
uy,mh,0.6707
uy,mk,0.6834
uy,ml,0.6988
uy,mm,0.6272
uy,mn,0.6701
uy,mo,0.6908
uy,mp,0.6371
uy,mq,0.712
uy,mr,0.6969
uy,ms,0.6742
uy,mt,0.5859
uy,mu,0.6752
uy,mv,0.7215
uy,mw,0.7468
uy,mx,0.6268
uy,my,0.637
uy,mz,0.6736
uy,na,0.6596
uy,nc,0.6602
uy,ne,0.6475
uy,nf,0.6271
uy,ng,0.6241
uy,ni,0.6213
uy,nl,0.6136
uy,no,0.699
uy,np,0.6185
uy,nr,0.7401
uy,nu,0.7356
uy,nz,0.704
uy,om,0.645
uy,pa,0.5674
uy,pe,0.6641
uy,pf,0.5922
uy,pg,0.8021
uy,ph,0.6207
uy,pk,0.6773
uy,pl,0.5807
uy,pm,0.5724
uy,pn,0.667
uy,pr,0.6719
uy,ps,0.7144
uy,pt,0.8097
uy,pw,0.6768
uy,py,0.6036
uy,qa,0.6217
uy,re,0.6317
uy,ro,0.7154
uy,rs,0.5239
uy,ru,0.5416
uy,rw,0.6473
uy,sa,0.7643
uy,sb,0.6448
uy,sc,0.6368
uy,sd,0.723
uy,se,0.6776
uy,sg,0.5762
uy,sh,0.6906
uy,si,0.6286
uy,sj,0.699
uy,sk,0.5377
uy,sl,0.5938
uy,sm,0.4349
uy,sn,0.6937
uy,so,0.6112
uy,sr,0.593
uy,ss,0.6961
uy,st,0.713
uy,sv,0.6245
uy,sx,0.6382
uy,sy,0.7238
uy,sz,0.6359
uy,tc,0.6896
uy,td,0.7308
uy,tf,0.6157
uy,tg,0.6874
uy,th,0.5799
uy,tj,0.6652
uy,tk,0.7517
uy,tl,0.762
uy,tm,0.7067
uy,tn,0.8028
uy,to,0.7579
uy,tr,0.8006
uy,tt,0.7263
uy,tv,0.5888
uy,tw,0.8394
uy,tz,0.683
uy,ua,0.7007
uy,ug,0.7539
uy,um,0.5675
uy,us,0.5675
uy,uy,0.0
uy,uz,0.5678
uy,va,0.5897
uy,vc,0.679
uy,ve,0.6683
uy,vg,0.6703
uy,vi,0.4403
uy,vn,0.8745
uy,vu,0.7092
uy,wf,0.7505
uy,ws,0.7646
uy,xk,0.6582
uy,ye,0.7158
uy,yt,0.44
uy,za,0.6666
uy,zm,0.7827
uy,zw,0.7356
uz,ad,0.6687
uz,ae,0.4792
uz,af,0.6437
uz,ag,0.6845
uz,ai,0.6258
uz,al,0.8471
uz,am,0.725
uz,ao,0.7316
uz,aq,0.5138
uz,ar,0.4347
uz,as,0.542
uz,at,0.5439
uz,au,0.662
uz,aw,0.5558
uz,ax,0.5779
uz,az,0.4844
uz,ba,0.6643
uz,bb,0.6708
uz,bd,0.6499
uz,be,0.7026
uz,bf,0.6645
uz,bg,0.6246
uz,bh,0.6633
uz,bi,0.5868
uz,bj,0.6566
uz,bl,0.5829
uz,bm,0.6311
uz,bn,0.6562
uz,bo,0.5714
uz,bq,0.5922
uz,br,0.5999
uz,bs,0.5921
uz,bt,0.6528
uz,bv,0.6215
uz,bw,0.6212
uz,by,0.6554
uz,bz,0.6214
uz,ca,0.7336
uz,cc,0.7326
uz,cd,0.6096
uz,cf,0.5166
uz,cg,0.6325
uz,ch,0.7499
uz,ci,0.5944
uz,ck,0.6374
uz,cl,0.5751
uz,cm,0.647
uz,cn,0.7809
uz,co,0.7117
uz,cr,0.6059
uz,cu,0.5885
uz,cv,0.5831
uz,cw,0.663
uz,cx,0.6304
uz,cy,0.6092
uz,cz,0.5855
uz,de,0.7433
uz,dj,0.4463
uz,dk,0.632
uz,dm,0.5839
uz,do,0.5314
uz,dz,0.5932
uz,ec,0.6934
uz,ee,0.7542
uz,eg,0.4989
uz,eh,0.5194
uz,er,0.6353
uz,es,0.6583
uz,et,0.5772
uz,fi,0.6975
uz,fj,0.5385
uz,fk,0.61
uz,fm,0.5835
uz,fo,0.6264
uz,fr,0.6238
uz,ga,0.5307
uz,gb-eng,0.6584
uz,gb-nir,0.6611
uz,gb-sct,0.5511
uz,gb-wls,0.5278
uz,gb,0.5506
uz,gd,0.6656
uz,ge,0.6798
uz,gf,0.6707
uz,gg,0.6549
uz,gh,0.5937
uz,gi,0.5404
uz,gl,0.5734
uz,gm,0.6027
uz,gn,0.6473
uz,gp,0.6818
uz,gq,0.517
uz,gr,0.4812
uz,gs,0.6277
uz,gt,0.5343
uz,gu,0.656
uz,gw,0.6636
uz,gy,0.5606
uz,hk,0.7312
uz,hm,0.6923
uz,hn,0.4372
uz,hr,0.5452
uz,ht,0.5851
uz,hu,0.4322
uz,id,0.7463
uz,ie,0.5643
uz,il,0.4739
uz,im,0.7429
uz,in,0.4823
uz,io,0.5201
uz,iq,0.504
uz,ir,0.4526
uz,is,0.525
uz,it,0.5876
uz,je,0.5818
uz,jm,0.6952
uz,jo,0.539
uz,jp,0.637
uz,ke,0.6549
uz,kg,0.8281
uz,kh,0.5864
uz,ki,0.6469
uz,km,0.5847
uz,kn,0.6719
uz,kp,0.6062
uz,kr,0.5779
uz,kw,0.5328
uz,ky,0.632
uz,kz,0.5758
uz,la,0.6785
uz,lb,0.5615
uz,lc,0.5913
uz,li,0.6631
uz,lk,0.6186
uz,lr,0.5761
uz,ls,0.3849
uz,lt,0.7212
uz,lu,0.5083
uz,lv,0.5727
uz,ly,0.7775
uz,ma,0.7319
uz,mc,0.6871
uz,md,0.6549
uz,me,0.7704
uz,mf,0.6238
uz,mg,0.5992
uz,mh,0.5803
uz,mk,0.6633
uz,ml,0.6534
uz,mm,0.6703
uz,mn,0.6427
uz,mo,0.6105
uz,mp,0.6124
uz,mq,0.6342
uz,mr,0.6552
uz,ms,0.629
uz,mt,0.6234
uz,mu,0.6161
uz,mv,0.7051
uz,mw,0.6136
uz,mx,0.6177
uz,my,0.6393
uz,mz,0.6832
uz,na,0.587
uz,nc,0.5128
uz,ne,0.5085
uz,nf,0.6061
uz,ng,0.5977
uz,ni,0.4088
uz,nl,0.4528
uz,no,0.6215
uz,np,0.5791
uz,nr,0.6748
uz,nu,0.6944
uz,nz,0.6653
uz,om,0.6224
uz,pa,0.6005
uz,pe,0.6728
uz,pf,0.5509
uz,pg,0.7283
uz,ph,0.5661
uz,pk,0.6444
uz,pl,0.572
uz,pm,0.5002
uz,pn,0.6158
uz,pr,0.672
uz,ps,0.5017
uz,pt,0.7435
uz,pw,0.6292
uz,py,0.4956
uz,qa,0.6295
uz,re,0.5794
uz,ro,0.6634
uz,rs,0.6781
uz,ru,0.641
uz,rw,0.501
uz,sa,0.6897
uz,sb,0.5681
uz,sc,0.5735
uz,sd,0.5363
uz,se,0.5829
uz,sg,0.6548
uz,sh,0.6404
uz,si,0.6889
uz,sj,0.6215
uz,sk,0.6181
uz,sl,0.4255
uz,sm,0.5155
uz,sn,0.6534
uz,so,0.5823
uz,sr,0.6011
uz,ss,0.588
uz,st,0.5821
uz,sv,0.4163
uz,sx,0.6274
uz,sy,0.44
uz,sz,0.5955
uz,tc,0.6383
uz,td,0.6766
uz,tf,0.5962
uz,tg,0.6279
uz,th,0.6735
uz,tj,0.5062
uz,tk,0.6603
uz,tl,0.7304
uz,tm,0.6494
uz,tn,0.7692
uz,to,0.7379
uz,tr,0.7755
uz,tt,0.6943
uz,tv,0.585
uz,tw,0.7777
uz,tz,0.655
uz,ua,0.6139
uz,ug,0.7426
uz,um,0.5406
uz,us,0.5406
uz,uy,0.5678
uz,uz,0.0
uz,va,0.6461
uz,vc,0.639
uz,ve,0.7406
uz,vg,0.6259
uz,vi,0.578
uz,vn,0.8458
uz,vu,0.6767
uz,wf,0.6954
uz,ws,0.7027
uz,xk,0.5981
uz,ye,0.4949
uz,yt,0.5783
uz,za,0.6267
uz,zm,0.7093
uz,zw,0.6735
va,ad,0.7444
va,ae,0.7355
va,af,0.7563
va,ag,0.759
va,ai,0.8262
va,al,0.8247
va,am,0.7226
va,ao,0.8411
va,aq,0.7187
va,ar,0.6034
va,as,0.7368
va,at,0.6773
va,au,0.8378
va,aw,0.7172
va,ax,0.7051
va,az,0.6802
va,ba,0.8117
va,bb,0.7865
va,bd,0.8058
va,be,0.7012
va,bf,0.7259
va,bg,0.6291
va,bh,0.7004
va,bi,0.5882
va,bj,0.6997
va,bl,0.503
va,bm,0.7033
va,bn,0.5224
va,bo,0.6779
va,bq,0.6784
va,br,0.7418
va,bs,0.7682
va,bt,0.5171
va,bv,0.7271
va,bw,0.6963
va,by,0.7387
va,bz,0.789
va,ca,0.6639
va,cc,0.8364
va,cd,0.7666
va,cf,0.6355
va,cg,0.6562
va,ch,0.749
va,ci,0.5542
va,ck,0.8105
va,cl,0.629
va,cm,0.697
va,cn,0.7575
va,co,0.6681
va,cr,0.6697
va,cu,0.6874
va,cv,0.7954
va,cw,0.8441
va,cx,0.8026
va,cy,0.5165
va,cz,0.6463
va,de,0.7667
va,dj,0.6463
va,dk,0.7111
va,dm,0.7503
va,do,0.6948
va,dz,0.5665
va,ec,0.6324
va,ee,0.7397
va,eg,0.7454
va,eh,0.7541
va,er,0.6514
va,es,0.6653
va,et,0.6867
va,fi,0.6086
va,fj,0.6264
va,fk,0.805
va,fm,0.6984
va,fo,0.5176
va,fr,0.7003
va,ga,0.6657
va,gb-eng,0.5429
va,gb-nir,0.5343
va,gb-sct,0.6837
va,gb-wls,0.6146
va,gb,0.6455
va,gd,0.6472
va,ge,0.5608
va,gf,0.6593
va,gg,0.5175
va,gh,0.6954
va,gi,0.6174
va,gl,0.5997
va,gm,0.7148
va,gn,0.6436
va,gp,0.8321
va,gq,0.6697
va,gr,0.6468
va,gs,0.816
va,gt,0.6284
va,gu,0.8478
va,gw,0.6629
va,gy,0.6378
va,hk,0.7253
va,hm,0.8702
va,hn,0.7215
va,hr,0.7097
va,ht,0.7642
va,hu,0.619
va,id,0.6365
va,ie,0.5793
va,il,0.6236
va,im,0.7646
va,in,0.6407
va,io,0.6077
va,iq,0.7472
va,ir,0.6378
va,is,0.7447
va,it,0.6329
va,je,0.5309
va,jm,0.7548
va,jo,0.7496
va,jp,0.5544
va,ke,0.8009
va,kg,0.7908
va,kh,0.7756
va,ki,0.6535
va,km,0.6314
va,kn,0.7687
va,kp,0.7158
va,kr,0.537
va,kw,0.7113
va,ky,0.8151
va,kz,0.7719
va,la,0.7641
va,lb,0.6263
va,lc,0.7069
va,li,0.7934
va,lk,0.602
va,lr,0.5924
va,ls,0.7215
va,lt,0.6675
va,lu,0.6556
va,lv,0.7081
va,ly,0.8353
va,ma,0.7533
va,mc,0.6097
va,md,0.7432
va,me,0.732
va,mf,0.7003
va,mg,0.6847
va,mh,0.7985
va,mk,0.6256
va,ml,0.6573
va,mm,0.5822
va,mn,0.7165
va,mo,0.7885
va,mp,0.8305
va,mq,0.7697
va,mr,0.7251
va,ms,0.8233
va,mt,0.6956
va,mu,0.684
va,mv,0.7474
va,mw,0.7726
va,mx,0.6715
va,my,0.6422
va,mz,0.6633
va,na,0.7343
va,nc,0.6995
va,ne,0.639
va,nf,0.6981
va,ng,0.695
va,ni,0.7481
va,nl,0.6718
va,no,0.7271
va,np,0.6818
va,nr,0.8836
va,nu,0.6282
va,nz,0.8483
va,om,0.6299
va,pa,0.6517
va,pe,0.6512
va,pf,0.6223
va,pg,0.8308
va,ph,0.7391
va,pk,0.7978
va,pl,0.6008
va,pm,0.6473
va,pn,0.8086
va,pr,0.7487
va,ps,0.7408
va,pt,0.7867
va,pw,0.7851
va,py,0.6885
va,qa,0.7306
va,re,0.7427
va,ro,0.7313
va,rs,0.5909
va,ru,0.6609
va,rw,0.7193
va,sa,0.8555
va,sb,0.7891
va,sc,0.6457
va,sd,0.7476
va,se,0.7436
va,sg,0.5654
va,sh,0.8335
va,si,0.7421
va,sj,0.7271
va,sk,0.6175
va,sl,0.6786
va,sm,0.5536
va,sn,0.6684
va,so,0.7673
va,sr,0.6376
va,ss,0.7974
va,st,0.6979
va,sv,0.7648
va,sx,0.7376
va,sy,0.7697
va,sz,0.6665
va,tc,0.8272
va,td,0.7316
va,tf,0.7625
va,tg,0.6861
va,th,0.6455
va,tj,0.6889
va,tk,0.8121
va,tl,0.7402
va,tm,0.7772
va,tn,0.7741
va,to,0.8001
va,tr,0.7814
va,tt,0.738
va,tv,0.7437
va,tw,0.848
va,tz,0.7441
va,ua,0.7099
va,ug,0.7242
va,um,0.5887
va,us,0.5887
va,uy,0.5897
va,uz,0.6461
va,va,0.0
va,vc,0.699
va,ve,0.6966
va,vg,0.814
va,vi,0.478
va,vn,0.8092
va,vu,0.747
va,wf,0.7494
va,ws,0.7998
va,xk,0.7941
va,ye,0.7469
va,yt,0.4988
va,za,0.7163
va,zm,0.7885
va,zw,0.7117
vc,ad,0.4859
vc,ae,0.6345
vc,af,0.4163
vc,ag,0.6007
vc,ai,0.5629
vc,al,0.7137
vc,am,0.5706
vc,ao,0.6069
vc,aq,0.6429
vc,ar,0.6856
vc,as,0.6476
vc,at,0.6773
vc,au,0.5707
vc,aw,0.6432
vc,ax,0.553
vc,az,0.5748
vc,ba,0.5197
vc,bb,0.3938
vc,bd,0.5674
vc,be,0.4805
vc,bf,0.5741
vc,bg,0.6141
vc,bh,0.6834
vc,bi,0.5807
vc,bj,0.5431
vc,bl,0.7414
vc,bm,0.5843
vc,bn,0.6098
vc,bo,0.5276
vc,bq,0.6609
vc,br,0.5186
vc,bs,0.5521
vc,bt,0.603
vc,bv,0.5908
vc,bw,0.6302
vc,by,0.5688
vc,bz,0.5757
vc,ca,0.671
vc,cc,0.6214
vc,cd,0.6694
vc,cf,0.5795
vc,cg,0.544
vc,ch,0.7116
vc,ci,0.5905
vc,ck,0.5549
vc,cl,0.6272
vc,cm,0.5431
vc,cn,0.6866
vc,co,0.5749
vc,cr,0.6433
vc,cu,0.6414
vc,cv,0.6394
vc,cw,0.5851
vc,cx,0.5117
vc,cy,0.79
vc,cz,0.6147
vc,de,0.6229
vc,dj,0.6411
vc,dk,0.6449
vc,dm,0.4933
vc,do,0.5874
vc,dz,0.6316
vc,ec,0.5716
vc,ee,0.6646
vc,eg,0.6537
vc,eh,0.5995
vc,er,0.5604
vc,es,0.589
vc,et,0.5741
vc,fi,0.7113
vc,fj,0.599
vc,fk,0.5452
vc,fm,0.6864
vc,fo,0.7137
vc,fr,0.574
vc,ga,0.5755
vc,gb-eng,0.7408
vc,gb-nir,0.7447
vc,gb-sct,0.689
vc,gb-wls,0.5886
vc,gb,0.5857
vc,gd,0.4835
vc,ge,0.7264
vc,gf,0.5924
vc,gg,0.7161
vc,gh,0.5398
vc,gi,0.7101
vc,gl,0.6919
vc,gm,0.5422
vc,gn,0.4772
vc,gp,0.5534
vc,gq,0.5645
vc,gr,0.6553
vc,gs,0.5362
vc,gt,0.5958
vc,gu,0.5697
vc,gw,0.5302
vc,gy,0.5125
vc,hk,0.6684
vc,hm,0.6667
vc,hn,0.7364
vc,hr,0.6658
vc,ht,0.5803
vc,hu,0.6152
vc,id,0.7371
vc,ie,0.5804
vc,il,0.7176
vc,im,0.6566
vc,in,0.5908
vc,io,0.5476
vc,iq,0.6516
vc,ir,0.6297
vc,is,0.5835
vc,it,0.5711
vc,je,0.7301
vc,jm,0.5631
vc,jo,0.6073
vc,jp,0.7937
vc,ke,0.5736
vc,kg,0.7057
vc,kh,0.6149
vc,ki,0.5757
vc,km,0.5696
vc,kn,0.5378
vc,kp,0.6074
vc,kr,0.7428
vc,kw,0.5606
vc,ky,0.5446
vc,kz,0.6437
vc,la,0.5596
vc,lb,0.6672
vc,lc,0.6954
vc,li,0.574
vc,lk,0.494
vc,lr,0.5845
vc,ls,0.6534
vc,lt,0.528
vc,lu,0.676
vc,lv,0.6347
vc,ly,0.5863
vc,ma,0.6296
vc,mc,0.7065
vc,md,0.4828
vc,me,0.6402
vc,mf,0.574
vc,mg,0.6264
vc,mh,0.64
vc,mk,0.5805
vc,ml,0.5064
vc,mm,0.5519
vc,mn,0.6562
vc,mo,0.5941
vc,mp,0.5963
vc,mq,0.5767
vc,mr,0.5353
vc,ms,0.5483
vc,mt,0.699
vc,mu,0.5346
vc,mv,0.5814
vc,mw,0.5412
vc,mx,0.5475
vc,my,0.5975
vc,mz,0.55
vc,na,0.5434
vc,nc,0.5558
vc,ne,0.6075
vc,nf,0.4451
vc,ng,0.5609
vc,ni,0.7077
vc,nl,0.6349
vc,no,0.5908
vc,np,0.5114
vc,nr,0.5889
vc,nu,0.626
vc,nz,0.5706
vc,om,0.6014
vc,pa,0.6657
vc,pe,0.6489
vc,pf,0.6676
vc,pg,0.5957
vc,ph,0.6606
vc,pk,0.6932
vc,pl,0.7071
vc,pm,0.5761
vc,pn,0.5267
vc,pr,0.6405
vc,ps,0.6332
vc,pt,0.6063
vc,pw,0.6936
vc,py,0.649
vc,qa,0.6819
vc,re,0.6303
vc,ro,0.4645
vc,rs,0.5832
vc,ru,0.6311
vc,rw,0.6005
vc,sa,0.5908
vc,sb,0.557
vc,sc,0.4971
vc,sd,0.5983
vc,se,0.5694
vc,sg,0.7037
vc,sh,0.5565
vc,si,0.7033
vc,sj,0.5908
vc,sk,0.622
vc,sl,0.649
vc,sm,0.6761
vc,sn,0.4995
vc,so,0.69
vc,sr,0.5562
vc,ss,0.5849
vc,st,0.5605
vc,sv,0.6914
vc,sx,0.6222
vc,sy,0.6138
vc,sz,0.5437
vc,tc,0.5504
vc,td,0.4637
vc,tf,0.6004
vc,tg,0.5519
vc,th,0.5843
vc,tj,0.664
vc,tk,0.4865
vc,tl,0.583
vc,tm,0.5627
vc,tn,0.6899
vc,to,0.6819
vc,tr,0.6871
vc,tt,0.6205
vc,tv,0.63
vc,tw,0.6866
vc,tz,0.5679
vc,ua,0.6314
vc,ug,0.5909
vc,um,0.5642
vc,us,0.5642
vc,uy,0.679
vc,uz,0.639
vc,va,0.699
vc,vc,0.0
vc,ve,0.5357
vc,vg,0.5357
vc,vi,0.6981
vc,vn,0.7289
vc,vu,0.5343
vc,wf,0.6294
vc,ws,0.6071
vc,xk,0.6088
vc,ye,0.6665
vc,yt,0.7369
vc,za,0.543
vc,zm,0.5702
vc,zw,0.5805
ve,ad,0.4987
ve,ae,0.6341
ve,af,0.5556
ve,ag,0.5275
ve,ai,0.5686
ve,al,0.6131
ve,am,0.4745
ve,ao,0.5336
ve,aq,0.7829
ve,ar,0.7595
ve,as,0.7
ve,at,0.5891
ve,au,0.5589
ve,aw,0.6685
ve,ax,0.6858
ve,az,0.6805
ve,ba,0.5881
ve,bb,0.5523
ve,bd,0.6507
ve,be,0.5774
ve,bf,0.6042
ve,bg,0.5012
ve,bh,0.6394
ve,bi,0.5574
ve,bj,0.5016
ve,bl,0.7358
ve,bm,0.4509
ve,bn,0.5659
ve,bo,0.6196
ve,bq,0.6139
ve,br,0.6253
ve,bs,0.7004
ve,bt,0.5044
ve,bv,0.5333
ve,bw,0.6753
ve,by,0.5404
ve,bz,0.588
ve,ca,0.6602
ve,cc,0.6705
ve,cd,0.6761
ve,cf,0.5914
ve,cg,0.5573
ve,ch,0.6464
ve,ci,0.6482
ve,ck,0.5396
ve,cl,0.6097
ve,cm,0.4981
ve,cn,0.615
ve,co,0.3591
ve,cr,0.6881
ve,cu,0.666
ve,cv,0.7064
ve,cw,0.6158
ve,cx,0.556
ve,cy,0.8042
ve,cz,0.5772
ve,de,0.6581
ve,dj,0.6895
ve,dk,0.5433
ve,dm,0.627
ve,do,0.584
ve,dz,0.696
ve,ec,0.3999
ve,ee,0.721
ve,eg,0.6343
ve,eh,0.7062
ve,er,0.5743
ve,es,0.5819
ve,et,0.5686
ve,fi,0.6412
ve,fj,0.6401
ve,fk,0.5448
ve,fm,0.7286
ve,fo,0.6819
ve,fr,0.6038
ve,ga,0.6789
ve,gb-eng,0.713
ve,gb-nir,0.7424
ve,gb-sct,0.7061
ve,gb-wls,0.5923
ve,gb,0.5752
ve,gd,0.3989
ve,ge,0.7199
ve,gf,0.6018
ve,gg,0.714
ve,gh,0.5821
ve,gi,0.6386
ve,gl,0.5956
ve,gm,0.4865
ve,gn,0.4956
ve,gp,0.6072
ve,gq,0.5788
ve,gr,0.7009
ve,gs,0.5308
ve,gt,0.6934
ve,gu,0.5678
ve,gw,0.4637
ve,gy,0.5896
ve,hk,0.6087
ve,hm,0.6466
ve,hn,0.8569
ve,hr,0.6614
ve,ht,0.5669
ve,hu,0.6475
ve,id,0.7526
ve,ie,0.6391
ve,il,0.7714
ve,im,0.5012
ve,in,0.6224
ve,io,0.5611
ve,iq,0.626
ve,ir,0.6294
ve,is,0.6809
ve,it,0.6314
ve,je,0.7205
ve,jm,0.578
ve,jo,0.6763
ve,jp,0.7852
ve,ke,0.657
ve,kg,0.6389
ve,kh,0.6646
ve,ki,0.5843
ve,km,0.5328
ve,kn,0.5201
ve,kp,0.6397
ve,kr,0.7465
ve,kw,0.6025
ve,ky,0.5434
ve,kz,0.729
ve,la,0.4241
ve,lb,0.5956
ve,lc,0.7489
ve,li,0.4952
ve,lk,0.4901
ve,lr,0.5883
ve,ls,0.7723
ve,lt,0.3543
ve,lu,0.7305
ve,lv,0.6184
ve,ly,0.5749
ve,ma,0.579
ve,mc,0.6953
ve,md,0.4906
ve,me,0.5665
ve,mf,0.6038
ve,mg,0.6389
ve,mh,0.6728
ve,mk,0.5502
ve,ml,0.4922
ve,mm,0.3854
ve,mn,0.5757
ve,mo,0.6671
ve,mp,0.6747
ve,mq,0.5714
ve,mr,0.544
ve,ms,0.5444
ve,mt,0.6368
ve,mu,0.5654
ve,mv,0.4496
ve,mw,0.6147
ve,mx,0.5719
ve,my,0.6035
ve,mz,0.5654
ve,na,0.5537
ve,nc,0.697
ve,ne,0.656
ve,nf,0.6436
ve,ng,0.6889
ve,ni,0.8187
ve,nl,0.6728
ve,no,0.5333
ve,np,0.5035
ve,nr,0.639
ve,nu,0.5834
ve,nz,0.5555
ve,om,0.553
ve,pa,0.6634
ve,pe,0.5805
ve,pf,0.6013
ve,pg,0.5261
ve,ph,0.6065
ve,pk,0.6782
ve,pl,0.594
ve,pm,0.6101
ve,pn,0.5313
ve,pr,0.6315
ve,ps,0.7239
ve,pt,0.5982
ve,pw,0.8181
ve,py,0.673
ve,qa,0.6378
ve,re,0.6143
ve,ro,0.4646
ve,rs,0.58
ve,ru,0.4836
ve,rw,0.6687
ve,sa,0.6524
ve,sb,0.605
ve,sc,0.5897
ve,sd,0.6016
ve,se,0.6829
ve,sg,0.7236
ve,sh,0.5555
ve,si,0.5227
ve,sj,0.5333
ve,sk,0.4931
ve,sl,0.7349
ve,sm,0.6841
ve,sn,0.5614
ve,so,0.7414
ve,sr,0.5817
ve,ss,0.6888
ve,st,0.6517
ve,sv,0.7952
ve,sx,0.5903
ve,sy,0.6944
ve,sz,0.5486
ve,tc,0.5598
ve,td,0.4611
ve,tf,0.6325
ve,tg,0.5457
ve,th,0.5269
ve,tj,0.7019
ve,tk,0.5841
ve,tl,0.562
ve,tm,0.6147
ve,tn,0.6253
ve,to,0.6155
ve,tr,0.6227
ve,tt,0.4986
ve,tv,0.6791
ve,tw,0.6347
ve,tz,0.62
ve,ua,0.67
ve,ug,0.5158
ve,um,0.5717
ve,us,0.5717
ve,uy,0.6683
ve,uz,0.7406
ve,va,0.6966
ve,vc,0.5357
ve,ve,0.0
ve,vg,0.5385
ve,vi,0.6929
ve,vn,0.6603
ve,vu,0.5346
ve,wf,0.4997
ve,ws,0.4885
ve,xk,0.6651
ve,ye,0.6463
ve,yt,0.7293
ve,za,0.5444
ve,zm,0.6065
ve,zw,0.5465
vg,ad,0.6175
vg,ae,0.589
vg,af,0.5277
vg,ag,0.6095
vg,ai,0.1625
vg,al,0.7275
vg,am,0.6116
vg,ao,0.5479
vg,aq,0.6773
vg,ar,0.6957
vg,as,0.6251
vg,at,0.689
vg,au,0.1759
vg,aw,0.6134
vg,ax,0.5731
vg,az,0.58
vg,ba,0.5612
vg,bb,0.4274
vg,bd,0.562
vg,be,0.6619
vg,bf,0.57
vg,bg,0.6464
vg,bh,0.7084
vg,bi,0.6377
vg,bj,0.6328
vg,bl,0.7922
vg,bm,0.5495
vg,bn,0.7169
vg,bo,0.5696
vg,bq,0.6147
vg,br,0.5514
vg,bs,0.5587
vg,bt,0.7153
vg,bv,0.5734
vg,bw,0.6226
vg,by,0.5625
vg,bz,0.5469
vg,ca,0.7513
vg,cc,0.6101
vg,cd,0.6046
vg,cf,0.6111
vg,cg,0.6619
vg,ch,0.761
vg,ci,0.6789
vg,ck,0.1697
vg,cl,0.704
vg,cm,0.623
vg,cn,0.7185
vg,co,0.6152
vg,cr,0.6232
vg,cu,0.6015
vg,cv,0.5826
vg,cw,0.3533
vg,cx,0.4067
vg,cy,0.8535
vg,cz,0.6736
vg,de,0.6906
vg,dj,0.6222
vg,dk,0.6653
vg,dm,0.5404
vg,do,0.5819
vg,dz,0.7202
vg,ec,0.6375
vg,ee,0.6818
vg,eg,0.6173
vg,eh,0.586
vg,er,0.5636
vg,es,0.6414
vg,et,0.5882
vg,fi,0.6728
vg,fj,0.554
vg,fk,0.1352
vg,fm,0.6883
vg,fo,0.7461
vg,fr,0.6595
vg,ga,0.594
vg,gb-eng,0.789
vg,gb-nir,0.8015
vg,gb-sct,0.649
vg,gb-wls,0.5825
vg,gb,0.5323
vg,gd,0.5888
vg,ge,0.7868
vg,gf,0.6763
vg,gg,0.7824
vg,gh,0.5696
vg,gi,0.7285
vg,gl,0.7233
vg,gm,0.5164
vg,gn,0.6088
vg,gp,0.5477
vg,gq,0.6394
vg,gr,0.6422
vg,gs,0.105
vg,gt,0.668
vg,gu,0.3239
vg,gw,0.5986
vg,gy,0.5535
vg,hk,0.7098
vg,hm,0.4724
vg,hn,0.7091
vg,hr,0.6288
vg,ht,0.5712
vg,hu,0.6228
vg,id,0.8087
vg,ie,0.6952
vg,il,0.7189
vg,im,0.6647
vg,in,0.6198
vg,io,0.4747
vg,iq,0.6075
vg,ir,0.6656
vg,is,0.5518
vg,it,0.668
vg,je,0.7947
vg,jm,0.5694
vg,jo,0.5815
vg,jp,0.8333
vg,ke,0.5458
vg,kg,0.7587
vg,kh,0.5443
vg,ki,0.5892
vg,km,0.6069
vg,kn,0.5599
vg,kp,0.5774
vg,kr,0.7851
vg,kw,0.6237
vg,ky,0.095
vg,kz,0.608
vg,la,0.4885
vg,lb,0.6917
vg,lc,0.7122
vg,li,0.4648
vg,lk,0.5873
vg,lr,0.6422
vg,ls,0.6103
vg,lt,0.5824
vg,lu,0.6627
vg,lv,0.6371
vg,ly,0.5597
vg,ma,0.6454
vg,mc,0.7692
vg,md,0.5991
vg,me,0.6984
vg,mf,0.6595
vg,mg,0.6441
vg,mh,0.563
vg,mk,0.6568
vg,ml,0.6432
vg,mm,0.651
vg,mn,0.577
vg,mo,0.5756
vg,mp,0.5468
vg,mq,0.5211
vg,mr,0.5823
vg,ms,0.1306
vg,mt,0.7219
vg,mu,0.5411
vg,mv,0.5836
vg,mw,0.5446
vg,mx,0.6353
vg,my,0.6643
vg,mz,0.6042
vg,na,0.5304
vg,nc,0.5382
vg,ne,0.6404
vg,nf,0.6162
vg,ng,0.6587
vg,ni,0.6513
vg,nl,0.609
vg,no,0.5734
vg,np,0.5109
vg,nr,0.3448
vg,nu,0.7561
vg,nz,0.1424
vg,om,0.6339
vg,pa,0.6428
vg,pe,0.7161
vg,pf,0.6913
vg,pg,0.5699
vg,ph,0.6017
vg,pk,0.605
vg,pl,0.7271
vg,pm,0.5309
vg,pn,0.1071
vg,pr,0.6936
vg,ps,0.6058
vg,pt,0.6681
vg,pw,0.6926
vg,py,0.6143
vg,qa,0.647
vg,re,0.6137
vg,ro,0.5586
vg,rs,0.6419
vg,ru,0.6391
vg,rw,0.5982
vg,sa,0.5528
vg,sb,0.5103
vg,sc,0.5722
vg,sd,0.5919
vg,se,0.5743
vg,sg,0.7702
vg,sh,0.1209
vg,si,0.6942
vg,sj,0.5734
vg,sk,0.6413
vg,sl,0.634
vg,sm,0.681
vg,sn,0.6425
vg,so,0.6477
vg,sr,0.5792
vg,ss,0.5553
vg,st,0.6065
vg,sv,0.6257
vg,sx,0.5625
vg,sy,0.5969
vg,sz,0.5349
vg,tc,0.1368
vg,td,0.5598
vg,tf,0.517
vg,tg,0.573
vg,th,0.5981
vg,tj,0.6658
vg,tk,0.4308
vg,tl,0.6532
vg,tm,0.5401
vg,tn,0.7215
vg,to,0.6704
vg,tr,0.7141
vg,tt,0.6262
vg,tv,0.5135
vg,tw,0.7257
vg,tz,0.5451
vg,ua,0.7021
vg,ug,0.6359
vg,um,0.6204
vg,us,0.6204
vg,uy,0.6703
vg,uz,0.6259
vg,va,0.814
vg,vc,0.5357
vg,ve,0.5385
vg,vg,0.0
vg,vi,0.7577
vg,vn,0.7764
vg,vu,0.5271
vg,wf,0.6431
vg,ws,0.5975
vg,xk,0.5565
vg,ye,0.6294
vg,yt,0.7876
vg,za,0.5365
vg,zm,0.6032
vg,zw,0.6128
vi,ad,0.7171
vi,ae,0.7396
vi,af,0.7894
vi,ag,0.7797
vi,ai,0.7691
vi,al,0.8514
vi,am,0.7121
vi,ao,0.8575
vi,aq,0.6325
vi,ar,0.4773
vi,as,0.7276
vi,at,0.6579
vi,au,0.7793
vi,aw,0.6277
vi,ax,0.7045
vi,az,0.6654
vi,ba,0.7612
vi,bb,0.755
vi,bd,0.7936
vi,be,0.7572
vi,bf,0.7299
vi,bg,0.5761
vi,bh,0.5937
vi,bi,0.6
vi,bj,0.6989
vi,bl,0.257
vi,bm,0.6853
vi,bn,0.6052
vi,bo,0.7093
vi,bq,0.6141
vi,br,0.7434
vi,bs,0.7658
vi,bt,0.6121
vi,bv,0.692
vi,bw,0.6093
vi,by,0.7342
vi,bz,0.7574
vi,ca,0.6583
vi,cc,0.8661
vi,cd,0.6773
vi,cf,0.6177
vi,cg,0.6782
vi,ch,0.8051
vi,ci,0.5972
vi,ck,0.7631
vi,cl,0.6139
vi,cm,0.6791
vi,cn,0.7869
vi,co,0.696
vi,cr,0.6317
vi,cu,0.6767
vi,cv,0.7312
vi,cw,0.7974
vi,cx,0.7714
vi,cy,0.2827
vi,cz,0.593
vi,de,0.8015
vi,dj,0.5556
vi,dk,0.6843
vi,dm,0.7424
vi,do,0.666
vi,dz,0.5659
vi,ec,0.6588
vi,ee,0.6316
vi,eg,0.7338
vi,eh,0.7581
vi,er,0.6535
vi,es,0.721
vi,et,0.7157
vi,fi,0.4686
vi,fj,0.5416
vi,fk,0.7513
vi,fm,0.597
vi,fo,0.3769
vi,fr,0.6719
vi,ga,0.6557
vi,gb-eng,0.3698
vi,gb-nir,0.387
vi,gb-sct,0.5808
vi,gb-wls,0.5481
vi,gb,0.6
vi,gd,0.6796
vi,ge,0.4367
vi,gf,0.7102
vi,gg,0.3787
vi,gh,0.7209
vi,gi,0.5268
vi,gl,0.537
vi,gm,0.6918
vi,gn,0.6955
vi,gp,0.8431
vi,gq,0.6453
vi,gr,0.529
vi,gs,0.7614
vi,gt,0.521
vi,gu,0.803
vi,gw,0.6953
vi,gy,0.6542
vi,hk,0.7659
vi,hm,0.8077
vi,hn,0.6139
vi,hr,0.6605
vi,ht,0.7446
vi,hu,0.5831
vi,id,0.5686
vi,ie,0.5446
vi,il,0.4696
vi,im,0.7872
vi,in,0.614
vi,io,0.5274
vi,iq,0.7369
vi,ir,0.6265
vi,is,0.6861
vi,it,0.6148
vi,je,0.3405
vi,jm,0.7799
vi,jo,0.7566
vi,jp,0.298
vi,ke,0.8177
vi,kg,0.8484
vi,kh,0.7538
vi,ki,0.6338
vi,km,0.6219
vi,kn,0.77
vi,kp,0.6969
vi,kr,0.3039
vi,kw,0.7236
vi,ky,0.7605
vi,kz,0.6971
vi,la,0.7634
vi,lb,0.5796
vi,lc,0.5863
vi,li,0.7735
vi,lk,0.6188
vi,lr,0.5439
vi,ls,0.655
vi,lt,0.6771
vi,lu,0.5778
vi,lv,0.6934
vi,ly,0.8273
vi,ma,0.766
vi,mc,0.5171
vi,md,0.6951
vi,me,0.7849
vi,mf,0.6719
vi,mg,0.5638
vi,mh,0.7198
vi,mk,0.6719
vi,ml,0.6927
vi,mm,0.6301
vi,mn,0.7102
vi,mo,0.7651
vi,mp,0.7695
vi,mq,0.7767
vi,mr,0.7264
vi,ms,0.7685
vi,mt,0.5375
vi,mu,0.6831
vi,mv,0.7475
vi,mw,0.7825
vi,mx,0.6419
vi,my,0.5956
vi,mz,0.7039
vi,na,0.6951
vi,nc,0.7204
vi,ne,0.6208
vi,nf,0.6655
vi,ng,0.6682
vi,ni,0.6507
vi,nl,0.6202
vi,no,0.692
vi,np,0.6503
vi,nr,0.8398
vi,nu,0.6561
vi,nz,0.7932
vi,om,0.6446
vi,pa,0.559
vi,pe,0.6657
vi,pf,0.5811
vi,pg,0.8403
vi,ph,0.6729
vi,pk,0.7158
vi,pl,0.5446
vi,pm,0.603
vi,pn,0.7515
vi,pr,0.6959
vi,ps,0.7415
vi,pt,0.8236
vi,pw,0.7243
vi,py,0.6307
vi,qa,0.6073
vi,re,0.6742
vi,ro,0.7208
vi,rs,0.4978
vi,ru,0.5826
vi,rw,0.6893
vi,sa,0.8507
vi,sb,0.7216
vi,sc,0.6219
vi,sd,0.7537
vi,se,0.7377
vi,sg,0.4556
vi,sh,0.7769
vi,si,0.6588
vi,sj,0.692
vi,sk,0.5547
vi,sl,0.6079
vi,sm,0.3764
vi,sn,0.691
vi,so,0.6705
vi,sr,0.6334
vi,ss,0.7506
vi,st,0.7261
vi,sv,0.6792
vi,sx,0.6691
vi,sy,0.7542
vi,sz,0.6522
vi,tc,0.7738
vi,td,0.7369
vi,tf,0.6933
vi,tg,0.7049
vi,th,0.6066
vi,tj,0.682
vi,tk,0.7854
vi,tl,0.7707
vi,tm,0.7687
vi,tn,0.8203
vi,to,0.7752
vi,tr,0.8069
vi,tt,0.7355
vi,tv,0.6614
vi,tw,0.8333
vi,tz,0.7289
vi,ua,0.7035
vi,ug,0.7816
vi,um,0.5336
vi,us,0.5336
vi,uy,0.4403
vi,uz,0.578
vi,va,0.478
vi,vc,0.6981
vi,ve,0.6929
vi,vg,0.7577
vi,vi,0.0
vi,vn,0.8674
vi,vu,0.7607
vi,wf,0.7478
vi,ws,0.7763
vi,xk,0.7279
vi,ye,0.7353
vi,yt,0.2397
vi,za,0.6961
vi,zm,0.8192
vi,zw,0.6957
vn,ad,0.6487
vn,ae,0.742
vn,af,0.689
vn,ag,0.6516
vn,ai,0.7995
vn,al,0.2255
vn,am,0.6566
vn,ao,0.6479
vn,aq,0.9687
vn,ar,0.8945
vn,as,0.7863
vn,at,0.6905
vn,au,0.8005
vn,aw,0.8841
vn,ax,0.7624
vn,az,0.7717
vn,ba,0.796
vn,bb,0.7745
vn,bd,0.8008
vn,be,0.6383
vn,bf,0.7087
vn,bg,0.7867
vn,bh,0.7062
vn,bi,0.7328
vn,bj,0.6895
vn,bl,0.9018
vn,bm,0.6087
vn,bn,0.7395
vn,bo,0.6617
vn,bq,0.8439
vn,br,0.8069
vn,bs,0.7952
vn,bt,0.6268
vn,bv,0.6479
vn,bw,0.8666
vn,by,0.6417
vn,bz,0.733
vn,ca,0.537
vn,cc,0.8344
vn,cd,0.8786
vn,cf,0.7373
vn,cg,0.6773
vn,ch,0.3376
vn,ci,0.7883
vn,ck,0.7894
vn,cl,0.7331
vn,cm,0.6797
vn,cn,0.5955
vn,co,0.6626
vn,cr,0.7701
vn,cu,0.8002
vn,cv,0.8371
vn,cw,0.835
vn,cx,0.8008
vn,cy,0.9417
vn,cz,0.7612
vn,de,0.6478
vn,dj,0.8674
vn,dk,0.654
vn,dm,0.7667
vn,do,0.73
vn,dz,0.8637
vn,ec,0.6622
vn,ee,0.8857
vn,eg,0.724
vn,eh,0.7537
vn,er,0.678
vn,es,0.5708
vn,et,0.6738
vn,fi,0.9054
vn,fj,0.8317
vn,fk,0.7855
vn,fm,0.925
vn,fo,0.8604
vn,fr,0.7433
vn,ga,0.7816
vn,gb-eng,0.8665
vn,gb-nir,0.8672
vn,gb-sct,0.904
vn,gb-wls,0.7715
vn,gb,0.7139
vn,gd,0.6244
vn,ge,0.7444
vn,gf,0.76
vn,gg,0.8229
vn,gh,0.6572
vn,gi,0.7863
vn,gl,0.7665
vn,gm,0.6848
vn,gn,0.6709
vn,gp,0.7311
vn,gq,0.7278
vn,gr,0.8797
vn,gs,0.7718
vn,gt,0.8918
vn,gu,0.796
vn,gw,0.6728
vn,gy,0.7055
vn,hk,0.5864
vn,hm,0.8129
vn,hn,1.0
vn,hr,0.6609
vn,ht,0.7016
vn,hu,0.726
vn,id,0.6495
vn,ie,0.7842
vn,il,0.91
vn,im,0.5987
vn,in,0.753
vn,io,0.76
vn,iq,0.724
vn,ir,0.744
vn,is,0.8105
vn,it,0.7691
vn,je,0.8623
vn,jm,0.7169
vn,jo,0.7344
vn,jp,0.9309
vn,ke,0.691
vn,kg,0.0992
vn,kh,0.703
vn,ki,0.6592
vn,km,0.752
vn,kn,0.6959
vn,kp,0.6775
vn,kr,0.9131
vn,kw,0.7345
vn,ky,0.7822
vn,kz,0.953
vn,la,0.6648
vn,lb,0.735
vn,lc,0.9652
vn,li,0.6884
vn,lk,0.5897
vn,lr,0.7043
vn,ls,0.8582
vn,lt,0.6554
vn,lu,0.8247
vn,lv,0.6728
vn,ly,0.6568
vn,ma,0.6114
vn,mc,0.7761
vn,md,0.6735
vn,me,0.2165
vn,mf,0.7433
vn,mg,0.7761
vn,mh,0.8315
vn,mk,0.569
vn,ml,0.6649
vn,mm,0.6501
vn,mn,0.6651
vn,mo,0.85
vn,mp,0.8543
vn,mq,0.7211
vn,mr,0.7268
vn,ms,0.7914
vn,mt,0.7669
vn,mu,0.6869
vn,mv,0.6351
vn,mw,0.6665
vn,mx,0.7374
vn,my,0.7021
vn,mz,0.705
vn,na,0.7342
vn,nc,0.7361
vn,ne,0.7565
vn,nf,0.8471
vn,ng,0.8798
vn,ni,0.9286
vn,nl,0.7527
vn,no,0.6479
vn,np,0.6606
vn,nr,0.8311
vn,nu,0.7142
vn,nz,0.8044
vn,om,0.7009
vn,pa,0.7927
vn,pe,0.6806
vn,pf,0.7244
vn,pg,0.6571
vn,ph,0.7458
vn,pk,0.8322
vn,pl,0.776
vn,pm,0.7717
vn,pn,0.7681
vn,pr,0.6594
vn,ps,0.7664
vn,pt,0.4515
vn,pw,0.9946
vn,py,0.7692
vn,qa,0.7467
vn,re,0.746
vn,ro,0.6523
vn,rs,0.7498
vn,ru,0.792
vn,rw,0.8367
vn,sa,0.829
vn,sb,0.794
vn,sc,0.7055
vn,sd,0.721
vn,se,0.7972
vn,sg,0.7788
vn,sh,0.7938
vn,si,0.7511
vn,sj,0.6479
vn,sk,0.7524
vn,sl,0.885
vn,sm,0.8986
vn,sn,0.6797
vn,so,0.937
vn,sr,0.6896
vn,ss,0.7906
vn,st,0.7401
vn,sv,0.895
vn,sx,0.7154
vn,sy,0.8027
vn,sz,0.6646
vn,tc,0.7926
vn,td,0.642
vn,tf,0.8265
vn,tg,0.6971
vn,th,0.7278
vn,tj,0.7669
vn,tk,0.7639
vn,tl,0.598
vn,tm,0.8083
vn,tn,0.2203
vn,to,0.6503
vn,tr,0.2187
vn,tt,0.6197
vn,tv,0.9086
vn,tw,0.3768
vn,tz,0.8264
vn,ua,0.8012
vn,ug,0.6276
vn,um,0.7037
vn,us,0.7037
vn,uy,0.8745
vn,uz,0.8458
vn,va,0.8092
vn,vc,0.7289
vn,ve,0.6603
vn,vg,0.7764
vn,vi,0.8674
vn,vn,0.0
vn,vu,0.6786
vn,wf,0.6159
vn,ws,0.6356
vn,xk,0.8302
vn,ye,0.7346
vn,yt,0.9018
vn,za,0.729
vn,zm,0.7554
vn,zw,0.6922
vu,ad,0.5195
vu,ae,0.5914
vu,af,0.4492
vu,ag,0.524
vu,ai,0.5575
vu,al,0.6374
vu,am,0.527
vu,ao,0.3597
vu,aq,0.7438
vu,ar,0.741
vu,as,0.629
vu,at,0.6315
vu,au,0.561
vu,aw,0.6733
vu,ax,0.5708
vu,az,0.5938
vu,ba,0.5653
vu,bb,0.5584
vu,bd,0.5558
vu,be,0.5266
vu,bf,0.3799
vu,bg,0.6691
vu,bh,0.6935
vu,bi,0.5928
vu,bj,0.534
vu,bl,0.7996
vu,bm,0.4972
vu,bn,0.6476
vu,bo,0.4604
vu,bq,0.6503
vu,br,0.4766
vu,bs,0.5268
vu,bt,0.6409
vu,bv,0.5652
vu,bw,0.6393
vu,by,0.3777
vu,bz,0.5511
vu,ca,0.689
vu,cc,0.5759
vu,cd,0.6124
vu,cf,0.6003
vu,cg,0.5619
vu,ch,0.6954
vu,ci,0.6597
vu,ck,0.5393
vu,cl,0.6871
vu,cm,0.5112
vu,cn,0.6414
vu,co,0.5537
vu,cr,0.6375
vu,cu,0.6225
vu,cv,0.63
vu,cw,0.5982
vu,cx,0.5353
vu,cy,0.8578
vu,cz,0.6868
vu,de,0.5825
vu,dj,0.6652
vu,dk,0.5753
vu,dm,0.5215
vu,do,0.5686
vu,dz,0.6727
vu,ec,0.5929
vu,ee,0.6734
vu,eg,0.5495
vu,eh,0.5485
vu,er,0.5292
vu,es,0.5576
vu,et,0.5961
vu,fi,0.7364
vu,fj,0.6177
vu,fk,0.5393
vu,fm,0.733
vu,fo,0.7379
vu,fr,0.5913
vu,ga,0.5964
vu,gb-eng,0.7655
vu,gb-nir,0.7918
vu,gb-sct,0.7002
vu,gb-wls,0.5565
vu,gb,0.5478
vu,gd,0.487
vu,ge,0.7609
vu,gf,0.6399
vu,gg,0.7606
vu,gh,0.4172
vu,gi,0.7606
vu,gl,0.6999
vu,gm,0.4119
vu,gn,0.5191
vu,gp,0.4826
vu,gq,0.6729
vu,gr,0.6929
vu,gs,0.521
vu,gt,0.7005
vu,gu,0.5562
vu,gw,0.4101
vu,gy,0.5274
vu,hk,0.6398
vu,hm,0.5964
vu,hn,0.7808
vu,hr,0.6053
vu,ht,0.5773
vu,hu,0.5972
vu,id,0.7149
vu,ie,0.6519
vu,il,0.7688
vu,im,0.5147
vu,in,0.5842
vu,io,0.5678
vu,iq,0.5427
vu,ir,0.7169
vu,is,0.5951
vu,it,0.5981
vu,je,0.7753
vu,jm,0.4859
vu,jo,0.5202
vu,jp,0.843
vu,ke,0.4709
vu,kg,0.6578
vu,kh,0.5398
vu,ki,0.5303
vu,km,0.5686
vu,kn,0.505
vu,kp,0.574
vu,kr,0.7976
vu,kw,0.6273
vu,ky,0.536
vu,kz,0.6616
vu,la,0.4958
vu,lb,0.6591
vu,lc,0.7649
vu,li,0.5571
vu,lk,0.5035
vu,lr,0.6094
vu,ls,0.6236
vu,lt,0.5303
vu,lu,0.6371
vu,lv,0.6214
vu,ly,0.3869
vu,ma,0.5793
vu,mc,0.6628
vu,md,0.5094
vu,me,0.5899
vu,mf,0.5913
vu,mg,0.6006
vu,mh,0.5932
vu,mk,0.5718
vu,ml,0.5169
vu,mm,0.6022
vu,mn,0.5514
vu,mo,0.5882
vu,mp,0.6009
vu,mq,0.5439
vu,mr,0.5402
vu,ms,0.5414
vu,mt,0.6978
vu,mu,0.4666
vu,mv,0.463
vu,mw,0.3945
vu,mx,0.5588
vu,my,0.6001
vu,mz,0.5567
vu,na,0.4159
vu,nc,0.4844
vu,ne,0.5732
vu,nf,0.6043
vu,ng,0.6023
vu,ni,0.7259
vu,nl,0.6043
vu,no,0.5652
vu,np,0.4997
vu,nr,0.5785
vu,nu,0.6815
vu,nz,0.5562
vu,om,0.5144
vu,pa,0.6566
vu,pe,0.615
vu,pf,0.6562
vu,pg,0.3809
vu,ph,0.6525
vu,pk,0.6499
vu,pl,0.7309
vu,pm,0.5583
vu,pn,0.5142
vu,pr,0.6702
vu,ps,0.5688
vu,pt,0.5613
vu,pw,0.7493
vu,py,0.606
vu,qa,0.6665
vu,re,0.6871
vu,ro,0.5129
vu,rs,0.5996
vu,ru,0.6744
vu,rw,0.6395
vu,sa,0.5515
vu,sb,0.5385
vu,sc,0.5172
vu,sd,0.4952
vu,se,0.5804
vu,sg,0.71
vu,sh,0.5461
vu,si,0.7507
vu,sj,0.5652
vu,sk,0.6754
vu,sl,0.6857
vu,sm,0.7121
vu,sn,0.5503
vu,so,0.7116
vu,sr,0.543
vu,ss,0.5003
vu,st,0.5587
vu,sv,0.6978
vu,sx,0.5234
vu,sy,0.6244
vu,sz,0.5028
vu,tc,0.5445
vu,td,0.5034
vu,tf,0.588
vu,tg,0.5173
vu,th,0.5845
vu,tj,0.6339
vu,tk,0.578
vu,tl,0.5458
vu,tm,0.5286
vu,tn,0.648
vu,to,0.6522
vu,tr,0.6407
vu,tt,0.4777
vu,tv,0.6277
vu,tw,0.6523
vu,tz,0.5135
vu,ua,0.691
vu,ug,0.5634
vu,um,0.6044
vu,us,0.6044
vu,uy,0.7092
vu,uz,0.6767
vu,va,0.747
vu,vc,0.5343
vu,ve,0.5346
vu,vg,0.5271
vu,vi,0.7607
vu,vn,0.6786
vu,vu,0.0
vu,wf,0.5175
vu,ws,0.5066
vu,xk,0.5971
vu,ye,0.5667
vu,yt,0.8
vu,za,0.4595
vu,zm,0.5421
vu,zw,0.5762
wf,ad,0.4845
wf,ae,0.5966
wf,af,0.598
wf,ag,0.4697
wf,ai,0.66
wf,al,0.5928
wf,am,0.5941
wf,ao,0.4802
wf,aq,0.8082
wf,ar,0.7459
wf,as,0.6739
wf,at,0.4431
wf,au,0.6816
wf,aw,0.7364
wf,ax,0.6435
wf,az,0.6389
wf,ba,0.6739
wf,bb,0.6634
wf,bd,0.6797
wf,be,0.5987
wf,bf,0.6444
wf,bg,0.6639
wf,bh,0.6098
wf,bi,0.5655
wf,bj,0.5935
wf,bl,0.7644
wf,bm,0.2849
wf,bn,0.6423
wf,bo,0.595
wf,bq,0.733
wf,br,0.6793
wf,bs,0.6817
wf,bt,0.5898
wf,bv,0.5665
wf,bw,0.7248
wf,by,0.4142
wf,bz,0.6258
wf,ca,0.646
wf,cc,0.7454
wf,cd,0.6977
wf,cf,0.5763
wf,cg,0.5948
wf,ch,0.6206
wf,ci,0.7148
wf,ck,0.6617
wf,cl,0.6258
wf,cm,0.5036
wf,cn,0.5809
wf,co,0.5494
wf,cr,0.6601
wf,cu,0.6903
wf,cv,0.7011
wf,cw,0.705
wf,cx,0.678
wf,cy,0.8164
wf,cz,0.6379
wf,de,0.6115
wf,dj,0.7309
wf,dk,0.3927
wf,dm,0.6386
wf,do,0.5453
wf,dz,0.7326
wf,ec,0.6016
wf,ee,0.761
wf,eg,0.5566
wf,eh,0.6569
wf,er,0.5912
wf,es,0.5459
wf,et,0.575
wf,fi,0.7743
wf,fj,0.7004
wf,fk,0.6448
wf,fm,0.7816
wf,fo,0.7316
wf,fr,0.5789
wf,ga,0.6669
wf,gb-eng,0.695
wf,gb-nir,0.757
wf,gb-sct,0.7553
wf,gb-wls,0.6353
wf,gb,0.5119
wf,gd,0.4726
wf,ge,0.712
wf,gf,0.6913
wf,gg,0.7184
wf,gh,0.5095
wf,gi,0.6528
wf,gl,0.5539
wf,gm,0.5032
wf,gn,0.5432
wf,gp,0.6401
wf,gq,0.6082
wf,gr,0.7202
wf,gs,0.6392
wf,gt,0.7485
wf,gu,0.681
wf,gw,0.5507
wf,gy,0.6098
wf,hk,0.5836
wf,hm,0.7023
wf,hn,0.8391
wf,hr,0.6399
wf,ht,0.4771
wf,hu,0.6238
wf,id,0.7272
wf,ie,0.6785
wf,il,0.7631
wf,im,0.2575
wf,in,0.6492
wf,io,0.6297
wf,iq,0.5591
wf,ir,0.6214
wf,is,0.6491
wf,it,0.6654
wf,je,0.7111
wf,jm,0.6408
wf,jo,0.5891
wf,jp,0.7981
wf,ke,0.61
wf,kg,0.5929
wf,kh,0.5859
wf,ki,0.6052
wf,km,0.6362
wf,kn,0.5125
wf,kp,0.5909
wf,kr,0.7847
wf,kw,0.5574
wf,ky,0.6492
wf,kz,0.8011
wf,la,0.4782
wf,lb,0.5289
wf,lc,0.8072
wf,li,0.4463
wf,lk,0.5133
wf,lr,0.5707
wf,ls,0.7099
wf,lt,0.5797
wf,lu,0.7204
wf,lv,0.6
wf,ly,0.6506
wf,ma,0.5643
wf,mc,0.6081
wf,md,0.4867
wf,me,0.5555
wf,mf,0.5789
wf,mg,0.6557
wf,mh,0.681
wf,mk,0.5348
wf,ml,0.5082
wf,mm,0.5956
wf,mn,0.5899
wf,mo,0.726
wf,mp,0.7155
wf,mq,0.6317
wf,mr,0.6339
wf,ms,0.656
wf,mt,0.5578
wf,mu,0.6088
wf,mv,0.3947
wf,mw,0.5008
wf,mx,0.5603
wf,my,0.6009
wf,mz,0.6004
wf,na,0.5506
wf,nc,0.6249
wf,ne,0.6587
wf,nf,0.7236
wf,ng,0.7602
wf,ni,0.7729
wf,nl,0.647
wf,no,0.5665
wf,np,0.4906
wf,nr,0.7126
wf,nu,0.667
wf,nz,0.6784
wf,om,0.5104
wf,pa,0.6675
wf,pe,0.4877
wf,pf,0.5138
wf,pg,0.4722
wf,ph,0.539
wf,pk,0.7126
wf,pl,0.5485
wf,pm,0.65
wf,pn,0.6335
wf,pr,0.6582
wf,ps,0.6761
wf,pt,0.5809
wf,pw,0.8472
wf,py,0.6636
wf,qa,0.6267
wf,re,0.6592
wf,ro,0.4958
wf,rs,0.6584
wf,ru,0.6607
wf,rw,0.6919
wf,sa,0.7169
wf,sb,0.6558
wf,sc,0.5869
wf,sd,0.548
wf,se,0.6797
wf,sg,0.7012
wf,sh,0.6603
wf,si,0.695
wf,sj,0.5665
wf,sk,0.6345
wf,sl,0.7419
wf,sm,0.7506
wf,sn,0.6009
wf,so,0.7899
wf,sr,0.5963
wf,ss,0.6668
wf,st,0.659
wf,sv,0.7428
wf,sx,0.6198
wf,sy,0.6689
wf,sz,0.5676
wf,tc,0.663
wf,td,0.4926
wf,tf,0.6624
wf,tg,0.5776
wf,th,0.6235
wf,tj,0.6792
wf,tk,0.6617
wf,tl,0.5522
wf,tm,0.6922
wf,tn,0.591
wf,to,0.5997
wf,tr,0.5863
wf,tt,0.3573
wf,tv,0.766
wf,tw,0.5589
wf,tz,0.692
wf,ua,0.6934
wf,ug,0.5994
wf,um,0.5903
wf,us,0.5903
wf,uy,0.7505
wf,uz,0.6954
wf,va,0.7494
wf,vc,0.6294
wf,ve,0.4997
wf,vg,0.6431
wf,vi,0.7478
wf,vn,0.6159
wf,vu,0.5175
wf,wf,0.0
wf,ws,0.2978
wf,xk,0.6954
wf,ye,0.5718
wf,yt,0.7676
wf,za,0.6041
wf,zm,0.6743
wf,zw,0.6177
ws,ad,0.4543
ws,ae,0.6043
ws,af,0.5696
ws,ag,0.419
ws,ai,0.6217
ws,al,0.5919
ws,am,0.5731
ws,ao,0.4865
ws,aq,0.803
ws,ar,0.7658
ws,as,0.6527
ws,at,0.5062
ws,au,0.6321
ws,aw,0.7115
ws,ax,0.6457
ws,az,0.6077
ws,ba,0.6438
ws,bb,0.5961
ws,bd,0.6506
ws,be,0.5696
ws,bf,0.6646
ws,bg,0.6719
ws,bh,0.6463
ws,bi,0.5968
ws,bj,0.5563
ws,bl,0.8041
ws,bm,0.3024
ws,bn,0.6804
ws,bo,0.6205
ws,bq,0.747
ws,br,0.6522
ws,bs,0.64
ws,bt,0.6425
ws,bv,0.5419
ws,bw,0.7093
ws,by,0.43
ws,bz,0.5925
ws,ca,0.6692
ws,cc,0.721
ws,cd,0.6573
ws,cf,0.5888
ws,cg,0.544
ws,ch,0.6503
ws,ci,0.7457
ws,ck,0.6099
ws,cl,0.612
ws,cm,0.4797
ws,cn,0.6034
ws,co,0.5939
ws,cr,0.6531
ws,cu,0.6773
ws,cv,0.642
ws,cw,0.6058
ws,cx,0.608
ws,cy,0.8677
ws,cz,0.6431
ws,de,0.566
ws,dj,0.7426
ws,dk,0.4258
ws,dm,0.6119
ws,do,0.499
ws,dz,0.7179
ws,ec,0.6414
ws,ee,0.7018
ws,eg,0.6044
ws,eh,0.652
ws,er,0.5906
ws,es,0.5666
ws,et,0.5468
ws,fi,0.7546
ws,fj,0.7006
ws,fk,0.6068
ws,fm,0.7771
ws,fo,0.759
ws,fr,0.5556
ws,ga,0.6527
ws,gb-eng,0.7435
ws,gb-nir,0.7971
ws,gb-sct,0.7551
ws,gb-wls,0.6577
ws,gb,0.5191
ws,gd,0.4813
ws,ge,0.7546
ws,gf,0.6789
ws,gg,0.7627
ws,gh,0.5412
ws,gi,0.7049
ws,gl,0.6114
ws,gm,0.5084
ws,gn,0.5712
ws,gp,0.5809
ws,gq,0.609
ws,gr,0.7267
ws,gs,0.5922
ws,gt,0.7509
ws,gu,0.5807
ws,gw,0.5743
ws,gy,0.6121
ws,hk,0.6039
ws,hm,0.6958
ws,hn,0.8374
ws,hr,0.683
ws,ht,0.4101
ws,hu,0.6668
ws,id,0.7649
ws,ie,0.6696
ws,il,0.7847
ws,im,0.2957
ws,in,0.6982
ws,io,0.6204
ws,iq,0.6018
ws,ir,0.6361
ws,is,0.641
ws,it,0.649
ws,je,0.7567
ws,jm,0.6085
ws,jo,0.5936
ws,jp,0.8391
ws,ke,0.574
ws,kg,0.6148
ws,kh,0.559
ws,ki,0.6152
ws,km,0.6514
ws,kn,0.4513
ws,kp,0.5769
ws,kr,0.8165
ws,kw,0.5417
ws,ky,0.6025
ws,kz,0.765
ws,la,0.4222
ws,lb,0.5841
ws,lc,0.8017
ws,li,0.3182
ws,lk,0.5255
ws,lr,0.5659
ws,ls,0.7092
ws,lt,0.5839
ws,lu,0.7614
ws,lv,0.6099
ws,ly,0.6149
ws,ma,0.5718
ws,mc,0.6435
ws,md,0.4505
ws,me,0.5696
ws,mf,0.5556
ws,mg,0.696
ws,mh,0.6429
ws,mk,0.5657
ws,ml,0.4965
ws,mm,0.621
ws,mn,0.5693
ws,mo,0.6857
ws,mp,0.6716
ws,mq,0.6032
ws,mr,0.6088
ws,ms,0.6113
ws,mt,0.5933
ws,mu,0.5774
ws,mv,0.3788
ws,mw,0.463
ws,mx,0.5337
ws,my,0.5608
ws,mz,0.5503
ws,na,0.5018
ws,nc,0.6054
ws,ne,0.7022
ws,nf,0.7076
ws,ng,0.7459
ws,ni,0.7686
ws,nl,0.6758
ws,no,0.5419
ws,np,0.4855
ws,nr,0.6116
ws,nu,0.6647
ws,nz,0.6227
ws,om,0.5325
ws,pa,0.6997
ws,pe,0.5159
ws,pf,0.5753
ws,pg,0.453
ws,ph,0.503
ws,pk,0.7084
ws,pl,0.606
ws,pm,0.625
ws,pn,0.5898
ws,pr,0.6417
ws,ps,0.674
ws,pt,0.54
ws,pw,0.8342
ws,py,0.7029
ws,qa,0.6485
ws,re,0.632
ws,ro,0.439
ws,rs,0.6578
ws,ru,0.6633
ws,rw,0.6401
ws,sa,0.6671
ws,sb,0.595
ws,sc,0.5802
ws,sd,0.5786
ws,se,0.669
ws,sg,0.7427
ws,sh,0.6134
ws,si,0.6888
ws,sj,0.5419
ws,sk,0.6554
ws,sl,0.7505
ws,sm,0.7895
ws,sn,0.5751
ws,so,0.768
ws,sr,0.5814
ws,ss,0.6196
ws,st,0.6462
ws,sv,0.7369
ws,sx,0.6224
ws,sy,0.6637
ws,sz,0.5503
ws,tc,0.6159
ws,td,0.4368
ws,tf,0.6876
ws,tg,0.5932
ws,th,0.6103
ws,tj,0.7195
ws,tk,0.562
ws,tl,0.5526
ws,tm,0.6635
ws,tn,0.6091
ws,to,0.6003
ws,tr,0.5989
ws,tt,0.343
ws,tv,0.766
ws,tw,0.494
ws,tz,0.6581
ws,ua,0.6361
ws,ug,0.5858
ws,um,0.5613
ws,us,0.5613
ws,uy,0.7646
ws,uz,0.7027
ws,va,0.7998
ws,vc,0.6071
ws,ve,0.4885
ws,vg,0.5975
ws,vi,0.7763
ws,vn,0.6356
ws,vu,0.5066
ws,wf,0.2978
ws,ws,0.0
ws,xk,0.6551
ws,ye,0.619
ws,yt,0.8047
ws,za,0.5947
ws,zm,0.6243
ws,zw,0.6042
xk,ad,0.6203
xk,ae,0.6264
xk,af,0.5586
xk,ag,0.6466
xk,ai,0.5799
xk,al,0.8083
xk,am,0.6658
xk,ao,0.6501
xk,aq,0.6066
xk,ar,0.6442
xk,as,0.6051
xk,at,0.715
xk,au,0.5808
xk,aw,0.5864
xk,ax,0.5796
xk,az,0.5676
xk,ba,0.5722
xk,bb,0.5693
xk,bd,0.5777
xk,be,0.6632
xk,bf,0.6397
xk,bg,0.6723
xk,bh,0.7367
xk,bi,0.6407
xk,bj,0.6414
xk,bl,0.7639
xk,bm,0.6373
xk,bn,0.7428
xk,bo,0.6411
xk,bq,0.6417
xk,br,0.6001
xk,bs,0.5604
xk,bt,0.7437
xk,bv,0.6236
xk,bw,0.6043
xk,by,0.6379
xk,bz,0.5372
xk,ca,0.7704
xk,cc,0.681
xk,cd,0.5763
xk,cf,0.6382
xk,cg,0.6352
xk,ch,0.8007
xk,ci,0.6792
xk,ck,0.5579
xk,cl,0.6814
xk,cm,0.6462
xk,cn,0.7709
xk,co,0.7054
xk,cr,0.6178
xk,cu,0.6065
xk,cv,0.5356
xk,cw,0.5774
xk,cx,0.5489
xk,cy,0.8119
xk,cz,0.6711
xk,de,0.7177
xk,dj,0.6225
xk,dk,0.7026
xk,dm,0.5737
xk,do,0.6231
xk,dz,0.6775
xk,ec,0.7015
xk,ee,0.6483
xk,eg,0.6725
xk,eh,0.6163
xk,er,0.5965
xk,es,0.695
xk,et,0.6388
xk,fi,0.7088
xk,fj,0.5749
xk,fk,0.5533
xk,fm,0.6455
xk,fo,0.705
xk,fr,0.6372
xk,ga,0.5798
xk,gb-eng,0.7702
xk,gb-nir,0.7775
xk,gb-sct,0.6077
xk,gb-wls,0.624
xk,gb,0.5904
xk,gd,0.6194
xk,ge,0.7743
xk,gf,0.6973
xk,gg,0.7579
xk,gh,0.644
xk,gi,0.7497
xk,gl,0.7278
xk,gm,0.5891
xk,gn,0.6295
xk,gp,0.5621
xk,gq,0.642
xk,gr,0.6003
xk,gs,0.551
xk,gt,0.602
xk,gu,0.5491
xk,gw,0.6627
xk,gy,0.5707
xk,hk,0.7496
xk,hm,0.5961
xk,hn,0.6506
xk,hr,0.6581
xk,ht,0.574
xk,hu,0.6407
xk,id,0.7989
xk,ie,0.6606
xk,il,0.6867
xk,im,0.7218
xk,in,0.6675
xk,io,0.557
xk,iq,0.6711
xk,ir,0.6663
xk,is,0.5542
xk,it,0.638
xk,je,0.7682
xk,jm,0.6107
xk,jo,0.6191
xk,jp,0.8108
xk,ke,0.6109
xk,kg,0.8127
xk,kh,0.5645
xk,ki,0.6309
xk,km,0.6198
xk,kn,0.613
xk,kp,0.6104
xk,kr,0.7691
xk,kw,0.6251
xk,ky,0.5625
xk,kz,0.5642
xk,la,0.6055
xk,lb,0.7199
xk,lc,0.6547
xk,li,0.5983
xk,lk,0.629
xk,lr,0.6401
xk,ls,0.6138
xk,lt,0.6518
xk,lu,0.6627
xk,lv,0.6652
xk,ly,0.6386
xk,ma,0.7026
xk,mc,0.7493
xk,md,0.6058
xk,me,0.7557
xk,mf,0.6372
xk,mg,0.6863
xk,mh,0.5525
xk,mk,0.6968
xk,ml,0.6457
xk,mm,0.6824
xk,mn,0.6432
xk,mo,0.5678
xk,mp,0.5192
xk,mq,0.594
xk,mr,0.6027
xk,ms,0.5573
xk,mt,0.7369
xk,mu,0.5991
xk,mv,0.6484
xk,mw,0.5957
xk,mx,0.6239
xk,my,0.6372
xk,mz,0.6415
xk,na,0.5398
xk,nc,0.5552
xk,ne,0.6765
xk,nf,0.614
xk,ng,0.6217
xk,ni,0.6098
xk,nl,0.6237
xk,no,0.6236
xk,np,0.5568
xk,nr,0.5937
xk,nu,0.7846
xk,nz,0.5794
xk,om,0.6686
xk,pa,0.6921
xk,pe,0.7283
xk,pf,0.7132
xk,pg,0.6555
xk,ph,0.6162
xk,pk,0.6532
xk,pl,0.7436
xk,pm,0.5423
xk,pn,0.5483
xk,pr,0.6867
xk,ps,0.6305
xk,pt,0.706
xk,pw,0.6163
xk,py,0.6388
xk,qa,0.6845
xk,re,0.5991
xk,ro,0.6175
xk,rs,0.637
xk,ru,0.6639
xk,rw,0.5693
xk,sa,0.6047
xk,sb,0.526
xk,sc,0.6095
xk,sd,0.6356
xk,se,0.5849
xk,sg,0.7479
xk,sh,0.5728
xk,si,0.718
xk,sj,0.6236
xk,sk,0.6673
xk,sl,0.6116
xk,sm,0.6639
xk,sn,0.6414
xk,so,0.5994
xk,sr,0.5858
xk,ss,0.5685
xk,st,0.6362
xk,sv,0.6003
xk,sx,0.6189
xk,sy,0.6211
xk,sz,0.4758
xk,tc,0.5797
xk,td,0.6232
xk,tf,0.5517
xk,tg,0.6315
xk,th,0.6152
xk,tj,0.698
xk,tk,0.5819
xk,tl,0.696
xk,tm,0.5941
xk,tn,0.7689
xk,to,0.753
xk,tr,0.7647
xk,tt,0.675
xk,tv,0.5686
xk,tw,0.7434
xk,tz,0.5795
xk,ua,0.6682
xk,ug,0.6943
xk,um,0.5901
xk,us,0.5901
xk,uy,0.6582
xk,uz,0.5981
xk,va,0.7941
xk,vc,0.6088
xk,ve,0.6651
xk,vg,0.5565
xk,vi,0.7279
xk,vn,0.8302
xk,vu,0.5971
xk,wf,0.6954
xk,ws,0.6551
xk,xk,0.0
xk,ye,0.6822
xk,yt,0.7548
xk,za,0.5688
xk,zm,0.656
xk,zw,0.6716
ye,ad,0.6222
ye,ae,0.3849
ye,af,0.5852
ye,ag,0.5954
ye,ai,0.6258
ye,al,0.7372
ye,am,0.6718
ye,ao,0.5186
ye,aq,0.7086
ye,ar,0.6314
ye,as,0.5699
ye,at,0.3352
ye,au,0.6668
ye,aw,0.7155
ye,ax,0.6624
ye,az,0.6826
ye,ba,0.6708
ye,bb,0.6988
ye,bd,0.6863
ye,be,0.6401
ye,bf,0.5958
ye,bg,0.7076
ye,bh,0.6756
ye,bi,0.6039
ye,bj,0.6484
ye,bl,0.7453
ye,bm,0.5315
ye,bn,0.6705
ye,bo,0.4542
ye,bq,0.6451
ye,br,0.6605
ye,bs,0.652
ye,bt,0.6396
ye,bv,0.5711
ye,bw,0.7533
ye,by,0.5239
ye,bz,0.6201
ye,ca,0.7471
ye,cc,0.7354
ye,cd,0.7033
ye,cf,0.6066
ye,cg,0.6736
ye,ch,0.6463
ye,ci,0.6778
ye,ck,0.6446
ye,cl,0.6634
ye,cm,0.6163
ye,cn,0.7055
ye,co,0.6148
ye,cr,0.7196
ye,cu,0.6674
ye,cv,0.6803
ye,cw,0.7249
ye,cx,0.6564
ye,cy,0.7819
ye,cz,0.6632
ye,de,0.7502
ye,dj,0.624
ye,dk,0.4987
ye,dm,0.6095
ye,do,0.4918
ye,dz,0.6989
ye,ec,0.6323
ye,ee,0.9148
ye,eg,0.0634
ye,eh,0.4463
ye,er,0.6507
ye,es,0.5835
ye,et,0.6167
ye,fi,0.8437
ye,fj,0.6571
ye,fk,0.6188
ye,fm,0.744
ye,fo,0.7832
ye,fr,0.6339
ye,ga,0.6455
ye,gb-eng,0.7895
ye,gb-nir,0.8136
ye,gb-sct,0.7079
ye,gb-wls,0.6023
ye,gb,0.5857
ye,gd,0.6029
ye,ge,0.7924
ye,gf,0.7462
ye,gg,0.7964
ye,gh,0.4545
ye,gi,0.6024
ye,gl,0.6124
ye,gm,0.4782
ye,gn,0.6224
ye,gp,0.663
ye,gq,0.5248
ye,gr,0.6402
ye,gs,0.6278
ye,gt,0.7073
ye,gu,0.6739
ye,gw,0.579
ye,gy,0.6268
ye,hk,0.6543
ye,hm,0.6891
ye,hn,0.6761
ye,hr,0.3719
ye,ht,0.6196
ye,hu,0.3453
ye,id,0.7361
ye,ie,0.6621
ye,il,0.6442
ye,im,0.5816
ye,in,0.3567
ye,io,0.6027
ye,iq,0.0946
ye,ir,0.5007
ye,is,0.6099
ye,it,0.6589
ye,je,0.685
ye,jm,0.6843
ye,jo,0.4385
ye,jp,0.7986
ye,ke,0.6077
ye,kg,0.7164
ye,kh,0.6192
ye,ki,0.6063
ye,km,0.5625
ye,kn,0.6323
ye,kp,0.6443
ye,kr,0.7392
ye,kw,0.513
ye,ky,0.6376
ye,kz,0.7381
ye,la,0.5653
ye,lb,0.4708
ye,lc,0.7819
ye,li,0.6634
ye,lk,0.6005
ye,lr,0.6204
ye,ls,0.4986
ye,lt,0.6634
ye,lu,0.4593
ye,lv,0.5079
ye,ly,0.6639
ye,ma,0.6717
ye,mc,0.6778
ye,md,0.625
ye,me,0.6783
ye,mf,0.6339
ye,mg,0.6172
ye,mh,0.6396
ye,mk,0.6179
ye,ml,0.624
ye,mm,0.6185
ye,mn,0.6366
ye,mo,0.6785
ye,mp,0.689
ye,mq,0.6547
ye,mr,0.6334
ye,ms,0.6327
ye,mt,0.6385
ye,mu,0.5973
ye,mv,0.5815
ye,mw,0.577
ye,mx,0.6395
ye,my,0.6908
ye,mz,0.754
ye,na,0.6016
ye,nc,0.6145
ye,ne,0.4163
ye,nf,0.6977
ye,ng,0.7092
ye,ni,0.5787
ye,nl,0.3492
ye,no,0.5711
ye,np,0.5809
ye,nr,0.6989
ye,nu,0.7287
ye,nz,0.6646
ye,om,0.6148
ye,pa,0.639
ye,pe,0.6195
ye,pf,0.4562
ye,pg,0.5351
ye,ph,0.632
ye,pk,0.697
ye,pl,0.6196
ye,pm,0.6089
ye,pn,0.6154
ye,pr,0.671
ye,ps,0.4438
ye,pt,0.6653
ye,pw,0.8
ye,py,0.3668
ye,qa,0.6626
ye,re,0.6808
ye,ro,0.6213
ye,rs,0.7304
ye,ru,0.7255
ye,rw,0.6703
ye,sa,0.7061
ye,sb,0.6522
ye,sc,0.5807
ye,sd,0.2822
ye,se,0.656
ye,sg,0.7017
ye,sh,0.6385
ye,si,0.7566
ye,sj,0.5711
ye,sk,0.6969
ye,sl,0.5191
ye,sm,0.673
ye,sn,0.6614
ye,so,0.7348
ye,sr,0.6889
ye,ss,0.5957
ye,st,0.6376
ye,sv,0.5386
ye,sx,0.572
ye,sy,0.3843
ye,sz,0.6375
ye,tc,0.6383
ye,td,0.6229
ye,tf,0.6581
ye,tg,0.6238
ye,th,0.7259
ye,tj,0.3776
ye,tk,0.7097
ye,tl,0.6479
ye,tm,0.6911
ye,tn,0.6716
ye,to,0.6836
ye,tr,0.6878
ye,tt,0.5707
ye,tv,0.6903
ye,tw,0.7404
ye,tz,0.6664
ye,ua,0.7715
ye,ug,0.7015
ye,um,0.6287
ye,us,0.6287
ye,uy,0.7158
ye,uz,0.4949
ye,va,0.7469
ye,vc,0.6665
ye,ve,0.6463
ye,vg,0.6294
ye,vi,0.7353
ye,vn,0.7346
ye,vu,0.5667
ye,wf,0.5718
ye,ws,0.619
ye,xk,0.6822
ye,ye,0.0
ye,yt,0.75
ye,za,0.5843
ye,zm,0.7039
ye,zw,0.6748
yt,ad,0.7539
yt,ae,0.764
yt,af,0.8261
yt,ag,0.8096
yt,ai,0.7954
yt,al,0.8811
yt,am,0.749
yt,ao,0.8911
yt,aq,0.6353
yt,ar,0.473
yt,as,0.7379
yt,at,0.6728
yt,au,0.8103
yt,aw,0.6438
yt,ax,0.7303
yt,az,0.6866
yt,ba,0.7919
yt,bb,0.7945
yt,bd,0.8282
yt,be,0.8026
yt,bf,0.768
yt,bg,0.5797
yt,bh,0.5994
yt,bi,0.5971
yt,bj,0.7327
yt,bl,0.2072
yt,bm,0.7046
yt,bn,0.6184
yt,bo,0.7378
yt,bq,0.6247
yt,br,0.7745
yt,bs,0.8041
yt,bt,0.6377
yt,bv,0.7208
yt,bw,0.6274
yt,by,0.7664
yt,bz,0.783
yt,ca,0.6782
yt,cc,0.9051
yt,cd,0.7115
yt,cf,0.6219
yt,cg,0.7162
yt,ch,0.8295
yt,ci,0.6277
yt,ck,0.791
yt,cl,0.6102
yt,cm,0.7124
yt,cn,0.8153
yt,co,0.7334
yt,cr,0.6173
yt,cu,0.6704
yt,cv,0.7536
yt,cw,0.8269
yt,cx,0.8095
yt,cy,0.263
yt,cz,0.5963
yt,de,0.8433
yt,dj,0.5529
yt,dk,0.7114
yt,dm,0.7759
yt,do,0.6863
yt,dz,0.5797
yt,ec,0.6965
yt,ee,0.6586
yt,eg,0.747
yt,eh,0.7884
yt,er,0.6874
yt,es,0.7534
yt,et,0.739
yt,fi,0.4661
yt,fj,0.5716
yt,fk,0.7735
yt,fm,0.6104
yt,fo,0.3646
yt,fr,0.7049
yt,ga,0.6871
yt,gb-eng,0.3542
yt,gb-nir,0.3814
yt,gb-sct,0.5824
yt,gb-wls,0.5643
yt,gb,0.6092
yt,gd,0.7136
yt,ge,0.4394
yt,gf,0.7467
yt,gg,0.3722
yt,gh,0.7494
yt,gi,0.5036
yt,gl,0.5428
yt,gm,0.7193
yt,gn,0.7374
yt,gp,0.8856
yt,gq,0.6744
yt,gr,0.5357
yt,gs,0.7897
yt,gt,0.5323
yt,gu,0.8384
yt,gw,0.7353
yt,gy,0.6915
yt,hk,0.7941
yt,hm,0.8304
yt,hn,0.6122
yt,hr,0.6725
yt,ht,0.7591
yt,hu,0.5987
yt,id,0.6068
yt,ie,0.5726
yt,il,0.4434
yt,im,0.818
yt,in,0.6251
yt,io,0.5583
yt,iq,0.7499
yt,ir,0.6342
yt,is,0.7071
yt,it,0.6468
yt,je,0.359
yt,jm,0.8239
yt,jo,0.7905
yt,jp,0.2651
yt,ke,0.8456
yt,kg,0.8825
yt,kh,0.7863
yt,ki,0.679
yt,km,0.6338
yt,kn,0.7982
yt,kp,0.7233
yt,kr,0.276
yt,kw,0.7537
yt,ky,0.7889
yt,kz,0.7201
yt,la,0.8061
yt,lb,0.5626
yt,lc,0.5882
yt,li,0.8012
yt,lk,0.663
yt,lr,0.5699
yt,ls,0.6517
yt,lt,0.7136
yt,lu,0.5912
yt,lv,0.7189
yt,ly,0.8723
yt,ma,0.7953
yt,mc,0.5523
yt,md,0.731
yt,me,0.8229
yt,mf,0.7049
yt,mg,0.5752
yt,mh,0.7489
yt,mk,0.7023
yt,ml,0.7359
yt,mm,0.6737
yt,mn,0.735
yt,mo,0.8014
yt,mp,0.7919
yt,mq,0.8072
yt,mr,0.758
yt,ms,0.7952
yt,mt,0.544
yt,mu,0.716
yt,mv,0.7811
yt,mw,0.821
yt,mx,0.6731
yt,my,0.6262
yt,mz,0.7351
yt,na,0.7348
yt,nc,0.7504
yt,ne,0.6357
yt,nf,0.6959
yt,ng,0.7004
yt,ni,0.6523
yt,nl,0.6368
yt,no,0.7208
yt,np,0.6794
yt,nr,0.8704
yt,nu,0.6888
yt,nz,0.8234
yt,om,0.6599
yt,pa,0.5718
yt,pe,0.6946
yt,pf,0.5687
yt,pg,0.8739
yt,ph,0.6768
yt,pk,0.7358
yt,pl,0.5227
yt,pm,0.6263
yt,pn,0.7819
yt,pr,0.6817
yt,ps,0.7719
yt,pt,0.8604
yt,pw,0.7487
yt,py,0.6419
yt,qa,0.6152
yt,re,0.6854
yt,ro,0.7635
yt,rs,0.536
yt,ru,0.5826
yt,rw,0.7029
yt,sa,0.8813
yt,sb,0.7501
yt,sc,0.6535
yt,sd,0.7797
yt,se,0.7657
yt,sg,0.4827
yt,sh,0.8067
yt,si,0.6587
yt,sj,0.7208
yt,sk,0.5652
yt,sl,0.6234
yt,sm,0.3611
yt,sn,0.7311
yt,so,0.6869
yt,sr,0.6444
yt,ss,0.771
yt,st,0.7611
yt,sv,0.6824
yt,sx,0.6935
yt,sy,0.7712
yt,sz,0.6925
yt,tc,0.8038
yt,td,0.7811
yt,tf,0.7111
yt,tg,0.7307
yt,th,0.6033
yt,tj,0.6878
yt,tk,0.8263
yt,tl,0.799
yt,tm,0.8023
yt,tn,0.848
yt,to,0.7995
yt,tr,0.833
yt,tt,0.7602
yt,tv,0.685
yt,tw,0.8549
yt,tz,0.7683
yt,ua,0.7228
yt,ug,0.819
yt,um,0.5586
yt,us,0.5586
yt,uy,0.44
yt,uz,0.5783
yt,va,0.4988
yt,vc,0.7369
yt,ve,0.7293
yt,vg,0.7876
yt,vi,0.2397
yt,vn,0.9018
yt,vu,0.8
yt,wf,0.7676
yt,ws,0.8047
yt,xk,0.7548
yt,ye,0.75
yt,yt,0.0
yt,za,0.7292
yt,zm,0.8562
yt,zw,0.7219
za,ad,0.5516
za,ae,0.5709
za,af,0.4969
za,ag,0.5801
za,ai,0.5529
za,al,0.6935
za,am,0.5754
za,ao,0.5277
za,aq,0.6594
za,ar,0.6606
za,as,0.5909
za,at,0.6462
za,au,0.5677
za,aw,0.6198
za,ax,0.5669
za,az,0.6021
za,ba,0.5436
za,bb,0.5677
za,bd,0.5026
za,be,0.5702
za,bf,0.484
za,bg,0.6082
za,bh,0.6826
za,bi,0.5816
za,bj,0.5395
za,bl,0.7382
za,bm,0.5601
za,bn,0.6204
za,bo,0.5041
za,bq,0.6055
za,br,0.5506
za,bs,0.5349
za,bt,0.626
za,bv,0.5316
za,bw,0.5748
za,by,0.5436
za,bz,0.497
za,ca,0.6904
za,cc,0.6222
za,cd,0.5846
za,cf,0.6157
za,cg,0.5658
za,ch,0.7003
za,ci,0.6319
za,ck,0.545
za,cl,0.6346
za,cm,0.5313
za,cn,0.676
za,co,0.5646
za,cr,0.5957
za,cu,0.5518
za,cv,0.6042
za,cw,0.5863
za,cx,0.5139
za,cy,0.7887
za,cz,0.6163
za,de,0.6848
za,dj,0.6402
za,dk,0.6476
za,dm,0.5422
za,do,0.5822
za,dz,0.6289
za,ec,0.572
za,ee,0.6803
za,eg,0.5719
za,eh,0.5455
za,er,0.5572
za,es,0.5839
za,et,0.579
za,fi,0.6798
za,fj,0.5753
za,fk,0.5371
za,fm,0.6654
za,fo,0.6843
za,fr,0.5922
za,ga,0.568
za,gb-eng,0.7195
za,gb-nir,0.7232
za,gb-sct,0.6565
za,gb-wls,0.5648
za,gb,0.5629
za,gd,0.511
za,ge,0.7129
za,gf,0.6681
za,gg,0.7081
za,gh,0.5095
za,gi,0.701
za,gl,0.6775
za,gm,0.4364
za,gn,0.5849
za,gp,0.5555
za,gq,0.5996
za,gr,0.5986
za,gs,0.5327
za,gt,0.6268
za,gu,0.551
za,gw,0.5146
za,gy,0.5307
za,hk,0.652
za,hm,0.5456
za,hn,0.7027
za,hr,0.5454
za,ht,0.5925
za,hu,0.5643
za,id,0.7226
za,ie,0.6013
za,il,0.6856
za,im,0.6382
za,in,0.5526
za,io,0.5391
za,iq,0.5611
za,ir,0.6472
za,is,0.5798
za,it,0.5791
za,je,0.7285
za,jm,0.5413
za,jo,0.5547
za,jp,0.7921
za,ke,0.5456
za,kg,0.7067
za,kh,0.5536
za,ki,0.5592
za,km,0.4969
za,kn,0.5523
za,kp,0.5826
za,kr,0.7377
za,kw,0.5838
za,ky,0.5465
za,kz,0.612
za,la,0.5477
za,lb,0.6453
za,lc,0.6983
za,li,0.6094
za,lk,0.5219
za,lr,0.5874
za,ls,0.6029
za,lt,0.4819
za,lu,0.5708
za,lv,0.6293
za,ly,0.5211
za,ma,0.6137
za,mc,0.6972
za,md,0.556
za,me,0.6468
za,mf,0.5922
za,mg,0.5814
za,mh,0.5553
za,mk,0.6074
za,ml,0.5603
za,mm,0.5402
za,mn,0.5599
za,mo,0.5742
za,mp,0.5641
za,mq,0.555
za,mr,0.5317
za,ms,0.5412
za,mt,0.6931
za,mu,0.4994
za,mv,0.551
za,mw,0.5439
za,mx,0.5352
za,my,0.5825
za,mz,0.6297
za,na,0.4875
za,nc,0.558
za,ne,0.574
za,nf,0.5794
za,ng,0.6086
za,ni,0.6537
za,nl,0.5571
za,no,0.5316
za,np,0.5238
za,nr,0.6053
za,nu,0.6981
za,nz,0.5665
za,om,0.5965
za,pa,0.6309
za,pe,0.6588
za,pf,0.6479
za,pg,0.5164
za,ph,0.6587
za,pk,0.6523
za,pl,0.6982
za,pm,0.5537
za,pn,0.5241
za,pr,0.6223
za,ps,0.5598
za,pt,0.5957
za,pw,0.6937
za,py,0.551
za,qa,0.6483
za,re,0.6401
za,ro,0.5653
za,rs,0.5908
za,ru,0.6165
za,rw,0.5992
za,sa,0.5706
za,sb,0.5434
za,sc,0.4979
za,sd,0.5047
za,se,0.5916
za,sg,0.6711
za,sh,0.5485
za,si,0.6847
za,sj,0.5316
za,sk,0.6142
za,sl,0.6056
za,sm,0.635
za,sn,0.5527
za,so,0.649
za,sr,0.5591
za,ss,0.5578
za,st,0.5718
za,sv,0.6317
za,sx,0.5449
za,sy,0.5927
za,sz,0.5039
za,tc,0.553
za,td,0.5644
za,tf,0.5525
za,tg,0.5012
za,th,0.5609
za,tj,0.6133
za,tk,0.6009
za,tl,0.6061
za,tm,0.5515
za,tn,0.67
za,to,0.6763
za,tr,0.6795
za,tt,0.5713
za,tv,0.5907
za,tw,0.6702
za,tz,0.514
za,ua,0.6981
za,ug,0.6167
za,um,0.5617
za,us,0.5617
za,uy,0.6666
za,uz,0.6267
za,va,0.7163
za,vc,0.543
za,ve,0.5444
za,vg,0.5365
za,vi,0.6961
za,vn,0.729
za,vu,0.4595
za,wf,0.6041
za,ws,0.5947
za,xk,0.5688
za,ye,0.5843
za,yt,0.7292
za,za,0.0
za,zm,0.5806
za,zw,0.6134
zm,ad,0.6021
zm,ae,0.6371
zm,af,0.5419
zm,ag,0.5985
zm,ai,0.636
zm,al,0.7078
zm,am,0.6224
zm,ao,0.5924
zm,aq,0.7841
zm,ar,0.7902
zm,as,0.6762
zm,at,0.7491
zm,au,0.6358
zm,aw,0.711
zm,ax,0.6178
zm,az,0.5964
zm,ba,0.6341
zm,bb,0.6208
zm,bd,0.601
zm,be,0.5823
zm,bf,0.6137
zm,bg,0.6945
zm,bh,0.7275
zm,bi,0.6771
zm,bj,0.5539
zm,bl,0.8533
zm,bm,0.6418
zm,bn,0.6902
zm,bo,0.5758
zm,bq,0.7323
zm,br,0.5488
zm,bs,0.5705
zm,bt,0.6593
zm,bv,0.6326
zm,bw,0.7028
zm,by,0.6037
zm,bz,0.6314
zm,ca,0.7745
zm,cc,0.2839
zm,cd,0.7123
zm,cf,0.6414
zm,cg,0.5544
zm,ch,0.7682
zm,ci,0.7311
zm,ck,0.6157
zm,cl,0.7128
zm,cm,0.5771
zm,cn,0.7225
zm,co,0.6269
zm,cr,0.6967
zm,cu,0.7054
zm,cv,0.6591
zm,cw,0.6292
zm,cx,0.5378
zm,cy,0.9159
zm,cz,0.7112
zm,de,0.5973
zm,dj,0.7153
zm,dk,0.7161
zm,dm,0.5446
zm,do,0.6857
zm,dz,0.7158
zm,ec,0.6279
zm,ee,0.705
zm,eg,0.6896
zm,eh,0.6177
zm,er,0.6163
zm,es,0.6082
zm,et,0.5416
zm,fi,0.7993
zm,fj,0.6961
zm,fk,0.6195
zm,fm,0.7829
zm,fo,0.8118
zm,fr,0.6751
zm,ga,0.5934
zm,gb-eng,0.8547
zm,gb-nir,0.8587
zm,gb-sct,0.7592
zm,gb-wls,0.6589
zm,gb,0.6582
zm,gd,0.5738
zm,ge,0.8353
zm,gf,0.6181
zm,gg,0.8316
zm,gh,0.5879
zm,gi,0.7906
zm,gl,0.7822
zm,gm,0.5919
zm,gn,0.6381
zm,gp,0.5359
zm,gq,0.6279
zm,gr,0.7356
zm,gs,0.5984
zm,gt,0.7659
zm,gu,0.612
zm,gw,0.6141
zm,gy,0.5872
zm,hk,0.721
zm,hm,0.6837
zm,hn,0.8029
zm,hr,0.7303
zm,ht,0.619
zm,hu,0.695
zm,id,0.8352
zm,ie,0.6842
zm,il,0.8202
zm,im,0.6889
zm,in,0.6869
zm,io,0.6503
zm,iq,0.6832
zm,ir,0.6798
zm,is,0.6561
zm,it,0.6586
zm,je,0.8545
zm,jm,0.5365
zm,jo,0.6205
zm,jp,0.9062
zm,ke,0.5333
zm,kg,0.7344
zm,kh,0.6272
zm,ki,0.6491
zm,km,0.6239
zm,kn,0.4958
zm,kp,0.6449
zm,kr,0.8551
zm,kw,0.6198
zm,ky,0.6131
zm,kz,0.686
zm,la,0.6256
zm,lb,0.7491
zm,lc,0.8033
zm,li,0.5961
zm,lk,0.551
zm,lr,0.6968
zm,ls,0.6906
zm,lt,0.5738
zm,lu,0.7709
zm,lv,0.6785
zm,ly,0.56
zm,ma,0.6544
zm,mc,0.8052
zm,md,0.5754
zm,me,0.6581
zm,mf,0.6751
zm,mg,0.7175
zm,mh,0.6518
zm,mk,0.6372
zm,ml,0.553
zm,mm,0.6284
zm,mn,0.6034
zm,mo,0.6091
zm,mp,0.6621
zm,mq,0.5512
zm,mr,0.5695
zm,ms,0.6136
zm,mt,0.7813
zm,mu,0.5795
zm,mv,0.6017
zm,mw,0.5257
zm,mx,0.6305
zm,my,0.6605
zm,mz,0.5724
zm,na,0.5822
zm,nc,0.5632
zm,ne,0.6727
zm,nf,0.6454
zm,ng,0.7017
zm,ni,0.7612
zm,nl,0.7029
zm,no,0.6326
zm,np,0.5795
zm,nr,0.6308
zm,nu,0.7
zm,nz,0.6301
zm,om,0.687
zm,pa,0.7411
zm,pe,0.7495
zm,pf,0.7541
zm,pg,0.559
zm,ph,0.6601
zm,pk,0.665
zm,pl,0.804
zm,pm,0.6097
zm,pn,0.5921
zm,pr,0.7339
zm,ps,0.6371
zm,pt,0.5829
zm,pw,0.7899
zm,py,0.7152
zm,qa,0.7134
zm,re,0.7037
zm,ro,0.5838
zm,rs,0.6997
zm,ru,0.7144
zm,rw,0.6169
zm,sa,0.5646
zm,sb,0.5664
zm,sc,0.6305
zm,sd,0.6405
zm,se,0.6173
zm,sg,0.8156
zm,sh,0.6225
zm,si,0.7882
zm,sj,0.6326
zm,sk,0.7216
zm,sl,0.6978
zm,sm,0.7968
zm,sn,0.5607
zm,so,0.7638
zm,sr,0.6
zm,ss,0.5708
zm,st,0.565
zm,sv,0.7343
zm,sx,0.6462
zm,sy,0.6229
zm,sz,0.5759
zm,tc,0.6201
zm,td,0.5752
zm,tf,0.6677
zm,tg,0.593
zm,th,0.6583
zm,tj,0.7246
zm,tk,0.6013
zm,tl,0.6113
zm,tm,0.5542
zm,tn,0.7295
zm,to,0.7063
zm,tr,0.7195
zm,tt,0.6414
zm,tv,0.6981
zm,tw,0.6964
zm,tz,0.5687
zm,ua,0.6628
zm,ug,0.5904
zm,um,0.6568
zm,us,0.6568
zm,uy,0.7827
zm,uz,0.7093
zm,va,0.7885
zm,vc,0.5702
zm,ve,0.6065
zm,vg,0.6032
zm,vi,0.8192
zm,vn,0.7554
zm,vu,0.5421
zm,wf,0.6743
zm,ws,0.6243
zm,xk,0.656
zm,ye,0.7039
zm,yt,0.8562
zm,za,0.5806
zm,zm,0.0
zm,zw,0.587
zw,ad,0.5777
zw,ae,0.6689
zw,af,0.5908
zw,ag,0.5761
zw,ai,0.6555
zw,al,0.6536
zw,am,0.5615
zw,ao,0.5973
zw,aq,0.7617
zw,ar,0.7233
zw,as,0.6944
zw,at,0.6835
zw,au,0.6425
zw,aw,0.6782
zw,ax,0.6014
zw,az,0.585
zw,ba,0.6504
zw,bb,0.6378
zw,bd,0.6136
zw,be,0.6288
zw,bf,0.5952
zw,bg,0.6488
zw,bh,0.5584
zw,bi,0.651
zw,bj,0.5612
zw,bl,0.7236
zw,bm,0.5775
zw,bn,0.6342
zw,bo,0.5623
zw,bq,0.6469
zw,br,0.5691
zw,bs,0.6832
zw,bt,0.5579
zw,bv,0.589
zw,bw,0.6636
zw,by,0.5325
zw,bz,0.6783
zw,ca,0.6894
zw,cc,0.6365
zw,cd,0.6921
zw,cf,0.5749
zw,cg,0.5766
zw,ch,0.7002
zw,ci,0.6801
zw,ck,0.6256
zw,cl,0.673
zw,cm,0.5512
zw,cn,0.6425
zw,co,0.568
zw,cr,0.5346
zw,cu,0.6266
zw,cv,0.6635
zw,cw,0.6551
zw,cx,0.6102
zw,cy,0.7838
zw,cz,0.6759
zw,de,0.5305
zw,dj,0.6219
zw,dk,0.6568
zw,dm,0.5718
zw,do,0.6539
zw,dz,0.7367
zw,ec,0.5657
zw,ee,0.6819
zw,eg,0.6594
zw,eh,0.656
zw,er,0.5573
zw,es,0.5641
zw,et,0.5451
zw,fi,0.7067
zw,fj,0.6556
zw,fk,0.6288
zw,fm,0.7454
zw,fo,0.6988
zw,fr,0.6901
zw,ga,0.5944
zw,gb-eng,0.7138
zw,gb-nir,0.7214
zw,gb-sct,0.7296
zw,gb-wls,0.5806
zw,gb,0.5837
zw,gd,0.5153
zw,ge,0.6952
zw,gf,0.5483
zw,gg,0.6885
zw,gh,0.553
zw,gi,0.6675
zw,gl,0.6842
zw,gm,0.5513
zw,gn,0.5724
zw,gp,0.5907
zw,gq,0.6245
zw,gr,0.6556
zw,gs,0.6097
zw,gt,0.7199
zw,gu,0.6819
zw,gw,0.5687
zw,gy,0.5627
zw,hk,0.6575
zw,hm,0.6828
zw,hn,0.7857
zw,hr,0.6747
zw,ht,0.6365
zw,hu,0.6342
zw,id,0.713
zw,ie,0.6741
zw,il,0.778
zw,im,0.6374
zw,in,0.6259
zw,io,0.5995
zw,iq,0.6506
zw,ir,0.6248
zw,is,0.6638
zw,it,0.6697
zw,je,0.7144
zw,jm,0.5871
zw,jo,0.6433
zw,jp,0.7522
zw,ke,0.5184
zw,kg,0.6718
zw,kh,0.6111
zw,ki,0.5747
zw,km,0.5963
zw,kn,0.5442
zw,kp,0.5283
zw,kr,0.7397
zw,kw,0.7017
zw,ky,0.6214
zw,kz,0.7207
zw,la,0.6594
zw,lb,0.658
zw,lc,0.7497
zw,li,0.6039
zw,lk,0.5354
zw,lr,0.6248
zw,ls,0.6708
zw,lt,0.5529
zw,lu,0.7076
zw,lv,0.6415
zw,ly,0.6064
zw,ma,0.6064
zw,mc,0.6924
zw,md,0.5504
zw,me,0.6033
zw,mf,0.6901
zw,mg,0.5633
zw,mh,0.6642
zw,mk,0.5682
zw,ml,0.5409
zw,mm,0.5777
zw,mn,0.5939
zw,mo,0.6685
zw,mp,0.6855
zw,mq,0.5631
zw,mr,0.6204
zw,ms,0.631
zw,mt,0.6317
zw,mu,0.5474
zw,mv,0.6201
zw,mw,0.5275
zw,mx,0.6445
zw,my,0.6107
zw,mz,0.531
zw,na,0.5611
zw,nc,0.5643
zw,ne,0.6076
zw,nf,0.6843
zw,ng,0.7173
zw,ni,0.7546
zw,nl,0.6616
zw,no,0.589
zw,np,0.5157
zw,nr,0.6964
zw,nu,0.5789
zw,nz,0.6465
zw,om,0.6135
zw,pa,0.6732
zw,pe,0.6974
zw,pf,0.6547
zw,pg,0.6078
zw,ph,0.5576
zw,pk,0.577
zw,pl,0.7019
zw,pm,0.562
zw,pn,0.6046
zw,pr,0.6705
zw,ps,0.658
zw,pt,0.589
zw,pw,0.7892
zw,py,0.6699
zw,qa,0.5629
zw,re,0.673
zw,ro,0.5707
zw,rs,0.6133
zw,ru,0.6483
zw,rw,0.6221
zw,sa,0.6511
zw,sb,0.5832
zw,sc,0.5735
zw,sd,0.6883
zw,se,0.6442
zw,sg,0.6857
zw,sh,0.6411
zw,si,0.713
zw,sj,0.589
zw,sk,0.6407
zw,sl,0.6902
zw,sm,0.7
zw,sn,0.5833
zw,so,0.7597
zw,sr,0.4755
zw,ss,0.5557
zw,st,0.5413
zw,sv,0.7345
zw,sx,0.5283
zw,sy,0.6548
zw,sz,0.5109
zw,tc,0.6402
zw,td,0.5704
zw,tf,0.653
zw,tg,0.4661
zw,th,0.547
zw,tj,0.6411
zw,tk,0.6116
zw,tl,0.6181
zw,tm,0.6091
zw,tn,0.6783
zw,to,0.587
zw,tr,0.6432
zw,tt,0.5912
zw,tv,0.6997
zw,tw,0.6473
zw,tz,0.6101
zw,ua,0.6273
zw,ug,0.4717
zw,um,0.6004
zw,us,0.6004
zw,uy,0.7356
zw,uz,0.6735
zw,va,0.7117
zw,vc,0.5805
zw,ve,0.5465
zw,vg,0.6128
zw,vi,0.6957
zw,vn,0.6922
zw,vu,0.5762
zw,wf,0.6177
zw,ws,0.6042
zw,xk,0.6716
zw,ye,0.6748
zw,yt,0.7219
zw,za,0.6134
zw,zm,0.587
zw,zw,0.0
